[
    {
        "ingredientPattern": "_L_,_A_",
        "width": 3,
        "height": 2,
        "ingredients": {
            "A": { "type": "item", "code": "game:armor-head-sewn-leather"},
            "L": { "type": "item", "code": "game:leather", quantity: 2}
        },
        name: "leather helmet",
        "output": { "type": "item", "code": "game:armor-head-sewn-leather"}
    },
    {
        "ingredientPattern": "_L_,_A_",
        "width": 3,
        "height": 2,
        "ingredients": {
            "A": { "type": "item", "code": "game:armor-body-sewn-leather"},
            "L": { "type": "item", "code": "game:leather", quantity: 4}
        },
        name: "leather body armor",
        "output": { "type": "item", "code": "game:armor-body-sewn-leather"}
    },
    {
        "ingredientPattern": "_L_,_A_",
        "width": 3,
        "height": 2,
        "ingredients": {
            "A": { "type": "item", "code": "game:armor-legs-sewn-leather"},
            "L": { "type": "item", "code": "game:leather", quantity: 3}
        },
        name: "leather leg armor",
        "output": { "type": "item", "code": "game:armor-legs-sewn-leather"}
    },
    
    {
        "ingredientPattern": "_L_,_A_",
        "width": 3,
        "height": 2,
        "ingredients": {
            "A": { "type": "item", "code": "game:armor-body-jerkin-leather"},
            "L": { "type": "item", "code": "game:leather", quantity: 4}
        },
        name: "leather body armor",
        "output": { "type": "item", "code": "game:armor-body-jerkin-leather"}
    },
    {
        "ingredientPattern": "_L_,_A_",
        "width": 3,
        "height": 2,
        "ingredients": {
            "A": { "type": "item", "code": "game:armor-legs-jerkin-leather"},
            "L": { "type": "item", "code": "game:leather", quantity: 3}
        },
        name: "leather leg armor",
        "output": { "type": "item", "code": "game:armor-legs-jerkin-leather"}
    }
]
