[
    {
        "ingredientPattern": "_L_,_A_",
        "width": 3,
        "height": 2,
        "ingredients": {
            "A": { "type": "item", "code": "game:armor-head-sewn-linen"},
            "L": { "type": "block", "code": "game:linen-*", quantity: 2}
        },
        name: "gambeson helmet",
        "output": { "type": "item", "code": "game:armor-head-sewn-linen"}
    },
    {
        "ingredientPattern": "_L_,_A_",
        "width": 3,
        "height": 2,
        "ingredients": {
            "A": { "type": "item", "code": "game:armor-body-sewn-linen"},
            "L": { "type": "block", "code": "game:linen-*", quantity: 4}
        },
        name: "gambeson body armor",
        "output": { "type": "item", "code": "game:armor-body-sewn-linen"}
    },
    {
        "ingredientPattern": "_L_,_A_",
        "width": 3,
        "height": 2,
        "ingredients": {
            "A": { "type": "item", "code": "game:armor-legs-sewn-linen"},
            "L": { "type": "block", "code": "game:linen-*", quantity: 3}
        },
        name: "gambeson leg armor",
        "output": { "type": "item", "code": "game:armor-legs-sewn-linen"}
    }
]
