[
    {
        "ingredientPattern": "_IL,HAC",
        "width": 3,
        "height": 2,
        "ingredients": {
            "A": { "type": "item", "code": "game:armor-head-*-blackbronze", name: "type", allowedVariants: ["lamellar", "brigandine", "scale", "chain", "plate"]},
            "I": { "type": "item", "code": "game:metalplate-blackbronze", quantity: 2},
            "L": { "type": "item", "code": "game:leather", quantity: 3},
            "H": { "type": "item", "code": "game:hammer-*", isTool: true, allowedVariants: ["tinbronze", "bismuthbronze", "blackbronze", "iron", "meteoriciron", "steel"]},
            "C": { "type": "item", "code": "game:chisel-*", isTool: true, allowedVariants: ["tinbronze", "bismuthbronze", "blackbronze", "iron", "meteoriciron", "steel"]}
        },
        name: "{type} helmet",
        "output": { "type": "item", "code": "game:armor-head-{type}-blackbronze"}
    },
    {
        "ingredientPattern": "_IL,HAC",
        "width": 3,
        "height": 2,
        "ingredients": {
            "A": { "type": "item", "code": "game:armor-body-*-blackbronze", name: "type", allowedVariants: ["lamellar", "brigandine", "scale", "chain", "plate"]},
            "I": { "type": "item", "code": "game:metalplate-blackbronze", quantity: 4},
            "L": { "type": "item", "code": "game:leather", quantity: 5},
            "H": { "type": "item", "code": "game:hammer-*", isTool: true, allowedVariants: ["tinbronze", "bismuthbronze", "blackbronze", "iron", "meteoriciron", "steel"]},
            "C": { "type": "item", "code": "game:chisel-*", isTool: true, allowedVariants: ["tinbronze", "bismuthbronze", "blackbronze", "iron", "meteoriciron", "steel"]}
        },
        name: "{type} body armor",
        "output": { "type": "item", "code": "game:armor-body-{type}-blackbronze"}
    },
    {
        "ingredientPattern": "_IL,HAC",
        "width": 3,
        "height": 2,
        "ingredients": {
            "A": { "type": "item", "code": "game:armor-legs-*-blackbronze", name: "type", allowedVariants: ["lamellar", "brigandine", "scale", "chain", "plate"]},
            "I": { "type": "item", "code": "game:metalplate-blackbronze", quantity: 3},
            "L": { "type": "item", "code": "game:leather", quantity: 4},
            "H": { "type": "item", "code": "game:hammer-*", isTool: true, allowedVariants: ["tinbronze", "bismuthbronze", "blackbronze", "iron", "meteoriciron", "steel"]},
            "C": { "type": "item", "code": "game:chisel-*", isTool: true, allowedVariants: ["tinbronze", "bismuthbronze", "blackbronze", "iron", "meteoriciron", "steel"]}
        },
        name: "{type} leg armor",
        "output": { "type": "item", "code": "game:armor-legs-{type}-blackbronze"}
    }
]
