{
	"editor": {
		"allAngles": false,
		"singleTexture": false
	},
	"textureWidth": 16,
	"textureHeight": 16,
	"textures": {
		"rope": "block/cloth/ropebridge_rope"
	},
	"elements": [
		{
			"name": "post1",
			"from": [ 0.0, 0.0, 0.0 ], 
			"to": [ 3.0, 17.0, 3.0 ], 
			"faces": {
				"north": { "texture": "#plank", "uv": [ 0.0, 0.5, 17.0, 3.5 ], "rotation": 90 },
				"east": { "texture": "#plank", "uv": [ 0.0, 0.5, 17.0, 3.5 ], "rotation": 90 },
				"south": { "texture": "#plank", "uv": [ 0.0, 0.5, 17.0, 3.5 ], "rotation": 90 },
				"west": { "texture": "#plank", "uv": [ 0.0, 0.5, 17.0, 3.5 ], "rotation": 90 },
				"up": { "texture": "#plank", "uv": [ 6.0, 0.5, 9.0, 3.5 ] },
				"down": { "texture": "#plank", "uv": [ 6.0, 0.5, 9.0, 3.5 ] }
			}
		},
		{
			"name": "rope_left",
			"from": [ 1.0, 7.5, 0.0 ], 
			"to": [ 2.0, 8.5, 16.0 ], 
			"rotationOrigin": [ 1.0, 8.0, 8.0 ],
			"rotationX": 45.0,
			"faces": {
				"north": { "texture": "#rope", "uv": [ 0.0, 0.0, 1.0, 1.0 ] },
				"east": { "texture": "#rope", "uv": [ 0.0, 0.0, 16.0, 1.0 ] },
				"south": { "texture": "#rope", "uv": [ 0.0, 0.0, 1.0, 1.0 ] },
				"west": { "texture": "#rope", "uv": [ 0.0, 0.0, 16.0, 1.0 ] },
				"up": { "texture": "#rope", "uv": [ 0.0, 0.0, 16.0, 1.0 ], "rotation": 90 },
				"down": { "texture": "#rope", "uv": [ 0.0, 0.0, 16.0, 1.0 ], "rotation": 90 }
			}
		},
		{
			"name": "post2",
			"from": [ 0.0, 0.0, 13.0 ], 
			"to": [ 3.0, 4.0, 16.0 ], 
			"rotationOrigin": [ 0.0, 0.0, 8.0 ],
			"faces": {
				"north": { "texture": "#plank", "uv": [ 6.0, 0.5, 10.0, 3.5 ], "rotation": 90 },
				"east": { "texture": "#plank", "uv": [ 6.0, 0.5, 10.0, 3.5 ], "rotation": 90 },
				"south": { "texture": "#plank", "uv": [ 6.0, 0.5, 10.0, 3.5 ], "rotation": 90 },
				"west": { "texture": "#plank", "uv": [ 6.0, 0.5, 10.0, 3.5 ], "rotation": 90 },
				"up": { "texture": "#plank", "uv": [ 3.0, 0.5, 6.0, 3.5 ], "autoUv": false },
				"down": { "texture": "#plank", "uv": [ 3.0, 0.5, 6.0, 3.5 ] }
			}
		},
		{
			"name": "post3",
			"from": [ 13.0, 0.0, 0.0 ], 
			"to": [ 16.0, 17.0, 3.0 ], 
			"rotationOrigin": [ 13.0, 0.0, 0.0 ],
			"faces": {
				"north": { "texture": "#plank", "uv": [ 0.0, 12.5, 17.0, 15.5 ], "rotation": 90 },
				"east": { "texture": "#plank", "uv": [ 0.0, 12.5, 17.0, 15.5 ], "rotation": 90 },
				"south": { "texture": "#plank", "uv": [ 0.0, 12.5, 17.0, 15.5 ], "rotation": 90 },
				"west": { "texture": "#plank", "uv": [ 0.0, 12.5, 17.0, 15.5 ], "rotation": 90 },
				"up": { "texture": "#plank", "uv": [ 6.0, 12.5, 9.0, 15.5 ], "autoUv": false },
				"down": { "texture": "#plank", "uv": [ 6.0, 12.5, 9.0, 15.5 ], "autoUv": false }
			}
		},
		{
			"name": "rope_right",
			"from": [ 14.0, 7.5, 0.0 ], 
			"to": [ 15.0, 8.5, 16.0 ], 
			"rotationOrigin": [ 14.0, 8.0, 8.0 ],
			"rotationX": 45.0,
			"faces": {
				"north": { "texture": "#rope", "uv": [ 0.0, 0.0, 1.0, 1.0 ] },
				"east": { "texture": "#rope", "uv": [ 0.0, 0.0, 16.0, 1.0 ] },
				"south": { "texture": "#rope", "uv": [ 0.0, 0.0, 1.0, 1.0 ] },
				"west": { "texture": "#rope", "uv": [ 0.0, 0.0, 16.0, 1.0 ] },
				"up": { "texture": "#rope", "uv": [ 0.0, 0.0, 16.0, 1.0 ], "rotation": 90 },
				"down": { "texture": "#rope", "uv": [ 0.0, 0.0, 16.0, 1.0 ], "rotation": 90 }
			}
		},
		{
			"name": "post4",
			"from": [ 13.0, 0.0, 13.0 ], 
			"to": [ 16.0, 4.0, 16.0 ], 
			"rotationOrigin": [ 13.0, 0.0, 8.0 ],
			"faces": {
				"north": { "texture": "#plank", "uv": [ 6.0, 7.0, 10.0, 10.0 ], "rotation": 90 },
				"east": { "texture": "#plank", "uv": [ 6.0, 7.0, 10.0, 10.0 ], "rotation": 90 },
				"south": { "texture": "#plank", "uv": [ 6.0, 7.0, 10.0, 10.0 ], "rotation": 90 },
				"west": { "texture": "#plank", "uv": [ 6.0, 7.0, 10.0, 10.0 ], "rotation": 90 },
				"up": { "texture": "#plank", "uv": [ 3.0, 7.0, 6.0, 10.0 ], "autoUv": false },
				"down": { "texture": "#plank", "uv": [ 3.0, 7.0, 6.0, 10.0 ] }
			}
		}
	]}