[
  {
    "op": "add",
    "path": "/crushingPropsByType",
    "value": {
      "nugget-galena": {
        "crushedStack": {
          "type": "item",
          "code": "crushed-galena",
          "stacksize": 1
        },
        "hardnessTier": 2
      },
      "nugget-hematite": {
        "crushedStack": {
          "type": "item",
          "code": "crushed-hematite",
          "stacksize": 1
        },
        "hardnessTier": 4
      },
      "nugget-limonite": {
        "crushedStack": {
          "type": "item",
          "code": "crushed-limonite",
          "stacksize": 1
        },
        "hardnessTier": 2
      },
      "nugget-magnetite": {
        "crushedStack": {
          "type": "item",
          "code": "crushed-magnetite",
          "stacksize": 1
        },
        "hardnessTier": 4
      },
      "nugget-malachite": {
        "crushedStack": {
          "type": "item",
          "code": "crushed-malachite",
          "stacksize": 1
        },
        "hardnessTier": 2
      },
      "nugget-nativecopper": {
        "crushedStack": {
          "type": "item",
          "code": "crushed-copper",
          "stacksize": 1
        },
        "hardnessTier": 2
      },
      "nugget-nativegold": {
        "crushedStack": {
          "type": "item",
          "code": "crushed-gold",
          "stacksize": 1
        },
        "hardnessTier": 1
      },
      "nugget-pentlandite": {
        "crushedStack": {
          "type": "item",
          "code": "crushed-pentlandite",
          "stacksize": 1
        },
        "hardnessTier": 2
      }
    },
    "file": "game:itemtypes/resource/nugget.json"
  }
]
