[
  {
    "op": "add",
    "path": "/textures/clayworkitem-brown",
    "value": {
      "base": "bricklayers:block/clay/raw/brown",
      "overlays": [ "bricklayers:block/clay/raw/overlay" ]
    },
    "file": "game:blocktypes/clay/clayform.json"
  },
  {
    "op": "add",
    "path": "/textures/clayworkitem-green",
    "value": {
      "base": "bricklayers:block/clay/raw/green",
      "overlays": [ "bricklayers:block/clay/raw/overlay" ]
    },
    "file": "game:blocktypes/clay/clayform.json"
  },
  {
    "op": "add",
    "path": "/textures/clayworkitem-light",
    "value": {
      "base": "bricklayers:block/clay/raw/light",
      "overlays": [ "bricklayers:block/clay/raw/overlay" ]
    },
    "file": "game:blocktypes/clay/clayform.json"
  },
  {
    "op": "add",
    "path": "/textures/clayworkitem-malachite",
    "value": {
      "base": "bricklayers:block/clay/raw/malachite",
      "overlays": [ "bricklayers:block/clay/raw/overlay" ]
    },
    "file": "game:blocktypes/clay/clayform.json"
  },
  {
    "op": "add",
    "path": "/textures/clayworkitem-orange",
    "value": {
      "base": "bricklayers:block/clay/raw/orange",
      "overlays": [ "bricklayers:block/clay/raw/overlay" ]
    },
    "file": "game:blocktypes/clay/clayform.json"
  },
  {
    "op": "add",
    "path": "/textures/clayworkitem-pink",
    "value": {
      "base": "bricklayers:block/clay/raw/pink",
      "overlays": [ "bricklayers:block/clay/raw/overlay" ]
    },
    "file": "game:blocktypes/clay/clayform.json"
  },
  {
    "op": "add",
    "path": "/textures/clayworkitem-red",
    "value": {
      "base": "bricklayers:block/clay/raw/red",
      "overlays": [ "bricklayers:block/clay/raw/overlay" ]
    },
    "file": "game:blocktypes/clay/clayform.json"
  },
  {
    "op": "add",
    "path": "/textures/clayworkitem-yellow",
    "value": {
      "base": "bricklayers:block/clay/raw/yellow",
      "overlays": [ "bricklayers:block/clay/raw/overlay" ]
    },
    "file": "game:blocktypes/clay/clayform.json"
  }
]
