[
  {
    "op": "remove",
    "path": "/textures",
    "file": "game:blocktypes/stone/stonebrick/stonebrick.json"
  },
  {
    "op": "add",
    "path": "/texturesByType",
    "value": {
      "*-kimberlite": {
        "all": {
          "base": "bricklayers:block/stone/brick/{rock}*"
        }
      },
      "*-obsidian": {
        "all": {
          "base": "bricklayers:block/stone/brick/{rock}*"
        }
      },
      "*": {
        "all": {
          "base": "game:block/stone/brick/{rock}*"
        }
      }
    },
    "file": "game:blocktypes/stone/stonebrick/stonebrick.json"
  },
  {
    "op": "add",
    "path": "/variantgroups/0/code",
    "value": "rock",
    "file": "game:blocktypes/stone/stonebrick/stonebrick.json"
  },
  {
    "op": "add",
    "path": "/variantgroups/0/states",
    "value": [
	"kimberlite", "obsidian"
    ],
    "file": "game:blocktypes/stone/stonebrick/stonebrick.json"
  }
]
