[
  {
    "op": "add",
    "path": "/variantgroups/0/states/-",
    "value": "brown",
    "file": "game:itemtypes/resource/clay.json"
  },
  {
    "op": "add",
    "path": "/variantgroups/0/states/-",
    "value": "red",
    "file": "game:itemtypes/resource/clay.json"
  },
  {
    "op": "add",
    "path": "/variantgroups/0/states/-",
    "value": "green",
    "file": "game:itemtypes/resource/clay.json"
  },
  {
    "op": "add",
    "path": "/variantgroups/0/states/-",
    "value": "light",
    "file": "game:itemtypes/resource/clay.json"
  },
  {
    "op": "add",
    "path": "/variantgroups/0/states/-",
    "value": "malachite",
    "file": "game:itemtypes/resource/clay.json"
  },
  {
    "op": "add",
    "path": "/variantgroups/0/states/-",
    "value": "orange",
    "file": "game:itemtypes/resource/clay.json"
  },
  {
    "op": "add",
    "path": "/variantgroups/0/states/-",
    "value": "pink",
    "file": "game:itemtypes/resource/clay.json"
  },
  {
    "op": "add",
    "path": "/variantgroups/0/states/-",
    "value": "yellow",
    "file": "game:itemtypes/resource/clay.json"
  },
  {
    "op": "remove",
    "path": "/shape",
    "file": "game:itemtypes/resource/clay.json"
  },
  {
    "op": "add",
    "path": "/shapeByType",
    "value": {
      "*-blue": { "base": "game:item/resource/{type}clay" },
      "*-fire": { "base": "game:item/resource/{type}clay" },
      "*": 	{ "base": "game:item/resource/blueclay" }
    },
    "file": "game:itemtypes/resource/clay.json"
  },
  {
    "op": "remove",
    "path": "/texture",
    "file": "game:itemtypes/resource/clay.json"
  },
  {
    "op": "add",
    "path": "/texturesByType",
    "value": {
      "*-blue": {
		"all": { "base": "game:block/soil/{type}clay" }
      },
      "*-fire": {
		"all": { "base": "game:block/soil/{type}clay" }
      },
      "*": {
		"all": { "base": "bricklayers:item/resource/clay/raw-{type}clay" },
		"blueclay": { "base": "bricklayers:item/resource/clay/raw-{type}clay" }
      }
    },
    "file": "game:itemtypes/resource/clay.json"
  }
]
