{
	"editor": {
		"allAngles": false,
		"entityTextureMode": false
	},
	"textureWidth": 16,
	"textureHeight": 16,
	"textureSizes": {
	},
	"textures": {
	},
	"elements": [
		{
			"name": "head",
			"from": [ 6.5, 1.0, 4.0 ], 
			"to": [ 9.5, 4.0, 7.0 ], 
			"rotationOrigin": [ 7.5, 1.5, 5.5 ],
			"rotationX": -90.0,
			"faces": {
				"north": { "texture": "#main", "uv": [ 0.0, 0.0, 12.0, 12.0 ], "autoUv": false },
				"east": { "texture": "#main", "uv": [ 4.0, 0.0, 16.0, 12.0 ], "autoUv": false },
				"south": { "texture": "#main", "uv": [ 0.0, 4.0, 12.0, 16.0 ], "autoUv": false },
				"west": { "texture": "#main", "uv": [ 4.0, 4.0, 16.0, 16.0 ], "autoUv": false },
				"up": { "texture": "#main", "uv": [ 2.0, 2.0, 14.0, 14.0 ], "autoUv": false },
				"down": { "texture": "#main", "uv": [ 2.0, 2.0, 14.0, 14.0 ], "autoUv": false }
			},
			"children": [
				{
					"name": "eyeleft",
					"from": [ 0.25, 1.5, 2.25 ], 
					"to": [ 1.25, 2.5, 3.25 ], 
					"rotationOrigin": [ 1.5, 1.0, 1.5 ],
					"faces": {
						"north": { "texture": "#eye", "uv": [ 0.0, 0.0, 1.0, 1.0 ], "enabled": false },
						"east": { "texture": "#eye", "uv": [ 0.0, 0.0, 4.0, 4.0 ], "autoUv": false },
						"south": { "texture": "#eye", "uv": [ 0.0, 0.0, 4.0, 4.0 ], "autoUv": false },
						"west": { "texture": "#eye", "uv": [ 0.0, 0.0, 4.0, 4.0 ], "autoUv": false },
						"up": { "texture": "#eye", "uv": [ 0.0, 0.0, 4.0, 4.0 ], "autoUv": false },
						"down": { "texture": "#eye", "uv": [ 0.0, 0.0, 4.0, 4.0 ], "autoUv": false }
					}
				},
				{
					"name": "eyeright",
					"from": [ 1.75, 1.5, 2.25 ], 
					"to": [ 2.75, 2.5, 3.25 ], 
					"rotationOrigin": [ 1.5, 1.0, 1.5 ],
					"faces": {
						"north": { "texture": "#eye", "uv": [ 0.0, 0.0, 1.0, 1.0 ], "enabled": false },
						"east": { "texture": "#eye", "uv": [ 0.0, 0.0, 4.0, 4.0 ], "autoUv": false },
						"south": { "texture": "#eye", "uv": [ 0.0, 0.0, 4.0, 4.0 ], "autoUv": false },
						"west": { "texture": "#eye", "uv": [ 0.0, 0.0, 4.0, 4.0 ], "autoUv": false },
						"up": { "texture": "#eye", "uv": [ 0.0, 0.0, 4.0, 4.0 ], "autoUv": false },
						"down": { "texture": "#eye", "uv": [ 0.0, 0.0, 4.0, 4.0 ], "autoUv": false }
					}
				},
				{
					"name": "body3",
					"from": [ 0.5, -0.5, 0.5 ], 
					"to": [ 2.5, 0.0, 2.5 ], 
					"rotationOrigin": [ 1.5, 0.0, 1.5 ],
					"faces": {
						"north": { "texture": "#binding", "uv": [ 0.0, 0.0, 8.0, 3.5 ], "autoUv": false },
						"east": { "texture": "#binding", "uv": [ 0.0, 0.0, 8.0, 3.5 ], "autoUv": false },
						"south": { "texture": "#binding", "uv": [ 0.0, 0.0, 8.0, 3.5 ], "autoUv": false },
						"west": { "texture": "#binding", "uv": [ 0.0, 0.0, 8.0, 3.5 ], "autoUv": false },
						"up": { "texture": "#binding", "uv": [ 0.0, 0.0, 2.0, 2.0 ], "enabled": false },
						"down": { "texture": "#binding", "uv": [ 0.0, 0.0, 2.0, 2.0 ], "enabled": false }
					},
					"children": [
						{
							"name": "body4",
							"from": [ 0.0, -4.0, 0.0 ], 
							"to": [ 2.0, 0.0, 2.0 ], 
							"rotationOrigin": [ 1.0, 0.5, 1.0 ],
							"faces": {
								"north": { "texture": "#main", "uv": [ 0.0, 0.0, 8.0, 16.0 ], "autoUv": false },
								"east": { "texture": "#main", "uv": [ 8.0, 0.0, 16.0, 16.0 ], "autoUv": false },
								"south": { "texture": "#main", "uv": [ 0.0, 0.0, 8.0, 16.0 ], "autoUv": false },
								"west": { "texture": "#main", "uv": [ 8.0, 0.0, 16.0, 16.0 ], "autoUv": false },
								"up": { "texture": "#main", "uv": [ 0.0, 0.0, 2.0, 2.0 ], "enabled": false },
								"down": { "texture": "#main", "uv": [ 0.0, 0.0, 2.0, 2.0 ], "enabled": false }
							}
						},
						{
							"name": "body5",
							"from": [ 0.5, -5.0, 0.5 ], 
							"to": [ 1.5, -4.0, 1.5 ], 
							"rotationOrigin": [ 2.0, -0.5, 2.0 ],
							"faces": {
								"north": { "texture": "#binding", "uv": [ 0.0, 0.0, 2.0, 2.0 ], "autoUv": false },
								"east": { "texture": "#binding", "uv": [ 0.0, 0.0, 2.0, 2.0 ], "autoUv": false },
								"south": { "texture": "#binding", "uv": [ 0.0, 0.0, 2.0, 2.0 ], "autoUv": false },
								"west": { "texture": "#binding", "uv": [ 0.0, 0.0, 2.0, 2.0 ], "autoUv": false },
								"up": { "texture": "#binding", "uv": [ 0.0, 0.0, 1.0, 1.0 ], "enabled": false },
								"down": { "texture": "#binding", "uv": [ 0.0, 0.0, 2.0, 2.0 ], "autoUv": false }
							}
						},
						{
							"name": "body10",
							"from": [ 0.0, -4.5, 0.0 ], 
							"to": [ 2.0, -4.0, 2.0 ], 
							"rotationOrigin": [ 1.0, -4.5, 1.0 ],
							"faces": {
								"north": { "texture": "#binding", "uv": [ 0.0, 0.0, 8.0, 3.5 ], "autoUv": false },
								"east": { "texture": "#binding", "uv": [ 0.0, 0.0, 8.0, 3.5 ], "autoUv": false },
								"south": { "texture": "#binding", "uv": [ 0.0, 0.0, 8.0, 3.5 ], "autoUv": false },
								"west": { "texture": "#binding", "uv": [ 0.0, 0.0, 8.0, 3.5 ], "autoUv": false },
								"up": { "texture": "#binding", "uv": [ 0.0, 0.0, 2.0, 2.0 ], "enabled": false },
								"down": { "texture": "#binding", "uv": [ 0.0, 0.0, 8.0, 8.0 ], "autoUv": false }
							}
						},
						{
							"name": "armleft",
							"from": [ -0.5, -4.0, 0.5 ], 
							"to": [ 0.5, 0.0, 1.5 ], 
							"rotationOrigin": [ 0.0, 0.5, 1.0 ],
							"rotationX": -22.5000003066977,
							"rotationZ": -22.5000003066977,
							"faces": {
								"north": { "texture": "#main", "uv": [ 8.0, 0.0, 12.0, 16.0 ], "autoUv": false },
								"east": { "texture": "#main", "uv": [ 12.0, 0.0, 16.0, 16.0 ], "autoUv": false },
								"south": { "texture": "#main", "uv": [ 0.0, 0.0, 4.0, 16.0 ], "autoUv": false },
								"west": { "texture": "#main", "uv": [ 4.0, 0.0, 8.0, 16.0 ], "autoUv": false },
								"up": { "texture": "#main", "uv": [ 0.0, 12.0, 4.0, 16.0 ], "autoUv": false },
								"down": { "texture": "#main", "uv": [ 12.0, 12.0, 16.0, 16.0 ], "autoUv": false }
							}
						},
						{
							"name": "armright",
							"from": [ 1.5, -4.0, 0.5 ], 
							"to": [ 2.5, 0.0, 1.5 ], 
							"rotationOrigin": [ 2.0, 0.5, 1.0 ],
							"rotationX": -22.5000003066977,
							"rotationZ": 22.5000003066977,
							"faces": {
								"north": { "texture": "#main", "uv": [ 0.0, 0.0, 4.0, 16.0 ], "autoUv": false },
								"east": { "texture": "#main", "uv": [ 4.0, 0.0, 8.0, 16.0 ], "autoUv": false },
								"south": { "texture": "#main", "uv": [ 8.0, 0.0, 12.0, 16.0 ], "autoUv": false },
								"west": { "texture": "#main", "uv": [ 12.0, 0.0, 16.0, 16.0 ], "autoUv": false },
								"up": { "texture": "#main", "uv": [ 0.0, 0.0, 4.0, 4.0 ], "autoUv": false },
								"down": { "texture": "#main", "uv": [ 12.0, 0.0, 16.0, 4.0 ], "autoUv": false }
							}
						}
					]
				}
			]
		}
	]}