{
	"editor": {
		"allAngles": false,
		"entityTextureMode": false
	},
	"textureWidth": 16,
	"textureHeight": 16,
	"textureSizes": {
	},
	"textures": {
	},
	"elements": [
		{
			"name": "hearthstonetravelers",
			"from": [ 8.0, 2.0, 6.0 ],
			"to": [ 8.0, 2.0, 6.0 ],
			"rotationOrigin": [ 8.0, 1.0, 8.0 ],
			"faces": {
				"north": {
					"texture": "#stone",
					"uv": [ 0.0, 0.0, 0.5, 0.5 ],
					"enabled": false
				},
				"east": {
					"texture": "#stone",
					"uv": [ 0.0, 0.0, 0.5, 0.5 ],
					"enabled": false
				},
				"south": {
					"texture": "#stone",
					"uv": [ 0.0, 0.0, 0.5, 0.5 ],
					"enabled": false
				},
				"west": {
					"texture": "#stone",
					"uv": [ 0.0, 0.0, 0.5, 0.5 ],
					"enabled": false
				},
				"up": {
					"texture": "#stone",
					"uv": [ 0.0, 0.0, 0.5, 0.5 ],
					"enabled": false
				},
				"down": {
					"texture": "#stone",
					"uv": [ 0.0, 0.0, 0.5, 0.5 ],
					"enabled": false
				}
			},
			"children": [
				{
					"name": "base",
					"from": [ -1.75, -2.0, -0.25 ],
					"to": [ 1.75, 0.0, 4.25 ],
					"rotationOrigin": [ -2.0, -2.0, -1.0 ],
					"faces": {
						"north": {
							"texture": "#stone",
							"uv": [ 0.0, 0.0, 7.0, 4.0 ],
							"autoUv": false
						},
						"east": {
							"texture": "#stone",
							"uv": [ 0.0, 0.0, 9.0, 4.0 ],
							"autoUv": false
						},
						"south": {
							"texture": "#stone",
							"uv": [ 0.0, 0.0, 7.0, 4.0 ],
							"autoUv": false
						},
						"west": {
							"texture": "#stone",
							"uv": [ 0.0, 0.0, 9.0, 4.0 ],
							"autoUv": false
						},
						"up": {
							"texture": "#stone",
							"uv": [ 0.0, 0.0, 7.0, 9.0 ],
							"autoUv": false
						},
						"down": {
							"texture": "#stone",
							"uv": [ 0.0, 0.0, 7.0, 9.0 ],
							"autoUv": false
						}
					}
				},
				{
					"name": "base1",
					"from": [ -1.5, -1.75, -0.5 ],
					"to": [ 1.5, -0.25, 4.5 ],
					"rotationOrigin": [ -2.0, -2.0, -1.0 ],
					"faces": {
						"north": {
							"texture": "#stone",
							"uv": [ 0.0, 0.0, 6.0, 3.0 ],
							"autoUv": false
						},
						"east": {
							"texture": "#stone",
							"uv": [ 0.0, 0.0, 10.0, 3.0 ],
							"autoUv": false
						},
						"south": {
							"texture": "#stone",
							"uv": [ 0.0, 0.0, 6.0, 3.0 ],
							"autoUv": false
						},
						"west": {
							"texture": "#stone",
							"uv": [ 0.0, 0.0, 10.0, 3.0 ],
							"autoUv": false
						},
						"up": {
							"texture": "#stone",
							"uv": [ 0.0, 0.0, 6.0, 10.0 ],
							"autoUv": false
						},
						"down": {
							"texture": "#stone",
							"uv": [ 0.0, 0.0, 6.0, 10.0 ],
							"autoUv": false
						}
					}
				},
				{
					"name": "base2",
					"from": [ -1.25, -1.625, -0.75 ],
					"to": [ 1.25, -0.375, 4.75 ],
					"rotationOrigin": [ -2.0, -2.0, -1.0 ],
					"faces": {
						"north": {
							"texture": "#stone",
							"uv": [ 0.0, 0.0, 5.0, 2.0 ],
							"autoUv": false
						},
						"east": {
							"texture": "#stone",
							"uv": [ 0.0, 0.0, 11.0, 2.0 ],
							"autoUv": false
						},
						"south": {
							"texture": "#stone",
							"uv": [ 0.0, 0.0, 5.0, 2.0 ],
							"autoUv": false
						},
						"west": {
							"texture": "#stone",
							"uv": [ 0.0, 0.0, 11.0, 2.0 ],
							"autoUv": false
						},
						"up": {
							"texture": "#stone",
							"uv": [ 0.0, 0.0, 5.0, 11.0 ],
							"autoUv": false
						},
						"down": {
							"texture": "#stone",
							"uv": [ 0.0, 0.0, 5.0, 11.0 ],
							"autoUv": false
						}
					}
				},
				{
					"name": "base3",
					"from": [ -2.0, -1.75, 0.0 ],
					"to": [ 2.0, -0.25, 4.0 ],
					"rotationOrigin": [ -3.0, -2.0, -1.0 ],
					"faces": {
						"north": {
							"texture": "#quartz",
							"uv": [ 0.0, 0.0, 8.0, 3.0 ],
							"autoUv": false
						},
						"east": {
							"texture": "#quartz",
							"uv": [ 0.0, 0.0, 8.0, 3.0 ],
							"autoUv": false
						},
						"south": {
							"texture": "#quartz",
							"uv": [ 0.0, 0.0, 8.0, 3.0 ],
							"autoUv": false
						},
						"west": {
							"texture": "#quartz",
							"uv": [ 0.0, 0.0, 8.0, 3.0 ],
							"autoUv": false
						},
						"up": {
							"texture": "#quartz",
							"uv": [ 0.0, 0.0, 8.0, 8.0 ],
							"autoUv": false
						},
						"down": {
							"texture": "#quartz",
							"uv": [ 0.0, 0.0, 8.0, 8.0 ],
							"autoUv": false
						}
					}
				},
				{
					"name": "inner_glow",
					"from": [ -1.75, 0.01, -0.25 ],
					"to": [ 1.75, 0.01, 4.25 ],
					"shade": false,
					"rotationOrigin": [ -2.0, 0.0, -1.0 ],
					"faces": {
						"north": {
							"texture": "#stone",
							"uv": [ 0.0, 0.0, 3.5, 0.5 ],
							"enabled": false
						},
						"east": {
							"texture": "#stone",
							"uv": [ 0.0, 0.0, 4.5, 0.5 ],
							"enabled": false
						},
						"south": {
							"texture": "#stone",
							"uv": [ 0.0, 0.0, 3.5, 0.5 ],
							"enabled": false
						},
						"west": {
							"texture": "#stone",
							"uv": [ 0.0, 0.0, 4.5, 0.5 ],
							"enabled": false
						},
						"up": {
							"texture": "#glow",
							"uv": [ 0.0, 0.0, 12.0, 16.0 ],
							"glow": 125,
							"autoUv": false
						},
						"down": {
							"texture": "#stone",
							"uv": [ 0.0, 0.0, 12.0, 16.0 ],
							"enabled": false
						}
					}
				}
			]
		},
		{
			"name": "topbinding",
			"from": [ 9.875, 0.15, 6.15 ],
			"to": [ 9.875, 0.15, 6.15 ],
			"rotationOrigin": [ 8.0, 2.0, 9.0 ],
			"faces": {
				"north": {
					"texture": "#stone",
					"uv": [ 0.0, 0.0, 0.5, 0.5 ],
					"enabled": false
				},
				"east": {
					"texture": "#stone",
					"uv": [ 0.0, 0.0, 0.5, 0.5 ],
					"enabled": false
				},
				"south": {
					"texture": "#stone",
					"uv": [ 0.0, 0.0, 0.5, 0.5 ],
					"enabled": false
				},
				"west": {
					"texture": "#stone",
					"uv": [ 0.0, 0.0, 0.5, 0.5 ],
					"enabled": false
				},
				"up": {
					"texture": "#stone",
					"uv": [ 0.0, 0.0, 0.5, 0.5 ],
					"enabled": false
				},
				"down": {
					"texture": "#stone",
					"uv": [ 0.0, 0.0, 0.5, 0.5 ],
					"enabled": false
				}
			},
			"children": [
				{
					"name": "binding_topM",
					"from": [ -3.75, -0.31, 0.0 ],
					"to": [ 0.0, 1.94, 0.15 ],
					"rotationOrigin": [ -3.625, -0.14, 1.375 ],
					"faces": {
						"north": {
							"texture": "#binding",
							"uv": [ 5.5, 9.5, 12.5, 13.5 ],
							"autoUv": false
						},
						"east": {
							"texture": "#binding",
							"uv": [ 2.5, 5.0, 3.5, 9.0 ],
							"autoUv": false
						},
						"south": {
							"texture": "#binding",
							"uv": [ 1.5, 6.5, 8.5, 10.5 ],
							"autoUv": false
						},
						"west": {
							"texture": "#binding",
							"uv": [ 12.0, 2.0, 13.0, 6.0 ],
							"autoUv": false
						},
						"up": {
							"texture": "#binding",
							"uv": [ 0.0, 15.0, 7.0, 16.0 ],
							"autoUv": false
						},
						"down": {
							"texture": "#binding",
							"uv": [ 5.0, 10.5, 12.0, 11.5 ],
							"autoUv": false
						}
					}
				},
				{
					"name": "binding_topL",
					"from": [ -4.0, 0.0, 0.0 ],
					"to": [ -3.75, 1.75, 0.15 ],
					"rotationOrigin": [ -3.625, -0.14, 1.375 ],
					"faces": {
						"north": {
							"texture": "#binding",
							"uv": [ 9.0, 11.5, 10.0, 14.5 ],
							"autoUv": false
						},
						"east": {
							"texture": "#stone",
							"uv": [ 0.0, 0.0, 1.0, 3.0 ],
							"enabled": false,
							"autoUv": false
						},
						"south": {
							"texture": "#binding",
							"uv": [ 5.5, 8.0, 6.5, 11.0 ],
							"autoUv": false
						},
						"west": {
							"texture": "#binding",
							"uv": [ 13.5, 9.5, 14.5, 12.5 ],
							"autoUv": false
						},
						"up": {
							"texture": "#binding",
							"uv": [ 5.0, 8.0, 6.0, 9.0 ],
							"autoUv": false
						},
						"down": {
							"texture": "#binding",
							"uv": [ 4.5, 12.5, 5.5, 13.5 ],
							"autoUv": false
						}
					}
				},
				{
					"name": "binding_topR",
					"from": [ 0.0, 0.0, 0.0 ],
					"to": [ 0.25, 1.75, 0.15 ],
					"rotationOrigin": [ 0.375, -0.14, 1.375 ],
					"faces": {
						"north": {
							"texture": "#binding",
							"uv": [ 0.0, 12.0, 1.0, 15.0 ],
							"autoUv": false
						},
						"east": {
							"texture": "#binding",
							"uv": [ 13.5, 1.5, 14.5, 4.5 ],
							"autoUv": false
						},
						"south": {
							"texture": "#binding",
							"uv": [ 8.5, 9.0, 9.5, 12.0 ],
							"autoUv": false
						},
						"west": {
							"texture": "#stone",
							"uv": [ 0.0, 0.0, 1.0, 3.0 ],
							"enabled": false,
							"autoUv": false
						},
						"up": {
							"texture": "#binding",
							"uv": [ 11.0, 7.0, 12.0, 8.0 ],
							"autoUv": false
						},
						"down": {
							"texture": "#binding",
							"uv": [ 12.0, 11.0, 13.0, 12.0 ],
							"autoUv": false
						}
					}
				}
			]
		},
		{
			"name": "bottombinding",
			"from": [ 9.875, 0.15, 6.15 ],
			"to": [ 9.875, 0.15, 6.15 ],
			"rotationOrigin": [ 8.0, 2.0, 8.0 ],
			"rotationY": -180.0,
			"faces": {
				"north": {
					"texture": "#stone",
					"uv": [ 0.0, 0.0, 0.5, 0.5 ],
					"enabled": false
				},
				"east": {
					"texture": "#stone",
					"uv": [ 0.0, 0.0, 0.5, 0.5 ],
					"enabled": false
				},
				"south": {
					"texture": "#stone",
					"uv": [ 0.0, 0.0, 0.5, 0.5 ],
					"enabled": false
				},
				"west": {
					"texture": "#stone",
					"uv": [ 0.0, 0.0, 0.5, 0.5 ],
					"enabled": false
				},
				"up": {
					"texture": "#stone",
					"uv": [ 0.0, 0.0, 0.5, 0.5 ],
					"enabled": false
				},
				"down": {
					"texture": "#stone",
					"uv": [ 0.0, 0.0, 0.5, 0.5 ],
					"enabled": false
				}
			},
			"children": [
				{
					"name": "binding_bottomM",
					"from": [ -3.75, -0.31, 0.0 ],
					"to": [ 0.0, 1.94, 0.15 ],
					"rotationOrigin": [ -3.625, -0.14, 1.375 ],
					"faces": {
						"north": {
							"texture": "#binding",
							"uv": [ 5.5, 9.5, 12.5, 13.5 ],
							"autoUv": false
						},
						"east": {
							"texture": "#binding",
							"uv": [ 2.5, 5.0, 3.5, 9.0 ],
							"autoUv": false
						},
						"south": {
							"texture": "#binding",
							"uv": [ 1.5, 6.5, 8.5, 10.5 ],
							"autoUv": false
						},
						"west": {
							"texture": "#binding",
							"uv": [ 12.0, 2.0, 13.0, 6.0 ],
							"autoUv": false
						},
						"up": {
							"texture": "#binding",
							"uv": [ 0.0, 15.0, 7.0, 16.0 ],
							"autoUv": false
						},
						"down": {
							"texture": "#binding",
							"uv": [ 5.0, 10.5, 12.0, 11.5 ],
							"autoUv": false
						}
					}
				},
				{
					"name": "binding_bottomL",
					"from": [ -4.0, 0.0, 0.0 ],
					"to": [ -3.75, 1.75, 0.15 ],
					"rotationOrigin": [ -3.625, -0.14, 1.375 ],
					"faces": {
						"north": {
							"texture": "#binding",
							"uv": [ 9.0, 11.5, 10.0, 14.5 ],
							"autoUv": false
						},
						"east": {
							"texture": "#stone",
							"uv": [ 0.0, 0.0, 1.0, 3.0 ],
							"enabled": false,
							"autoUv": false
						},
						"south": {
							"texture": "#binding",
							"uv": [ 5.5, 8.0, 6.5, 11.0 ],
							"autoUv": false
						},
						"west": {
							"texture": "#binding",
							"uv": [ 13.5, 9.5, 14.5, 12.5 ],
							"autoUv": false
						},
						"up": {
							"texture": "#binding",
							"uv": [ 5.0, 8.0, 6.0, 9.0 ],
							"autoUv": false
						},
						"down": {
							"texture": "#binding",
							"uv": [ 4.5, 12.5, 5.5, 13.5 ],
							"autoUv": false
						}
					}
				},
				{
					"name": "binding_bottomR",
					"from": [ 0.0, 0.0, 0.0 ],
					"to": [ 0.25, 1.75, 0.15 ],
					"rotationOrigin": [ 0.375, -0.14, 1.375 ],
					"faces": {
						"north": {
							"texture": "#binding",
							"uv": [ 0.0, 12.0, 1.0, 15.0 ],
							"autoUv": false
						},
						"east": {
							"texture": "#binding",
							"uv": [ 13.5, 1.5, 14.5, 4.5 ],
							"autoUv": false
						},
						"south": {
							"texture": "#binding",
							"uv": [ 8.5, 9.0, 9.5, 12.0 ],
							"autoUv": false
						},
						"west": {
							"texture": "#stone",
							"uv": [ 0.0, 0.0, 1.0, 3.0 ],
							"enabled": false,
							"autoUv": false
						},
						"up": {
							"texture": "#binding",
							"uv": [ 11.0, 7.0, 12.0, 8.0 ],
							"autoUv": false
						},
						"down": {
							"texture": "#binding",
							"uv": [ 12.0, 11.0, 13.0, 12.0 ],
							"autoUv": false
						}
					}
				}
			]
		}
	]
}
