﻿{
	code: "crystal_planter",
	class: "CrystalPlanter",
	behaviors: [{name: "UnstableFalling", properties: { attachmentArea: { x1: 5, y1: 0, z1: 5, x2: 10, y2: 0, z2: 10 } }} ],
	shape: { base: "block/crystal_planter" },
	drawtype: "json",
	creativeinventory: { "general": ["*"], "decorative": ["*"], "crystals":["*"] },
	attributes: {
		handbook: {
			groupBy: ["crystal_planter-*"],
			excludeByType: {
				"*-default-chalk-burnt": false,
				"*": true
			},
			extraSections: [
				{ title: "orecrystals:blockhelp-crystal-planter-title", text: "orecrystals:blockhelp-crystal-planter-desc" }
			]
		}
	},
	variantgroups: [
		{ code: "crystal", states: ["default", "alum", "anthracite", "bismuthinite", "bituminouscoal", "borax", "cassiterite", "chromite", "cinnabar", "corundum", "flint", "fluorite", "galena", 
		"galena_nativesilver", "graphite", "hematite", "ilmenite", "kernite", "lapislazuli", "lignite", "limonite", "magnetite", "malachite", "nativecopper", "olivine", "olivine_peridot", 
		"diamond", "emerald", "pentlandite", "phosphorite", "quartz", "quartz_nativegold", "quartz_nativesilver", "rhodochrosite", "sphalerite", "sulfur", "sylvite", "uranium", "wolframite"]},
		{ code: "rock", loadFromProperties: "game:block/rockwithdeposit" },
		{ code: "planter", states: ["amber", "ashforest", "burnt", "copper", "cthonic", "earthern", "loam", "ochre", "rime", "seasalt", "tenmoku", "undergrowth"] }
	],
	allowedVariants: [
		"crystal_planter-default-chalk-burnt",
		"crystal_planter-alum-chalk-*",
		"crystal_planter-alum-chert-*",
		"crystal_planter-alum-conglomerate-*",
		"crystal_planter-alum-limestone-*",
		"crystal_planter-alum-claystone-*",
		"crystal_planter-alum-sandstone-*",
		"crystal_planter-alum-shale-*",
		"crystal_planter-anthracite-chalk-*",
		"crystal_planter-anthracite-chert-*",
		"crystal_planter-anthracite-conglomerate-*",
		"crystal_planter-anthracite-limestone-*",
		"crystal_planter-anthracite-claystone-*",
		"crystal_planter-anthracite-sandstone-*",
		"crystal_planter-anthracite-shale-*",
		"crystal_planter-bismuthinite-andesite-*",
		"crystal_planter-bismuthinite-granite-*",
		"crystal_planter-bismuthinite-basalt-*",
		"crystal_planter-bismuthinite-peridotite-*",
		"crystal_planter-bismuthinite-phyllite-*",
		"crystal_planter-bismuthinite-slate-*",
		"crystal_planter-bituminouscoal-chalk-*",
		"crystal_planter-bituminouscoal-chert-*",
		"crystal_planter-bituminouscoal-conglomerate-*",
		"crystal_planter-bituminouscoal-limestone-*",
		"crystal_planter-bituminouscoal-claystone-*",
		"crystal_planter-bituminouscoal-sandstone-*",
		"crystal_planter-bituminouscoal-shale-*",
		"crystal_planter-borax-chalk-*",
		"crystal_planter-borax-chert-*",
		"crystal_planter-borax-conglomerate-*",
		"crystal_planter-borax-limestone-*",
		"crystal_planter-borax-claystone-*",
		"crystal_planter-borax-sandstone-*",
		"crystal_planter-borax-shale-*",
		"crystal_planter-cassiterite-andesite-*",
		"crystal_planter-cassiterite-granite-*",
		"crystal_planter-cassiterite-basalt-*",
		"crystal_planter-cassiterite-peridotite-*",
		"crystal_planter-cassiterite-phyllite-*",
		"crystal_planter-cassiterite-slate-*",
		"crystal_planter-chromite-andesite-*",
		"crystal_planter-chromite-granite-*",
		"crystal_planter-chromite-basalt-*",
		"crystal_planter-chromite-peridotite-*",
		"crystal_planter-chromite-kimberlite-*",
		"crystal_planter-cinnabar-andesite-*",
		"crystal_planter-cinnabar-granite-*",
		"crystal_planter-cinnabar-basalt-*",
		"crystal_planter-cinnabar-peridotite-*",
		"crystal_planter-cinnabar-phyllite-*",
		"crystal_planter-cinnabar-slate-*",
		"crystal_planter-corundum-andesite-*",
		"crystal_planter-corundum-granite-*",
		"crystal_planter-corundum-basalt-*",
		"crystal_planter-corundum-peridotite-*",
		"crystal_planter-corundum-phyllite-*",
		"crystal_planter-corundum-slate-*",
		"crystal_planter-flint-andesite-*",
		"crystal_planter-flint-chalk-*",
		"crystal_planter-flint-chert-*",
		"crystal_planter-flint-conglomerate-*",
		"crystal_planter-flint-limestone-*",
		"crystal_planter-flint-claystone-*",
		"crystal_planter-flint-granite-*",
		"crystal_planter-flint-sandstone-*",
		"crystal_planter-flint-shale-*",
		"crystal_planter-flint-basalt-*",
		"crystal_planter-flint-peridotite-*",
		"crystal_planter-flint-phyllite-*",
		"crystal_planter-flint-slate-*",
		"crystal_planter-flint-kimberlite-*",
		"crystal_planter-flint-bauxite-*",
		"crystal_planter-fluorite-chalk-*",
		"crystal_planter-fluorite-chert-*",
		"crystal_planter-fluorite-conglomerate-*",
		"crystal_planter-fluorite-limestone-*",
		"crystal_planter-fluorite-claystone-*",
		"crystal_planter-fluorite-sandstone-*",
		"crystal_planter-fluorite-shale-*",
		"crystal_planter-fluorite-phyllite-*",
		"crystal_planter-fluorite-slate-*",
		"crystal_planter-galena-chalk-*",
		"crystal_planter-galena-chert-*",
		"crystal_planter-galena-conglomerate-*",
		"crystal_planter-galena-limestone-*",
		"crystal_planter-galena-claystone-*",
		"crystal_planter-galena-sandstone-*",
		"crystal_planter-galena-shale-*",
		"crystal_planter-galena_nativesilver-chalk-*",
		"crystal_planter-galena_nativesilver-chert-*",
		"crystal_planter-galena_nativesilver-conglomerate-*",
		"crystal_planter-galena_nativesilver-limestone-*",
		"crystal_planter-galena_nativesilver-claystone-*",
		"crystal_planter-galena_nativesilver-sandstone-*",
		"crystal_planter-galena_nativesilver-shale-*",
		"crystal_planter-graphite-phyllite-*",
		"crystal_planter-graphite-slate-*",
		"crystal_planter-graphite-whitemarble-*",
		"crystal_planter-graphite-redmarble-*",
		"crystal_planter-graphite-greenmarble-*",
		"crystal_planter-hematite-limestone-*",
		"crystal_planter-hematite-granite-*",
		"crystal_planter-hematite-sandstone-*",
		"crystal_planter-hematite-peridotite-*",
		"crystal_planter-hematite-phyllite-*",
		"crystal_planter-ilmenite-andesite-*",
		"crystal_planter-ilmenite-granite-*",
		"crystal_planter-ilmenite-basalt-*",
		"crystal_planter-ilmenite-peridotite-*",
		"crystal_planter-ilmenite-phyllite-*",
		"crystal_planter-ilmenite-slate-*",
		"crystal_planter-ilmenite-kimberlite-*",
		"crystal_planter-kernite-chalk-*",
		"crystal_planter-kernite-chert-*",
		"crystal_planter-kernite-conglomerate-*",
		"crystal_planter-kernite-limestone-*",
		"crystal_planter-kernite-claystone-*",
		"crystal_planter-kernite-sandstone-*",
		"crystal_planter-kernite-shale-*",
		"crystal_planter-lapislazuli-limestone-*",
		"crystal_planter-lapislazuli-bauxite-*",
		"crystal_planter-lapislazuli-whitemarble-*",
		"crystal_planter-lapislazuli-redmarble-*",
		"crystal_planter-lapislazuli-greenmarble-*",
		"crystal_planter-lignite-chalk-*",
		"crystal_planter-lignite-chert-*",
		"crystal_planter-lignite-conglomerate-*",
		"crystal_planter-lignite-limestone-*",
		"crystal_planter-lignite-claystone-*",
		"crystal_planter-lignite-sandstone-*",
		"crystal_planter-lignite-shale-*",
		"crystal_planter-limonite-chert-*",
		"crystal_planter-limonite-shale-*",
		"crystal_planter-limonite-basalt-*",
		"crystal_planter-magnetite-andesite-*",
		"crystal_planter-magnetite-chalk-*",
		"crystal_planter-magnetite-conglomerate-*",
		"crystal_planter-magnetite-claystone-*",
		"crystal_planter-magnetite-slate-*",
		"crystal_planter-malachite-limestone-*",
		"crystal_planter-malachite-whitemarble-*",
		"crystal_planter-malachite-redmarble-*",
		"crystal_planter-malachite-greenmarble-*",
		"crystal_planter-nativecopper-andesite-*",
		"crystal_planter-nativecopper-chalk-*",
		"crystal_planter-nativecopper-chert-*",
		"crystal_planter-nativecopper-conglomerate-*",
		"crystal_planter-nativecopper-claystone-*",
		"crystal_planter-nativecopper-granite-*",
		"crystal_planter-nativecopper-sandstone-*",
		"crystal_planter-nativecopper-shale-*",
		"crystal_planter-nativecopper-basalt-*",
		"crystal_planter-nativecopper-peridotite-*",
		"crystal_planter-nativecopper-phyllite-*",
		"crystal_planter-nativecopper-slate-*",
		"crystal_planter-olivine-peridotite-*",
		"crystal_planter-olivine_peridot-peridotite-*",
		"crystal_planter-diamond-kimberlite-*",
		"crystal_planter-emerald-limestone-*",
		"crystal_planter-emerald-shale-*",
		"crystal_planter-emerald-basalt-*",
		"crystal_planter-emerald-peridotite-*",
		"crystal_planter-emerald-phyllite-*",
		"crystal_planter-emerald-slate-*",
		"crystal_planter-pentlandite-andesite-*",
		"crystal_planter-pentlandite-granite-*",
		"crystal_planter-pentlandite-basalt-*",
		"crystal_planter-pentlandite-peridotite-*",
		"crystal_planter-phosphorite-chalk-*",
		"crystal_planter-phosphorite-chert-*",
		"crystal_planter-phosphorite-conglomerate-*",
		"crystal_planter-phosphorite-limestone-*",
		"crystal_planter-phosphorite-claystone-*",
		"crystal_planter-phosphorite-sandstone-*",
		"crystal_planter-phosphorite-shale-*",
		"crystal_planter-quartz-andesite-*",
		"crystal_planter-quartz-chalk-*",
		"crystal_planter-quartz-chert-*",
		"crystal_planter-quartz-conglomerate-*",
		"crystal_planter-quartz-limestone-*",
		"crystal_planter-quartz-claystone-*",
		"crystal_planter-quartz-granite-*",
		"crystal_planter-quartz-sandstone-*",
		"crystal_planter-quartz-shale-*",
		"crystal_planter-quartz-basalt-*",
		"crystal_planter-quartz-peridotite-*",
		"crystal_planter-quartz-phyllite-*",
		"crystal_planter-quartz-slate-*",
		"crystal_planter-quartz_nativegold-andesite-*",
		"crystal_planter-quartz_nativegold-chalk-*",
		"crystal_planter-quartz_nativegold-chert-*",
		"crystal_planter-quartz_nativegold-conglomerate-*",
		"crystal_planter-quartz_nativegold-limestone-*",
		"crystal_planter-quartz_nativegold-claystone-*",
		"crystal_planter-quartz_nativegold-granite-*",
		"crystal_planter-quartz_nativegold-sandstone-*",
		"crystal_planter-quartz_nativegold-shale-*",
		"crystal_planter-quartz_nativegold-basalt-*",
		"crystal_planter-quartz_nativegold-peridotite-*",
		"crystal_planter-quartz_nativegold-phyllite-*",
		"crystal_planter-quartz_nativegold-slate-*",
		"crystal_planter-quartz_nativesilver-andesite-*",
		"crystal_planter-quartz_nativesilver-chalk-*",
		"crystal_planter-quartz_nativesilver-chert-*",
		"crystal_planter-quartz_nativesilver-conglomerate-*",
		"crystal_planter-quartz_nativesilver-limestone-*",
		"crystal_planter-quartz_nativesilver-claystone-*",
		"crystal_planter-quartz_nativesilver-granite-*",
		"crystal_planter-quartz_nativesilver-sandstone-*",
		"crystal_planter-quartz_nativesilver-shale-*",
		"crystal_planter-quartz_nativesilver-basalt-*",
		"crystal_planter-quartz_nativesilver-peridotite-*",
		"crystal_planter-quartz_nativesilver-phyllite-*",
		"crystal_planter-quartz_nativesilver-slate-*",
		"crystal_planter-rhodochrosite-chalk-*",
		"crystal_planter-rhodochrosite-chert-*",
		"crystal_planter-rhodochrosite-conglomerate-*",
		"crystal_planter-rhodochrosite-limestone-*",
		"crystal_planter-rhodochrosite-claystone-*",
		"crystal_planter-rhodochrosite-sandstone-*",
		"crystal_planter-rhodochrosite-shale-*",
		"crystal_planter-rhodochrosite-phyllite-*",
		"crystal_planter-rhodochrosite-slate-*",
		"crystal_planter-sphalerite-andesite-*",
		"crystal_planter-sphalerite-chalk-*",
		"crystal_planter-sphalerite-chert-*",
		"crystal_planter-sphalerite-conglomerate-*",
		"crystal_planter-sphalerite-limestone-*",
		"crystal_planter-sphalerite-claystone-*",
		"crystal_planter-sphalerite-granite-*",
		"crystal_planter-sphalerite-sandstone-*",
		"crystal_planter-sphalerite-shale-*",
		"crystal_planter-sphalerite-basalt-*",
		"crystal_planter-sphalerite-peridotite-*",
		"crystal_planter-sphalerite-phyllite-*",
		"crystal_planter-sphalerite-slate-*",
		"crystal_planter-sulfur-chalk-*",
		"crystal_planter-sulfur-chert-*",
		"crystal_planter-sulfur-conglomerate-*",
		"crystal_planter-sulfur-limestone-*",
		"crystal_planter-sulfur-claystone-*",
		"crystal_planter-sulfur-sandstone-*",
		"crystal_planter-sulfur-shale-*",
		"crystal_planter-sylvite-halite-*",
		"crystal_planter-uranium-andesite-*",
		"crystal_planter-uranium-chalk-*",
		"crystal_planter-uranium-chert-*",
		"crystal_planter-uranium-conglomerate-*",
		"crystal_planter-uranium-limestone-*",
		"crystal_planter-uranium-claystone-*",
		"crystal_planter-uranium-granite-*",
		"crystal_planter-uranium-sandstone-*",
		"crystal_planter-uranium-shale-*",
		"crystal_planter-uranium-basalt-*",
		"crystal_planter-uranium-pentlandite-*",
		"crystal_planter-uranium-phyllite-*",
		"crystal_planter-uranium-slate-*",
		"crystal_planter-uranium-kimberlite-*",
	],
	texturesByType: {
		"*-default-chalk-burnt": {
			soil: { 
				base: "game:block/stone/rock/chalk1",	
				overlays: [ "game:block/stone/ore/anthracite1" ], 
			},
			sides: {  base: "game:block/clay/ceramic" },
			ceramic: {  base: "game:block/clay/ceramic" },
			crystal: { base: "block/anthracite" }
		},
		"*-burnt": {
			soil: { 
				base: "game:block/stone/rock/{rock}1",	
				overlays: [ "game:block/stone/ore/{crystal}1" ], 
			},
			sides: {  base: "game:block/clay/ceramic" },
			ceramic: {  base: "game:block/clay/ceramic" },
			crystal: { base: "block/{crystal}" }
		},
		"*": {
			soil: { 
				base: "game:block/stone/rock/{rock}1",	
				overlays: [ "game:block/stone/ore/{crystal}1" ], 
			},
			ceramic: { base: "game:block/clay/ceramic", },
			sides: {  base: "game:block/clay/planter/{planter}" },
			crystal: { base: "block/{crystal}" },
		}
	},
	blockmaterial: "Ceramic",
	replaceable: 900,
	resistance: 1.5,
	lightAbsorption: 1,
	sidesolid: {
		all: false
	},
	sideopaque: {
		all: false
	},
	emitsideao: {
		all: false
	},
	lightHsvByType: {
		"*-default-*": [0, 0, 12],
		"*-alum-*": [10, 3, 12],
		"*-anthracite-*": [47, 1, 12],
		"*-bismuthinite-*": [14, 3, 12],
		"*-bituminouscoal-*": [0, 1, 12],
		"*-borax-*": [11, 1, 12],
		"*-cassiterite-*": [6, 3, 12],
		"*-chromite-*": [52, 1, 12],
		"*-cinnabar-*": [62, 3, 12],
		"*-corundum-*": [59, 3, 12],
		"*-flint-*": [8, 5, 12],
		"*-fluorite-*": [9, 3, 12],
		"*-galena-*": [35, 3, 12],
		"*-galena_nativesilver-*": [35, 1, 12],
		"*-graphite-*": [3, 5, 12],
		"*-hematite-*": [1, 3, 12],
		"*-ilmenite-*": [2, 5, 12],
		"*-kernite-*": [6, 3, 12],
		"*-lapislazuli-*": [38, 3, 12],
		"*-lignite-*": [3, 5, 12],
		"*-limonite-*": [5, 3, 12],
		"*-magnetite-*": [40, 1, 12],
		"*-malachite-*": [27, 3, 12],
		"*-nativecopper-*": [3, 3, 12],
		"*-olivine-*": [12, 3, 12],
		"*-olivine_peridot-*": [15, 3, 12],
		"*-diamond-*": [33, 3, 12],
		"*-emerald-*": [26, 3, 12],
		"*-pentlandite-*": [7, 5, 12],
		"*-phosphorite-*": [4, 3, 12],
		"*-quartz-*": [0, 0, 12],
		"*-quartz_nativegold-*": [8, 3, 12],
		"*-quartz_nativesilver-*": [34, 1, 12],
		"*-rhodochrosite-*": [1, 3, 12],
		"*-sphalerite-*": [6, 5, 12],
		"*-sulfur-*": [8, 3, 12],
		"*-sylvite-*": [3, 3, 12],
		"*-uranium-*": [11, 3, 12],
		"*-wolframite-*": [40, 3, 12],
	},
	heldTpIdleAnimation: "holdbothhandslarge", heldTpUseAnimation: "twohandplaceblock",
	tpHandTransform: {
		translation: { x: -1.2, y: -1.1, z: -0.55 },
		rotation: { x: -89, y: 21, z: -108 },
		scale: 0.48
	},
	collisionbox: {
		x1: 0.125, y1: 0, z1: 0.125,
		x2: 0.875, y2: 0.5625, z2: 0.875
	},
	selectionbox: {
		x1: 0.125, y1: 0, z1: 0.125,
		x2: 0.875, y2: 0.5625, z2: 0.875
	}
}