{
	"code": "bamboostairs",
	"class": "BlockStairs",
	"drawtype": "json",
	"variantgroups": [
		{ "loadFromProperties": "game:abstract/verticalorientation" },
		{ "loadFromProperties": "game:abstract/horizontalorientation" },
		{
			"code": "cover",
			"states": [ "free", "snow" ]
		}
	],
	"skipVariants": [ "*-down-north-snow", "*-down-east-snow", "*-down-south-snow", "*-down-west-snow" ],
	"attributes": {
		"canChisel": true,
		"chiselShapeFromCollisionBox": true,
		"partialAttachable": true
	},
	"creativeinventory": {
		"general": [ "*-up-north-free" ],
		"construction": [ "*-up-north-free" ]
	},
	"sidesolidByType": {
		"*-up-north-*": {
			"all": false,
			"down": true,
			"north": true
		},
		"*-up-west-*": {
			"all": false,
			"down": true,
			"west": true
		},
		"*-up-south-*": {
			"all": false,
			"down": true,
			"south": true
		},
		"*-up-east-*": {
			"all": false,
			"down": true,
			"east": true
		},
		"*-down-north-free": {
			"all": false,
			"up": true,
			"north": true
		},
		"*-down-south-free": {
			"all": false,
			"up": true,
			"south": true
		},
		"*-down-west-free": {
			"all": false,
			"up": true,
			"west": true
		},
		"*-down-east-free": {
			"all": false,
			"up": true,
			"east": true
		}
	},
	"sideopaqueByType": {
		"*-up-north-*": {
			"all": false,
			"down": true,
			"north": true
		},
		"*-up-west-*": {
			"all": false,
			"down": true,
			"west": true
		},
		"*-up-south-*": {
			"all": false,
			"down": true,
			"south": true
		},
		"*-up-east-*": {
			"all": false,
			"down": true,
			"east": true
		},
		"*-down-north-free": {
			"all": false,
			"up": true,
			"north": true
		},
		"*-down-south-free": {
			"all": false,
			"up": true,
			"south": true
		},
		"*-down-west-free": {
			"all": false,
			"up": true,
			"west": true
		},
		"*-down-east-free": {
			"all": false,
			"up": true,
			"east": true
		}
	},
	
	
	"shapebytype": {
		"*-up-north-free": {
			"base": "game:block/basic/stairs/normal",
			"rotateY": 0
		},
		"*-up-west-free": {
			"base": "game:block/basic/stairs/normal",
			"rotateY": 90
		},
		"*-up-south-free": {
			"base": "game:block/basic/stairs/normal",
			"rotateY": 180
		},
		"*-up-east-free": {
			"base": "game:block/basic/stairs/normal",
			"rotateY": 270
		},
		"*-up-north-snow": {
			"base": "game:block/basic/stairs/snow-normal",
			"rotateY": 0
		},
		"*-up-west-snow": {
			"base": "game:block/basic/stairs/snow-normal",
			"rotateY": 90
		},
		"*-up-south-snow": {
			"base": "game:block/basic/stairs/snow-normal",
			"rotateY": 180
		},
		"*-up-east-snow": {
			"base": "game:block/basic/stairs/snow-normal",
			"rotateY": 270
		},
		"*-down-north-free": {
			"base": "game:block/basic/stairs/flipped",
			"rotateY": 0
		},
		"*-down-west-free": {
			"base": "game:block/basic/stairs/flipped",
			"rotateY": 90
		},
		"*-down-south-free": {
			"base": "game:block/basic/stairs/flipped",
			"rotateY": 180
		},
		"*-down-east-free": {
			"base": "game:block/basic/stairs/flipped",
			"rotateY": 270
		}
	},
	"blockmaterial": "Plant",
	
	"textures": {
		"horizontals": { "base": "game:block/wood/planks/bamboo-side" },
		"up": { "base": "game:block/wood/planks/bamboo-top" },
		"down": { "base": "game:block/wood/planks/bamboo-top" }
	},
	"resistance": 0.25,
	"emitSideAo": { "all": true },
	"sounds": {
		"place": "game:block/plant",
		"break": "game:block/plant",
		"hit": "game:block/plant",
		"walk": "game:block/plant"
	},
	"collisionSelectionBoxesByType": {
		"*-down-*": [
			{
				"x1": 0,
				"y1": 0.5,
				"z1": 0,
				"x2": 1,
				"y2": 1,
				"z2": 1
			},
			{
				"x1": 0,
				"y1": 0,
				"z1": 0.5,
				"x2": 1,
				"y2": 0.5,
				"z2": 1,
				"rotateYByType": {
					"*-north-*": 180,
					"*-east-*": 90,
					"*-south-*": 0,
					"*-west-*": 270
				}
			}
		],
		"*-up-*": [
			{
				"x1": 0,
				"y1": 0,
				"z1": 0,
				"x2": 1,
				"y2": 0.5,
				"z2": 1
			},
			{
				"x1": 0,
				"y1": 0.5,
				"z1": 0.5,
				"x2": 1,
				"y2": 1,
				"z2": 1,
				"rotateYByType": {
					"*-north-*": 180,
					"*-east-*": 90,
					"*-south-*": 0,
					"*-west-*": 270
				}
			}
		]
	},
	"heldTpIdleAnimation": "holdbothhandslarge",
	"heldTpUseAnimation": "twohandplaceblock",
	"tpHandTransform": {
		"translation": {
			"x": -1.2,
			"y": -1.1,
			"z": -0.8
		},
		"rotation": {
			"x": -2,
			"y": 25,
			"z": -78
		},
		"scale": 0.37
	}
}
