﻿{
	"code": "bambooslab",
	"class": "BlockSlabSnowRemove",
	"drawtype": "json",
	"behaviors": [
		{
			"name": "OmniRotatable",
			"properties": {
				"rotateSides": true,
				"facing": "block"
			}
		}
	],
	"variantgroups": [
		{
			"code": "rot",
			"states": [ "north", "east", "south", "west", "up", "down" ]
		},
		{
			"code": "cover",
			"states": [ "free", "snow" ]
		}
	],
	"skipVariants": [ "*-up-snow" ],
	"attributes": {
		"canChisel": true,
		"chiselShapeFromCollisionBox": true,
		"partialAttachableByType": {
			"*-down": true,
			"*-up": true
		}
	},
	"creativeinventory": {
		"general": [ "*-down-free" ],
		"construction": [ "*-down-free" ]
	},
	"drops": [ { "code": "bambooslab-down-free" } ],
	"shapeByType": {
		"*-snow": { "base": "game:block/basic/slab/snow-slab-{rot}" },
		"*": { "base": "game:block/basic/slab/slab-{rot}" }
	},
	"textures": {
		"horizontals": { "base": "game:block/wood/planks/bamboo-side" },
		"up": { "base": "game:block/wood/planks/bamboo-top" },
		"down": { "base": "game:block/wood/planks/bamboo-top" }
	},
	"sideSolidOpaqueAoByType": {
		"*-north-*": {
			"all": false,
			"north": true
		},
		"*-east-*": {
			"all": false,
			"east": true
		},
		"*-south-*": {
			"all": false,
			"south": true
		},
		"*-west-*": {
			"all": false,
			"west": true
		},
		"*-up-*": {
			"all": false,
			"up": true
		},
		"*-down-*": {
			"all": false,
			"down": true
		}
	},
	"__comment": "Tyron 19dec.2020, i'm not sure anymore why sideao was disabled for slabs, lets see what happens if we turn it on again ¯\\_(ツ)_/¯",
	"sideAo": { "all": true },
	"emitSideAoByType": {
		"*-up-*": {
			"all": false,
			"up": true
		},
		"*-down-*": {
			"all": false,
			"down": true
		},
		"*": { "all": false }
	},
	"collisionbox": {
		"x1": 0,
		"y1": 0,
		"z1": 0,
		"x2": 1,
		"y2": 0.5,
		"z2": 1,
		"rotateXByType": {
			"*-north-*": 90,
			"*-south-*": 270,
			"*-up-*": 180,
			"*-down-*": 0
		},
		"rotateZByType": {
			"*-east-*": 90,
			"*-west-*": 270
		}
	},
	"selectionbox": {
		"x1": 0,
		"y1": 0,
		"z1": 0,
		"x2": 1,
		"y2": 0.5,
		"z2": 1,
		"rotateXByType": {
			"*-north-*": 90,
			"*-south-*": 270,
			"*-up-*": 180,
			"*-down-*": 0
		},
		"rotateZByType": {
			"*-east-*": 90,
			"*-west-*": 270
		}
	},
	"sounds": {
		"place": "game:block/plant",
		"break": "game:block/plant",
		"hit": "game:block/plant",
		"walk": "game:block/plant"
	},
	"guiTransform": {
		"translation": {
			"x": 0,
			"y": 2,
			"z": 0
		},
		"origin": {
			"x": 0.5,
			"y": 0.25,
			"z": 0.5
		}
	},
	"heldTpIdleAnimation": "holdbothhandslarge",
	"heldTpUseAnimation": "twohandplaceblock",
	"tpHandTransform": {
		"translation": {
			"x": -1.2,
			"y": -1.1,
			"z": -0.8
		},
		"rotation": {
			"x": -2,
			"y": 25,
			"z": -78
		},
		"scale": 0.37
	}
}
