{
	"code": "bamboocarpetlarge",
	"behaviors": [
		{ "name": "NWOrientable" },
		{ "name": "Unstable" }
	],
	"attributes": {
		"handbook": {
			"groupBy": [ "bamboocarpetlarge-*" ]
		}
	},
	"variantgroups": [
		{
			"code": "orientation",
			"states": [ "ns", "we" ]
		}
	],
	"shapeByType": {
		"*-ns": { "base": "game:block/basic/flat-medium" },
		"*-we": {
			"base": "game:block/basic/flat-medium",
			"rotateY": 90
		}
	},
	"vertexFlags": {
		"zOffset": 3
	},
	"sidesolid": { "all": false },
	"sideopaque": { "all": false },
	"blockmaterial": "Cloth",
	"creativeinventory": {
		"general": [ "*-ns" ],
		"decorative": [ "*-ns" ]
	},
	"replaceable": 4000,
	"resistance": 0.25,
	"lightAbsorption": 0,
	"textures": {
		"all": {
			"base": "game:block/wood/planks/bamboo-side"
		}
	},
	"selectionbox": {
		"x1": 0,
		"y1": 0,
		"z1": 0,
		"x2": 1,
		"y2": 0.0625,
		"z2": 1
	},
	"collisionbox": null,
	"combustibleProps": {
		"burnTemperature": 400,
		"burnDuration": 15
	},
	"sounds": {
		"place": "game:block/cloth",
		"walk": "game:walk/cloth"
	},
	"guiTransform": {
		"translation": {
			"x": 0,
			"y": 3,
			"z": 0
		},
		"origin": {
			"x": 0.5,
			"y": 0.0625,
			"z": 0.5
		}
	},
	"groundTransform": {
		"translation": {
			"x": 0,
			"y": 0,
			"z": 0
		},
		"rotation": {
			"x": 0,
			"y": -45,
			"z": 0
		},
		"origin": {
			"x": 0.5,
			"y": -0.02,
			"z": 0.5
		},
		"scale": 1.5
	},
	"tpHandTransform": {
		"translation": {
			"x": -1.7,
			"y": 0.1,
			"z": -1.5
		},
		"rotation": {
			"x": -46,
			"y": 0,
			"z": -2
		},
		"origin": {
			"x": 0.5,
			"y": 0,
			"z": 0.5
		}
	},
	"materialDensity": 200
}
