[
{
	ingredientPattern: "LLL	LCL	LLL",
	ingredients: {
		"C": { type: "item", code: "game:mortar" },
		"L": { type: "item", code: "game:stone-*", name: "rock", allowedVariants: ["andesite", "chalk", "chert", "conglomerate", "limestone", "claystone", "granite", "sandstone", "shale", "basalt", "peridotite", "phyllite", "slate", "bauxite", "kimberlite", "suevite", "whitemarble", "redmarble", "greenmarble"] }
	},
	width: 3,
	height: 3,
	recipeGroup: 2,
	output: { type: "block", code: "game:cobblestone-{rock}", quantity: 4 }
	},
	{
	ingredientPattern: "LKL	KCK	LKL",
	ingredients: {
		"C": { type: "item", code: "game:mortar" },
		"L": { type: "item", code: "game:stone-*", name: "rock", allowedVariants: ["andesite", "chalk", "chert", "conglomerate", "limestone", "claystone", "granite", "sandstone", "shale", "basalt", "peridotite", "phyllite", "slate", "bauxite", "kimberlite", "suevite", "whitemarble", "redmarble", "greenmarble"] },
		"K": { type: "item", code: "game:stonebrick-*", name: "rock", allowedVariants: ["andesite", "chalk", "chert", "conglomerate", "limestone", "claystone", "granite", "sandstone", "shale", "basalt", "peridotite", "phyllite", "slate", "bauxite", "kimberlite", "suevite", "whitemarble", "redmarble", "greenmarble"] }
	},
	width: 3,
	height: 3,
	recipeGroup: 3,
	output: { type: "block", code: "game:cobblestone-{rock}", quantity: 5 }
	},
	{
    ingredientPattern: "LKL	KOK	LKL",
	ingredients: {
		"O": { type: "item", code: "game:clay-*" },
		"L": { type: "item", code: "game:stone-*", name: "rock", allowedVariants: ["andesite", "chalk", "chert", "conglomerate", "limestone", "claystone", "granite", "sandstone", "shale", "basalt", "peridotite", "phyllite", "slate", "bauxite", "kimberlite", "suevite", "whitemarble", "redmarble", "greenmarble"] },
		"K": { type: "item", code: "game:stonebrick-*", name: "rock", allowedVariants: ["andesite", "chalk", "chert", "conglomerate", "limestone", "claystone", "granite", "sandstone", "shale", "basalt", "peridotite", "phyllite", "slate", "bauxite", "kimberlite", "suevite", "whitemarble", "redmarble", "greenmarble"] }
	},
	width: 3,
	height: 3,
	recipeGroup: 4,
	output: { type: "block", code: "game:cobblestone-{rock}", quantity: 3 }
	}
]