[
{
	ingredientPattern: "LS",
	ingredients: {
		"L": { type: "item", code: "game:stone-*", quantity: 2},
		"S": { type: "block", code: "road" }
	},
	width: 2,
	height: 1,
	recipeGroup: 1,
	output: { type: "block", code: "stoneroadslab-free", quantity: 1 }
},
{
	ingredientPattern: "LS",
	ingredients: {
		"L": { type: "block", code: "game:gravel-*",},
		"S": { type: "block", code: "game:packeddirt" }
	},
	width: 2,
	height: 1,
	output: { type: "block", code: "roadslab-free", quantity: 8 }
},
{
	ingredientPattern: "LS",
	ingredients: {
		"L": { type: "item", code: "game:stone-*", quantity: 1},
		"S": { type: "block", code: "roadslab-free" }
	},
	width: 2,
	height: 1,
	recipeGroup: 2,
	output: { type: "block", code: "stoneroadslab-free", quantity: 1 }
},
]