[
{
	ingredientPattern: "_K,LS",
	ingredients: {
		"L": { type: "item", code: "game:stone-*", quantity: 2},
		"K": { type: "item", code: "game:stone-*", quantity: 1},
		"S": { type: "block", code: "road" }
	},
	width: 2,
	height: 2,
	recipeGroup: 1,
	output: { type: "block", code: "stoneroadstairs-up-north-free", quantity: 1 }
},
{
	ingredientPattern: "L_S",
	ingredients: {
		"L": { type: "block", code: "game:gravel-*",},
		"S": { type: "block", code: "game:packeddirt" }
	},
	width: 3,
	height: 1,
	output: { type: "block", code: "roadstairs-up-north-free", quantity: 4 }
},
{
	ingredientPattern: "_K,LS",
	ingredients: {
		"L": { type: "item", code: "game:stone-*", quantity: 2},
		"K": { type: "item", code: "game:stone-*", quantity: 1},
		"S": { type: "block", code: "roadstairs-up-north-free" }
	},
	width: 2,
	height: 2,
	recipeGroup: 2,
	output: { type: "block", code: "stoneroadstairs-up-north-free", quantity: 1 }
},
]