[
{
	ingredientPattern: "L	S",
	ingredients: {
		"L": { type: "item", code: "game:stone-*", quantity: 4},
		"S": { type: "block", code: "road" }
	},
	width: 1,
	height: 2,
	recipeGroup: 1,
	output: { type: "block", code: "stoneroad", quantity: 1 }
},
{
	ingredientPattern: "L	S",
	ingredients: {
		"L": { type: "block", code: "game:gravel-*",},
		"S": { type: "block", code: "game:packeddirt" }
	},
	width: 1,
	height: 2,
	recipeGroup: 1,
	output: { type: "block", code: "road", quantity: 4 }
},
{
	ingredientPattern: "L	S",
	ingredients: {
		"L": { type: "item", code:"game:shovel-*", isTool: true},
		"S": { type: "block", code: "road_path-free" }
	},
	width: 1,
	height: 2,
	recipeGroup: 2,
	output: { type: "block", code: "road", quantity: 1 }
},
{
	ingredientPattern: "L	S",
	ingredients: {
		"L": { type: "item", code:"game:shovel-*", isTool: true},
		"S": { type: "block", code: "road" }
	},
	width: 1,
	height: 2,
	output: { type: "block", code: "road_path-free", quantity: 1 }
},



{
	ingredientPattern: "L	S",
	ingredients: {
		"L": { type: "item", code:"game:shovel-*", isTool: true},
		"S": { type: "block", code: "stoneroad_path-free" }
	},
	width: 1,
	height: 2,
	recipeGroup: 2,
	output: { type: "block", code: "stoneroad", quantity: 1 }
},
{
	ingredientPattern: "L	S",
	ingredients: {
		"L": { type: "item", code:"game:shovel-*", isTool: true},
		"S": { type: "block", code: "stoneroad" }
	},
	width: 1,
	height: 2,
	output: { type: "block", code: "stoneroad_path-free", quantity: 1 }
},
]