{
	"editor": {
		"allAngles": false,
		"entityTextureMode": false
	},
	"textureWidth": 16,
	"textureHeight": 16,
	"textureSizes": {
	},
	"textures": {
		"acornbread": "game:item/food/grain/acornricebread"
	},
	"elements": [
		{
			"name": "Biscuit 1",
			"from": [ 3.0, 0.0, 3.0 ], 
			"to": [ 6.9, 1.0, 6.9 ], 
			"rotationOrigin": [ 3.0, 0.0, 3.0 ],
			"faces": {
				"north": { "texture": "#acornbread", "uv": [ 4.0, 0.5, 7.5, 1.5 ] },
				"east": { "texture": "#acornbread", "uv": [ 4.0, 6.5, 7.5, 7.5 ] },
				"south": { "texture": "#acornbread", "uv": [ 4.5, 6.5, 8.0, 7.5 ] },
				"west": { "texture": "#acornbread", "uv": [ 4.0, 6.0, 7.5, 7.0 ] },
				"up": { "texture": "#acornbread", "uv": [ 0.5, 1.5, 4.0, 5.0 ] },
				"down": { "texture": "#acornbread", "uv": [ 0.5, 2.0, 4.0, 5.5 ] }
			},
			"children": [
				{
					"name": "Cube1",
					"from": [ 0.5, 0.0, -0.5 ], 
					"to": [ 3.5, 1.0, 0.0 ], 
					"rotationOrigin": [ 0.5, 0.0, -0.5 ],
					"faces": {
						"north": { "texture": "#acornbread", "uv": [ 4.5, 5.0, 7.5, 6.0 ] },
						"east": { "texture": "#acornbread", "uv": [ 7.0, 5.5, 7.5, 6.5 ] },
						"south": { "texture": "#acornbread", "uv": [ 4.5, 6.0, 7.5, 7.0 ] },
						"west": { "texture": "#acornbread", "uv": [ 5.5, 5.5, 6.0, 6.5 ] },
						"up": { "texture": "#acornbread", "uv": [ 1.0, 1.0, 4.0, 1.5 ] },
						"down": { "texture": "#acornbread", "uv": [ 0.5, 1.0, 3.5, 1.5 ] }
					}
				},
				{
					"name": "Cube3",
					"from": [ 0.5, 0.0, 3.9 ], 
					"to": [ 3.5, 1.0, 4.4 ], 
					"rotationOrigin": [ 0.5, 0.0, 3.9 ],
					"faces": {
						"north": { "texture": "#acornbread", "uv": [ 4.0, 6.0, 7.0, 7.0 ] },
						"east": { "texture": "#acornbread", "uv": [ 6.5, 1.5, 7.0, 2.5 ] },
						"south": { "texture": "#acornbread", "uv": [ 4.5, 6.0, 7.5, 7.0 ] },
						"west": { "texture": "#acornbread", "uv": [ 6.5, 2.0, 7.0, 3.0 ] },
						"up": { "texture": "#acornbread", "uv": [ 1.0, 6.0, 4.0, 6.5 ] },
						"down": { "texture": "#acornbread", "uv": [ 4.5, 6.5, 7.5, 7.0 ] }
					}
				},
				{
					"name": "Cube4",
					"from": [ -0.5, 0.0, 0.5 ], 
					"to": [ 0.0, 1.0, 3.5 ], 
					"rotationOrigin": [ -0.5, 0.0, 0.5 ],
					"faces": {
						"north": { "texture": "#acornbread", "uv": [ 7.0, 5.0, 7.5, 6.0 ] },
						"east": { "texture": "#acornbread", "uv": [ 4.0, 5.5, 7.0, 6.5 ] },
						"south": { "texture": "#acornbread", "uv": [ 5.0, 3.5, 5.5, 4.5 ] },
						"west": { "texture": "#acornbread", "uv": [ 4.0, 6.0, 7.0, 7.0 ] },
						"up": { "texture": "#acornbread", "uv": [ 0.5, 2.0, 1.0, 5.0 ] },
						"down": { "texture": "#acornbread", "uv": [ 0.5, 2.0, 1.0, 5.0 ] }
					}
				},
				{
					"name": "Cube5",
					"from": [ 3.9, 0.0, 0.5 ], 
					"to": [ 4.4, 1.0, 3.5 ], 
					"rotationOrigin": [ 3.9, 0.0, 0.5 ],
					"faces": {
						"north": { "texture": "#acornbread", "uv": [ 6.0, 5.5, 6.5, 6.5 ] },
						"east": { "texture": "#acornbread", "uv": [ 4.5, 5.5, 7.5, 6.5 ] },
						"south": { "texture": "#acornbread", "uv": [ 6.0, 5.0, 6.5, 6.0 ] },
						"west": { "texture": "#acornbread", "uv": [ 4.0, 0.5, 7.0, 1.5 ] },
						"up": { "texture": "#acornbread", "uv": [ 3.5, 2.0, 4.0, 5.0 ] },
						"down": { "texture": "#acornbread", "uv": [ 6.0, 2.5, 6.5, 5.5 ] }
					}
				}
			]
		},
		{
			"name": "Biscuit 4",
			"from": [ 7.0, 0.0, 9.0 ], 
			"to": [ 10.9, 1.0, 12.9 ], 
			"rotationOrigin": [ 7.0, 0.0, 9.0 ],
			"rotationY": -90.0,
			"faces": {
				"north": { "texture": "#acornbread", "uv": [ 4.0, 0.5, 7.5, 1.5 ] },
				"east": { "texture": "#acornbread", "uv": [ 4.0, 6.5, 7.5, 7.5 ] },
				"south": { "texture": "#acornbread", "uv": [ 4.5, 6.5, 8.0, 7.5 ] },
				"west": { "texture": "#acornbread", "uv": [ 4.0, 6.0, 7.5, 7.0 ] },
				"up": { "texture": "#acornbread", "uv": [ 0.5, 1.5, 4.0, 5.0 ] },
				"down": { "texture": "#acornbread", "uv": [ 0.5, 2.0, 4.0, 5.5 ] }
			},
			"children": [
				{
					"name": "Cube7",
					"from": [ 0.5, 0.0, -0.5 ], 
					"to": [ 3.5, 1.0, 0.0 ], 
					"rotationOrigin": [ 0.5, 0.0, -0.5 ],
					"faces": {
						"north": { "texture": "#acornbread", "uv": [ 4.5, 5.0, 7.5, 6.0 ] },
						"east": { "texture": "#acornbread", "uv": [ 7.0, 5.5, 7.5, 6.5 ] },
						"south": { "texture": "#acornbread", "uv": [ 4.5, 6.0, 7.5, 7.0 ] },
						"west": { "texture": "#acornbread", "uv": [ 5.5, 5.5, 6.0, 6.5 ] },
						"up": { "texture": "#acornbread", "uv": [ 1.0, 1.0, 4.0, 1.5 ] },
						"down": { "texture": "#acornbread", "uv": [ 0.5, 1.0, 3.5, 1.5 ] }
					}
				},
				{
					"name": "Cube8",
					"from": [ 0.5, 0.0, 3.9 ], 
					"to": [ 3.5, 1.0, 4.4 ], 
					"rotationOrigin": [ 0.5, 0.0, 3.9 ],
					"faces": {
						"north": { "texture": "#acornbread", "uv": [ 4.0, 6.0, 7.0, 7.0 ] },
						"east": { "texture": "#acornbread", "uv": [ 6.5, 1.5, 7.0, 2.5 ] },
						"south": { "texture": "#acornbread", "uv": [ 4.5, 6.0, 7.5, 7.0 ] },
						"west": { "texture": "#acornbread", "uv": [ 6.5, 2.0, 7.0, 3.0 ] },
						"up": { "texture": "#acornbread", "uv": [ 1.0, 6.0, 4.0, 6.5 ] },
						"down": { "texture": "#acornbread", "uv": [ 4.5, 6.5, 7.5, 7.0 ] }
					}
				},
				{
					"name": "Cube9",
					"from": [ -0.5, 0.0, 0.5 ], 
					"to": [ 0.0, 1.0, 3.5 ], 
					"rotationOrigin": [ -0.5, 0.0, 0.5 ],
					"faces": {
						"north": { "texture": "#acornbread", "uv": [ 7.0, 5.0, 7.5, 6.0 ] },
						"east": { "texture": "#acornbread", "uv": [ 4.0, 5.5, 7.0, 6.5 ] },
						"south": { "texture": "#acornbread", "uv": [ 5.0, 3.5, 5.5, 4.5 ] },
						"west": { "texture": "#acornbread", "uv": [ 4.0, 6.0, 7.0, 7.0 ] },
						"up": { "texture": "#acornbread", "uv": [ 0.5, 2.0, 1.0, 5.0 ] },
						"down": { "texture": "#acornbread", "uv": [ 0.5, 2.0, 1.0, 5.0 ] }
					}
				},
				{
					"name": "Cube10",
					"from": [ 3.9, 0.0, 0.5 ], 
					"to": [ 4.4, 1.0, 3.5 ], 
					"rotationOrigin": [ 3.9, 0.0, 0.5 ],
					"faces": {
						"north": { "texture": "#acornbread", "uv": [ 6.0, 5.5, 6.5, 6.5 ] },
						"east": { "texture": "#acornbread", "uv": [ 4.5, 5.5, 7.5, 6.5 ] },
						"south": { "texture": "#acornbread", "uv": [ 6.0, 5.0, 6.5, 6.0 ] },
						"west": { "texture": "#acornbread", "uv": [ 4.0, 0.5, 7.0, 1.5 ] },
						"up": { "texture": "#acornbread", "uv": [ 3.5, 2.0, 4.0, 5.0 ] },
						"down": { "texture": "#acornbread", "uv": [ 6.0, 2.5, 6.5, 5.5 ] }
					}
				}
			]
		},
		{
			"name": "Biscuit 2",
			"from": [ 9.0, 0.0, 7.0 ], 
			"to": [ 12.9, 1.0, 10.9 ], 
			"rotationOrigin": [ 9.0, 0.0, 7.0 ],
			"rotationY": 90.0,
			"faces": {
				"north": { "texture": "#acornbread", "uv": [ 4.0, 0.5, 7.5, 1.5 ] },
				"east": { "texture": "#acornbread", "uv": [ 4.0, 6.5, 7.5, 7.5 ] },
				"south": { "texture": "#acornbread", "uv": [ 4.5, 6.5, 8.0, 7.5 ] },
				"west": { "texture": "#acornbread", "uv": [ 4.0, 6.0, 7.5, 7.0 ] },
				"up": { "texture": "#acornbread", "uv": [ 0.5, 1.5, 4.0, 5.0 ] },
				"down": { "texture": "#acornbread", "uv": [ 0.5, 2.0, 4.0, 5.5 ] }
			},
			"children": [
				{
					"name": "Cube12",
					"from": [ 0.5, 0.0, -0.5 ], 
					"to": [ 3.5, 1.0, 0.0 ], 
					"rotationOrigin": [ 0.5, 0.0, -0.5 ],
					"faces": {
						"north": { "texture": "#acornbread", "uv": [ 4.5, 5.0, 7.5, 6.0 ] },
						"east": { "texture": "#acornbread", "uv": [ 7.0, 5.5, 7.5, 6.5 ] },
						"south": { "texture": "#acornbread", "uv": [ 4.5, 6.0, 7.5, 7.0 ] },
						"west": { "texture": "#acornbread", "uv": [ 5.5, 5.5, 6.0, 6.5 ] },
						"up": { "texture": "#acornbread", "uv": [ 1.0, 1.0, 4.0, 1.5 ] },
						"down": { "texture": "#acornbread", "uv": [ 0.5, 1.0, 3.5, 1.5 ] }
					}
				},
				{
					"name": "Cube13",
					"from": [ 0.5, 0.0, 3.9 ], 
					"to": [ 3.5, 1.0, 4.4 ], 
					"rotationOrigin": [ 0.5, 0.0, 3.9 ],
					"faces": {
						"north": { "texture": "#acornbread", "uv": [ 4.0, 6.0, 7.0, 7.0 ] },
						"east": { "texture": "#acornbread", "uv": [ 6.5, 1.5, 7.0, 2.5 ] },
						"south": { "texture": "#acornbread", "uv": [ 4.5, 6.0, 7.5, 7.0 ] },
						"west": { "texture": "#acornbread", "uv": [ 6.5, 2.0, 7.0, 3.0 ] },
						"up": { "texture": "#acornbread", "uv": [ 1.0, 6.0, 4.0, 6.5 ] },
						"down": { "texture": "#acornbread", "uv": [ 4.5, 6.5, 7.5, 7.0 ] }
					}
				},
				{
					"name": "Cube14",
					"from": [ -0.5, 0.0, 0.5 ], 
					"to": [ 0.0, 1.0, 3.5 ], 
					"rotationOrigin": [ -0.5, 0.0, 0.5 ],
					"faces": {
						"north": { "texture": "#acornbread", "uv": [ 7.0, 5.0, 7.5, 6.0 ] },
						"east": { "texture": "#acornbread", "uv": [ 4.0, 5.5, 7.0, 6.5 ] },
						"south": { "texture": "#acornbread", "uv": [ 5.0, 3.5, 5.5, 4.5 ] },
						"west": { "texture": "#acornbread", "uv": [ 4.0, 6.0, 7.0, 7.0 ] },
						"up": { "texture": "#acornbread", "uv": [ 0.5, 2.0, 1.0, 5.0 ] },
						"down": { "texture": "#acornbread", "uv": [ 0.5, 2.0, 1.0, 5.0 ] }
					}
				},
				{
					"name": "Cube15",
					"from": [ 3.9, 0.0, 0.5 ], 
					"to": [ 4.4, 1.0, 3.5 ], 
					"rotationOrigin": [ 3.9, 0.0, 0.5 ],
					"faces": {
						"north": { "texture": "#acornbread", "uv": [ 6.0, 5.5, 6.5, 6.5 ] },
						"east": { "texture": "#acornbread", "uv": [ 4.5, 5.5, 7.5, 6.5 ] },
						"south": { "texture": "#acornbread", "uv": [ 6.0, 5.0, 6.5, 6.0 ] },
						"west": { "texture": "#acornbread", "uv": [ 4.0, 0.5, 7.0, 1.5 ] },
						"up": { "texture": "#acornbread", "uv": [ 3.5, 2.0, 4.0, 5.0 ] },
						"down": { "texture": "#acornbread", "uv": [ 6.0, 2.5, 6.5, 5.5 ] }
					}
				}
			]
		},
		{
			"name": "Biscuit 3",
			"from": [ 13.0, 0.0, 13.0 ], 
			"to": [ 16.9, 1.0, 16.9 ], 
			"rotationOrigin": [ 13.0, 0.0, 13.0 ],
			"rotationY": 180.0,
			"faces": {
				"north": { "texture": "#acornbread", "uv": [ 4.0, 0.5, 7.5, 1.5 ] },
				"east": { "texture": "#acornbread", "uv": [ 4.0, 6.5, 7.5, 7.5 ] },
				"south": { "texture": "#acornbread", "uv": [ 4.5, 6.5, 8.0, 7.5 ] },
				"west": { "texture": "#acornbread", "uv": [ 4.0, 6.0, 7.5, 7.0 ] },
				"up": { "texture": "#acornbread", "uv": [ 0.5, 1.5, 4.0, 5.0 ] },
				"down": { "texture": "#acornbread", "uv": [ 0.5, 2.0, 4.0, 5.5 ] }
			},
			"children": [
				{
					"name": "Cube17",
					"from": [ 0.5, 0.0, -0.5 ], 
					"to": [ 3.5, 1.0, 0.0 ], 
					"rotationOrigin": [ 0.5, 0.0, -0.5 ],
					"faces": {
						"north": { "texture": "#acornbread", "uv": [ 4.5, 5.0, 7.5, 6.0 ] },
						"east": { "texture": "#acornbread", "uv": [ 7.0, 5.5, 7.5, 6.5 ] },
						"south": { "texture": "#acornbread", "uv": [ 4.5, 6.0, 7.5, 7.0 ] },
						"west": { "texture": "#acornbread", "uv": [ 5.5, 5.5, 6.0, 6.5 ] },
						"up": { "texture": "#acornbread", "uv": [ 1.0, 1.0, 4.0, 1.5 ] },
						"down": { "texture": "#acornbread", "uv": [ 0.5, 1.0, 3.5, 1.5 ] }
					}
				},
				{
					"name": "Cube18",
					"from": [ 0.5, 0.0, 3.9 ], 
					"to": [ 3.5, 1.0, 4.4 ], 
					"rotationOrigin": [ 0.5, 0.0, 3.9 ],
					"faces": {
						"north": { "texture": "#acornbread", "uv": [ 4.0, 6.0, 7.0, 7.0 ] },
						"east": { "texture": "#acornbread", "uv": [ 6.5, 1.5, 7.0, 2.5 ] },
						"south": { "texture": "#acornbread", "uv": [ 4.5, 6.0, 7.5, 7.0 ] },
						"west": { "texture": "#acornbread", "uv": [ 6.5, 2.0, 7.0, 3.0 ] },
						"up": { "texture": "#acornbread", "uv": [ 1.0, 6.0, 4.0, 6.5 ] },
						"down": { "texture": "#acornbread", "uv": [ 4.5, 6.5, 7.5, 7.0 ] }
					}
				},
				{
					"name": "Cube19",
					"from": [ -0.5, 0.0, 0.5 ], 
					"to": [ 0.0, 1.0, 3.5 ], 
					"rotationOrigin": [ -0.5, 0.0, 0.5 ],
					"faces": {
						"north": { "texture": "#acornbread", "uv": [ 7.0, 5.0, 7.5, 6.0 ] },
						"east": { "texture": "#acornbread", "uv": [ 4.0, 5.5, 7.0, 6.5 ] },
						"south": { "texture": "#acornbread", "uv": [ 5.0, 3.5, 5.5, 4.5 ] },
						"west": { "texture": "#acornbread", "uv": [ 4.0, 6.0, 7.0, 7.0 ] },
						"up": { "texture": "#acornbread", "uv": [ 0.5, 2.0, 1.0, 5.0 ] },
						"down": { "texture": "#acornbread", "uv": [ 0.5, 2.0, 1.0, 5.0 ] }
					}
				},
				{
					"name": "Cube20",
					"from": [ 3.9, 0.0, 0.5 ], 
					"to": [ 4.4, 1.0, 3.5 ], 
					"rotationOrigin": [ 3.9, 0.0, 0.5 ],
					"faces": {
						"north": { "texture": "#acornbread", "uv": [ 6.0, 5.5, 6.5, 6.5 ] },
						"east": { "texture": "#acornbread", "uv": [ 4.5, 5.5, 7.5, 6.5 ] },
						"south": { "texture": "#acornbread", "uv": [ 6.0, 5.0, 6.5, 6.0 ] },
						"west": { "texture": "#acornbread", "uv": [ 4.0, 0.5, 7.0, 1.5 ] },
						"up": { "texture": "#acornbread", "uv": [ 3.5, 2.0, 4.0, 5.0 ] },
						"down": { "texture": "#acornbread", "uv": [ 6.0, 2.5, 6.5, 5.5 ] }
					}
				}
			]
		}
	]}