[
{
	ingredientPattern: "_M_	KGK	_H_",
	ingredients: {
		"G": { type: "block", code: "game:glasspane-*" },
	    "H": { type: "item", code: "game:hammer-*", isTool: true },
		"M": { type: "item", code: "game:chisel-*", isTool: true },
		"K": { type: "item", code: "game:stonebrick-*", name: "rock", allowedVariants: ["andesite", "chalk", "chert", "conglomerate", "limestone", "claystone", "granite", "sandstone", "shale", "basalt", "peridotite", "phyllite", "slate", "bauxite", "kimberlite", "suevite", "whitemarble", "redmarble", "greenmarble"] }
	},
	width: 3,
	height: 3,
	recipeGroup: 1,
	output: { type: "block", code: "stone_fullwindow_gt-{rock}-d-ew", quantity: 1  }
},
{
	ingredientPattern: "MK",
	ingredients: {
		"M": { type: "item", code: "game:chisel-*", isTool: true },
		"K": { type: "block", code: "stone_fullwindow_cht-*-d-ew", name: "rock", allowedVariants: ["andesite", "chalk", "chert", "conglomerate", "limestone", "claystone", "granite", "sandstone", "shale", "basalt", "peridotite", "phyllite", "slate", "bauxite", "kimberlite", "suevite", "whitemarble", "redmarble", "greenmarble"] }
	},
	width: 2,
	height: 1,
	recipeGroup: 2,
	output: { type: "block", code: "stone_fullwindow_gt-{rock}-d-ew", quantity: 1  }
},
{
	ingredientPattern: "MK",
	ingredients: {
		"M": { type: "item", code: "game:chisel-*", isTool: true },
		"K": { type: "block", code: "stone_fullwindow_ft-*-d-ew", name: "rock", allowedVariants: ["andesite", "chalk", "chert", "conglomerate", "limestone", "claystone", "granite", "sandstone", "shale", "basalt", "peridotite", "phyllite", "slate", "bauxite", "kimberlite", "suevite", "whitemarble", "redmarble", "greenmarble"] }
	},
	width: 1,
	height: 2,
	recipeGroup: 3,
	output: { type: "block", code: "stone_fullwindow_gt-{rock}-d-ew", quantity: 1  }
}

]