{
	"editor": {
		"allAngles": false,
		"entityTextureMode": false
	},
	"textureWidth": 16,
	"textureHeight": 16,
	"textureSizes": {
	},
	"textures": {
	},
	"elements": [
		{
			"name": "branchesN",
			"from": [ 0.0, 0.0, 8.0 ], 
			"to": [ 16.0, 5.0, 8.0 ], 
			"rotationOrigin": [ 8.0, 8.0, 8.0 ],
			"rotationY": 45.0,
			"faces": {
				"north": { "texture": "#branches", "uv": [ 1.0, 1.0, 17.0, 6.0 ] },
				"east": { "texture": "#branches", "uv": [ 0.0, 0.0, 0.5, 5.0 ], "enabled": false },
				"south": { "texture": "#branches", "uv": [ 16.0, 0.0, 32.0, 5.0 ] },
				"west": { "texture": "#branches", "uv": [ 0.0, 0.0, 0.5, 5.0 ], "enabled": false },
				"up": { "texture": "#branches", "uv": [ 0.0, 0.0, 16.0, 0.5 ], "enabled": false },
				"down": { "texture": "#branches", "uv": [ 0.0, 0.0, 16.0, 0.5 ], "enabled": false }
			}
		},
		{
			"name": "branchesS",
			"from": [ 0.0, 0.0, 8.0 ], 
			"to": [ 16.0, 5.0, 8.0 ], 
			"rotationOrigin": [ 8.0, 8.0, 8.0 ],
			"rotationY": -45.0,
			"faces": {
				"north": { "texture": "#branches", "uv": [ 1.0, 1.0, 17.0, 6.0 ] },
				"east": { "texture": "#branches", "uv": [ 0.0, 0.0, 0.5, 5.0 ], "enabled": false },
				"south": { "texture": "#branches", "uv": [ 16.0, 0.0, 32.0, 5.0 ] },
				"west": { "texture": "#branches", "uv": [ 0.0, 0.0, 0.5, 5.0 ], "enabled": false },
				"up": { "texture": "#branches", "uv": [ 0.0, 0.0, 16.0, 0.5 ], "enabled": false },
				"down": { "texture": "#branches", "uv": [ 0.0, 0.0, 16.0, 0.5 ], "enabled": false }
			}
		},
		{
			"name": "Leaves",
			"from": [ 1.0, 0.5, 1.0 ], 
			"to": [ 15.0, 4.9, 15.0 ], 
			"climateColorMap": "climatePlantTint",
			"seasonColorMap": "seasonalBlueBerry",
			"rotationOrigin": [ -0.1, 2.4, -0.1 ],
			"faces": {
				"north": { "texture": "#leaves", "uv": [ 1.0, 1.0, 15.0, 5.0 ] },
				"east": { "texture": "#leaves", "uv": [ 1.0, 1.0, 15.0, 5.0 ] },
				"south": { "texture": "#leaves", "uv": [ 1.0, 1.0, 15.0, 5.0 ] },
				"west": { "texture": "#leaves", "uv": [ 1.0, 1.0, 15.0, 5.0 ] },
				"up": { "texture": "#leaves", "uv": [ 1.0, 1.0, 15.0, 15.0 ] },
				"down": { "texture": "#leaves", "uv": [ 1.0, 1.0, 15.0, 15.0 ], "enabled": false }
			}
		},
		{
			"name": "Berries",
			"from": [ 0.8, 0.4, 0.8 ], 
			"to": [ 15.2, 5.0, 15.2 ], 
			"climateColorMap": "",
			"seasonColorMap": "",
			"rotationOrigin": [ -0.3, 3.3, -0.3 ],
			"faces": {
				"north": { "texture": "#berries", "uv": [ 1.0, 1.0, 15.0, 5.5 ] },
				"east": { "texture": "#berries", "uv": [ 1.0, 1.0, 15.0, 5.5 ] },
				"south": { "texture": "#berries", "uv": [ 1.0, 1.0, 15.0, 5.5 ] },
				"west": { "texture": "#berries", "uv": [ 1.0, 1.0, 15.0, 5.5 ] },
				"up": { "texture": "#berries", "uv": [ 1.0, 1.0, 15.0, 15.0 ] },
				"down": { "texture": "#berries", "uv": [ 1.0, 1.0, 15.0, 15.0 ], "enabled": false }
			}
		}
	]}