{
  "code": "fishfillet",
    "maxstacksize": 64,
    "attributes": {
        "inFirePitProps": {
            "transformbytype": {
                "*": {
                    "scale": 0.35,
                    "origin": {
                        "x": 0.5,
                        "y": 0,
                        "z": 0.5
                    },
                    "translation": {
                        "x": 0,
                        "y": 0.2,
                        "z": 0
                    },
                    "rotation": {
                        "x": 90,
                        "y": 0,
                        "z": 90
                    }
                }
            },
            "useFirepitModel": "Spit"
        },
        "nutritionPropsWhenInMeal": {
            "satiety": 144,
            "foodcategory": "Protein"
        }
    },
    "variantgroups": [
        {
            "code": "state",
            "states": [ "raw", "cooked" ]
        }
    ],
    "shape": { "base": "item/fishing/fish-fillet" },
    "texturesbytype": {
        "*": {
            "normal": { "base": "item/fishing/fillet-{state}" }
        }
    },
    "creativeinventory": {
        "general": [ "*" ],
        "items": [ "*" ],
        "primitive": [ "*" ]
    },
    "nutritionPropsByType": {
        "*-cooked": {
            "satiety": 96,
            "foodcategory": "Protein"
        }
    },
    "materialDensity": 150,
    "guiTransform": {
        "translation": {
            "x": 0,
            "y": 0,
            "z": 0
        },
        "rotation": {
            "x": 130,
            "y": -19,
            "z": -3
        },
        "origin": {
            "x": 0.34,
            "y": 0.4,
            "z": 0.24
        },
        "scale": 1.57
    },
    "fpHandTransform": {
        "translation": {
            "x": 2.2,
            "y": -0.9,
            "z": -0.4
        },
        "rotation": {
            "x": -131,
            "y": -155,
            "z": 164
        },
        "origin": {
            "x": 0.4,
            "y": 1.8,
            "z": -0.1
        },
        "scale": 2.45
    },
    "tpHandTransform": {
        "translation": {
            "x": 0.2,
            "y": -0.1,
            "z": -0.6
        },
        "rotation": {
            "x": -121,
            "y": 52,
            "z": -59
        },
        "origin": {
            "x": 0.1,
            "y": 0,
            "z": 0.2
        },
        "scale": 0.49
    },
    "groundTransform": {
        "translation": {
            "x": 0,
            "y": 0.2,
            "z": 0
        },
        "rotation": {
            "x": 0,
            "y": -2,
            "z": -4
        },
        "origin": {
            "x": 0.5,
            "y": 0.25,
            "z": 0.5
        },
        "scale": 2.5
    },
    "combustiblePropsByType": {
        "*-raw": {
            "meltingPoint": 150,
            "meltingDuration": 7.5,
            "smeltedRatio": 1,
            "smeltingType": "cook",
            "smeltedStack": {
                "type": "item",
                "code": "fishfillet-cooked"
            },
            "requiresContainer": false
        }
    },
    "transitionablePropsByType": {
        "*-cooked": [
            {
                "type": "Perish",
                "freshHours": { "avg": 120 },
                "spoilHours": { "avg": 36 },
                "transitionedStack": {
                    "type": "item",
                    "code": "game:rot"
                },
                "transitionRatio": 1
            }
        ],
        "*-raw": [
            {
                "type": "Perish",
                "freshHours": { "avg": 48 },
                "spoilHours": { "avg": 12 },
                "transitionedStack": {
                    "type": "item",
                    "code": "game:rot"
                },
                "transitionRatio": 1
            }
        ]
    }
}
