{
	"code": "spyglass",
	"class": "spyglass:ItemSpyglass",
	"attributes": {
		"displaycaseable": true,
		"shelvable": true,
		"handbook": {
			"groupBy": [ "spyglass-*" ]
		},
		"toolrackTransform": {
			"rotation": {
				"y": 22.5,
				"z": -1
			},
			"translation": {
				"x": -0.0,
				"y": 0.01,
				"z": -0.3
			},
			"scale": 1.25
		},
		"onDisplayTransform": {
			"translation": {
				"x": 0.03,
				"y": -0.3725,
				"z": -0.08
			},
			"rotation": {
				"x": 0,
				"y": 0,
				"z": 1.5
			},
			"origin": {
				"x": 0.5,
				"y": 0.25,
				"z": 0.5
			},
			"scale": 0.6
		},
		"rackable": true
	},
	"variantgroups": [
		{
			"code": "metal",
			"states": [
				"copper",
				"tinbronze",
				"bismuthbronze",
				"blackbronze",
				"gold",
				"silver",
				"iron",
				"meteoriciron",
				"brass",
				"steel"
			]
		}
	],
	"damagedby": [ "blockbreaking", "attacking" ],
	"shape": { "base": "item/spyglass" },
	"heldTpHitAnimation": "breaktool",
	"texturesByType": {
		"*": {
			"glass": {
					"base": "game:item/resource/ungraded/clearquartz"
				},
				"metal": {
					"base": "game:block/metal/ingot/{metal}"
				}
			}
	},
	"tooltierbytype": {
		"spyglass-copper": 2,
		"spyglass-gold": 2,
		"spyglass-silver": 2,
		"spyglass-bismuthbronze": 3,
		"spyglass-tinbronze": 3,
		"spyglass-blackbronze": 3,
		"spyglass-iron": 4,
		"spyglass-meteoriciron": 4,
		"spyglass-steel": 5
	},
	"miningspeedbytype": {
		"*-stone": {
			"wood": 3,
			"leaves": 1.6
		},
		"*-copper": {
			"wood": 4,
			"leaves": 2.4
		},
		"*-brass": {
			"wood": 4.1,
			"leaves": 2.5
		},
		"*-bismuthbronze": {
			"wood": 4.4,
			"leaves": 2.6
		},
		"*-tinbronze": {
			"wood": 4.6,
			"leaves": 3
		},
		"*-silver": {
			"wood": 4.6,
			"leaves": 3
		},
		"*-gold": {
			"wood": 4.6,
			"leaves": 3
		},
		"*-blackbronze": {
			"wood": 4.7,
			"leaves": 3.1
		},
		"*-iron": {
			"wood": 5,
			"leaves": 3.2
		},
		"*-meteoriciron": {
			"wood": 5.5,
			"leaves": 3.6
		},
		"*-steel": {
			"wood": 6,
			"leaves": 4
		}
	},
	"durabilitybytype": {
		"spyglass-gold": 35,
		"spyglass-brass": 130,
		"spyglass-silver": 45,
		"spyglass-copper": 125,
		"spyglass-tinbronze": 200,
		"spyglass-bismuthbronze": 225,
		"spyglass-blackbronze": 125,
		"spyglass-iron": 450,
		"spyglass-meteoriciron": 600,
		"spyglass-steel": 1125
	},
	"creativeinventory": {
		"general": [ "*" ],
		"items": [ "*" ],
		"tools": [ "*" ]
	},
	"fpHandTransform": {
		"translation": {
			"x": 0.0468,
			"y": -0.5,
			"z": 0
		},
		"rotation": {
			"x": -161,
			"y": 20,
			"z": 90
		},
		"scale": 2.5
	},
	"guiTransform": {
		"rotate": false,
		"translation": {
			"x": 0,
			"y": 0,
			"z": 0
		},
		"rotation": {
			"x": -77,
			"y": 47,
			"z": -151
		},
		"origin": {
			"x": 0.5,
			"y": 0.5,
			"z": 0.55
		},
		"scale": 2.4
	},
	"groundTransform": {
		"translation": {
			"x": 0,
			"y": 0,
			"z": 0
		},
		"rotation": {
			"x": 0,
			"y": 0,
			"z": 0
		},
		"origin": {
			"x": 0.5,
			"y": 0.45,
			"z": 0.5
		},
		"scale": 3.6
	},
	"tpHandTransform": {
		"translation": {
			"x": -0.40,
			"y": -0.50,
			"z": -0.64
		},
		"rotation": {
			"x": 90,
			"y": -174,
			"z": 0
		},
		"scale": 0.8
	}
}