{
	"editor": {
		"allAngles": false,
		"entityTextureMode": false
	},
	"textureWidth": 16,
	"textureHeight": 16,
	"textureSizes": {
	},
	"textures": {
		"bismuth": "block/metal/plate/bismuth"
	},
	"elements": [
		{
			"name": "Cube1",
			"from": [ 1.5, 0.0, 13.5 ], 
			"to": [ 2.5, 20.0, 14.5 ], 
			"rotationOrigin": [ 2.0, 0.0, 14.0 ],
			"rotationX": -36.0,
			"faces": {
				"north": { "texture": "#bismuth", "uv": [ 0.0, 0.0, 1.0, 16.0 ], "autoUv": false },
				"east": { "texture": "#bismuth", "uv": [ 0.0, 0.0, 1.0, 16.0 ], "autoUv": false },
				"south": { "texture": "#bismuth", "uv": [ 0.0, 0.0, 1.0, 16.0 ], "autoUv": false },
				"west": { "texture": "#bismuth", "uv": [ 0.0, 0.0, 1.0, 16.0 ], "autoUv": false },
				"up": { "texture": "#bismuth", "uv": [ 0.0, 0.0, 1.0, 1.0 ] },
				"down": { "texture": "#bismuth", "uv": [ 0.0, 0.0, 1.0, 1.0 ] }
			},
			"children": [
				{
					"name": "Cube2",
					"from": [ -1.5, 2.0, 0.0 ], 
					"to": [ 0.0, 4.0, 1.0 ], 
					"rotationOrigin": [ -1.5, 2.0, 0.0 ],
					"faces": {
						"north": { "texture": "#bismuth", "uv": [ 0.0, 0.0, 1.5, 2.0 ] },
						"east": { "texture": "#bismuth", "uv": [ 0.0, 0.0, 1.0, 2.0 ] },
						"south": { "texture": "#bismuth", "uv": [ 0.0, 0.0, 1.5, 2.0 ] },
						"west": { "texture": "#bismuth", "uv": [ 0.0, 0.0, 1.0, 2.0 ] },
						"up": { "texture": "#bismuth", "uv": [ 0.0, 0.0, 1.5, 1.0 ] },
						"down": { "texture": "#bismuth", "uv": [ 0.0, 0.0, 1.5, 1.0 ] }
					}
				},
				{
					"name": "Cube3",
					"from": [ -1.5, 12.0, 0.0 ], 
					"to": [ 0.0, 14.0, 1.0 ], 
					"rotationOrigin": [ -1.5, 12.0, 0.0 ],
					"faces": {
						"north": { "texture": "#bismuth", "uv": [ 0.0, 0.0, 1.5, 2.0 ] },
						"east": { "texture": "#bismuth", "uv": [ 0.0, 0.0, 1.0, 2.0 ] },
						"south": { "texture": "#bismuth", "uv": [ 0.0, 0.0, 1.5, 2.0 ] },
						"west": { "texture": "#bismuth", "uv": [ 0.0, 0.0, 1.0, 2.0 ] },
						"up": { "texture": "#bismuth", "uv": [ 0.0, 0.0, 1.5, 1.0 ] },
						"down": { "texture": "#bismuth", "uv": [ 0.0, 0.0, 1.5, 1.0 ] }
					}
				}
			]
		}
	]}