{
	"editor": {
		"allAngles": false,
		"singleTexture": false
	},
	"textureWidth": 16,
	"textureHeight": 16,
	"textures": {
	},
	"elements": [
		{
			"name": "Cube1",
			"from": [ 5.0, 0.0, 2.0 ], 
			"to": [ 10.0, 1.0, 14.0 ], 
			"faces": {
				"north": { "texture": "#other", "uv": [ 0.0, 12.0, 5.0, 13.0 ], "enabled": false },
				"east": { "texture": "#other", "uv": [ 2.0, 12.0, 14.0, 13.0 ], "enabled": false },
				"south": { "texture": "#other", "uv": [ 2.0, 15.0, 7.0, 16.0 ], "enabled": false },
				"west": { "texture": "#other", "uv": [ 2.0, 15.0, 14.0, 16.0 ], "enabled": false },
				"up": { "texture": "#floor", "uv": [ 9.0, 3.0, 14.0, 15.0 ] },
				"down": { "texture": "#other", "uv": [ 12.0, 3.0, 17.0, 15.0 ] }
			},
			"children": [
				{
					"name": "Cube2",
					"from": [ 0.0, 0.0, -1.0 ], 
					"to": [ 5.0, 2.0, 0.0 ], 
					"faces": {
						"north": { "texture": "#other", "uv": [ 3.0, 8.0, 8.0, 10.0 ] },
						"east": { "texture": "#other", "uv": [ 12.0, 2.0, 13.0, 4.0 ], "enabled": false },
						"south": { "texture": "#other", "uv": [ 6.0, 8.0, 11.0, 10.0 ] },
						"west": { "texture": "#other", "uv": [ 14.0, 2.0, 15.0, 4.0 ], "enabled": false },
						"up": { "texture": "#other", "uv": [ 3.0, 7.0, 8.0, 8.0 ] },
						"down": { "texture": "#other", "uv": [ 6.0, 7.0, 11.0, 8.0 ] }
					}
				},
				{
					"name": "Cube3",
					"from": [ 0.0, 0.0, 12.0 ], 
					"to": [ 5.0, 2.0, 13.0 ], 
					"faces": {
						"north": { "texture": "#other", "uv": [ 4.0, 8.0, 9.0, 10.0 ] },
						"east": { "texture": "#other", "uv": [ 12.0, 2.0, 13.0, 4.0 ], "enabled": false },
						"south": { "texture": "#other", "uv": [ 7.0, 8.0, 12.0, 10.0 ] },
						"west": { "texture": "#other", "uv": [ 15.0, 2.0, 16.0, 4.0 ], "enabled": false },
						"up": { "texture": "#other", "uv": [ 4.0, 7.0, 9.0, 8.0 ] },
						"down": { "texture": "#other", "uv": [ 7.0, 7.0, 12.0, 8.0 ] }
					}
				},
				{
					"name": "Cube4",
					"from": [ -4.0, 0.0, -1.0 ], 
					"to": [ 0.0, 2.0, 13.0 ], 
					"rotationOrigin": [ 1.0, 0.0, 0.0 ],
					"faces": {
						"north": { "texture": "#other", "uv": [ 0.0, 14.0, 4.0, 16.0 ] },
						"east": { "texture": "#other", "uv": [ 2.0, 14.0, 16.0, 16.0 ], "autoUv": false },
						"south": { "texture": "#other", "uv": [ 9.0, 14.0, 11.0, 16.0 ], "autoUv": false },
						"west": { "texture": "#other", "uv": [ 2.0, 14.0, 16.0, 16.0 ], "autoUv": false },
						"up": { "texture": "#other", "uv": [ 0.0, 0.0, 4.0, 14.0 ] },
						"down": { "texture": "#other", "uv": [ 5.0, 0.0, 9.0, 14.0 ] }
					}
				},
				{
					"name": "Cube5",
					"from": [ 5.0, 0.0, -1.0 ], 
					"to": [ 10.0, 2.0, 13.0 ], 
					"rotationOrigin": [ 2.0, 0.0, 0.0 ],
					"faces": {
						"north": { "texture": "#other", "uv": [ 0.0, 14.0, 5.0, 16.0 ] },
						"east": { "texture": "#other", "uv": [ 1.0, 11.0, 15.0, 13.0 ], "autoUv": false },
						"south": { "texture": "#other", "uv": [ 13.0, 14.0, 16.0, 16.0 ], "autoUv": false },
						"west": { "texture": "#other", "uv": [ 2.0, 14.0, 16.0, 16.0 ], "autoUv": false },
						"up": { "texture": "#other", "uv": [ 0.0, 0.0, 5.0, 14.0 ] },
						"down": { "texture": "#other", "uv": [ 6.0, 0.0, 11.0, 14.0 ] }
					}
				},
				{
					"name": "Cube6",
					"from": [ 1.0, 1.0, 0.0 ], 
					"to": [ 2.0, 2.0, 2.0 ], 
					"rotationOrigin": [ 1.0, 0.0, 0.0 ],
					"faces": {
						"north": { "texture": "#other", "uv": [ 6.0, 6.0, 7.0, 7.0 ] },
						"east": { "texture": "#other", "uv": [ 7.0, 6.0, 9.0, 7.0 ] },
						"south": { "texture": "#other", "uv": [ 8.0, 6.0, 9.0, 7.0 ] },
						"west": { "texture": "#other", "uv": [ 9.0, 6.0, 11.0, 7.0 ] },
						"up": { "texture": "#other", "uv": [ 6.0, 5.0, 7.0, 7.0 ] },
						"down": { "texture": "#other", "uv": [ 7.0, 5.0, 8.0, 7.0 ] }
					}
				},
				{
					"name": "Cube7",
					"from": [ 3.0, 1.0, 0.0 ], 
					"to": [ 4.0, 2.0, 2.0 ], 
					"rotationOrigin": [ 1.0, 0.0, 0.0 ],
					"faces": {
						"north": { "texture": "#other", "uv": [ 4.0, 5.0, 5.0, 6.0 ] },
						"east": { "texture": "#other", "uv": [ 5.0, 5.0, 7.0, 6.0 ] },
						"south": { "texture": "#other", "uv": [ 6.0, 5.0, 7.0, 6.0 ] },
						"west": { "texture": "#other", "uv": [ 7.0, 5.0, 9.0, 6.0 ] },
						"up": { "texture": "#other", "uv": [ 4.0, 4.0, 5.0, 6.0 ] },
						"down": { "texture": "#other", "uv": [ 5.0, 4.0, 6.0, 6.0 ] }
					}
				},
				{
					"name": "Cube8",
					"from": [ 1.0, 1.0, 8.0 ], 
					"to": [ 2.0, 2.0, 10.0 ], 
					"rotationOrigin": [ 1.0, 0.0, -2.0 ],
					"faces": {
						"north": { "texture": "#other", "uv": [ 3.0, 9.0, 4.0, 10.0 ] },
						"east": { "texture": "#other", "uv": [ 4.0, 9.0, 6.0, 10.0 ] },
						"south": { "texture": "#other", "uv": [ 6.0, 9.0, 7.0, 10.0 ] },
						"west": { "texture": "#other", "uv": [ 7.0, 9.0, 9.0, 10.0 ] },
						"up": { "texture": "#other", "uv": [ 3.0, 7.0, 4.0, 9.0 ] },
						"down": { "texture": "#other", "uv": [ 4.0, 7.0, 5.0, 9.0 ] }
					}
				},
				{
					"name": "Cube9",
					"from": [ 3.0, 1.0, 8.0 ], 
					"to": [ 4.0, 2.0, 10.0 ], 
					"rotationOrigin": [ 1.0, 0.0, -2.0 ],
					"faces": {
						"north": { "texture": "#other", "uv": [ 2.0, 8.0, 3.0, 9.0 ] },
						"east": { "texture": "#other", "uv": [ 3.0, 8.0, 5.0, 9.0 ] },
						"south": { "texture": "#other", "uv": [ 5.0, 8.0, 6.0, 9.0 ] },
						"west": { "texture": "#other", "uv": [ 6.0, 8.0, 8.0, 9.0 ] },
						"up": { "texture": "#other", "uv": [ 2.0, 6.0, 3.0, 8.0 ] },
						"down": { "texture": "#other", "uv": [ 3.0, 6.0, 4.0, 8.0 ] }
					}
				},
				{
					"name": "Cube10",
					"from": [ 4.0, 1.0, 0.0 ], 
					"to": [ 5.0, 2.0, 4.0 ], 
					"rotationOrigin": [ 2.0, 0.0, 0.0 ],
					"faces": {
						"north": { "texture": "#other", "uv": [ 4.0, 5.0, 5.0, 6.0 ] },
						"east": { "texture": "#other", "uv": [ 5.0, 5.0, 9.0, 6.0 ] },
						"south": { "texture": "#other", "uv": [ 6.0, 5.0, 7.0, 6.0 ] },
						"west": { "texture": "#other", "uv": [ 7.0, 5.0, 11.0, 6.0 ] },
						"up": { "texture": "#other", "uv": [ 4.0, 4.0, 5.0, 8.0 ] },
						"down": { "texture": "#other", "uv": [ 5.0, 4.0, 6.0, 8.0 ] }
					}
				},
				{
					"name": "Cube11",
					"from": [ 0.0, 1.0, 0.0 ], 
					"to": [ 1.0, 2.0, 4.0 ], 
					"rotationOrigin": [ -2.0, 0.0, 0.0 ],
					"faces": {
						"north": { "texture": "#other", "uv": [ 4.0, 5.0, 5.0, 6.0 ] },
						"east": { "texture": "#other", "uv": [ 5.0, 5.0, 9.0, 6.0 ] },
						"south": { "texture": "#other", "uv": [ 6.0, 5.0, 7.0, 6.0 ] },
						"west": { "texture": "#other", "uv": [ 7.0, 5.0, 11.0, 6.0 ] },
						"up": { "texture": "#other", "uv": [ 4.0, 4.0, 5.0, 8.0 ] },
						"down": { "texture": "#other", "uv": [ 5.0, 4.0, 6.0, 8.0 ] }
					}
				},
				{
					"name": "Cube12",
					"from": [ 0.0, 1.0, 7.0 ], 
					"to": [ 1.0, 2.0, 12.0 ], 
					"rotationOrigin": [ -2.0, 0.0, 7.0 ],
					"faces": {
						"north": { "texture": "#other", "uv": [ 4.0, 5.0, 5.0, 6.0 ] },
						"east": { "texture": "#other", "uv": [ 5.0, 5.0, 10.0, 6.0 ] },
						"south": { "texture": "#other", "uv": [ 6.0, 5.0, 7.0, 6.0 ] },
						"west": { "texture": "#other", "uv": [ 7.0, 5.0, 12.0, 6.0 ] },
						"up": { "texture": "#other", "uv": [ 4.0, 4.0, 5.0, 9.0 ] },
						"down": { "texture": "#other", "uv": [ 5.0, 4.0, 6.0, 9.0 ] }
					}
				},
				{
					"name": "Cube13",
					"from": [ 4.0, 1.0, 7.0 ], 
					"to": [ 5.0, 2.0, 12.0 ], 
					"rotationOrigin": [ 2.0, 0.0, 7.0 ],
					"faces": {
						"north": { "texture": "#other", "uv": [ 4.0, 5.0, 5.0, 6.0 ] },
						"east": { "texture": "#other", "uv": [ 5.0, 5.0, 10.0, 6.0 ] },
						"south": { "texture": "#other", "uv": [ 6.0, 5.0, 7.0, 6.0 ] },
						"west": { "texture": "#other", "uv": [ 7.0, 5.0, 12.0, 6.0 ] },
						"up": { "texture": "#other", "uv": [ 4.0, 4.0, 5.0, 9.0 ] },
						"down": { "texture": "#other", "uv": [ 5.0, 4.0, 6.0, 9.0 ] }
					}
				}
			]
		}
	]}