{
	code: "doorframe",
	class: "doorframe",
	entityClass: "doorframebe",
	creativeinventory: { "general": ["*-open-north"], "decorative": ["*-open-north"] },
	behaviors: [{ name: "HorizontalOrientable" }],
	blockmaterial: "Wood",
	variantgroups: [
		{ code: "position", states: ["o", "u", "c", "bc", "bu", "lr", "tr", "ll", "tl", "mr", "ml", "mb", "mt", "hml", "hmr", "hll", "hlr", "htl", "htr", "hc", "hbc", "eq", "beq"] },
		{ code: "state", states: ["open", "closed"] },
		{ loadFromProperties: "abstract/horizontalorientation" }
	],
	drawtype: "json",
	textures: {
		"bismuth": { base: "game:block/metal/plate/copper" }
	},
	shapebytype: { 
		"*-north": {
			base: "block/dp-{position}",
			rotateY: 0
		},
		"*-east": {
			base: "block/dp-{position}",
			rotateY: 270
		},
		"*-south": {
			base: "block/dp-{position}",
			rotateY: 180
		},
		"*-west": {
			base: "block/dp-{position}",
			rotateY: 90
		}
	},
	lightAbsorption: 0,
	sidesolid: {
		all: "false"
	},
	sideopaque: {
		all: "false"
	},
	resistance: 3.5,
	sounds: {
		"place": "game:block/planks",
		"walk": "game:walk/wood"
	},
	guiTransform: {
		rotation: { x: -22.6, y: -148, z: 0 },
		scale: 1.1
	},
	fpHandTransform: {
		translation: { x: 0, y: 0.25, z: 0.5 },
		rotation: { x: 0, y: 87, z: 0 },
		scale: 1.66
	},
	tpHandTransform: {
		translation: { x: -0.8, y: -1.3, z: -0.8 },
		rotation: { x: 0, y: 0, z: -90 },
		scale: 0.57
	},
	groundTransform: {
		translation: { x: 0, y: 0, z: 0 },
		rotation: { x: 90, y: -45, z: 0 },
		origin: { x: 0.5, y: 0, z: 0.5 },
		scale: 3.42
	}
}