{
	"editor": {
		"allAngles": true,
		"entityTextureMode": false
	},
	"textureWidth": 16,
	"textureHeight": 16,
	"textures": {

	},
	"elements": [
		{
			"name": null,
			"from": [4.0, 0.0, 9.0],
			"to": [8.0, 16.0, 11.0],
			"rotationOrigin": [6.0, 8.0, 10.0],
			"rotationX": 0.0,
			"rotationY": 0.0,
			"rotationZ": 0.0,
			"faces": {
				"north": {"uv": [0.0, 12.0, 16.0, 16.0], "rotation": 90.0, "texture": "#0"},
				"east": {"uv": [0.0, 2.5, 16.0, 4.5], "rotation": 90.0, "texture": "#0"},
				"south": {"uv": [0.0, 12.0, 16.0, 16.0], "rotation": 90.0, "texture": "#0"},
				"west": {"uv": [0.0, 9.25, 16.0, 11.25], "rotation": 90.0, "texture": "#0"},
				"up": {"uv": [4.75, 11.75, 8.75, 13.75], "rotation": 0.0, "texture": "#0"},
				"down": {"uv": [5.125, 12.75, 9.125, 14.75], "rotation": 180.0, "texture": "#0"}
			}
		},
		{
			"name": null,
			"from": [0.0, 0.0, 7.0],
			"to": [4.0, 16.0, 9.0],
			"rotationOrigin": [2.0, 8.0, 8.0],
			"rotationX": 0.0,
			"rotationY": 0.0,
			"rotationZ": 0.0,
			"faces": {
				"north": {"uv": [0.0, 12.0, 16.0, 16.0], "rotation": 90.0, "texture": "#0"},
				"east": {"uv": [0.0, 9.25, 16.0, 11.25], "rotation": 90.0, "texture": "#0"},
				"south": {"uv": [0.0, 12.0, 16.0, 16.0], "rotation": 270.0, "texture": "#0"},
				"west": {"uv": [0.0, 2.5, 16.0, 4.5], "rotation": 90.0, "texture": "#0"},
				"up": {"uv": [4.75, 11.75, 8.75, 13.75], "rotation": 180.0, "texture": "#0"},
				"down": {"uv": [5.125, 12.75, 9.125, 14.75], "rotation": 0.0, "texture": "#0"}
			}
		}
	]
}