[
  {
    "ingredientPattern": "C",
    "ingredients": {
      "C": {
        "type": "block",
        "code": "game:claybrickchimney-*-lit-ns",
        "name": "type"
      }
    },
    "width": 1,
    "height": 1,
    "shapeless": true,
    "output": {
      "type": "block",
      "code": "game:claybrickchimney-{type}-unlit-ns"
    }
  },
  {
    "ingredientPattern": "TC",
    "ingredients": {
      "T": { "type": "block", "code": "game:torch-up" },
      "C": {
        "type": "block",
        "code": "game:claybrickchimney-*-unlit-ns",
        "name": "type"
      }
    },
    "width": 2,
    "height": 1,
    "shapeless": true,
    "output": { "type": "block", "code": "game:claybrickchimney-{type}-lit-ns" }
  }
]
