{
	"editor": {
		"allAngles": false,
		"entityTextureMode": false
	},
	"textureWidth": 16,
	"textureHeight": 16,
	"textureSizes": {
	},
	"elements": [
		{
			"name": "Cube",
			"from": [ 5.1, 3.3, 4.5 ], 
			"to": [ 10.1, 5.3, 8.5 ], 
			"rotationOrigin": [ 8.0, 3.0, 6.0 ],
			"rotationX": 23.5,
			"rotationY": -58.0,
			"rotationZ": -35.5,
			"faces": {
				"north": { "texture": "#chalk", "uv": [ 0.0, 8.0, 5.0, 10.0 ] },
				"east": { "texture": "#chalk", "uv": [ 10.0, 13.0, 14.0, 15.0 ] },
				"south": { "texture": "#chalk", "uv": [ 2.0, 10.0, 7.0, 12.0 ] },
				"west": { "texture": "#chalk", "uv": [ 7.0, 5.0, 11.0, 7.0 ] },
				"up": { "texture": "#chalk", "uv": [ 5.0, 7.0, 10.0, 11.0 ] },
				"down": { "texture": "#chalk", "uv": [ 7.0, 2.0, 12.0, 6.0 ] }
			}
		}
	]}