{
	"editor": {
		"allAngles": false,
		"entityTextureMode": false
	},
	"textureWidth": 16,
	"textureHeight": 16,
	"textureSizes": {
	},
	"textures": {
	},
	"elements": [
		{
			"name": "origin",
			"from": [ 8.0, 0.0, 8.0 ], 
			"to": [ 8.0, 0.0, 8.0 ], 
			"rotationOrigin": [ 8.0, 0.0, 8.0 ],
			"faces": {
				"north": { "texture": "#null", "uv": [ 4.0, 0.0, 4.5, 0.5 ], "enabled": false },
				"east": { "texture": "#null", "uv": [ 14.5, 11.0, 15.0, 11.5 ], "enabled": false },
				"south": { "texture": "#null", "uv": [ 2.0, 9.0, 2.5, 9.5 ], "enabled": false },
				"west": { "texture": "#null", "uv": [ 6.0, 4.5, 6.5, 5.0 ], "enabled": false },
				"up": { "texture": "#null", "uv": [ 9.5, 8.0, 10.0, 8.5 ], "enabled": false },
				"down": { "texture": "#null", "uv": [ 7.5, 15.0, 8.0, 15.5 ], "enabled": false }
			},
			"children": [
				{
					"name": "body",
					"from": [ -2.0, 2.5, -2.0 ], 
					"to": [ 2.0, 3.5, 2.0 ], 
					"rotationOrigin": [ 2.0, 4.0, 0.0 ],
					"faces": {
						"north": { "texture": "#flax", "uv": [ 5.5, 4.5, 6.5, 8.5 ], "rotation": 90, "enabled": false },
						"east": { "texture": "#flax", "uv": [ 2.5, 2.5, 6.5, 3.5 ], "enabled": false },
						"south": { "texture": "#flax", "uv": [ 0.0, 1.0, 1.0, 5.0 ], "rotation": 90, "enabled": false },
						"west": { "texture": "#flax", "uv": [ 3.0, 8.0, 7.0, 9.0 ], "enabled": false },
						"up": { "texture": "#flax", "uv": [ 10.5, 4.5, 14.5, 8.5 ], "rotation": 90 },
						"down": { "texture": "#flax", "uv": [ 8.5, 0.5, 12.5, 4.5 ], "rotation": 90, "enabled": false }
					},
					"children": [
						{
							"name": "body115",
							"from": [ -2.0, 1.0, 0.0 ], 
							"to": [ 0.0, 1.5, 4.0 ], 
							"rotationOrigin": [ 2.0, 2.5, 2.0 ],
							"rotationY": -89.9802127184967,
							"faces": {
								"north": { "texture": "#flax", "uv": [ 8.0, 9.5, 8.5, 11.5 ], "rotation": 90, "enabled": false },
								"east": { "texture": "#flax", "uv": [ 1.0, 14.5, 5.0, 15.0 ] },
								"south": { "texture": "#flax", "uv": [ 13.5, 6.5, 14.0, 8.5 ], "rotation": 90, "enabled": false },
								"west": { "texture": "#flax", "uv": [ 9.5, 13.5, 13.5, 14.0 ], "enabled": false },
								"up": { "texture": "#flax", "uv": [ 8.5, 6.5, 12.5, 8.5 ], "rotation": 90 },
								"down": { "texture": "#flax", "uv": [ 9.5, 3.5, 13.5, 5.5 ], "rotation": 90, "enabled": false }
							},
							"children": [
								{
									"name": "body110",
									"from": [ 0.0, 0.5, 0.0 ], 
									"to": [ 1.5, 1.5, 4.0 ], 
									"rotationOrigin": [ 2.0, 2.5, 2.0 ],
									"faces": {
										"north": { "texture": "#flax", "uv": [ 8.5, 4.0, 9.5, 5.5 ], "rotation": 90, "enabled": false },
										"east": { "texture": "#flax", "uv": [ 0.5, 9.5, 4.5, 10.5 ] },
										"south": { "texture": "#flax", "uv": [ 12.5, 6.0, 13.5, 7.5 ], "rotation": 90, "enabled": false },
										"west": { "texture": "#flax", "uv": [ 10.0, 8.5, 14.0, 9.5 ], "enabled": false },
										"up": { "texture": "#flax", "uv": [ 3.5, 13.5, 7.5, 15.0 ], "rotation": 90 },
										"down": { "texture": "#flax", "uv": [ 0.0, 5.0, 4.0, 6.5 ], "rotation": 90, "enabled": false }
									}
								}
							]
						},
						{
							"name": "body103",
							"from": [ -2.0, 1.0, 0.0 ], 
							"to": [ 0.0, 1.5, 4.0 ], 
							"rotationOrigin": [ 2.0, 2.5, 2.0 ],
							"faces": {
								"north": { "texture": "#flax", "uv": [ 4.0, 8.0, 4.5, 10.0 ], "rotation": 90, "enabled": false },
								"east": { "texture": "#flax", "uv": [ 11.5, 13.5, 15.5, 14.0 ] },
								"south": { "texture": "#flax", "uv": [ 12.0, 8.0, 12.5, 10.0 ], "rotation": 90, "enabled": false },
								"west": { "texture": "#flax", "uv": [ 2.5, 0.5, 6.5, 1.0 ], "enabled": false },
								"up": { "texture": "#flax", "uv": [ 1.5, 9.5, 5.5, 11.5 ], "rotation": 90 },
								"down": { "texture": "#flax", "uv": [ 2.0, 10.0, 6.0, 12.0 ], "rotation": 90, "enabled": false }
							},
							"children": [
								{
									"name": "body111",
									"from": [ 2.5, 0.5, 0.0 ], 
									"to": [ 4.0, 1.5, 4.0 ], 
									"rotationOrigin": [ 2.0, 2.5, 2.0 ],
									"rotationX": -179.99999011687993,
									"rotationY": 5.008955855952477E-6,
									"rotationZ": -179.99999011687993,
									"faces": {
										"north": { "texture": "#flax", "uv": [ 14.0, 12.5, 15.0, 14.0 ], "rotation": 90, "enabled": false },
										"east": { "texture": "#flax", "uv": [ 7.0, 8.5, 11.0, 9.5 ], "enabled": false },
										"south": { "texture": "#flax", "uv": [ 12.0, 11.0, 13.0, 12.5 ], "rotation": 90, "enabled": false },
										"west": { "texture": "#flax", "uv": [ 9.0, 1.0, 13.0, 2.0 ] },
										"up": { "texture": "#flax", "uv": [ 0.0, 7.5, 4.0, 9.0 ], "rotation": 90 },
										"down": { "texture": "#flax", "uv": [ 1.0, 8.5, 5.0, 10.0 ], "rotation": 90, "enabled": false }
									}
								}
							]
						},
						{
							"name": "body104",
							"from": [ -2.0, 1.0, 0.0 ], 
							"to": [ 0.0, 1.5, 4.0 ], 
							"rotationOrigin": [ 2.0, 2.5, 2.0 ],
							"rotationY": 90.0,
							"faces": {
								"north": { "texture": "#flax", "uv": [ 1.0, 8.0, 1.5, 10.0 ], "rotation": 90, "enabled": false },
								"east": { "texture": "#flax", "uv": [ 11.0, 15.0, 15.0, 15.5 ] },
								"south": { "texture": "#flax", "uv": [ 1.0, 13.0, 1.5, 15.0 ], "rotation": 90, "enabled": false },
								"west": { "texture": "#flax", "uv": [ 9.5, 7.0, 13.5, 7.5 ], "enabled": false },
								"up": { "texture": "#flax", "uv": [ 3.5, 13.5, 7.5, 15.5 ], "rotation": 90 },
								"down": { "texture": "#flax", "uv": [ 5.5, 11.5, 9.5, 13.5 ], "rotation": 90, "enabled": false }
							},
							"children": [
								{
									"name": "body112",
									"from": [ 0.0, 0.5, 0.0 ], 
									"to": [ 1.5, 1.5, 4.0 ], 
									"rotationOrigin": [ 0.0, 2.5, 2.0 ],
									"faces": {
										"north": { "texture": "#flax", "uv": [ 11.5, 8.5, 12.5, 10.0 ], "rotation": 90, "enabled": false },
										"east": { "texture": "#flax", "uv": [ 7.5, 4.0, 11.5, 5.0 ] },
										"south": { "texture": "#flax", "uv": [ 8.5, 0.0, 9.5, 1.5 ], "rotation": 90, "enabled": false },
										"west": { "texture": "#flax", "uv": [ 2.0, 8.5, 6.0, 9.5 ], "enabled": false },
										"up": { "texture": "#flax", "uv": [ 0.5, 5.0, 4.5, 6.5 ], "rotation": 90 },
										"down": { "texture": "#flax", "uv": [ 1.0, 2.5, 5.0, 4.0 ], "rotation": 90, "enabled": false }
									}
								}
							]
						},
						{
							"name": "body105",
							"from": [ -2.0, 1.0, 0.0 ], 
							"to": [ 0.0, 1.5, 4.0 ], 
							"rotationOrigin": [ 2.0, 2.5, 2.0 ],
							"rotationY": -180.0,
							"faces": {
								"north": { "texture": "#flax", "uv": [ 7.5, 7.5, 8.0, 9.5 ], "rotation": 90, "enabled": false },
								"east": { "texture": "#flax", "uv": [ 6.0, 11.0, 10.0, 11.5 ] },
								"south": { "texture": "#flax", "uv": [ 1.5, 11.0, 2.0, 13.0 ], "rotation": 90, "enabled": false },
								"west": { "texture": "#flax", "uv": [ 11.0, 4.5, 15.0, 5.0 ], "enabled": false },
								"up": { "texture": "#flax", "uv": [ 0.5, 13.0, 4.5, 15.0 ], "rotation": 90 },
								"down": { "texture": "#flax", "uv": [ 2.0, 13.5, 6.0, 15.5 ], "rotation": 90, "enabled": false }
							},
							"children": [
								{
									"name": "body113",
									"from": [ 0.0, 0.5, 0.0 ], 
									"to": [ 1.5, 1.5, 4.0 ], 
									"rotationOrigin": [ 0.0, 2.5, 2.0 ],
									"rotationX": 2.2311800138241505E-5,
									"rotationY": 4.0711058862312044E-13,
									"rotationZ": -2.2311798509797598E-5,
									"faces": {
										"north": { "texture": "#flax", "uv": [ 10.0, 13.0, 11.0, 14.5 ], "rotation": 90, "enabled": false },
										"east": { "texture": "#flax", "uv": [ 8.5, 0.0, 12.5, 1.0 ] },
										"south": { "texture": "#flax", "uv": [ 0.0, 6.0, 1.0, 7.5 ], "rotation": 90, "enabled": false },
										"west": { "texture": "#flax", "uv": [ 1.0, 10.5, 5.0, 11.5 ], "enabled": false },
										"up": { "texture": "#flax", "uv": [ 7.5, 0.5, 11.5, 2.0 ], "rotation": 90 },
										"down": { "texture": "#flax", "uv": [ 8.0, 11.0, 12.0, 12.5 ], "rotation": 90, "enabled": false }
									}
								}
							]
						},
						{
							"name": "body106",
							"from": [ -3.0, 1.0, 1.0 ], 
							"to": [ -2.0, 2.5, 2.0 ], 
							"rotationOrigin": [ 1.0, 2.5, 3.0 ],
							"rotationY": -180.0,
							"faces": {
								"north": { "texture": "#flax", "uv": [ 7.5, 12.0, 9.0, 13.0 ], "rotation": 90, "enabled": false },
								"east": { "texture": "#flax", "uv": [ 13.0, 7.0, 14.0, 8.5 ] },
								"south": { "texture": "#flax", "uv": [ 12.0, 11.5, 13.5, 12.5 ], "rotation": 90 },
								"west": { "texture": "#flax", "uv": [ 11.5, 7.5, 12.5, 9.0 ], "enabled": false },
								"up": { "texture": "#flax", "uv": [ 5.0, 11.5, 6.0, 12.5 ], "rotation": 90 },
								"down": { "texture": "#flax", "uv": [ 12.0, 14.5, 13.0, 15.5 ], "rotation": 90, "enabled": false }
							}
						},
						{
							"name": "body107",
							"from": [ -3.0, 1.0, -4.0 ], 
							"to": [ -2.0, 2.5, -3.0 ], 
							"rotationOrigin": [ 1.0, 2.5, -2.0 ],
							"rotationY": -180.0,
							"faces": {
								"north": { "texture": "#flax", "uv": [ 2.0, 11.5, 3.5, 12.5 ], "rotation": 90 },
								"east": { "texture": "#flax", "uv": [ 8.0, 0.5, 9.0, 2.0 ] },
								"south": { "texture": "#flax", "uv": [ 12.0, 5.0, 13.5, 6.0 ], "rotation": 90, "enabled": false },
								"west": { "texture": "#flax", "uv": [ 9.0, 12.0, 10.0, 13.5 ], "enabled": false },
								"up": { "texture": "#flax", "uv": [ 11.5, 12.0, 12.5, 13.0 ], "rotation": 90 },
								"down": { "texture": "#flax", "uv": [ 3.0, 2.0, 4.0, 3.0 ], "rotation": 90, "enabled": false }
							}
						},
						{
							"name": "body108",
							"from": [ -8.0, 1.0, -4.0 ], 
							"to": [ -7.0, 2.5, -3.0 ], 
							"rotationOrigin": [ -4.0, 2.5, -2.0 ],
							"rotationY": -180.0,
							"faces": {
								"north": { "texture": "#flax", "uv": [ 5.0, 4.0, 6.5, 5.0 ], "rotation": 90 },
								"east": { "texture": "#flax", "uv": [ 4.5, 2.0, 5.5, 3.5 ], "enabled": false },
								"south": { "texture": "#flax", "uv": [ 6.5, 9.5, 8.0, 10.5 ], "rotation": 90, "enabled": false },
								"west": { "texture": "#flax", "uv": [ 7.5, 4.5, 8.5, 6.0 ] },
								"up": { "texture": "#flax", "uv": [ 3.5, 1.5, 4.5, 2.5 ], "rotation": 90 },
								"down": { "texture": "#flax", "uv": [ 1.0, 10.0, 2.0, 11.0 ], "rotation": 90, "enabled": false }
							}
						},
						{
							"name": "body109",
							"from": [ -8.0, 1.0, 1.0 ], 
							"to": [ -7.0, 2.5, 2.0 ], 
							"rotationOrigin": [ -4.0, 2.5, 3.0 ],
							"rotationY": -180.0,
							"faces": {
								"north": { "texture": "#flax", "uv": [ 14.0, 13.5, 15.5, 14.5 ], "rotation": 90, "enabled": false },
								"east": { "texture": "#flax", "uv": [ 14.5, 0.0, 15.5, 1.5 ], "enabled": false },
								"south": { "texture": "#flax", "uv": [ 11.0, 2.5, 12.5, 3.5 ], "rotation": 90 },
								"west": { "texture": "#flax", "uv": [ 6.5, 8.0, 7.5, 9.5 ] },
								"up": { "texture": "#flax", "uv": [ 4.0, 14.0, 5.0, 15.0 ], "rotation": 90 },
								"down": { "texture": "#flax", "uv": [ 13.5, 11.5, 14.5, 12.5 ], "rotation": 90, "enabled": false }
							}
						}
					]
				}
			]
		}
	]}