{
	"editor": {
		"allAngles": false,
		"entityTextureMode": false
	},
	"textureWidth": 16,
	"textureHeight": 16,
	"textureSizes": {
	},
	"elements": [
		{
			"name": "Cube",
			"from": [ 4.3, 3.5, 7.5 ], 
			"to": [ 9.3, 5.5, 11.5 ], 
			"rotationOrigin": [ 7.0, 3.0, 9.0 ],
			"rotationX": 51.0,
			"rotationY": 65.0,
			"rotationZ": -88.0,
			"faces": {
				"north": { "texture": "#halite", "uv": [ 0.0, 8.0, 5.0, 10.0 ] },
				"east": { "texture": "#halite", "uv": [ 10.0, 13.0, 14.0, 15.0 ] },
				"south": { "texture": "#halite", "uv": [ 2.0, 10.0, 7.0, 12.0 ] },
				"west": { "texture": "#halite", "uv": [ 7.0, 5.0, 11.0, 7.0 ] },
				"up": { "texture": "#halite", "uv": [ 5.0, 7.0, 10.0, 11.0 ] },
				"down": { "texture": "#halite", "uv": [ 7.0, 2.0, 12.0, 6.0 ] }
			}
		}
	]}