{
	"editor": {
		"allAngles": false,
		"entityTextureMode": false
	},
	"textureWidth": 16,
	"textureHeight": 16,
	"textureSizes": {
	},
	"textures": {
		"strongtannin": "game:block/liquid/strongtannin"
	},
	"elements": [
		{
			"name": "syrup",
			"from": [ 7.2, 2.52, 5.7 ], 
			"to": [ 7.2, 2.52, 5.7 ], 
			"rotationOrigin": [ 7.2, 2.5, 5.7 ],
			"faces": {
				"north": { "texture": "#strongtannin", "uv": [ 15.0, 4.5, 15.5, 5.0 ] },
				"east": { "texture": "#strongtannin", "uv": [ 8.5, 9.5, 9.0, 10.0 ] },
				"south": { "texture": "#strongtannin", "uv": [ 8.0, 2.5, 8.5, 3.0 ] },
				"west": { "texture": "#strongtannin", "uv": [ 10.5, 3.5, 11.0, 4.0 ] },
				"up": { "texture": "#strongtannin", "uv": [ 3.0, 1.0, 3.5, 1.5 ] },
				"down": { "texture": "#strongtannin", "uv": [ 7.0, 14.0, 7.5, 14.5 ] }
			},
			"children": [
				{
					"name": "syrup1",
					"from": [ 0.0, 0.0, 0.05 ], 
					"to": [ 0.25, 0.01, 4.5 ], 
					"faces": {
						"north": { "texture": "#strongtannin", "uv": [ 13.0, 13.0, 13.5, 13.5 ] },
						"east": { "texture": "#strongtannin", "uv": [ 6.0, 15.0, 10.0, 15.5 ] },
						"south": { "texture": "#strongtannin", "uv": [ 11.5, 5.5, 12.0, 6.0 ] },
						"west": { "texture": "#strongtannin", "uv": [ 10.0, 10.0, 14.0, 10.5 ] },
						"up": { "texture": "#strongtannin", "uv": [ 12.5, 5.5, 13.0, 9.5 ] },
						"down": { "texture": "#strongtannin", "uv": [ 11.5, 11.0, 12.0, 15.0 ] }
					}
				},
				{
					"name": "syrup2",
					"from": [ 0.25, 0.0, 4.35 ], 
					"to": [ 1.55, 0.01, 4.6 ], 
					"rotationOrigin": [ 0.2, 0.0, 4.3 ],
					"faces": {
						"north": { "texture": "#strongtannin", "uv": [ 2.5, 2.0, 3.5, 2.5 ] },
						"east": { "texture": "#strongtannin", "uv": [ 10.0, 6.0, 10.5, 6.5 ] },
						"south": { "texture": "#strongtannin", "uv": [ 14.5, 1.5, 15.5, 2.0 ] },
						"west": { "texture": "#strongtannin", "uv": [ 7.0, 6.0, 7.5, 6.5 ] },
						"up": { "texture": "#strongtannin", "uv": [ 1.5, 8.5, 2.5, 9.0 ] },
						"down": { "texture": "#strongtannin", "uv": [ 0.5, 8.0, 1.5, 8.5 ] }
					}
				},
				{
					"name": "syrup3",
					"from": [ 1.4, 0.0, 0.5 ], 
					"to": [ 1.65, 0.01, 4.35 ], 
					"rotationOrigin": [ 1.4, 0.0, 0.5 ],
					"faces": {
						"north": { "texture": "#strongtannin", "uv": [ 11.5, 12.5, 12.0, 13.0 ] },
						"east": { "texture": "#strongtannin", "uv": [ 7.0, 7.5, 10.5, 8.0 ] },
						"south": { "texture": "#strongtannin", "uv": [ 5.5, 3.0, 6.0, 3.5 ] },
						"west": { "texture": "#strongtannin", "uv": [ 8.5, 3.5, 12.0, 4.0 ] },
						"up": { "texture": "#strongtannin", "uv": [ 5.5, 4.5, 6.0, 8.0 ] },
						"down": { "texture": "#strongtannin", "uv": [ 3.5, 9.0, 4.0, 12.5 ] }
					}
				},
				{
					"name": "syrup4",
					"from": [ 0.7, 0.0, 0.35 ], 
					"to": [ 1.4, 0.01, 0.6 ], 
					"rotationOrigin": [ 0.7, 0.0, 0.3 ],
					"faces": {
						"north": { "texture": "#strongtannin", "uv": [ 2.0, 13.5, 2.5, 14.0 ] },
						"east": { "texture": "#strongtannin", "uv": [ 4.5, 4.0, 5.0, 4.5 ] },
						"south": { "texture": "#strongtannin", "uv": [ 7.0, 5.5, 7.5, 6.0 ] },
						"west": { "texture": "#strongtannin", "uv": [ 8.0, 12.0, 8.5, 12.5 ] },
						"up": { "texture": "#strongtannin", "uv": [ 3.5, 10.5, 4.0, 11.0 ] },
						"down": { "texture": "#strongtannin", "uv": [ 10.5, 14.0, 11.0, 14.5 ] }
					}
				},
				{
					"name": "syrup5",
					"from": [ 0.45, 0.0, 0.5 ], 
					"to": [ 0.7, 0.01, 3.85 ], 
					"rotationOrigin": [ 0.4, 0.0, 0.5 ],
					"faces": {
						"north": { "texture": "#strongtannin", "uv": [ 13.5, 4.5, 14.0, 5.0 ] },
						"east": { "texture": "#strongtannin", "uv": [ 7.0, 2.5, 10.0, 3.0 ] },
						"south": { "texture": "#strongtannin", "uv": [ 14.5, 15.0, 15.0, 15.5 ] },
						"west": { "texture": "#strongtannin", "uv": [ 4.0, 9.0, 7.0, 9.5 ] },
						"up": { "texture": "#strongtannin", "uv": [ 6.0, 10.5, 6.5, 13.5 ] },
						"down": { "texture": "#strongtannin", "uv": [ 5.0, 3.5, 5.5, 6.5 ] }
					}
				},
				{
					"name": "syrup6",
					"from": [ 0.7, 0.0, 3.75 ], 
					"to": [ 1.0, 0.01, 4.0 ], 
					"rotationOrigin": [ 0.7, 0.0, 3.7 ],
					"faces": {
						"north": { "texture": "#strongtannin", "uv": [ 8.5, 12.0, 9.0, 12.5 ] },
						"east": { "texture": "#strongtannin", "uv": [ 11.0, 6.5, 11.5, 7.0 ] },
						"south": { "texture": "#strongtannin", "uv": [ 9.0, 6.5, 9.5, 7.0 ] },
						"west": { "texture": "#strongtannin", "uv": [ 4.5, 11.0, 5.0, 11.5 ] },
						"up": { "texture": "#strongtannin", "uv": [ 14.0, 0.5, 14.5, 1.0 ] },
						"down": { "texture": "#strongtannin", "uv": [ 14.5, 7.0, 15.0, 7.5 ] }
					}
				},
				{
					"name": "syrup7",
					"from": [ 1.0, 0.0, 1.0 ], 
					"to": [ 1.25, 0.01, 3.85 ], 
					"rotationOrigin": [ 1.0, 0.0, 1.0 ],
					"faces": {
						"north": { "texture": "#strongtannin", "uv": [ 5.5, 9.5, 6.0, 10.0 ] },
						"east": { "texture": "#strongtannin", "uv": [ 12.5, 2.5, 15.0, 3.0 ] },
						"south": { "texture": "#strongtannin", "uv": [ 9.5, 2.0, 10.0, 2.5 ] },
						"west": { "texture": "#strongtannin", "uv": [ 1.5, 15.0, 4.0, 15.5 ] },
						"up": { "texture": "#strongtannin", "uv": [ 9.0, 12.0, 9.5, 14.5 ] },
						"down": { "texture": "#strongtannin", "uv": [ 14.0, 5.5, 14.5, 8.0 ] }
					}
				},
				{
					"name": "syrup8",
					"from": [ 0.25, 0.0, -0.05 ], 
					"to": [ 1.7, 0.01, 0.2 ], 
					"rotationOrigin": [ 0.2, 0.0, -0.1 ],
					"faces": {
						"north": { "texture": "#strongtannin", "uv": [ 4.5, 8.0, 5.5, 8.5 ] },
						"east": { "texture": "#strongtannin", "uv": [ 6.5, 7.0, 7.0, 7.5 ] },
						"south": { "texture": "#strongtannin", "uv": [ 6.0, 13.5, 7.0, 14.0 ] },
						"west": { "texture": "#strongtannin", "uv": [ 3.0, 2.0, 3.5, 2.5 ] },
						"up": { "texture": "#strongtannin", "uv": [ 6.5, 0.0, 7.5, 0.5 ] },
						"down": { "texture": "#strongtannin", "uv": [ 6.5, 5.5, 7.5, 6.0 ] }
					}
				},
				{
					"name": "syrup9",
					"from": [ 0.85, 0.0, 0.75 ], 
					"to": [ 1.15, 0.01, 1.0 ], 
					"rotationOrigin": [ 0.8, 0.0, 0.7 ],
					"faces": {
						"north": { "texture": "#strongtannin", "uv": [ 12.0, 9.5, 12.5, 10.0 ] },
						"east": { "texture": "#strongtannin", "uv": [ 6.5, 8.5, 7.0, 9.0 ] },
						"south": { "texture": "#strongtannin", "uv": [ 4.5, 12.5, 5.0, 13.0 ] },
						"west": { "texture": "#strongtannin", "uv": [ 12.0, 12.5, 12.5, 13.0 ] },
						"up": { "texture": "#strongtannin", "uv": [ 7.5, 10.0, 8.0, 10.5 ] },
						"down": { "texture": "#strongtannin", "uv": [ 7.5, 11.0, 8.0, 11.5 ] }
					}
				}
			]
		}
	]}