{
	"editor": {
		"allAngles": false,
		"entityTextureMode": false
	},
	"textureWidth": 16,
	"textureHeight": 16,
	"textureSizes": {
	},
	"textures": {
		"cranberry": "item/food/grain/overlays/cranberry"
	},
	"elements": [
		{
			"name": "syrup",
			"from": [ 6.9, 2.02, 6.2 ], 
			"to": [ 6.9, 2.02, 6.2 ], 
			"rotationOrigin": [ 6.9, 2.0, 6.2 ],
			"faces": {
				"north": { "texture": "#cranberry", "uv": [ 4.5, 3.5, 5.0, 4.0 ] },
				"east": { "texture": "#cranberry", "uv": [ 2.0, 7.0, 2.5, 7.5 ] },
				"south": { "texture": "#cranberry", "uv": [ 9.5, 0.0, 10.0, 0.5 ] },
				"west": { "texture": "#cranberry", "uv": [ 13.5, 8.5, 14.0, 9.0 ] },
				"up": { "texture": "#cranberry", "uv": [ 11.0, 7.0, 11.5, 7.5 ] },
				"down": { "texture": "#cranberry", "uv": [ 12.0, 14.0, 12.5, 14.5 ] }
			},
			"children": [
				{
					"name": "syrup1",
					"from": [ 0.0, 0.0, 0.05 ], 
					"to": [ 0.25, 0.01, 3.5 ], 
					"faces": {
						"north": { "texture": "#cranberry", "uv": [ 9.5, 14.0, 10.0, 14.5 ] },
						"east": { "texture": "#cranberry", "uv": [ 0.0, 1.5, 3.0, 2.0 ] },
						"south": { "texture": "#cranberry", "uv": [ 8.0, 11.0, 8.5, 11.5 ] },
						"west": { "texture": "#cranberry", "uv": [ 5.5, 8.5, 8.5, 9.0 ] },
						"up": { "texture": "#cranberry", "uv": [ 13.5, 0.0, 14.0, 3.0 ] },
						"down": { "texture": "#cranberry", "uv": [ 11.0, 6.0, 11.5, 9.0 ] }
					}
				},
				{
					"name": "syrup2",
					"from": [ 0.25, 0.0, 3.35 ], 
					"to": [ 1.95, 0.01, 3.6 ], 
					"rotationOrigin": [ 0.2, 0.0, 3.3 ],
					"faces": {
						"north": { "texture": "#cranberry", "uv": [ 8.0, 13.5, 9.5, 14.0 ] },
						"east": { "texture": "#cranberry", "uv": [ 5.0, 5.0, 5.5, 5.5 ] },
						"south": { "texture": "#cranberry", "uv": [ 4.0, 1.0, 5.5, 1.5 ] },
						"west": { "texture": "#cranberry", "uv": [ 13.5, 14.0, 14.0, 14.5 ] },
						"up": { "texture": "#cranberry", "uv": [ 5.0, 2.5, 6.5, 3.0 ] },
						"down": { "texture": "#cranberry", "uv": [ 7.5, 6.0, 9.0, 6.5 ] }
					}
				},
				{
					"name": "syrup3",
					"from": [ 1.8, 0.0, 0.5 ], 
					"to": [ 2.05, 0.01, 3.35 ], 
					"rotationOrigin": [ 1.8, 0.0, 0.5 ],
					"faces": {
						"north": { "texture": "#cranberry", "uv": [ 14.0, 10.5, 14.5, 11.0 ] },
						"east": { "texture": "#cranberry", "uv": [ 7.0, 0.5, 9.5, 1.0 ] },
						"south": { "texture": "#cranberry", "uv": [ 2.0, 3.5, 2.5, 4.0 ] },
						"west": { "texture": "#cranberry", "uv": [ 13.0, 9.5, 15.5, 10.0 ] },
						"up": { "texture": "#cranberry", "uv": [ 6.5, 11.5, 7.0, 14.0 ] },
						"down": { "texture": "#cranberry", "uv": [ 12.5, 10.5, 13.0, 13.0 ] }
					}
				},
				{
					"name": "syrup4",
					"from": [ 0.6, 0.0, 0.35 ], 
					"to": [ 1.8, 0.01, 0.6 ], 
					"rotationOrigin": [ 0.6, 0.0, 0.3 ],
					"faces": {
						"north": { "texture": "#cranberry", "uv": [ 2.5, 10.0, 3.5, 10.5 ] },
						"east": { "texture": "#cranberry", "uv": [ 13.0, 6.0, 13.5, 6.5 ] },
						"south": { "texture": "#cranberry", "uv": [ 4.5, 8.5, 5.5, 9.0 ] },
						"west": { "texture": "#cranberry", "uv": [ 4.0, 1.5, 4.5, 2.0 ] },
						"up": { "texture": "#cranberry", "uv": [ 6.0, 11.5, 7.0, 12.0 ] },
						"down": { "texture": "#cranberry", "uv": [ 9.0, 4.5, 10.0, 5.0 ] }
					}
				},
				{
					"name": "syrup5",
					"from": [ 0.35, 0.0, 0.5 ], 
					"to": [ 0.6, 0.01, 2.85 ], 
					"rotationOrigin": [ 0.3, 0.0, 0.5 ],
					"faces": {
						"north": { "texture": "#cranberry", "uv": [ 5.0, 11.5, 5.5, 12.0 ] },
						"east": { "texture": "#cranberry", "uv": [ 5.5, 14.5, 7.5, 15.0 ] },
						"south": { "texture": "#cranberry", "uv": [ 0.5, 12.0, 1.0, 12.5 ] },
						"west": { "texture": "#cranberry", "uv": [ 11.0, 6.0, 13.0, 6.5 ] },
						"up": { "texture": "#cranberry", "uv": [ 15.0, 0.0, 15.5, 2.0 ] },
						"down": { "texture": "#cranberry", "uv": [ 13.5, 1.5, 14.0, 3.5 ] }
					}
				},
				{
					"name": "syrup6",
					"from": [ 0.6, 0.0, 2.75 ], 
					"to": [ 1.4, 0.01, 3.0 ], 
					"rotationOrigin": [ 0.6, 0.0, 2.7 ],
					"faces": {
						"north": { "texture": "#cranberry", "uv": [ 8.0, 6.5, 8.5, 7.0 ] },
						"east": { "texture": "#cranberry", "uv": [ 8.0, 1.5, 8.5, 2.0 ] },
						"south": { "texture": "#cranberry", "uv": [ 9.0, 0.5, 9.5, 1.0 ] },
						"west": { "texture": "#cranberry", "uv": [ 5.0, 10.0, 5.5, 10.5 ] },
						"up": { "texture": "#cranberry", "uv": [ 9.0, 5.5, 9.5, 6.0 ] },
						"down": { "texture": "#cranberry", "uv": [ 7.0, 0.5, 7.5, 1.0 ] }
					}
				},
				{
					"name": "syrup7",
					"from": [ 1.4, 0.0, 1.0 ], 
					"to": [ 1.65, 0.01, 2.85 ], 
					"rotationOrigin": [ 1.4, 0.0, 1.0 ],
					"faces": {
						"north": { "texture": "#cranberry", "uv": [ 15.0, 14.5, 15.5, 15.0 ] },
						"east": { "texture": "#cranberry", "uv": [ 11.0, 6.0, 12.5, 6.5 ] },
						"south": { "texture": "#cranberry", "uv": [ 8.5, 8.5, 9.0, 9.0 ] },
						"west": { "texture": "#cranberry", "uv": [ 1.0, 12.0, 2.5, 12.5 ] },
						"up": { "texture": "#cranberry", "uv": [ 2.5, 0.5, 3.0, 2.0 ] },
						"down": { "texture": "#cranberry", "uv": [ 9.0, 6.5, 9.5, 8.0 ] }
					}
				},
				{
					"name": "syrup8",
					"from": [ 0.25, 0.0, -0.05 ], 
					"to": [ 2.2, 0.01, 0.2 ], 
					"rotationOrigin": [ 0.2, 0.0, -0.1 ],
					"faces": {
						"north": { "texture": "#cranberry", "uv": [ 5.5, 13.0, 7.0, 13.5 ] },
						"east": { "texture": "#cranberry", "uv": [ 3.0, 9.5, 3.5, 10.0 ] },
						"south": { "texture": "#cranberry", "uv": [ 7.0, 0.5, 8.5, 1.0 ] },
						"west": { "texture": "#cranberry", "uv": [ 11.5, 5.5, 12.0, 6.0 ] },
						"up": { "texture": "#cranberry", "uv": [ 0.0, 15.0, 1.5, 15.5 ] },
						"down": { "texture": "#cranberry", "uv": [ 5.5, 0.0, 7.0, 0.5 ] }
					}
				},
				{
					"name": "syrup9",
					"from": [ 0.95, 0.0, 0.75 ], 
					"to": [ 1.55, 0.01, 1.0 ], 
					"rotationOrigin": [ 0.9, 0.0, 0.7 ],
					"faces": {
						"north": { "texture": "#cranberry", "uv": [ 1.0, 13.5, 1.5, 14.0 ] },
						"east": { "texture": "#cranberry", "uv": [ 2.0, 8.0, 2.5, 8.5 ] },
						"south": { "texture": "#cranberry", "uv": [ 2.5, 11.0, 3.0, 11.5 ] },
						"west": { "texture": "#cranberry", "uv": [ 0.5, 8.5, 1.0, 9.0 ] },
						"up": { "texture": "#cranberry", "uv": [ 15.0, 2.5, 15.5, 3.0 ] },
						"down": { "texture": "#cranberry", "uv": [ 9.0, 1.5, 9.5, 2.0 ] }
					}
				},
				{
					"name": "syrup10",
					"from": [ 0.8, 0.0, 1.0 ], 
					"to": [ 1.05, 0.01, 2.25 ], 
					"rotationOrigin": [ 0.8, 0.0, 1.0 ],
					"faces": {
						"north": { "texture": "#cranberry", "uv": [ 13.5, 4.0, 14.0, 4.5 ] },
						"east": { "texture": "#cranberry", "uv": [ 5.0, 6.0, 6.0, 6.5 ] },
						"south": { "texture": "#cranberry", "uv": [ 10.0, 5.0, 10.5, 5.5 ] },
						"west": { "texture": "#cranberry", "uv": [ 8.0, 2.5, 9.0, 3.0 ] },
						"up": { "texture": "#cranberry", "uv": [ 4.0, 13.5, 4.5, 14.5 ] },
						"down": { "texture": "#cranberry", "uv": [ 2.0, 10.5, 2.5, 11.5 ] }
					}
				},
				{
					"name": "syrup11",
					"from": [ 0.95, 0.0, 2.25 ], 
					"to": [ 1.2, 0.01, 2.5 ], 
					"rotationOrigin": [ 0.9, 0.0, 2.2 ],
					"faces": {
						"north": { "texture": "#cranberry", "uv": [ 8.5, 13.0, 9.0, 13.5 ] },
						"east": { "texture": "#cranberry", "uv": [ 12.0, 8.5, 12.5, 9.0 ] },
						"south": { "texture": "#cranberry", "uv": [ 8.0, 0.0, 8.5, 0.5 ] },
						"west": { "texture": "#cranberry", "uv": [ 5.0, 3.0, 5.5, 3.5 ] },
						"up": { "texture": "#cranberry", "uv": [ 10.5, 11.5, 11.0, 12.0 ] },
						"down": { "texture": "#cranberry", "uv": [ 5.0, 9.0, 5.5, 9.5 ] }
					}
				}
			]
		}
	]}