{
	code: "hardtack",
	maxstacksize: 128,
	variantgroups: [
		{ code: "type", states: ["spelt", "rye", "flax", "rice", "cassava", "amaranth", "sunflower" ] },
		{ code: "state", states: ["raw", "bake1", "bake2", "bake3", "bake4"] },
	],
	attributes: {
		bakingPropertiesByType: {
			"*-raw": {
				temp: 150,
				levelFrom: 0.0,
				levelTo: 0.75,
				startScaleY: 1.0,
				endScaleY: 0.95,
				resultCode: "expandedfoods:hardtack-{type}-bake1",
			},
			"*-bake1": {
				temp: 150,
				levelFrom: 0.75,
				levelTo: 1.5,
				startScaleY: 0.95,
				endScaleY: 0.9,
				resultCode: "expandedfoods:hardtack-{type}-bake2",
				initialCode: "expandedfoods:hardtack-{type}-raw",
			},
			"*-bake2": {
				temp: 150,
				levelFrom: 1.5,
				levelTo: 2.25,
				startScaleY: 0.9,
				endScaleY: 0.85,
				resultCode: "expandedfoods:hardtack-{type}-bake3",
				initialCode: "expandedfoods:hardtack-{type}-bake1",
			},
			"*-bake3": {
				temp: 150,
				levelFrom: 2.25,
				levelTo: 3.0,
				startScaleY: 0.85,
				endScaleY: 0.8,
				resultCode: "expandedfoods:hardtack-{type}-bake4",
				initialCode: "expandedfoods:hardtack-{type}-bake2",
			},
			"*-bake4": {
				temp: 150,
				levelFrom: 3.0,
				levelTo: 4.0,
				startScaleY: 0.8,
				endScaleY: 0.75,
				initialCode: "expandedfoods:hardtack-{type}-bake3",
			},
		},
		onDisplayTransformByType: { 
			"*": {
				translation: { x: 0, y: -0.25, z: 0 },
				scale: 0.5
			},
		},
	},
	shapebytype: {
		"hardtack-*-raw": { base: "item/food/hardtack/hardtack-{type}-raw"},
		"hardtack-*-bake1": { base: "item/food/hardtack/hardtack-{type}-partbaked"},
		"hardtack-*-bake2": { base: "item/food/hardtack/hardtack-{type}-baked"},
		"hardtack-*-bake3": { base: "item/food/hardtack/hardtack-{type}-baked"},
		"hardtack-*-bake4": { base: "item/food/hardtack/hardtack-{type}-charred"},
	},
	creativeinventory: { "general": ["*"], "items": ["*"] },
	nutritionPropsByType: {
		"*-flax-bake1": { saturation: 140, foodcategory: "Grain" },
		"*-rice-bake1": { saturation: 300, foodcategory: "Grain"},
		"*-bake1": { saturation: 270, foodcategory: "Grain"  },
		"*-flax-bake2": { saturation: 120, foodcategory: "Grain" },
		"*-rice-bake2": { saturation: 270, foodcategory: "Grain"},
		"*-bake2": { saturation: 240, foodcategory: "Grain"  },
		"*-flax-bake3": { saturation: 100, foodcategory: "Grain" },
		"*-rice-bake3": { saturation: 240, foodcategory: "Grain"},
		"*-bake3": { saturation: 210, foodcategory: "Grain"  },
		"*-flax-bake4": { saturation: 80, foodcategory: "Grain" },
		"*-rice-bake4": { saturation: 210, foodcategory: "Grain"},
		"*-bake4": { saturation: 180, foodcategory: "Grain"  },
	},
	transitionablePropsByType: {
	"*-raw":[{
		type: "Perish",
		freshHours: { avg: 144 },
		transitionHours: { avg: 36 },
		transitionedStack: { type: "item", code: "game:rot" },
		transitionRatio: 1
		}],
	"*-bake1":[{
		type: "Perish",
		freshHours: { avg: 432 },
		transitionHours: { avg: 56 },
		transitionedStack: { type: "item", code: "game:rot" },
		transitionRatio: 1
		}],
	"*-bake2":[{
		type: "Perish",
		freshHours: { avg: 1296 },
		transitionHours: { avg: 56 },
		transitionedStack: { type: "item", code: "game:rot" },
		transitionRatio: 1
		}],
	"*-bake3":[{
		type: "Perish",
		freshHours: { avg: 3888 },
		transitionHours: { avg: 56 },
		transitionedStack: { type: "item", code: "game:rot" },
		transitionRatio: 1
		}],
	"*-bake4":[{
		type: "Perish",
		freshHours: { avg: 11664 },
		transitionHours: { avg: 56 },
		transitionedStack: { type: "item", code: "game:rot" },
		transitionRatio: 1
		}],
	},
	guiTransform: {
		translation: { x: 3, y: 0, z: 0 },
		rotation: { x: -28, y: 203, z: 180 },
		origin: { x: 0.5, y: 0.07, z: 0.5 },
		scale: 2
	},
	groundTransform: {
		translation: { x: 0, y: 0, z: 0 },
		rotation: { x: 0, y: 0, z: 1 },
		origin: { x: 0.5, y: 0, z: 0.5 },
		scale: 2
	},
	tpHandTransform: {
		translation: { x: -0.3, y: -0.2, z: 0.6 },
		rotation: { x: 10, y: -83, z: 2 },
		origin: { x: 0, y: 0, z: 0 },
		scale: 0.25
	},
	fpHandTransform: {
		translation: { x: 0, y: 0.24, z: 0.3 },
		rotation: { x: 0, y: 0, z: 59 },
		origin: { x: 0.5, y: 0.1, z: 0.5 },
		scale: 2
	}

	
}