{
	"editor": {
		"allAngles": false,
		"entityTextureMode": false
	},
	"textureWidth": 16,
	"textureHeight": 16,
	"textureSizes": {
	},
	"textures": {
		"glass": "glass",
		"furnwood13": "furnwood13",
		"frame": "frame"
	},
	"elements": [
		{
			"name": "downmain",
			"from": [ 5.75, 7.7, 15.5 ], 
			"to": [ 6.45, 10.3, 16.5 ], 
			"rotationOrigin": [ 13.25, 8.0, 10.0 ],
			"rotationY": -90.0,
			"faces": {
				"north": { "texture": "#frame", "uv": [ 0.0, 0.0, 0.5, 2.5 ] },
				"east": { "texture": "#frame", "uv": [ 14.0, 5.0, 15.0, 7.5 ] },
				"south": { "texture": "#frame", "uv": [ 0.0, 0.0, 0.5, 2.5 ] },
				"west": { "texture": "#frame", "uv": [ 13.5, 3.0, 14.5, 5.5 ] },
				"up": { "texture": "#frame", "uv": [ 0.0, 0.0, 0.5, 1.0 ] },
				"down": { "texture": "#frame", "uv": [ 0.0, 0.0, 0.5, 1.0 ] }
			},
			"children": [
				{
					"name": "Cube41",
					"from": [ 0.0, 0.8, -0.8 ], 
					"to": [ 0.3, 2.0, 0.4 ], 
					"rotationOrigin": [ -1.0, -0.7, -1.0 ],
					"faces": {
						"north": { "texture": "#frame", "uv": [ 0.0, 0.0, 0.5, 1.0 ] },
						"east": { "texture": "#frame", "uv": [ 0.0, 9.5, 1.0, 10.5 ] },
						"south": { "texture": "#frame", "uv": [ 0.0, 0.0, 0.5, 1.0 ] },
						"west": { "texture": "#frame", "uv": [ 0.5, 3.5, 1.5, 4.5 ] },
						"up": { "texture": "#frame", "uv": [ 0.0, 0.0, 0.5, 1.0 ] },
						"down": { "texture": "#frame", "uv": [ 0.0, 0.0, 0.5, 1.0 ] }
					}
				},
				{
					"name": "Cube35",
					"from": [ -3.2, 0.0, 0.0 ], 
					"to": [ -2.5, 2.6, 1.0 ], 
					"rotationOrigin": [ -2.0, 0.3, 0.0 ],
					"faces": {
						"north": { "texture": "#frame", "uv": [ 0.0, 0.0, 0.5, 2.5 ] },
						"east": { "texture": "#frame", "uv": [ 6.5, 3.5, 7.5, 6.0 ] },
						"south": { "texture": "#frame", "uv": [ 0.0, 0.0, 0.5, 2.5 ] },
						"west": { "texture": "#frame", "uv": [ 15.0, 3.0, 16.0, 5.5 ] },
						"up": { "texture": "#frame", "uv": [ 0.0, 0.0, 0.5, 1.0 ] },
						"down": { "texture": "#frame", "uv": [ 0.0, 0.0, 0.5, 1.0 ] }
					},
					"children": [
						{
							"name": "Cube35",
							"from": [ 0.4, 0.8, -0.8 ], 
							"to": [ 0.7, 2.0, 0.4 ], 
							"rotationOrigin": [ -1.0, -0.7, -1.0 ],
							"faces": {
								"north": { "texture": "#frame", "uv": [ 0.0, 0.0, 0.5, 1.0 ] },
								"east": { "texture": "#frame", "uv": [ 6.5, 10.0, 7.5, 11.0 ] },
								"south": { "texture": "#frame", "uv": [ 0.0, 0.0, 0.5, 1.0 ] },
								"west": { "texture": "#frame", "uv": [ 14.0, 2.0, 15.0, 3.0 ] },
								"up": { "texture": "#frame", "uv": [ 0.0, 0.0, 0.5, 1.0 ] },
								"down": { "texture": "#frame", "uv": [ 0.0, 0.0, 0.5, 1.0 ] }
							}
						}
					]
				},
				{
					"name": "Cube44",
					"from": [ -2.5, -7.7, -15.0 ], 
					"to": [ 0.0, 8.3, -13.0 ], 
					"rotationOrigin": [ -3.0, -7.7, -15.0 ],
					"faces": {
						"north": { "texture": "#furnwood13", "uv": [ 4.5, 0.0, 7.0, 16.0 ] },
						"east": { "texture": "#furnwood13", "uv": [ 6.0, 0.0, 8.0, 16.0 ] },
						"south": { "texture": "#furnwood13", "uv": [ 7.5, 0.0, 10.0, 16.0 ] },
						"west": { "texture": "#furnwood13", "uv": [ 7.5, 0.0, 9.5, 16.0 ] },
						"up": { "texture": "#furnwood13", "uv": [ 0.0, 0.0, 2.5, 2.0 ] },
						"down": { "texture": "#furnwood13", "uv": [ 0.0, 0.0, 2.5, 2.0 ] }
					},
					"children": [
						{
							"name": "Cube45",
							"from": [ 0.0, 0.0, 14.0 ], 
							"to": [ 2.5, 16.0, 16.0 ], 
							"rotationOrigin": [ -0.5, 0.0, 14.0 ],
							"faces": {
								"north": { "texture": "#furnwood13", "uv": [ 0.0, 0.0, 2.5, 16.0 ] },
								"east": { "texture": "#furnwood13", "uv": [ 4.0, 0.0, 6.0, 16.0 ] },
								"south": { "texture": "#furnwood13", "uv": [ 7.5, 0.0, 10.0, 16.0 ] },
								"west": { "texture": "#furnwood13", "uv": [ 2.0, 0.0, 4.0, 16.0 ] },
								"up": { "texture": "#furnwood13", "uv": [ 0.0, 0.0, 2.5, 2.0 ] },
								"down": { "texture": "#furnwood13", "uv": [ 0.5, 0.0, 3.0, 2.0 ] }
							}
						},
						{
							"name": "Cube46",
							"from": [ 0.0, 0.0, 2.0 ], 
							"to": [ 2.5, 3.0, 14.0 ], 
							"rotationOrigin": [ -0.5, 0.0, 2.0 ],
							"faces": {
								"north": { "texture": "#furnwood13", "uv": [ 0.0, 0.0, 2.5, 3.0 ] },
								"east": { "texture": "#furnwood13", "uv": [ 0.0, 0.0, 3.0, 12.0 ], "rotation": 90 },
								"south": { "texture": "#furnwood13", "uv": [ 0.0, 0.0, 2.5, 3.0 ] },
								"west": { "texture": "#furnwood13", "uv": [ 0.0, 0.0, 3.0, 12.0 ], "rotation": 90 },
								"up": { "texture": "#furnwood13", "uv": [ 0.0, 0.0, 2.5, 12.0 ] },
								"down": { "texture": "#furnwood13", "uv": [ 0.0, 0.0, 2.5, 12.0 ] }
							}
						},
						{
							"name": "Cube47",
							"from": [ 0.0, 12.0, 2.0 ], 
							"to": [ 2.5, 14.0, 14.0 ], 
							"rotationOrigin": [ -0.5, 12.0, 2.0 ],
							"faces": {
								"north": { "texture": "#furnwood13", "uv": [ 0.0, 0.0, 2.5, 2.0 ] },
								"east": { "texture": "#furnwood13", "uv": [ 0.0, 0.0, 2.0, 12.0 ], "rotation": 90 },
								"south": { "texture": "#furnwood13", "uv": [ 0.0, 0.0, 2.5, 2.0 ] },
								"west": { "texture": "#furnwood13", "uv": [ 0.0, 0.0, 2.0, 12.0 ], "rotation": 90 },
								"up": { "texture": "#furnwood13", "uv": [ 0.0, 0.0, 2.5, 12.0 ] },
								"down": { "texture": "#furnwood13", "uv": [ 0.0, 0.0, 2.5, 12.0 ] }
							}
						}
					]
				},
				{
					"name": "frame",
					"from": [ -2.0, -4.7, -13.0 ], 
					"to": [ -0.5, -4.4, -1.0 ], 
					"rotationOrigin": [ -3.0, -4.7, -13.0 ],
					"faces": {
						"north": { "texture": "#frame", "uv": [ 0.0, 0.0, 1.5, 0.5 ] },
						"east": { "texture": "#frame", "uv": [ 0.5, 7.0, 12.5, 7.5 ] },
						"south": { "texture": "#frame", "uv": [ 0.0, 0.0, 1.5, 0.5 ] },
						"west": { "texture": "#frame", "uv": [ 1.0, 9.0, 13.0, 9.5 ] },
						"up": { "texture": "#frame", "uv": [ 13.5, 2.5, 15.0, 14.5 ] },
						"down": { "texture": "#frame", "uv": [ 12.0, 2.5, 13.5, 14.5 ] }
					},
					"children": [
						{
							"name": "frame16",
							"from": [ 0.0, 8.7, 0.0 ], 
							"to": [ 1.5, 9.0, 12.0 ], 
							"rotationOrigin": [ -1.0, 9.0, 0.0 ],
							"faces": {
								"north": { "texture": "#frame", "uv": [ 0.0, 0.0, 1.5, 0.5 ] },
								"east": { "texture": "#frame", "uv": [ 0.5, 7.0, 12.5, 7.5 ] },
								"south": { "texture": "#frame", "uv": [ 0.0, 0.0, 1.5, 0.5 ] },
								"west": { "texture": "#frame", "uv": [ 1.0, 9.0, 13.0, 9.5 ] },
								"up": { "texture": "#frame", "uv": [ 13.5, 2.5, 15.0, 14.5 ] },
								"down": { "texture": "#frame", "uv": [ 12.0, 2.5, 13.5, 14.5 ] }
							}
						},
						{
							"name": "frame17",
							"from": [ 0.0, 0.3, 0.0 ], 
							"to": [ 1.5, 8.8, 0.3 ], 
							"rotationOrigin": [ -1.0, 1.0, 0.0 ],
							"faces": {
								"north": { "texture": "#frame", "uv": [ 13.0, 5.0, 14.5, 13.5 ] },
								"east": { "texture": "#frame", "uv": [ 0.5, 6.5, 1.0, 15.0 ] },
								"south": { "texture": "#frame", "uv": [ 13.5, 4.5, 15.0, 13.0 ] },
								"west": { "texture": "#frame", "uv": [ 7.0, 4.0, 7.5, 12.5 ] },
								"up": { "texture": "#frame", "uv": [ 13.5, 2.5, 15.0, 3.0 ] },
								"down": { "texture": "#frame", "uv": [ 12.0, 2.5, 13.5, 3.0 ] }
							}
						},
						{
							"name": "frame18",
							"from": [ 0.0, 0.3, 11.7 ], 
							"to": [ 1.5, 8.8, 12.0 ], 
							"rotationOrigin": [ -1.0, 1.0, 12.0 ],
							"faces": {
								"north": { "texture": "#frame", "uv": [ 13.0, 5.0, 14.5, 13.5 ] },
								"east": { "texture": "#frame", "uv": [ 0.5, 6.5, 1.0, 15.0 ] },
								"south": { "texture": "#frame", "uv": [ 13.5, 4.5, 15.0, 13.0 ] },
								"west": { "texture": "#frame", "uv": [ 7.0, 4.0, 7.5, 12.5 ] },
								"up": { "texture": "#frame", "uv": [ 13.5, 2.5, 15.0, 3.0 ] },
								"down": { "texture": "#frame", "uv": [ 12.0, 2.5, 13.5, 3.0 ] }
							}
						},
						{
							"name": "frame19",
							"from": [ 0.0, 11.0, 0.0 ], 
							"to": [ 1.5, 11.3, 12.0 ], 
							"rotationOrigin": [ -1.0, 11.0, 0.0 ],
							"faces": {
								"north": { "texture": "#frame", "uv": [ 0.0, 0.0, 1.5, 0.5 ] },
								"east": { "texture": "#frame", "uv": [ 0.5, 7.0, 12.5, 7.5 ] },
								"south": { "texture": "#frame", "uv": [ 0.0, 0.0, 1.5, 0.5 ] },
								"west": { "texture": "#frame", "uv": [ 1.0, 9.0, 13.0, 9.5 ] },
								"up": { "texture": "#frame", "uv": [ 13.5, 2.5, 15.0, 14.5 ] },
								"down": { "texture": "#frame", "uv": [ 12.0, 2.5, 13.5, 14.5 ] }
							},
							"children": [
								{
									"name": "frame21",
									"from": [ 0.0, 0.3, 0.0 ], 
									"to": [ 1.5, 2.0, 0.3 ], 
									"rotationOrigin": [ -1.0, 1.0, 0.0 ],
									"faces": {
										"north": { "texture": "#frame", "uv": [ 13.0, 5.0, 14.5, 6.5 ] },
										"east": { "texture": "#frame", "uv": [ 0.5, 6.5, 1.0, 8.0 ] },
										"south": { "texture": "#frame", "uv": [ 13.5, 4.5, 15.0, 6.0 ] },
										"west": { "texture": "#frame", "uv": [ 7.0, 4.0, 7.5, 5.5 ] },
										"up": { "texture": "#frame", "uv": [ 13.5, 2.5, 15.0, 3.0 ] },
										"down": { "texture": "#frame", "uv": [ 12.0, 2.5, 13.5, 3.0 ] }
									}
								},
								{
									"name": "frame22",
									"from": [ 0.0, 0.3, 11.7 ], 
									"to": [ 1.5, 2.0, 12.0 ], 
									"rotationOrigin": [ -1.0, 1.0, 12.0 ],
									"faces": {
										"north": { "texture": "#frame", "uv": [ 13.0, 5.0, 14.5, 6.5 ] },
										"east": { "texture": "#frame", "uv": [ 0.5, 6.5, 1.0, 8.0 ] },
										"south": { "texture": "#frame", "uv": [ 13.5, 4.5, 15.0, 6.0 ] },
										"west": { "texture": "#frame", "uv": [ 7.0, 4.0, 7.5, 5.5 ] },
										"up": { "texture": "#frame", "uv": [ 13.5, 2.5, 15.0, 3.0 ] },
										"down": { "texture": "#frame", "uv": [ 12.0, 2.5, 13.5, 3.0 ] }
									}
								}
							]
						},
						{
							"name": "window",
							"from": [ 0.0, 0.3, 0.3 ], 
							"to": [ 1.5, 8.8, 11.7 ], 
							"rotationOrigin": [ -1.0, 1.0, 0.0 ],
							"faces": {
								"north": { "texture": "#null", "uv": [ 13.0, 5.0, 14.5, 13.5 ], "enabled": false },
								"east": { "texture": "#glass", "uv": [ 2.5, 3.0, 13.5, 11.5 ], "autoUv": false },
								"south": { "texture": "#frame", "uv": [ 13.5, 4.5, 15.0, 13.0 ], "enabled": false },
								"west": { "texture": "#glass", "uv": [ 2.5, 3.0, 13.5, 11.5 ], "autoUv": false },
								"up": { "texture": "#frame", "uv": [ 13.5, 2.5, 15.0, 13.5 ], "enabled": false },
								"down": { "texture": "#frame", "uv": [ 12.0, 2.5, 13.5, 13.5 ], "enabled": false }
							}
						}
					]
				},
				{
					"name": "Cube34",
					"from": [ 0.0, 6.8, -14.5 ], 
					"to": [ 1.0, 7.3, -13.5 ], 
					"rotationOrigin": [ -0.5, 6.8, -14.0 ],
					"faces": {
						"north": { "texture": "#frame", "uv": [ 0.0, 0.0, 1.0, 0.5 ] },
						"east": { "texture": "#frame", "uv": [ 0.0, 0.0, 1.0, 0.5 ] },
						"south": { "texture": "#frame", "uv": [ 0.0, 0.0, 1.0, 0.5 ] },
						"west": { "texture": "#frame", "uv": [ 0.0, 0.0, 1.0, 0.5 ] },
						"up": { "texture": "#frame", "uv": [ 13.5, 3.0, 14.5, 4.0 ] },
						"down": { "texture": "#frame", "uv": [ 0.0, 0.0, 1.0, 1.0 ] }
					},
					"children": [
						{
							"name": "Cube34",
							"from": [ 1.0, 0.0, 0.0 ], 
							"to": [ 1.5, 1.5, 1.0 ], 
							"rotationOrigin": [ 1.0, 0.0, 0.0 ],
							"faces": {
								"north": { "texture": "#frame", "uv": [ 0.0, 0.0, 0.5, 1.5 ] },
								"east": { "texture": "#frame", "uv": [ 6.5, 5.5, 7.5, 7.0 ] },
								"south": { "texture": "#frame", "uv": [ 0.0, 0.0, 0.5, 1.5 ] },
								"west": { "texture": "#frame", "uv": [ 0.0, 0.0, 1.0, 1.5 ] },
								"up": { "texture": "#frame", "uv": [ 0.0, 0.0, 0.5, 1.0 ] },
								"down": { "texture": "#frame", "uv": [ 0.0, 0.0, 0.5, 1.0 ] }
							}
						},
						{
							"name": "Cube34",
							"from": [ 0.0, -1.5, 0.0 ], 
							"to": [ 0.2, 1.5, 1.0 ], 
							"rotationOrigin": [ 0.0, -2.0, 1.0 ],
							"faces": {
								"north": { "texture": "#frame", "uv": [ 0.0, 0.0, 0.5, 3.0 ] },
								"east": { "texture": "#frame", "uv": [ 13.5, 4.5, 15.0, 8.0 ], "autoUv": false },
								"south": { "texture": "#frame", "uv": [ 0.0, 0.0, 0.5, 3.0 ] },
								"west": { "texture": "#frame", "uv": [ 0.0, 0.0, 1.0, 3.0 ] },
								"up": { "texture": "#frame", "uv": [ 0.0, 0.0, 0.5, 1.0 ] },
								"down": { "texture": "#frame", "uv": [ 0.0, 0.0, 0.5, 1.0 ] }
							}
						},
						{
							"name": "Cube36",
							"from": [ -3.5, 0.0, 1.0 ], 
							"to": [ -2.5, 0.5, 2.0 ], 
							"rotationOrigin": [ -3.0, 0.0, 1.0 ],
							"rotationX": -179.99999011687993,
							"rotationY": -5.008955855952477E-6,
							"rotationZ": -179.99999011687993,
							"faces": {
								"north": { "texture": "#frame", "uv": [ 0.0, 0.0, 1.0, 0.5 ] },
								"east": { "texture": "#frame", "uv": [ 0.0, 0.0, 1.0, 0.5 ] },
								"south": { "texture": "#frame", "uv": [ 0.0, 0.0, 1.0, 0.5 ] },
								"west": { "texture": "#frame", "uv": [ 0.0, 0.0, 1.0, 0.5 ] },
								"up": { "texture": "#frame", "uv": [ 13.5, 2.5, 14.5, 3.5 ] },
								"down": { "texture": "#frame", "uv": [ 0.0, 0.0, 1.0, 1.0 ] }
							},
							"children": [
								{
									"name": "Cube37",
									"from": [ 1.0, 0.0, 0.0 ], 
									"to": [ 1.5, 1.5, 1.0 ], 
									"rotationOrigin": [ 1.0, 0.0, 0.0 ],
									"faces": {
										"north": { "texture": "#frame", "uv": [ 0.0, 0.0, 0.5, 1.5 ] },
										"east": { "texture": "#frame", "uv": [ 6.5, 5.5, 7.5, 7.0 ] },
										"south": { "texture": "#frame", "uv": [ 0.0, 0.0, 0.5, 1.5 ] },
										"west": { "texture": "#frame", "uv": [ 0.0, 0.0, 1.0, 1.5 ] },
										"up": { "texture": "#frame", "uv": [ 0.0, 0.0, 0.5, 1.0 ] },
										"down": { "texture": "#frame", "uv": [ 0.0, 0.0, 0.5, 1.0 ] }
									}
								},
								{
									"name": "Cube38",
									"from": [ 0.0, -1.5, 0.0 ], 
									"to": [ 0.2, 1.5, 1.0 ], 
									"rotationOrigin": [ 0.0, -2.0, 0.0 ],
									"faces": {
										"north": { "texture": "#frame", "uv": [ 0.0, 0.0, 0.5, 3.0 ] },
										"east": { "texture": "#frame", "uv": [ 13.0, 4.0, 14.5, 7.5 ], "autoUv": false },
										"south": { "texture": "#frame", "uv": [ 0.0, 0.0, 0.5, 3.0 ] },
										"west": { "texture": "#frame", "uv": [ 0.0, 0.0, 1.0, 3.0 ] },
										"up": { "texture": "#frame", "uv": [ 0.0, 0.0, 0.5, 1.0 ] },
										"down": { "texture": "#frame", "uv": [ 0.0, 0.0, 0.5, 1.0 ] }
									}
								}
							]
						}
					]
				},
				{
					"name": "window37",
					"from": [ -2.0, 6.6, -12.7 ], 
					"to": [ -0.5, 8.3, -1.3 ], 
					"rotationOrigin": [ -3.0, 7.3, -13.0 ],
					"faces": {
						"north": { "texture": "#null", "uv": [ 13.0, 5.0, 14.5, 6.5 ], "enabled": false },
						"east": { "texture": "#glass", "uv": [ 2.5, 5.5, 13.5, 7.0 ], "autoUv": false },
						"south": { "texture": "#frame", "uv": [ 13.5, 4.5, 15.0, 6.0 ], "enabled": false },
						"west": { "texture": "#glass", "uv": [ 2.5, 5.5, 13.5, 7.0 ], "autoUv": false },
						"up": { "texture": "#frame", "uv": [ 13.5, 2.5, 15.0, 13.5 ], "enabled": false },
						"down": { "texture": "#frame", "uv": [ 12.0, 2.5, 13.5, 13.5 ], "enabled": false }
					}
				}
			]
		}
	]}