{
	code: "hidepillow",
	behaviors: [{name: "UnstableFalling"} ],
	variantgroups: [
        { code: "dye", states: ["light", "dark", "blue", "black", "red", "white" ] },
	],
	shape: { base: "block/hidepillow" },
	heldTpIdleAnimation: "holdunderarm",
	creativeinventory: { "general": ["hidepillow-*"], "decorative": ["hidepillow-*"] },
	blockmaterial: "Cloth",
	textures: {
    "0": {"base": "block/patchwork/{dye}"},
	"1": {"base": "block/patchwork/dark"}
	},
	replaceable: 900,
	resistance: 0.75,
	lightAbsorption: 0,
	sidesolid: {
		all: false
	},	
	sideopaque: {
		all: false
	},
	combustibleProps: {
		burnTemperature: 400,
		burnDuration: 15,
	},
	sounds: {
		"place": "game:block/leather",
		"break": "game:block/leather",
		"hit": "game:block/leather",
		"walk": "game:walk/cloth"
	},
	materialDensity: 400,
	selectionbox: { x1: 0.0625, y1: 0, z1: 0.0625, x2: 0.9375, y2: 0.25, z2: 0.9375 },
	collisionbox: { x1: 0.0625, y1: 0, z1: 0.0625, x2: 0.9375, y2: 0.25, z2: 0.9375 },
	guiTransform: {
		rotation: { x: -40, y: -45.3, z: 0 },
		origin: { x: 0.5, y: 0.25, z: 0.5 },
		scale: 1.1
	},
	groundTransform: {
		scale: 1.7
	},
	tpHandTransform: {
		translation: { x: -0.8, y: -0.42, z: -0.9 },
		rotation: { x: 155, y: 109, z: -115 },
		scale: 0.62
	},
	fpHandTransform: {
		translation: { x: -0.3, y: -0.25, z: 0.7 },
		rotation: { x: 30, y: -42, z: 91 },
		scale: 1.45
	}
}