{
	"editor": {
		"allAngles": false,
		"entityTextureMode": false
	},
	"textureWidth": 16,
	"textureHeight": 16,

	"elements": [
		{
			"name": "ttopw",
			"from": [ 5.0, 0.0, 14.0 ], 
			"to": [ 6.0, 3.0, 20.0 ], 
			"rotationOrigin": [ 5.0, 0.4, 14.0 ],
			"rotationY": 89.9802127184967,
			"faces": {
				"north": { "texture": "#stone1", "uv": [ 4.0, 10.5, 5.0, 13.5 ] },
				"east": { "texture": "#stone1", "uv": [ 6.0, 5.5, 12.0, 8.5 ] },
				"south": { "texture": "#stone1", "uv": [ 2.5, 3.0, 3.5, 6.0 ] },
				"west": { "texture": "#stone1", "uv": [ 3.5, 11.5, 9.5, 14.5 ] },
				"up": { "texture": "#stone1", "uv": [ 4.0, 6.5, 5.0, 12.5 ] },
				"down": { "texture": "#stone1", "uv": [ 2.5, 2.0, 3.5, 8.0 ] }
			},
			"children": [
				{
					"name": "top31",
					"from": [ 5.8, 11.2, 2.0 ], 
					"to": [ 6.2, 11.7, 4.0 ], 
					"renderPass": 3,
					"rotationOrigin": [ 2.0, 12.0, 2.0 ],
					"faces": {
						"north": { "texture": "#glass", "uv": [ 8.0, 7.5, 8.5, 8.0 ] },
						"east": { "texture": "#null", "uv": [ 4.0, 12.0, 6.0, 12.5 ], "enabled": false },
						"south": { "texture": "#glass", "uv": [ 12.5, 9.0, 13.0, 9.5 ] },
						"west": { "texture": "#null", "uv": [ 8.5, 12.5, 10.5, 13.0 ], "enabled": false },
						"up": { "texture": "#null", "uv": [ 7.0, 7.5, 7.5, 9.5 ], "enabled": false },
						"down": { "texture": "#null", "uv": [ 8.5, 12.5, 9.0, 14.5 ], "enabled": false }
					}
				},
				{
					"name": "top130",
					"from": [ 1.3, 0.0, 1.9993 ], 
					"to": [ 10.8, 2.7, 3.9993 ], 
					"renderPass": 3,
					"rotationOrigin": [ 0.0014, 0.0, 1.9993 ],
					"rotationY": 0.019793887521617794,
					"faces": {
						"north": { "texture": "#glass", "uv": [ 0.0, 11.0, 11.0, 13.5 ], "autoUv": false },
						"east": { "texture": "#null", "uv": [ 12.5, 12.5, 14.5, 15.0 ], "enabled": false },
						"south": { "texture": "#glass", "uv": [ 0.0, 11.0, 11.0, 13.5 ], "autoUv": false },
						"west": { "texture": "#null", "uv": [ 6.0, 10.5, 8.0, 13.0 ], "enabled": false },
						"up": { "texture": "#null", "uv": [ 3.0, 3.5, 12.5, 5.5 ], "enabled": false },
						"down": { "texture": "#null", "uv": [ 3.5, 13.0, 13.0, 15.0 ], "enabled": false }
					}
				},
				{
					"name": "top132",
					"from": [ 1.8, 2.7, 2.0 ], 
					"to": [ 10.3, 5.2, 4.0 ], 
					"renderPass": 3,
					"rotationOrigin": [ 0.0, 3.0, 2.0 ],
					"faces": {
						"north": { "texture": "#glass", "uv": [ 0.5, 8.5, 10.5, 11.0 ], "autoUv": false },
						"east": { "texture": "#null", "uv": [ 3.5, 2.0, 5.5, 4.5 ], "enabled": false },
						"south": { "texture": "#glass", "uv": [ 0.5, 8.5, 10.5, 11.0 ], "autoUv": false },
						"west": { "texture": "#null", "uv": [ 3.5, 3.0, 5.5, 5.5 ], "enabled": false },
						"up": { "texture": "#null", "uv": [ 4.5, 7.5, 13.0, 9.5 ], "enabled": false },
						"down": { "texture": "#null", "uv": [ 3.5, 11.0, 12.0, 13.0 ], "enabled": false }
					}
				},
				{
					"name": "top134",
					"from": [ 2.3, 5.2, 2.0 ], 
					"to": [ 9.8, 6.7, 4.0 ], 
					"renderPass": 3,
					"rotationOrigin": [ 0.0, 5.0, 2.0 ],
					"faces": {
						"north": { "texture": "#glass", "uv": [ 3.5, 3.5, 12.5, 5.0 ], "autoUv": false },
						"east": { "texture": "#null", "uv": [ 12.0, 13.5, 14.0, 15.0 ], "enabled": false },
						"south": { "texture": "#glass", "uv": [ 3.5, 3.5, 12.5, 5.0 ], "autoUv": false },
						"west": { "texture": "#null", "uv": [ 2.0, 1.0, 4.0, 2.5 ], "enabled": false },
						"up": { "texture": "#null", "uv": [ 2.0, 0.5, 9.5, 2.5 ], "enabled": false },
						"down": { "texture": "#null", "uv": [ 5.5, 10.5, 13.0, 12.5 ], "enabled": false }
					}
				},
				{
					"name": "top136",
					"from": [ 2.8, 6.7, 2.0 ], 
					"to": [ 9.3, 7.7, 4.0 ], 
					"renderPass": 3,
					"rotationOrigin": [ 0.0, 7.0, 2.0 ],
					"faces": {
						"north": { "texture": "#glass", "uv": [ 1.5, 11.0, 9.5, 12.0 ], "autoUv": false },
						"east": { "texture": "#null", "uv": [ 10.0, 11.5, 12.0, 12.5 ], "enabled": false },
						"south": { "texture": "#glass", "uv": [ 1.5, 11.0, 9.5, 12.0 ], "autoUv": false },
						"west": { "texture": "#null", "uv": [ 10.0, 3.5, 12.0, 4.5 ], "enabled": false },
						"up": { "texture": "#null", "uv": [ 3.5, 7.5, 10.0, 9.5 ], "enabled": false },
						"down": { "texture": "#null", "uv": [ 8.0, 11.5, 14.5, 13.5 ], "enabled": false }
					}
				},
				{
					"name": "top138",
					"from": [ 3.3, 7.7, 2.0 ], 
					"to": [ 8.8, 8.7, 4.0 ], 
					"renderPass": 3,
					"rotationOrigin": [ 1.0, 9.0, 2.0 ],
					"faces": {
						"north": { "texture": "#glass", "uv": [ 5.0, 1.5, 11.0, 2.5 ], "autoUv": false },
						"east": { "texture": "#null", "uv": [ 4.5, 0.0, 6.5, 1.0 ], "enabled": false },
						"south": { "texture": "#glass", "uv": [ 5.0, 1.5, 11.0, 2.5 ], "autoUv": false },
						"west": { "texture": "#null", "uv": [ 8.5, 2.5, 10.5, 3.5 ], "enabled": false },
						"up": { "texture": "#null", "uv": [ 9.0, 5.5, 14.5, 7.5 ], "enabled": false },
						"down": { "texture": "#null", "uv": [ 5.0, 13.0, 10.5, 15.0 ], "enabled": false }
					}
				},
				{
					"name": "top140",
					"from": [ 3.8, 8.7, 2.0 ], 
					"to": [ 8.3, 9.7, 4.0 ], 
					"renderPass": 3,
					"rotationOrigin": [ 1.0, 10.0, 2.0 ],
					"faces": {
						"north": { "texture": "#glass", "uv": [ 6.0, 11.0, 10.0, 12.0 ], "autoUv": false },
						"east": { "texture": "#null", "uv": [ 0.5, 13.5, 2.5, 14.5 ], "enabled": false },
						"south": { "texture": "#glass", "uv": [ 6.0, 11.0, 10.0, 12.0 ], "autoUv": false },
						"west": { "texture": "#null", "uv": [ 3.0, 5.5, 5.0, 6.5 ], "enabled": false },
						"up": { "texture": "#null", "uv": [ 0.0, 0.5, 4.5, 2.5 ], "enabled": false },
						"down": { "texture": "#null", "uv": [ 5.5, 13.5, 10.0, 15.5 ], "enabled": false }
					}
				},
				{
					"name": "top142",
					"from": [ 4.3, 9.7, 2.0 ], 
					"to": [ 7.8, 10.2, 4.0 ], 
					"renderPass": 3,
					"rotationOrigin": [ 1.0, 11.0, 2.0 ],
					"faces": {
						"north": { "texture": "#glass", "uv": [ 3.5, 12.5, 7.5, 13.0 ], "autoUv": false },
						"east": { "texture": "#null", "uv": [ 11.0, 5.0, 13.0, 5.5 ], "enabled": false },
						"south": { "texture": "#glass", "uv": [ 3.5, 12.5, 7.5, 13.0 ], "autoUv": false },
						"west": { "texture": "#null", "uv": [ 3.5, 12.0, 5.5, 12.5 ], "enabled": false },
						"up": { "texture": "#null", "uv": [ 3.5, 6.5, 7.0, 8.5 ], "enabled": false },
						"down": { "texture": "#null", "uv": [ 0.0, 1.5, 3.5, 3.5 ], "enabled": false }
					}
				},
				{
					"name": "top144",
					"from": [ 4.8, 10.2, 2.0 ], 
					"to": [ 7.3, 10.7, 4.0 ], 
					"renderPass": 3,
					"rotationOrigin": [ 1.0, 12.0, 2.0 ],
					"faces": {
						"north": { "texture": "#glass", "uv": [ 6.5, 9.5, 9.5, 10.0 ], "autoUv": false },
						"east": { "texture": "#null", "uv": [ 0.5, 2.5, 2.5, 3.0 ], "enabled": false },
						"south": { "texture": "#glass", "uv": [ 6.5, 9.5, 9.5, 10.0 ], "autoUv": false },
						"west": { "texture": "#null", "uv": [ 10.0, 11.5, 12.0, 12.0 ], "enabled": false },
						"up": { "texture": "#null", "uv": [ 9.5, 8.0, 12.0, 10.0 ], "enabled": false },
						"down": { "texture": "#null", "uv": [ 10.5, 12.5, 13.0, 14.5 ], "enabled": false }
					}
				},
				{
					"name": "top146",
					"from": [ 5.3, 10.7, 2.0 ], 
					"to": [ 6.8, 11.2, 4.0 ], 
					"renderPass": 3,
					"rotationOrigin": [ 2.0, 12.0, 2.0 ],
					"faces": {
						"north": { "texture": "#glass", "uv": [ 7.0, 9.0, 8.5, 9.5 ] },
						"east": { "texture": "#null", "uv": [ 0.0, 3.0, 2.0, 3.5 ], "enabled": false },
						"south": { "texture": "#glass", "uv": [ 12.5, 8.0, 14.0, 8.5 ] },
						"west": { "texture": "#null", "uv": [ 2.0, 0.0, 4.0, 0.5 ], "enabled": false },
						"up": { "texture": "#null", "uv": [ 7.0, 2.5, 8.5, 4.5 ], "enabled": false },
						"down": { "texture": "#null", "uv": [ 5.5, 12.5, 7.0, 14.5 ], "enabled": false }
					}
				},
				{
					"name": "frame",
					"from": [ 1.0, 0.0, 1.9993 ], 
					"to": [ 1.3, 2.7, 3.9993 ], 
					
					"rotationOrigin": [ 0.0014, 0.0, 1.9993 ],
					"rotationY": 0.019793887521617794,
					"faces": {
						"north": { "texture": "#frame", "uv": [ 2.0, 3.0, 2.5, 5.5 ] },
						"east": { "texture": "#frame", "uv": [ 10.5, 7.5, 12.5, 10.0 ] },
						"south": { "texture": "#frame", "uv": [ 14.5, 12.5, 15.0, 15.0 ] },
						"west": { "texture": "#frame", "uv": [ 3.5, 0.5, 5.5, 3.0 ] },
						"up": { "texture": "#frame", "uv": [ 8.0, 13.0, 8.5, 15.0 ] },
						"down": { "texture": "#frame", "uv": [ 11.5, 1.5, 12.0, 3.5 ] }
					},
					"children": [
						{
							"name": "frame131",
							"from": [ 0.0, 2.7, 0.0 ], 
							"to": [ 0.8, 3.0, 2.0 ], 
							
							"rotationOrigin": [ -0.9986, 3.0, 0.0 ],
							"faces": {
								"north": { "texture": "#frame", "uv": [ 2.5, 13.5, 3.0, 14.0 ] },
								"east": { "texture": "#frame", "uv": [ 7.5, 12.5, 9.5, 13.0 ] },
								"south": { "texture": "#frame", "uv": [ 2.5, 13.5, 3.0, 14.0 ] },
								"west": { "texture": "#frame", "uv": [ 2.0, 10.5, 4.0, 11.0 ] },
								"up": { "texture": "#frame", "uv": [ 6.5, 9.0, 7.0, 11.0 ] },
								"down": { "texture": "#frame", "uv": [ 0.5, 8.0, 1.0, 10.0 ] }
							}
						},
						{
							"name": "frame132",
							"from": [ 0.5, 3.0, 3.0E-4 ], 
							"to": [ 0.8, 5.2, 2.0003 ], 
							
							"rotationOrigin": [ 0.0014, 3.0, 3.0E-4 ],
							"faces": {
								"north": { "texture": "#frame", "uv": [ 6.5, 12.5, 7.0, 14.5 ] },
								"east": { "texture": "#frame", "uv": [ 0.5, 4.5, 2.5, 6.5 ] },
								"south": { "texture": "#frame", "uv": [ 14.5, 10.0, 15.0, 12.0 ] },
								"west": { "texture": "#frame", "uv": [ 11.0, 1.5, 13.0, 3.5 ] },
								"up": { "texture": "#frame", "uv": [ 0.0, 13.0, 0.5, 15.0 ] },
								"down": { "texture": "#frame", "uv": [ 12.5, 9.5, 13.0, 11.5 ] }
							}
						},
						{
							"name": "frame133",
							"from": [ 0.5, 5.2, 0.0 ], 
							"to": [ 1.3, 5.5, 2.0 ], 
							
							"rotationOrigin": [ -0.9986, 6.0, 0.0 ],
							"faces": {
								"north": { "texture": "#frame", "uv": [ 12.5, 3.0, 13.0, 3.5 ] },
								"east": { "texture": "#frame", "uv": [ 12.5, 0.5, 14.5, 1.0 ] },
								"south": { "texture": "#frame", "uv": [ 11.0, 2.0, 11.5, 2.5 ] },
								"west": { "texture": "#frame", "uv": [ 9.0, 2.5, 11.0, 3.0 ] },
								"up": { "texture": "#frame", "uv": [ 9.0, 2.5, 9.5, 4.5 ] },
								"down": { "texture": "#frame", "uv": [ 14.0, 13.5, 14.5, 15.5 ] }
							}
						},
						{
							"name": "frame134",
							"from": [ 1.0, 5.5, 3.0E-4 ], 
							"to": [ 1.3, 6.7, 2.0003 ], 
							
							"rotationOrigin": [ 0.0014, 5.0, 3.0E-4 ],
							"faces": {
								"north": { "texture": "#frame", "uv": [ 2.5, 14.5, 3.0, 15.5 ] },
								"east": { "texture": "#frame", "uv": [ 0.5, 8.0, 2.5, 9.0 ] },
								"south": { "texture": "#frame", "uv": [ 9.0, 14.0, 9.5, 15.0 ] },
								"west": { "texture": "#frame", "uv": [ 6.5, 12.0, 8.5, 13.0 ] },
								"up": { "texture": "#frame", "uv": [ 9.5, 5.0, 10.0, 7.0 ] },
								"down": { "texture": "#frame", "uv": [ 2.0, 1.5, 2.5, 3.5 ] }
							}
						},
						{
							"name": "frame135",
							"from": [ 1.0, 6.7, 0.0 ], 
							"to": [ 1.8, 7.0, 2.0 ], 
							
							"rotationOrigin": [ -0.9986, 7.0, 0.0 ],
							"faces": {
								"north": { "texture": "#frame", "uv": [ 11.0, 3.0, 11.5, 3.5 ] },
								"east": { "texture": "#frame", "uv": [ 11.0, 6.5, 13.0, 7.0 ] },
								"south": { "texture": "#frame", "uv": [ 1.0, 10.5, 1.5, 11.0 ] },
								"west": { "texture": "#frame", "uv": [ 1.0, 0.0, 3.0, 0.5 ] },
								"up": { "texture": "#frame", "uv": [ 9.5, 8.5, 10.0, 10.5 ] },
								"down": { "texture": "#frame", "uv": [ 7.5, 11.5, 8.0, 13.5 ] }
							}
						},
						{
							"name": "frame136",
							"from": [ 1.5, 7.0, 3.0E-4 ], 
							"to": [ 1.8, 7.7, 2.0003 ], 
							
							"rotationOrigin": [ 0.0014, 7.0, 3.0E-4 ],
							"faces": {
								"north": { "texture": "#frame", "uv": [ 12.0, 2.5, 12.5, 3.0 ] },
								"east": { "texture": "#frame", "uv": [ 5.5, 0.5, 7.5, 1.0 ] },
								"south": { "texture": "#frame", "uv": [ 10.5, 7.5, 11.0, 8.0 ] },
								"west": { "texture": "#frame", "uv": [ 12.0, 0.5, 14.0, 1.0 ] },
								"up": { "texture": "#frame", "uv": [ 12.5, 13.0, 13.0, 15.0 ] },
								"down": { "texture": "#frame", "uv": [ 13.5, 11.5, 14.0, 13.5 ] }
							}
						},
						{
							"name": "frame137",
							"from": [ 1.5, 7.7, 0.0 ], 
							"to": [ 2.3, 8.0, 2.0 ], 
							
							"rotationOrigin": [ -0.9986, 8.0, 0.0 ],
							"faces": {
								"north": { "texture": "#frame", "uv": [ 4.5, 11.5, 5.0, 12.0 ] },
								"east": { "texture": "#frame", "uv": [ 4.5, 6.0, 6.5, 6.5 ] },
								"south": { "texture": "#frame", "uv": [ 13.0, 0.0, 13.5, 0.5 ] },
								"west": { "texture": "#frame", "uv": [ 11.0, 10.5, 13.0, 11.0 ] },
								"up": { "texture": "#frame", "uv": [ 12.5, 3.5, 13.0, 5.5 ] },
								"down": { "texture": "#frame", "uv": [ 2.0, 4.5, 2.5, 6.5 ] }
							}
						},
						{
							"name": "frame138",
							"from": [ 2.0, 8.0, 3.0E-4 ], 
							"to": [ 2.3, 8.7, 2.0003 ], 
							
							"rotationOrigin": [ 0.0014, 8.0, 3.0E-4 ],
							"faces": {
								"north": { "texture": "#frame", "uv": [ 10.5, 4.0, 11.0, 4.5 ] },
								"east": { "texture": "#frame", "uv": [ 2.5, 11.0, 4.5, 11.5 ] },
								"south": { "texture": "#frame", "uv": [ 6.0, 2.0, 6.5, 2.5 ] },
								"west": { "texture": "#frame", "uv": [ 10.5, 13.5, 12.5, 14.0 ] },
								"up": { "texture": "#frame", "uv": [ 6.0, 12.5, 6.5, 14.5 ] },
								"down": { "texture": "#frame", "uv": [ 10.5, 9.5, 11.0, 11.5 ] }
							}
						},
						{
							"name": "frame139",
							"from": [ 2.0, 8.7, 0.0 ], 
							"to": [ 2.8, 9.0, 2.0 ], 
							
							"rotationOrigin": [ -0.9986, 9.0, 0.0 ],
							"faces": {
								"north": { "texture": "#frame", "uv": [ 5.0, 3.5, 5.5, 4.0 ] },
								"east": { "texture": "#frame", "uv": [ 11.0, 5.0, 13.0, 5.5 ] },
								"south": { "texture": "#frame", "uv": [ 7.5, 14.0, 8.0, 14.5 ] },
								"west": { "texture": "#frame", "uv": [ 8.0, 13.0, 10.0, 13.5 ] },
								"up": { "texture": "#frame", "uv": [ 11.5, 4.5, 12.0, 6.5 ] },
								"down": { "texture": "#frame", "uv": [ 4.5, 13.0, 5.0, 15.0 ] }
							}
						},
						{
							"name": "frame140",
							"from": [ 2.5, 9.0, 3.0E-4 ], 
							"to": [ 2.8, 9.7, 2.0003 ], 
							
							"rotationOrigin": [ 0.0014, 9.0, 3.0E-4 ],
							"faces": {
								"north": { "texture": "#frame", "uv": [ 4.5, 10.0, 5.0, 10.5 ] },
								"east": { "texture": "#frame", "uv": [ 12.5, 14.0, 14.5, 14.5 ] },
								"south": { "texture": "#frame", "uv": [ 8.0, 12.5, 8.5, 13.0 ] },
								"west": { "texture": "#frame", "uv": [ 10.5, 8.5, 12.5, 9.0 ] },
								"up": { "texture": "#frame", "uv": [ 0.5, 13.5, 1.0, 15.5 ] },
								"down": { "texture": "#frame", "uv": [ 6.0, 10.0, 6.5, 12.0 ] }
							}
						},
						{
							"name": "frame141",
							"from": [ 2.5, 9.7, 0.0 ], 
							"to": [ 3.3, 10.0, 2.0 ], 
							
							"rotationOrigin": [ -0.9986, 10.0, 0.0 ],
							"faces": {
								"north": { "texture": "#frame", "uv": [ 9.0, 2.0, 9.5, 2.5 ] },
								"east": { "texture": "#frame", "uv": [ 3.5, 10.0, 5.5, 10.5 ] },
								"south": { "texture": "#frame", "uv": [ 11.5, 2.5, 12.0, 3.0 ] },
								"west": { "texture": "#frame", "uv": [ 12.0, 1.0, 14.0, 1.5 ] },
								"up": { "texture": "#frame", "uv": [ 3.5, 8.0, 4.0, 10.0 ] },
								"down": { "texture": "#frame", "uv": [ 10.0, 11.5, 10.5, 13.5 ] }
							}
						},
						{
							"name": "frame142",
							"from": [ 3.0, 10.0, 3.0E-4 ], 
							"to": [ 3.3, 10.2, 2.0003 ], 
							
							"rotationOrigin": [ 0.0014, 10.0, 3.0E-4 ],
							"faces": {
								"north": { "texture": "#frame", "uv": [ 13.0, 12.5, 13.5, 13.0 ] },
								"east": { "texture": "#frame", "uv": [ 4.0, 6.0, 6.0, 6.5 ] },
								"south": { "texture": "#frame", "uv": [ 0.0, 11.0, 0.5, 11.5 ] },
								"west": { "texture": "#frame", "uv": [ 10.0, 0.5, 12.0, 1.0 ] },
								"up": { "texture": "#frame", "uv": [ 10.5, 2.5, 11.0, 4.5 ] },
								"down": { "texture": "#frame", "uv": [ 3.0, 3.5, 3.5, 5.5 ] }
							}
						},
						{
							"name": "frame143",
							"from": [ 3.0, 10.2, 0.0 ], 
							"to": [ 3.8, 10.5, 2.0 ], 
							
							"rotationOrigin": [ -0.9986, 10.0, 0.0 ],
							"faces": {
								"north": { "texture": "#frame", "uv": [ 10.0, 9.5, 10.5, 10.0 ] },
								"east": { "texture": "#frame", "uv": [ 0.5, 12.0, 2.5, 12.5 ] },
								"south": { "texture": "#frame", "uv": [ 8.0, 12.0, 8.5, 12.5 ] },
								"west": { "texture": "#frame", "uv": [ 0.0, 3.5, 2.0, 4.0 ] },
								"up": { "texture": "#frame", "uv": [ 0.5, 9.5, 1.0, 11.5 ] },
								"down": { "texture": "#frame", "uv": [ 10.0, 0.5, 10.5, 2.5 ] }
							}
						},
						{
							"name": "frame144",
							"from": [ 3.5, 10.5, 3.0E-4 ], 
							"to": [ 3.8, 10.7, 2.0003 ], 
							
							"rotationOrigin": [ 0.0014, 11.0, 3.0E-4 ],
							"faces": {
								"north": { "texture": "#frame", "uv": [ 6.0, 13.0, 6.5, 13.5 ] },
								"east": { "texture": "#frame", "uv": [ 4.5, 14.0, 6.5, 14.5 ] },
								"south": { "texture": "#frame", "uv": [ 14.5, 4.5, 15.0, 5.0 ] },
								"west": { "texture": "#frame", "uv": [ 3.0, 8.0, 5.0, 8.5 ] },
								"up": { "texture": "#frame", "uv": [ 11.5, 0.0, 12.0, 2.0 ] },
								"down": { "texture": "#frame", "uv": [ 9.5, 0.5, 10.0, 2.5 ] }
							}
						},
						{
							"name": "frame145",
							"from": [ 3.5, 10.7, 0.0 ], 
							"to": [ 4.3, 11.0, 2.0 ], 
							
							"rotationOrigin": [ -0.9986, 10.0, 0.0 ],
							"faces": {
								"north": { "texture": "#frame", "uv": [ 9.5, 14.5, 10.0, 15.0 ] },
								"east": { "texture": "#frame", "uv": [ 0.0, 5.5, 2.0, 6.0 ] },
								"south": { "texture": "#frame", "uv": [ 3.5, 11.0, 4.0, 11.5 ] },
								"west": { "texture": "#frame", "uv": [ 9.0, 9.0, 11.0, 9.5 ] },
								"up": { "texture": "#frame", "uv": [ 8.0, 9.5, 8.5, 11.5 ] },
								"down": { "texture": "#frame", "uv": [ 7.0, 13.5, 7.5, 15.5 ] }
							}
						},
						{
							"name": "frame146",
							"from": [ 4.0, 11.0, 3.0E-4 ], 
							"to": [ 4.3, 11.2, 2.0003 ], 
							
							"rotationOrigin": [ 0.0014, 11.0, 3.0E-4 ],
							"faces": {
								"north": { "texture": "#frame", "uv": [ 5.5, 12.5, 6.0, 13.0 ] },
								"east": { "texture": "#frame", "uv": [ 11.0, 1.0, 13.0, 1.5 ] },
								"south": { "texture": "#frame", "uv": [ 0.0, 6.0, 0.5, 6.5 ] },
								"west": { "texture": "#frame", "uv": [ 1.5, 1.5, 3.5, 2.0 ] },
								"up": { "texture": "#frame", "uv": [ 4.0, 1.0, 4.5, 3.0 ] },
								"down": { "texture": "#frame", "uv": [ 1.5, 8.5, 2.0, 10.5 ] }
							}
						},
						{
							"name": "frame147",
							"from": [ 4.0, 11.2, 0.0 ], 
							"to": [ 4.8, 11.5, 2.0 ], 
							
							"rotationOrigin": [ -0.9986, 10.0, 0.0 ],
							"faces": {
								"north": { "texture": "#frame", "uv": [ 4.5, 8.0, 5.0, 8.5 ] },
								"east": { "texture": "#frame", "uv": [ 6.5, 3.5, 8.5, 4.0 ] },
								"south": { "texture": "#frame", "uv": [ 10.0, 14.0, 10.5, 14.5 ] },
								"west": { "texture": "#frame", "uv": [ 3.5, 1.5, 5.5, 2.0 ] },
								"up": { "texture": "#frame", "uv": [ 6.5, 2.5, 7.0, 4.5 ] },
								"down": { "texture": "#frame", "uv": [ 9.0, 6.0, 9.5, 8.0 ] }
							}
						},
						{
							"name": "frame148",
							"from": [ 4.5, 11.5, 3.0E-4 ], 
							"to": [ 4.8, 11.7, 2.0003 ], 
							
							"rotationOrigin": [ 0.0014, 11.0, 3.0E-4 ],
							"faces": {
								"north": { "texture": "#frame", "uv": [ 13.5, 11.5, 14.0, 12.0 ] },
								"east": { "texture": "#frame", "uv": [ 3.5, 12.5, 5.5, 13.0 ] },
								"south": { "texture": "#frame", "uv": [ 15.0, 5.0, 15.5, 5.5 ] },
								"west": { "texture": "#frame", "uv": [ 4.5, 8.0, 6.5, 8.5 ] },
								"up": { "texture": "#frame", "uv": [ 13.5, 10.5, 14.0, 12.5 ] },
								"down": { "texture": "#frame", "uv": [ 1.0, 13.5, 1.5, 15.5 ] }
							}
						},
						{
							"name": "frame149",
							"from": [ 4.5, 11.7, 0.0 ], 
							"to": [ 5.5, 12.0, 2.0 ], 
							
							"rotationOrigin": [ -0.9986, 10.0, 0.0 ],
							"faces": {
								"north": { "texture": "#frame", "uv": [ 6.0, 8.5, 7.0, 9.0 ] },
								"east": { "texture": "#frame", "uv": [ 6.0, 1.5, 8.0, 2.0 ] },
								"south": { "texture": "#frame", "uv": [ 9.5, 11.5, 10.5, 12.0 ] },
								"west": { "texture": "#frame", "uv": [ 0.0, 12.5, 2.0, 13.0 ] },
								"up": { "texture": "#frame", "uv": [ 12.0, 7.5, 13.0, 9.5 ] },
								"down": { "texture": "#frame", "uv": [ 12.5, 6.5, 13.5, 8.5 ] }
							}
						},
						{
							"name": "frame150",
							"from": [ 9.7, 0.0, 0.0035 ], 
							"to": [ 10.0, 2.7, 2.0035 ], 
							
							"rotationOrigin": [ 9.0014, 0.0, 0.0035 ],
							"faces": {
								"north": { "texture": "#frame", "uv": [ 13.5, 3.0, 14.0, 5.5 ] },
								"east": { "texture": "#frame", "uv": [ 10.0, 12.0, 12.0, 14.5 ] },
								"south": { "texture": "#frame", "uv": [ 9.5, 5.0, 10.0, 7.5 ] },
								"west": { "texture": "#frame", "uv": [ 11.0, 6.0, 13.0, 8.5 ] },
								"up": { "texture": "#frame", "uv": [ 1.0, 6.5, 1.5, 8.5 ] },
								"down": { "texture": "#frame", "uv": [ 1.5, 4.5, 2.0, 6.5 ] }
							}
						},
						{
							"name": "frame151",
							"from": [ 9.2, 3.0, 0.0035 ], 
							"to": [ 9.5, 5.2, 2.0035 ], 
							
							"rotationOrigin": [ 9.0014, 3.0, 0.0035 ],
							"faces": {
								"north": { "texture": "#frame", "uv": [ 4.5, 2.5, 5.0, 4.5 ] },
								"east": { "texture": "#frame", "uv": [ 2.5, 7.5, 4.5, 9.5 ] },
								"south": { "texture": "#frame", "uv": [ 14.5, 9.0, 15.0, 11.0 ] },
								"west": { "texture": "#frame", "uv": [ 12.5, 8.0, 14.5, 10.0 ] },
								"up": { "texture": "#frame", "uv": [ 9.5, 8.5, 10.0, 10.5 ] },
								"down": { "texture": "#frame", "uv": [ 6.5, 6.0, 7.0, 8.0 ] }
							}
						},
						{
							"name": "frame152",
							"from": [ 9.2, 2.7, 0.0031 ], 
							"to": [ 10.0, 3.0, 2.0031 ], 
							
							"rotationOrigin": [ 8.0014, 3.0, 0.0031 ],
							"faces": {
								"north": { "texture": "#frame", "uv": [ 5.0, 4.5, 5.5, 5.0 ] },
								"east": { "texture": "#frame", "uv": [ 4.0, 8.5, 6.0, 9.0 ] },
								"south": { "texture": "#frame", "uv": [ 4.0, 13.0, 4.5, 13.5 ] },
								"west": { "texture": "#frame", "uv": [ 9.5, 1.0, 11.5, 1.5 ] },
								"up": { "texture": "#frame", "uv": [ 6.5, 4.5, 7.0, 6.5 ] },
								"down": { "texture": "#frame", "uv": [ 0.5, 2.0, 1.0, 4.0 ] }
							}
						},
						{
							"name": "frame153",
							"from": [ 8.7, 5.2, 0.0028 ], 
							"to": [ 9.5, 5.5, 2.0028 ], 
							
							"rotationOrigin": [ 7.0014, 6.0, 0.0028 ],
							"faces": {
								"north": { "texture": "#frame", "uv": [ 6.0, 10.5, 6.5, 11.0 ] },
								"east": { "texture": "#frame", "uv": [ 2.5, 3.5, 4.5, 4.0 ] },
								"south": { "texture": "#frame", "uv": [ 8.5, 12.0, 9.0, 12.5 ] },
								"west": { "texture": "#frame", "uv": [ 6.0, 15.0, 8.0, 15.5 ] },
								"up": { "texture": "#frame", "uv": [ 9.5, 12.5, 10.0, 14.5 ] },
								"down": { "texture": "#frame", "uv": [ 2.5, 2.5, 3.0, 4.5 ] }
							}
						},
						{
							"name": "frame154",
							"from": [ 8.7, 5.5, 0.0031 ], 
							"to": [ 9.0, 6.7, 2.0031 ], 
							
							"rotationOrigin": [ 8.0014, 5.0, 0.0031 ],
							"faces": {
								"north": { "texture": "#frame", "uv": [ 1.0, 7.5, 1.5, 8.5 ] },
								"east": { "texture": "#frame", "uv": [ 11.0, 12.5, 13.0, 13.5 ] },
								"south": { "texture": "#frame", "uv": [ 11.0, 8.0, 11.5, 9.0 ] },
								"west": { "texture": "#frame", "uv": [ 8.5, 2.5, 10.5, 3.5 ] },
								"up": { "texture": "#frame", "uv": [ 10.5, 8.5, 11.0, 10.5 ] },
								"down": { "texture": "#frame", "uv": [ 12.5, 10.0, 13.0, 12.0 ] }
							}
						},
						{
							"name": "frame156",
							"from": [ 8.2, 7.0, 0.0028 ], 
							"to": [ 8.5, 7.7, 2.0028 ], 
							
							"rotationOrigin": [ 7.0014, 7.0, 0.0028 ],
							"faces": {
								"north": { "texture": "#frame", "uv": [ 5.5, 0.0, 6.0, 0.5 ] },
								"east": { "texture": "#frame", "uv": [ 9.0, 9.5, 11.0, 10.0 ] },
								"south": { "texture": "#frame", "uv": [ 8.5, 6.0, 9.0, 6.5 ] },
								"west": { "texture": "#frame", "uv": [ 8.5, 11.0, 10.5, 11.5 ] },
								"up": { "texture": "#frame", "uv": [ 2.0, 5.5, 2.5, 7.5 ] },
								"down": { "texture": "#frame", "uv": [ 10.5, 10.0, 11.0, 12.0 ] }
							}
						},
						{
							"name": "frame155",
							"from": [ 8.3, 6.7, 0.0024 ], 
							"to": [ 9.1, 7.0, 2.0024 ], 
							
							"rotationOrigin": [ 6.0014, 7.0, 0.0024 ],
							"faces": {
								"north": { "texture": "#frame", "uv": [ 11.0, 9.0, 11.5, 9.5 ] },
								"east": { "texture": "#frame", "uv": [ 0.5, 4.0, 2.5, 4.5 ] },
								"south": { "texture": "#frame", "uv": [ 14.0, 12.0, 14.5, 12.5 ] },
								"west": { "texture": "#frame", "uv": [ 9.5, 1.0, 11.5, 1.5 ] },
								"up": { "texture": "#frame", "uv": [ 14.0, 3.0, 14.5, 5.0 ] },
								"down": { "texture": "#frame", "uv": [ 8.5, 7.0, 9.0, 9.0 ] }
							}
						},
						{
							"name": "frame157",
							"from": [ 7.8, 7.7, 0.0021 ], 
							"to": [ 8.6, 8.0, 2.0021 ], 
							
							"rotationOrigin": [ 5.0014, 8.0, 0.0021 ],
							"faces": {
								"north": { "texture": "#frame", "uv": [ 9.0, 13.0, 9.5, 13.5 ] },
								"east": { "texture": "#frame", "uv": [ 7.5, 6.5, 9.5, 7.0 ] },
								"south": { "texture": "#frame", "uv": [ 1.0, 6.0, 1.5, 6.5 ] },
								"west": { "texture": "#frame", "uv": [ 7.0, 5.5, 9.0, 6.0 ] },
								"up": { "texture": "#frame", "uv": [ 11.0, 10.5, 11.5, 12.5 ] },
								"down": { "texture": "#frame", "uv": [ 2.0, 10.5, 2.5, 12.5 ] }
							}
						},
						{
							"name": "frame158",
							"from": [ 7.7, 8.0, 0.0024 ], 
							"to": [ 8.0, 8.7, 2.0024 ], 
							
							"rotationOrigin": [ 6.0014, 8.0, 0.0024 ],
							"faces": {
								"north": { "texture": "#frame", "uv": [ 1.0, 3.5, 1.5, 4.0 ] },
								"east": { "texture": "#frame", "uv": [ 3.5, 0.5, 5.5, 1.0 ] },
								"south": { "texture": "#frame", "uv": [ 12.0, 14.0, 12.5, 14.5 ] },
								"west": { "texture": "#frame", "uv": [ 4.0, 14.0, 6.0, 14.5 ] },
								"up": { "texture": "#frame", "uv": [ 3.5, 11.5, 4.0, 13.5 ] },
								"down": { "texture": "#frame", "uv": [ 15.0, 10.0, 15.5, 12.0 ] }
							}
						},
						{
							"name": "frame159",
							"from": [ 7.3, 8.7, 0.0017 ], 
							"to": [ 8.1, 9.0, 2.0017 ], 
							
							"rotationOrigin": [ 4.0014, 9.0, 0.0017 ],
							"faces": {
								"north": { "texture": "#frame", "uv": [ 1.0, 1.5, 1.5, 2.0 ] },
								"east": { "texture": "#frame", "uv": [ 8.5, 14.5, 10.5, 15.0 ] },
								"south": { "texture": "#frame", "uv": [ 4.0, 9.0, 4.5, 9.5 ] },
								"west": { "texture": "#frame", "uv": [ 10.5, 5.0, 12.5, 5.5 ] },
								"up": { "texture": "#frame", "uv": [ 11.5, 12.0, 12.0, 14.0 ] },
								"down": { "texture": "#frame", "uv": [ 5.5, 3.5, 6.0, 5.5 ] }
							}
						},
						{
							"name": "frame160",
							"from": [ 7.2, 9.0, 0.0021 ], 
							"to": [ 7.5, 9.7, 2.0021 ], 
							
							"rotationOrigin": [ 5.0014, 9.0, 0.0021 ],
							"faces": {
								"north": { "texture": "#frame", "uv": [ 14.0, 5.0, 14.5, 5.5 ] },
								"east": { "texture": "#frame", "uv": [ 7.0, 2.5, 9.0, 3.0 ] },
								"south": { "texture": "#frame", "uv": [ 10.0, 14.5, 10.5, 15.0 ] },
								"west": { "texture": "#frame", "uv": [ 11.5, 5.5, 13.5, 6.0 ] },
								"up": { "texture": "#frame", "uv": [ 5.0, 4.0, 5.5, 6.0 ] },
								"down": { "texture": "#frame", "uv": [ 3.0, 2.0, 3.5, 4.0 ] }
							}
						},
						{
							"name": "frame161",
							"from": [ 6.8, 9.7, 0.0014 ], 
							"to": [ 7.6, 10.0, 2.0014 ], 
							
							"rotationOrigin": [ 3.0014, 10.0, 0.0014 ],
							"faces": {
								"north": { "texture": "#frame", "uv": [ 9.0, 13.5, 9.5, 14.0 ] },
								"east": { "texture": "#frame", "uv": [ 4.5, 6.0, 6.5, 6.5 ] },
								"south": { "texture": "#frame", "uv": [ 10.5, 11.5, 11.0, 12.0 ] },
								"west": { "texture": "#frame", "uv": [ 5.0, 10.5, 7.0, 11.0 ] },
								"up": { "texture": "#frame", "uv": [ 8.0, 2.5, 8.5, 4.5 ] },
								"down": { "texture": "#frame", "uv": [ 7.5, 1.5, 8.0, 3.5 ] }
							}
						},
						{
							"name": "frame162",
							"from": [ 6.7, 10.0, 0.0017 ], 
							"to": [ 7.0, 10.2, 2.0017 ], 
							
							"rotationOrigin": [ 4.0014, 10.0, 0.0017 ],
							"faces": {
								"north": { "texture": "#frame", "uv": [ 2.5, 4.0, 3.0, 4.5 ] },
								"east": { "texture": "#frame", "uv": [ 3.5, 9.0, 5.5, 9.5 ] },
								"south": { "texture": "#frame", "uv": [ 12.0, 11.0, 12.5, 11.5 ] },
								"west": { "texture": "#frame", "uv": [ 11.5, 7.5, 13.5, 8.0 ] },
								"up": { "texture": "#frame", "uv": [ 3.5, 2.0, 4.0, 4.0 ] },
								"down": { "texture": "#frame", "uv": [ 9.5, 9.5, 10.0, 11.5 ] }
							}
						},
						{
							"name": "frame163",
							"from": [ 6.3, 10.2, 0.001 ], 
							"to": [ 7.1, 10.5, 2.001 ], 
							
							"rotationOrigin": [ 2.0014, 10.0, 0.001 ],
							"faces": {
								"north": { "texture": "#frame", "uv": [ 5.5, 12.0, 6.0, 12.5 ] },
								"east": { "texture": "#frame", "uv": [ 2.0, 7.0, 4.0, 7.5 ] },
								"south": { "texture": "#frame", "uv": [ 11.0, 4.0, 11.5, 4.5 ] },
								"west": { "texture": "#frame", "uv": [ 3.5, 10.5, 5.5, 11.0 ] },
								"up": { "texture": "#frame", "uv": [ 11.5, 7.0, 12.0, 9.0 ] },
								"down": { "texture": "#frame", "uv": [ 12.0, 0.5, 12.5, 2.5 ] }
							}
						},
						{
							"name": "frame164",
							"from": [ 6.2, 10.5, 0.0014 ], 
							"to": [ 6.5, 10.7, 2.0014 ], 
							
							"rotationOrigin": [ 3.0014, 11.0, 0.0014 ],
							"faces": {
								"north": { "texture": "#frame", "uv": [ 2.0, 14.0, 2.5, 14.5 ] },
								"east": { "texture": "#frame", "uv": [ 6.5, 3.5, 8.5, 4.0 ] },
								"south": { "texture": "#frame", "uv": [ 4.0, 6.5, 4.5, 7.0 ] },
								"west": { "texture": "#frame", "uv": [ 1.5, 3.5, 3.5, 4.0 ] },
								"up": { "texture": "#frame", "uv": [ 1.5, 2.0, 2.0, 4.0 ] },
								"down": { "texture": "#frame", "uv": [ 6.5, 11.5, 7.0, 13.5 ] }
							}
						},
						{
							"name": "frame165",
							"from": [ 5.7, 10.7, 7.0E-4 ], 
							"to": [ 6.5, 11.0, 2.0007 ], 
							
							"rotationOrigin": [ 1.0014, 10.0, 7.0E-4 ],
							"faces": {
								"north": { "texture": "#frame", "uv": [ 1.0, 6.0, 1.5, 6.5 ] },
								"east": { "texture": "#frame", "uv": [ 11.0, 15.0, 13.0, 15.5 ] },
								"south": { "texture": "#frame", "uv": [ 14.0, 4.0, 14.5, 4.5 ] },
								"west": { "texture": "#frame", "uv": [ 5.5, 0.5, 7.5, 1.0 ] },
								"up": { "texture": "#frame", "uv": [ 2.0, 12.5, 2.5, 14.5 ] },
								"down": { "texture": "#frame", "uv": [ 14.0, 1.0, 14.5, 3.0 ] }
							}
						},
						{
							"name": "frame166",
							"from": [ 5.7, 11.0, 0.001 ], 
							"to": [ 6.0, 11.2, 2.001 ], 
							
							"rotationOrigin": [ 2.0014, 11.0, 0.001 ],
							"faces": {
								"north": { "texture": "#frame", "uv": [ 3.0, 11.0, 3.5, 11.5 ] },
								"east": { "texture": "#frame", "uv": [ 0.5, 13.5, 2.5, 14.0 ] },
								"south": { "texture": "#frame", "uv": [ 13.0, 1.0, 13.5, 1.5 ] },
								"west": { "texture": "#frame", "uv": [ 10.0, 8.5, 12.0, 9.0 ] },
								"up": { "texture": "#frame", "uv": [ 5.5, 4.5, 6.0, 6.5 ] },
								"down": { "texture": "#frame", "uv": [ 0.0, 6.5, 0.5, 8.5 ] }
							}
						},
						{
							"name": "frame167",
							"from": [ 5.2, 11.2, 3.0E-4 ], 
							"to": [ 6.0, 11.5, 2.0003 ], 
							
							"rotationOrigin": [ 0.0014, 10.0, 3.0E-4 ],
							"faces": {
								"north": { "texture": "#frame", "uv": [ 1.5, 2.5, 2.0, 3.0 ] },
								"east": { "texture": "#frame", "uv": [ 7.5, 2.0, 9.5, 2.5 ] },
								"south": { "texture": "#frame", "uv": [ 12.0, 7.0, 12.5, 7.5 ] },
								"west": { "texture": "#frame", "uv": [ 3.0, 4.0, 5.0, 4.5 ] },
								"up": { "texture": "#frame", "uv": [ 1.5, 7.5, 2.0, 9.5 ] },
								"down": { "texture": "#frame", "uv": [ 1.0, 11.5, 1.5, 13.5 ] }
							}
						},
						{
							"name": "frame168",
							"from": [ 5.2, 11.5, 7.0E-4 ], 
							"to": [ 5.5, 11.7, 2.0007 ], 
							
							"rotationOrigin": [ 1.0014, 11.0, 7.0E-4 ],
							"faces": {
								"north": { "texture": "#frame", "uv": [ 7.0, 1.0, 7.5, 1.5 ] },
								"east": { "texture": "#frame", "uv": [ 7.0, 0.5, 9.0, 1.0 ] },
								"south": { "texture": "#frame", "uv": [ 11.5, 10.5, 12.0, 11.0 ] },
								"west": { "texture": "#frame", "uv": [ 11.0, 11.5, 13.0, 12.0 ] },
								"up": { "texture": "#frame", "uv": [ 2.5, 6.0, 3.0, 8.0 ] },
								"down": { "texture": "#frame", "uv": [ 6.5, 13.0, 7.0, 15.0 ] }
							}
						}
					]
				},
				{
					"name": "Cube52",
					"from": [ 8.5, 9.5, -0.0059 ], 
					"to": [ 9.5, 10.5, 5.9941 ], 
					"rotationOrigin": [ 6.0007, 9.4, -0.0024 ],
					"faces": {
						"north": { "texture": "#stone1", "uv": [ 6.5, 7.5, 7.5, 8.5 ] },
						"east": { "texture": "#stone1", "uv": [ 8.5, 5.5, 14.5, 6.5 ] },
						"south": { "texture": "#stone1", "uv": [ 10.5, 8.0, 11.5, 9.0 ] },
						"west": { "texture": "#stone1", "uv": [ 9.5, 8.0, 15.5, 9.0 ] },
						"up": { "texture": "#stone1", "uv": [ 3.5, 2.5, 4.5, 8.5 ] },
						"down": { "texture": "#stone1", "uv": [ 10.0, 8.0, 11.0, 14.0 ] }
					},
					"children": [
						{
							"name": "Cube50",
							"from": [ -1.0, 1.0, 0.0 ], 
							"to": [ 0.5, 1.5, 6.0 ], 
							"rotationOrigin": [ -3.5, 0.9, 0.0 ],
							"faces": {
								"north": { "texture": "#stone1", "uv": [ 5.0, 12.5, 6.5, 13.0 ] },
								"east": { "texture": "#stone1", "uv": [ 6.5, 9.5, 12.5, 10.0 ] },
								"south": { "texture": "#stone1", "uv": [ 11.5, 8.0, 13.0, 8.5 ] },
								"west": { "texture": "#stone1", "uv": [ 2.0, 9.0, 8.0, 9.5 ] },
								"up": { "texture": "#stone1", "uv": [ 2.0, 4.0, 3.5, 10.0 ] },
								"down": { "texture": "#stone1", "uv": [ 3.0, 7.0, 4.5, 13.0 ] }
							}
						},
						{
							"name": "Cube49",
							"from": [ -1.5, 1.5, 0.0 ], 
							"to": [ 0.0, 2.0, 6.0 ], 
							"rotationOrigin": [ -4.5, 0.9, 0.0 ],
							"faces": {
								"north": { "texture": "#stone1", "uv": [ 10.0, 7.0, 11.5, 7.5 ] },
								"east": { "texture": "#stone1", "uv": [ 7.5, 7.5, 13.5, 8.0 ] },
								"south": { "texture": "#stone1", "uv": [ 10.5, 2.0, 12.0, 2.5 ] },
								"west": { "texture": "#stone1", "uv": [ 8.5, 3.5, 14.5, 4.0 ] },
								"up": { "texture": "#stone1", "uv": [ 12.0, 2.5, 13.5, 8.5 ] },
								"down": { "texture": "#stone1", "uv": [ 13.5, 2.5, 15.0, 8.5 ] }
							}
						},
						{
							"name": "Cube48",
							"from": [ -2.0, 2.0, 0.0 ], 
							"to": [ -0.5, 2.5, 6.0 ], 
							"rotationOrigin": [ -5.5, 0.9, 0.0 ],
							"faces": {
								"north": { "texture": "#stone1", "uv": [ 5.5, 1.0, 7.0, 1.5 ] },
								"east": { "texture": "#stone1", "uv": [ 4.5, 10.5, 10.5, 11.0 ] },
								"south": { "texture": "#stone1", "uv": [ 5.0, 15.0, 6.5, 15.5 ] },
								"west": { "texture": "#stone1", "uv": [ 8.5, 14.5, 14.5, 15.0 ] },
								"up": { "texture": "#stone1", "uv": [ 14.0, 6.5, 15.5, 12.5 ] },
								"down": { "texture": "#stone1", "uv": [ 1.5, 4.5, 3.0, 10.5 ] }
							}
						},
						{
							"name": "Cube47",
							"from": [ -3.0, 3.5, 0.0 ], 
							"to": [ -2.0, 4.0, 6.0 ], 
							"rotationOrigin": [ -8.5, 0.9, 0.0 ],
							"faces": {
								"north": { "texture": "#stone1", "uv": [ 10.0, 15.0, 11.0, 15.5 ] },
								"east": { "texture": "#stone1", "uv": [ 5.5, 6.5, 11.5, 7.0 ] },
								"south": { "texture": "#stone1", "uv": [ 7.0, 2.0, 8.0, 2.5 ] },
								"west": { "texture": "#stone1", "uv": [ 8.0, 15.0, 14.0, 15.5 ] },
								"up": { "texture": "#stone1", "uv": [ 12.5, 6.5, 13.5, 12.5 ] },
								"down": { "texture": "#stone1", "uv": [ 1.5, 6.0, 2.5, 12.0 ] }
							}
						},
						{
							"name": "Cube46",
							"from": [ -3.5, 3.0, 0.0 ], 
							"to": [ -1.5, 3.5, 6.0 ], 
							"rotationOrigin": [ -8.5, 0.9, 0.0 ],
							"faces": {
								"north": { "texture": "#stone1", "uv": [ 13.0, 14.0, 15.0, 14.5 ] },
								"east": { "texture": "#stone1", "uv": [ 2.5, 5.5, 8.5, 6.0 ] },
								"south": { "texture": "#stone1", "uv": [ 7.5, 9.0, 9.5, 9.5 ] },
								"west": { "texture": "#stone1", "uv": [ 6.0, 7.0, 12.0, 7.5 ] },
								"up": { "texture": "#stone1", "uv": [ 7.5, 2.0, 9.5, 8.0 ] },
								"down": { "texture": "#stone1", "uv": [ 13.0, 5.0, 15.0, 11.0 ] }
							}
						},
						{
							"name": "Cube45",
							"from": [ -4.0, 2.5, 0.0 ], 
							"to": [ -1.0, 3.0, 6.0 ], 
							"rotationOrigin": [ -8.5, 0.9, 0.0 ],
							"faces": {
								"north": { "texture": "#stone1", "uv": [ 10.0, 13.5, 13.0, 14.0 ] },
								"east": { "texture": "#stone1", "uv": [ 8.0, 15.0, 14.0, 15.5 ] },
								"south": { "texture": "#stone1", "uv": [ 3.0, 13.5, 6.0, 14.0 ] },
								"west": { "texture": "#stone1", "uv": [ 4.5, 6.0, 10.5, 6.5 ] },
								"up": { "texture": "#stone1", "uv": [ 5.0, 9.0, 8.0, 15.0 ] },
								"down": { "texture": "#stone1", "uv": [ 11.0, 0.5, 14.0, 6.5 ] }
							}
						},
						{
							"name": "Cube65",
							"from": [ -9.0014, -1.5, -1.9938 ], 
							"to": [ -7.0014, -0.5, 8.0062 ], 
							"rotationOrigin": [ -10.5, -3.1, -1.9938 ],
							"faces": {
								"north": { "texture": "#stone1", "uv": [ 7.0, 11.5, 9.0, 12.5 ] },
								"east": { "texture": "#stone1", "uv": [ 0.5, 2.0, 10.5, 3.0 ] },
								"south": { "texture": "#stone1", "uv": [ 10.5, 12.5, 12.5, 13.5 ] },
								"west": { "texture": "#stone1", "uv": [ 0.0, 10.0, 10.0, 11.0 ] },
								"up": { "texture": "#stone1", "uv": [ 9.0, 0.0, 11.0, 10.0 ] },
								"down": { "texture": "#stone1", "uv": [ 6.0, 4.0, 8.0, 14.0 ] }
							},
							"children": [
								{
									"name": "Cube66",
									"from": [ -1.0, 1.0, 0.0 ], 
									"to": [ 2.5, 2.5, 10.0 ], 
									"rotationOrigin": [ -3.5, -0.6, 0.0 ],
									"faces": {
										"north": { "texture": "#stone1", "uv": [ 6.0, 14.5, 9.5, 16.0 ] },
										"east": { "texture": "#stone1", "uv": [ 1.0, 8.5, 11.0, 10.0 ] },
										"south": { "texture": "#stone1", "uv": [ 11.5, 9.5, 15.0, 11.0 ] },
										"west": { "texture": "#stone1", "uv": [ 4.5, 5.0, 14.5, 6.5 ] },
										"up": { "texture": "#stone1", "uv": [ 1.5, 0.0, 5.0, 10.0 ] },
										"down": { "texture": "#stone1", "uv": [ 0.0, 3.0, 3.5, 13.0 ] }
									}
								},
								{
									"name": "Cube64",
									"from": [ 1.5, -0.5, 0.0 ], 
									"to": [ 2.0, 0.0, 10.0 ], 
									"rotationOrigin": [ 1.5, -1.6, 0.0 ],
									"faces": {
										"north": { "texture": "#stone1", "uv": [ 12.5, 8.0, 13.0, 8.5 ] },
										"east": { "texture": "#stone1", "uv": [ 0.0, 4.5, 10.0, 5.0 ] },
										"south": { "texture": "#stone1", "uv": [ 12.0, 1.0, 12.5, 1.5 ] },
										"west": { "texture": "#stone1", "uv": [ 3.5, 9.5, 13.5, 10.0 ] },
										"up": { "texture": "#stone1", "uv": [ 11.5, 0.5, 12.0, 10.5 ] },
										"down": { "texture": "#stone1", "uv": [ 6.0, 3.0, 6.5, 13.0 ] }
									}
								},
								{
									"name": "Cube63",
									"from": [ -1.5, -1.5, 0.0 ], 
									"to": [ 1.5, 0.0, 10.0 ], 
									"rotationOrigin": [ -1.5, -3.6, 0.0 ],
									"faces": {
										"north": { "texture": "#stone1", "uv": [ 9.0, 13.5, 12.0, 15.0 ] },
										"east": { "texture": "#stone1", "uv": [ 0.5, 8.5, 10.5, 10.0 ] },
										"south": { "texture": "#stone1", "uv": [ 8.0, 11.0, 11.0, 12.5 ] },
										"west": { "texture": "#stone1", "uv": [ 5.0, 7.0, 15.0, 8.5 ] },
										"up": { "texture": "#stone1", "uv": [ 6.5, 2.5, 9.5, 12.5 ] },
										"down": { "texture": "#stone1", "uv": [ 9.0, 3.5, 12.0, 13.5 ] }
									}
								},
								{
									"name": "Cube62",
									"from": [ 1.0, -2.0, 0.0 ], 
									"to": [ 1.5, -1.5, 10.0 ], 
									"rotationOrigin": [ 1.5, -3.6, 0.0 ],
									"faces": {
										"north": { "texture": "#stone1", "uv": [ 12.5, 15.0, 13.0, 15.5 ] },
										"east": { "texture": "#stone1", "uv": [ 4.0, 12.5, 14.0, 13.0 ] },
										"south": { "texture": "#stone1", "uv": [ 1.0, 10.0, 1.5, 10.5 ] },
										"west": { "texture": "#stone1", "uv": [ 0.5, 4.0, 10.5, 4.5 ] },
										"up": { "texture": "#stone1", "uv": [ 12.5, 2.5, 13.0, 12.5 ] },
										"down": { "texture": "#stone1", "uv": [ 1.5, 0.5, 2.0, 10.5 ] }
									}
								},
								{
									"name": "Cube61",
									"from": [ -1.5, -5.0, 0.0 ], 
									"to": [ 1.0, -1.5, 10.0 ], 
									"rotationOrigin": [ -1.5, -6.6, 0.0 ],
									"faces": {
										"north": { "texture": "#stone1", "uv": [ 10.5, 1.5, 13.0, 5.0 ] },
										"east": { "texture": "#stone1", "uv": [ 2.0, 11.0, 12.0, 14.5 ] },
										"south": { "texture": "#stone1", "uv": [ 2.0, 6.0, 4.5, 9.5 ] },
										"west": { "texture": "#stone1", "uv": [ 4.5, 4.0, 14.5, 7.5 ] },
										"up": { "texture": "#stone1", "uv": [ 9.5, 1.0, 12.0, 11.0 ] },
										"down": { "texture": "#stone1", "uv": [ 6.0, 3.0, 8.5, 13.0 ] }
									}
								},
								{
									"name": "Cube60",
									"from": [ 9.5, 0.0, 2.0 ], 
									"to": [ 10.0, 0.5, 8.0 ], 
									"rotationOrigin": [ 8.5, 0.4, 2.0 ],
									"faces": {
										"north": { "texture": "#stone1", "uv": [ 13.0, 3.0, 13.5, 3.5 ] },
										"east": { "texture": "#stone1", "uv": [ 4.5, 11.0, 10.5, 11.5 ] },
										"south": { "texture": "#stone1", "uv": [ 12.5, 10.0, 13.0, 10.5 ] },
										"west": { "texture": "#stone1", "uv": [ 1.5, 6.5, 7.5, 7.0 ] },
										"up": { "texture": "#stone1", "uv": [ 11.5, 5.5, 12.0, 11.5 ] },
										"down": { "texture": "#stone1", "uv": [ 7.5, 1.5, 8.0, 7.5 ] }
									}
								},
								{
									"name": "Cube59",
									"from": [ 9.0, 1.0, 2.0 ], 
									"to": [ 9.5, 1.5, 8.0 ], 
									"rotationOrigin": [ 7.5, 1.4, 2.0 ],
									"faces": {
										"north": { "texture": "#stone1", "uv": [ 8.5, 5.0, 9.0, 5.5 ] },
										"east": { "texture": "#stone1", "uv": [ 4.5, 14.5, 10.5, 15.0 ] },
										"south": { "texture": "#stone1", "uv": [ 5.0, 6.5, 5.5, 7.0 ] },
										"west": { "texture": "#stone1", "uv": [ 6.0, 3.5, 12.0, 4.0 ] },
										"up": { "texture": "#stone1", "uv": [ 13.5, 8.0, 14.0, 14.0 ] },
										"down": { "texture": "#stone1", "uv": [ 14.0, 7.5, 14.5, 13.5 ] }
									}
								},
								{
									"name": "Cube58",
									"from": [ 10.0, -1.0, 2.0 ], 
									"to": [ 10.5, -0.5, 8.0 ], 
									"rotationOrigin": [ 9.5, -0.6, 2.0 ],
									"faces": {
										"north": { "texture": "#stone1", "uv": [ 1.5, 14.5, 2.0, 15.0 ] },
										"east": { "texture": "#stone1", "uv": [ 6.5, 3.0, 12.5, 3.5 ] },
										"south": { "texture": "#stone1", "uv": [ 9.0, 3.5, 9.5, 4.0 ] },
										"west": { "texture": "#stone1", "uv": [ 4.5, 7.5, 10.5, 8.0 ] },
										"up": { "texture": "#stone1", "uv": [ 1.0, 7.5, 1.5, 13.5 ] },
										"down": { "texture": "#stone1", "uv": [ 12.5, 4.0, 13.0, 10.0 ] }
									}
								},
								{
									"name": "Cube57",
									"from": [ 10.5, -2.5, 2.0 ], 
									"to": [ 11.0, -2.0, 8.0 ], 
									"rotationOrigin": [ 10.5, -2.6, 2.0 ],
									"faces": {
										"north": { "texture": "#stone1", "uv": [ 4.5, 1.0, 5.0, 1.5 ] },
										"east": { "texture": "#stone1", "uv": [ 4.0, 6.0, 10.0, 6.5 ] },
										"south": { "texture": "#stone1", "uv": [ 14.5, 3.5, 15.0, 4.0 ] },
										"west": { "texture": "#stone1", "uv": [ 0.0, 9.5, 6.0, 10.0 ] },
										"up": { "texture": "#stone1", "uv": [ 8.5, 9.0, 9.0, 15.0 ] },
										"down": { "texture": "#stone1", "uv": [ 13.0, 9.0, 13.5, 15.0 ] }
									}
								},
								{
									"name": "Cube55",
									"from": [ 10.5, -2.0, 2.0 ], 
									"to": [ 11.5, -0.5, 8.0 ], 
									"rotationOrigin": [ 9.5, -2.6, 2.0 ],
									"faces": {
										"north": { "texture": "#stone1", "uv": [ 1.0, 8.0, 2.0, 9.5 ] },
										"east": { "texture": "#stone1", "uv": [ 2.0, 4.0, 8.0, 5.5 ] },
										"south": { "texture": "#stone1", "uv": [ 12.5, 2.5, 13.5, 4.0 ] },
										"west": { "texture": "#stone1", "uv": [ 3.5, 11.0, 9.5, 12.5 ] },
										"up": { "texture": "#stone1", "uv": [ 1.5, 6.0, 2.5, 12.0 ] },
										"down": { "texture": "#stone1", "uv": [ 0.0, 3.0, 1.0, 9.0 ] }
									}
								},
								{
									"name": "Cube56",
									"from": [ 11.0, -5.0, 2.0 ], 
									"to": [ 12.0, -2.0, 8.0 ], 
									"rotationOrigin": [ 10.5, -5.6, 2.0 ],
									"faces": {
										"north": { "texture": "#stone1", "uv": [ 10.0, 8.5, 11.0, 11.5 ] },
										"east": { "texture": "#stone1", "uv": [ 0.5, 9.0, 6.5, 12.0 ] },
										"south": { "texture": "#stone1", "uv": [ 0.0, 9.5, 1.0, 12.5 ] },
										"west": { "texture": "#stone1", "uv": [ 8.0, 5.0, 14.0, 8.0 ] },
										"up": { "texture": "#stone1", "uv": [ 8.5, 6.0, 9.5, 12.0 ] },
										"down": { "texture": "#stone1", "uv": [ 6.0, 8.0, 7.0, 14.0 ] }
									}
								},
								{
									"name": "Cube54",
									"from": [ 10.0, -0.5, 2.0 ], 
									"to": [ 11.0, 0.5, 8.0 ], 
									"rotationOrigin": [ 8.5, -0.6, 2.0 ],
									"faces": {
										"north": { "texture": "#stone1", "uv": [ 0.0, 0.0, 1.0, 1.0 ] },
										"east": { "texture": "#stone1", "uv": [ 1.5, 1.0, 7.5, 2.0 ] },
										"south": { "texture": "#stone1", "uv": [ 11.0, 7.0, 12.0, 8.0 ] },
										"west": { "texture": "#stone1", "uv": [ 2.0, 9.0, 8.0, 10.0 ] },
										"up": { "texture": "#stone1", "uv": [ 5.5, 4.5, 6.5, 10.5 ] },
										"down": { "texture": "#stone1", "uv": [ 2.0, 5.5, 3.0, 11.5 ] }
									}
								},
								{
									"name": "Cube53",
									"from": [ 9.5, 0.5, 2.0 ], 
									"to": [ 10.5, 1.5, 8.0 ], 
									"rotationOrigin": [ 7.5, 0.4, 2.0 ],
									"faces": {
										"north": { "texture": "#stone1", "uv": [ 8.0, 8.0, 9.0, 9.0 ] },
										"east": { "texture": "#stone1", "uv": [ 1.0, 11.5, 7.0, 12.5 ] },
										"south": { "texture": "#stone1", "uv": [ 8.5, 5.0, 9.5, 6.0 ] },
										"west": { "texture": "#stone1", "uv": [ 1.0, 6.5, 7.0, 7.5 ] },
										"up": { "texture": "#stone1", "uv": [ 12.5, 4.5, 13.5, 10.5 ] },
										"down": { "texture": "#stone1", "uv": [ 10.5, 0.0, 11.5, 6.0 ] }
									}
								},
								{
									"name": "Cube51",
									"from": [ 8.5, 2.0, 2.0 ], 
									"to": [ 9.0, 2.5, 8.0 ], 
									"rotationOrigin": [ 6.5, 2.4, 2.0 ],
									"faces": {
										"north": { "texture": "#stone1", "uv": [ 11.5, 6.0, 12.0, 6.5 ] },
										"east": { "texture": "#stone1", "uv": [ 7.0, 1.5, 13.0, 2.0 ] },
										"south": { "texture": "#stone1", "uv": [ 13.0, 0.5, 13.5, 1.0 ] },
										"west": { "texture": "#stone1", "uv": [ 7.5, 7.0, 13.5, 7.5 ] },
										"up": { "texture": "#stone1", "uv": [ 2.5, 2.0, 3.0, 8.0 ] },
										"down": { "texture": "#stone1", "uv": [ 9.5, 3.5, 10.0, 9.5 ] }
									}
								},
								{
									"name": "Cube79",
									"from": [ -1.5, 6.0, 0.0 ], 
									"to": [ 14.5, 8.0, 10.0 ], 
									"rotationOrigin": [ -9.4986, 1.4, 0.0 ],
									"faces": {
										"north": { "texture": "#stone1", "uv": [ 0.0, 12.0, 16.0, 14.0 ] },
										"east": { "texture": "#stone1", "uv": [ 3.0, 0.0, 13.0, 2.0 ] },
										"south": { "texture": "#stone1", "uv": [ 0.0, 11.5, 16.0, 13.5 ] },
										"west": { "texture": "#stone1", "uv": [ 4.0, 8.5, 14.0, 10.5 ] },
										"up": { "texture": "#stone1", "uv": [ 0.0, 4.0, 16.0, 14.0 ] },
										"down": { "texture": "#stone1", "uv": [ 2.5, 2.5, 18.5, 12.5 ] }
									}
								},
								{
									"name": "Cube91",
									"from": [ 11.0, -0.5, -0.0076 ], 
									"to": [ 11.5, 0.0, 9.9924 ], 
									"rotationOrigin": [ 11.5014, -1.6, -0.0045 ],
									"faces": {
										"north": { "texture": "#stone1", "uv": [ 5.5, 6.5, 6.0, 7.0 ] },
										"east": { "texture": "#stone1", "uv": [ 1.5, 11.5, 11.5, 12.0 ] },
										"south": { "texture": "#stone1", "uv": [ 12.5, 8.0, 13.0, 8.5 ] },
										"west": { "texture": "#stone1", "uv": [ 2.0, 2.0, 12.0, 2.5 ] },
										"up": { "texture": "#stone1", "uv": [ 7.5, 4.5, 8.0, 14.5 ] },
										"down": { "texture": "#stone1", "uv": [ 14.5, 3.0, 15.0, 13.0 ] }
									},
									"children": [
										{
											"name": "Cube97",
											"from": [ -12.5, 0.5, 0.0 ], 
											"to": [ -11.0, 1.5, 10.0 ], 
											"rotationOrigin": [ -12.5, -1.1, 0.0 ],
											"faces": {
												"north": { "texture": "#stone1", "uv": [ 4.0, 14.0, 5.5, 15.0 ] },
												"east": { "texture": "#stone1", "uv": [ 0.0, 3.5, 10.0, 4.5 ] },
												"south": { "texture": "#stone1", "uv": [ 9.5, 1.0, 11.0, 2.0 ] },
												"west": { "texture": "#stone1", "uv": [ 0.0, 11.5, 10.0, 12.5 ] },
												"up": { "texture": "#stone1", "uv": [ 5.0, 0.0, 6.5, 10.0 ], "enabled": false },
												"down": { "texture": "#stone1", "uv": [ 9.0, 0.0, 10.5, 10.0 ] }
											}
										},
										{
											"name": "Cube90",
											"from": [ 0.5, -1.5, 0.0 ], 
											"to": [ 1.0, -1.0, 10.0 ], 
											"rotationOrigin": [ 1.5, -3.1, 0.0 ],
											"faces": {
												"north": { "texture": "#stone1", "uv": [ 13.0, 4.5, 13.5, 5.0 ] },
												"east": { "texture": "#stone1", "uv": [ 0.5, 4.5, 10.5, 5.0 ] },
												"south": { "texture": "#stone1", "uv": [ 9.5, 4.0, 10.0, 4.5 ] },
												"west": { "texture": "#stone1", "uv": [ 1.5, 1.0, 11.5, 1.5 ] },
												"up": { "texture": "#stone1", "uv": [ 9.5, 5.5, 10.0, 15.5 ] },
												"down": { "texture": "#stone1", "uv": [ 7.0, 5.5, 7.5, 15.5 ] }
											}
										},
										{
											"name": "Cube89",
											"from": [ 1.0, -4.5, 0.0 ], 
											"to": [ 3.5, -1.0, 10.0 ], 
											"rotationOrigin": [ 0.5, -6.1, 0.0 ],
											"faces": {
												"north": { "texture": "#stone1", "uv": [ 4.5, 12.0, 7.0, 15.5 ] },
												"east": { "texture": "#stone1", "uv": [ 1.5, 8.0, 11.5, 11.5 ] },
												"south": { "texture": "#stone1", "uv": [ 5.0, 5.5, 7.5, 9.0 ] },
												"west": { "texture": "#stone1", "uv": [ 4.5, 12.0, 14.5, 15.5 ] },
												"up": { "texture": "#stone1", "uv": [ 0.5, 1.0, 3.0, 11.0 ] },
												"down": { "texture": "#stone1", "uv": [ 0.5, 3.0, 3.0, 13.0 ] }
											}
										},
										{
											"name": "Cube88",
											"from": [ 0.5, -1.0, 0.0 ], 
											"to": [ 3.5, 0.5, 10.0 ], 
											"rotationOrigin": [ -0.5, -3.1, 0.0 ],
											"faces": {
												"north": { "texture": "#stone1", "uv": [ 3.0, 6.5, 6.0, 8.0 ] },
												"east": { "texture": "#stone1", "uv": [ 0.5, 14.0, 10.5, 15.5 ] },
												"south": { "texture": "#stone1", "uv": [ 12.5, 9.5, 15.5, 11.0 ] },
												"west": { "texture": "#stone1", "uv": [ 5.5, 3.5, 15.5, 5.0 ] },
												"up": { "texture": "#stone1", "uv": [ 7.0, 4.5, 10.0, 14.5 ] },
												"down": { "texture": "#stone1", "uv": [ 9.5, 0.0, 12.5, 10.0 ] }
											}
										},
										{
											"name": "Cube87",
											"from": [ 0.0, 0.5, 0.0 ], 
											"to": [ 3.5, 1.5, 10.0 ], 
											"rotationOrigin": [ -1.5, -1.1, 0.0 ],
											"faces": {
												"north": { "texture": "#stone1", "uv": [ 1.5, 9.0, 5.0, 10.0 ] },
												"east": { "texture": "#stone1", "uv": [ 1.5, 10.0, 11.5, 11.0 ] },
												"south": { "texture": "#stone1", "uv": [ 10.5, 3.5, 14.0, 4.5 ] },
												"west": { "texture": "#stone1", "uv": [ 2.5, 11.0, 12.5, 12.0 ] },
												"up": { "texture": "#stone1", "uv": [ 3.5, 4.5, 7.0, 14.5 ] },
												"down": { "texture": "#stone1", "uv": [ 12.0, 5.0, 15.5, 15.0 ] }
											}
										},
										{
											"name": "Cube86",
											"from": [ -0.5, 1.5, 0.0 ], 
											"to": [ 3.5, 2.5, 10.0 ], 
											"rotationOrigin": [ -2.5, -0.1, 0.0 ],
											"faces": {
												"north": { "texture": "#stone1", "uv": [ 6.0, 8.0, 10.0, 9.0 ] },
												"east": { "texture": "#stone1", "uv": [ 1.0, 11.5, 11.0, 12.5 ] },
												"south": { "texture": "#stone1", "uv": [ 10.0, 1.5, 14.0, 2.5 ] },
												"west": { "texture": "#stone1", "uv": [ 3.0, 14.0, 13.0, 15.0 ] },
												"up": { "texture": "#stone1", "uv": [ 0.5, 0.0, 4.5, 10.0 ] },
												"down": { "texture": "#stone1", "uv": [ 2.5, 4.0, 6.5, 14.0 ] }
											}
										},
										{
											"name": "Cube85",
											"from": [ -1.0, 2.5, 0.0 ], 
											"to": [ 3.5, 3.5, 10.0 ], 
											"rotationOrigin": [ -3.5, 0.9, 0.0 ],
											"faces": {
												"north": { "texture": "#stone1", "uv": [ 10.5, 2.5, 15.0, 3.5 ] },
												"east": { "texture": "#stone1", "uv": [ 3.5, 10.0, 13.5, 11.0 ] },
												"south": { "texture": "#stone1", "uv": [ 2.5, 7.5, 7.0, 8.5 ] },
												"west": { "texture": "#stone1", "uv": [ 1.0, 7.0, 11.0, 8.0 ] },
												"up": { "texture": "#stone1", "uv": [ 2.0, 5.5, 6.5, 15.5 ] },
												"down": { "texture": "#stone1", "uv": [ 3.5, 3.5, 8.0, 13.5 ] }
											}
										},
										{
											"name": "Cube84",
											"from": [ -2.0, 3.5, 0.0 ], 
											"to": [ 3.5, 4.0, 10.0 ], 
											"rotationOrigin": [ -4.5, 1.9, 0.0 ],
											"faces": {
												"north": { "texture": "#stone1", "uv": [ 10.5, 7.5, 16.0, 8.0 ] },
												"east": { "texture": "#stone1", "uv": [ 5.0, 9.0, 15.0, 9.5 ] },
												"south": { "texture": "#stone1", "uv": [ 8.0, 8.0, 13.5, 8.5 ] },
												"west": { "texture": "#stone1", "uv": [ 1.0, 3.0, 11.0, 3.5 ] },
												"up": { "texture": "#stone1", "uv": [ 5.0, 0.0, 10.5, 10.0 ] },
												"down": { "texture": "#stone1", "uv": [ 1.5, 3.5, 7.0, 13.5 ] }
											}
										},
										{
											"name": "Cube83",
											"from": [ -2.5, 4.0, 0.0 ], 
											"to": [ 3.5, 4.5, 10.0 ], 
											"rotationOrigin": [ -5.5, 1.9, 0.0 ],
											"faces": {
												"north": { "texture": "#stone1", "uv": [ 0.0, 7.5, 6.0, 8.0 ] },
												"east": { "texture": "#stone1", "uv": [ 1.0, 9.5, 11.0, 10.0 ] },
												"south": { "texture": "#stone1", "uv": [ 7.5, 7.0, 13.5, 7.5 ] },
												"west": { "texture": "#stone1", "uv": [ 5.0, 10.5, 15.0, 11.0 ] },
												"up": { "texture": "#stone1", "uv": [ 5.5, 3.0, 11.5, 13.0 ] },
												"down": { "texture": "#stone1", "uv": [ 5.5, 3.5, 11.5, 13.5 ] }
											}
										},
										{
											"name": "Cube92",
											"from": [ -0.5, 1.0, 0.0 ], 
											"to": [ 0.0, 1.5, 10.0 ], 
											"rotationOrigin": [ -1.5, -0.1, 0.0 ],
											"faces": {
												"north": { "texture": "#stone1", "uv": [ 3.5, 10.0, 4.0, 10.5 ] },
												"east": { "texture": "#stone1", "uv": [ 5.5, 10.0, 15.5, 10.5 ] },
												"south": { "texture": "#stone1", "uv": [ 5.5, 11.5, 6.0, 12.0 ] },
												"west": { "texture": "#stone1", "uv": [ 2.5, 3.5, 12.5, 4.0 ] },
												"up": { "texture": "#stone1", "uv": [ 2.0, 3.5, 2.5, 13.5 ] },
												"down": { "texture": "#stone1", "uv": [ 12.5, 1.5, 13.0, 11.5 ] }
											}
										},
										{
											"name": "Cube82",
											"from": [ -3.0, 4.5, 0.0 ], 
											"to": [ 3.5, 5.0, 10.0 ], 
											"rotationOrigin": [ -6.5, 1.9, 0.0 ],
											"faces": {
												"north": { "texture": "#stone1", "uv": [ 5.0, 9.5, 11.5, 10.0 ] },
												"east": { "texture": "#stone1", "uv": [ 5.5, 3.0, 15.5, 3.5 ] },
												"south": { "texture": "#stone1", "uv": [ 9.0, 6.5, 15.5, 7.0 ] },
												"west": { "texture": "#stone1", "uv": [ 0.5, 14.0, 10.5, 14.5 ] },
												"up": { "texture": "#stone1", "uv": [ 4.5, 4.5, 11.0, 14.5 ] },
												"down": { "texture": "#stone1", "uv": [ 2.5, 0.0, 9.0, 10.0 ] }
											}
										},
										{
											"name": "Cube81",
											"from": [ -3.5, 5.0, 0.0 ], 
											"to": [ 3.5, 5.5, 10.0 ], 
											"rotationOrigin": [ -7.5, 1.9, 0.0 ],
											"faces": {
												"north": { "texture": "#stone1", "uv": [ 7.5, 3.5, 14.5, 4.0 ] },
												"east": { "texture": "#stone1", "uv": [ 3.5, 3.0, 13.5, 3.5 ] },
												"south": { "texture": "#stone1", "uv": [ 3.0, 5.0, 10.0, 5.5 ] },
												"west": { "texture": "#stone1", "uv": [ 5.0, 3.5, 15.0, 4.0 ] },
												"up": { "texture": "#stone1", "uv": [ 4.0, 3.0, 11.0, 13.0 ] },
												"down": { "texture": "#stone1", "uv": [ 1.0, 4.5, 8.0, 14.5 ] }
											}
										},
										{
											"name": "Cube80",
											"from": [ -4.0, 5.5, 0.0 ], 
											"to": [ 3.5, 6.0, 10.0 ], 
											"rotationOrigin": [ -8.5, 1.9, 0.0 ],
											"faces": {
												"north": { "texture": "#stone1", "uv": [ 2.0, 6.0, 9.5, 6.5 ] },
												"east": { "texture": "#stone1", "uv": [ 5.5, 14.5, 15.5, 15.0 ] },
												"south": { "texture": "#stone1", "uv": [ 5.0, 12.5, 12.5, 13.0 ] },
												"west": { "texture": "#stone1", "uv": [ 1.0, 6.5, 11.0, 7.0 ] },
												"up": { "texture": "#stone1", "uv": [ 6.0, 3.5, 13.5, 13.5 ] },
												"down": { "texture": "#stone1", "uv": [ 4.5, 2.0, 12.0, 12.0 ] }
											}
										},
										{
											"name": "Cube100",
											"from": [ -12.5021, 3.5, 0.0 ], 
											"to": [ -10.5021, 4.0, 10.0 ], 
											"rotationOrigin": [ -12.5021, 1.9, -0.9914 ],
											"faces": {
												"north": { "texture": "#stone1", "uv": [ 3.5, 3.5, 5.5, 4.0 ] },
												"east": { "texture": "#stone1", "uv": [ 0.0, 11.5, 10.0, 12.0 ] },
												"south": { "texture": "#stone1", "uv": [ 9.5, 7.0, 11.5, 7.5 ] },
												"west": { "texture": "#stone1", "uv": [ 0.0, 0.5, 10.0, 1.0 ] },
												"up": { "texture": "#stone1", "uv": [ 10.5, 0.0, 12.5, 10.0 ] },
												"down": { "texture": "#stone1", "uv": [ 5.5, 0.0, 7.5, 10.0 ] }
											}
										},
										{
											"name": "Cube93",
											"from": [ -1.0021, 2.0, 0.0086 ], 
											"to": [ -0.5021, 2.5, 10.0086 ], 
											"rotationOrigin": [ -1.5021, 0.9, 0.0086 ],
											"faces": {
												"north": { "texture": "#stone1", "uv": [ 12.5, 10.5, 13.0, 11.0 ] },
												"east": { "texture": "#stone1", "uv": [ 5.0, 11.0, 15.0, 11.5 ] },
												"south": { "texture": "#stone1", "uv": [ 10.0, 7.0, 10.5, 7.5 ] },
												"west": { "texture": "#stone1", "uv": [ 1.0, 0.5, 11.0, 1.0 ] },
												"up": { "texture": "#stone1", "uv": [ 12.5, 5.0, 13.0, 15.0 ] },
												"down": { "texture": "#stone1", "uv": [ 3.0, 2.0, 3.5, 12.0 ] }
											}
										},
										{
											"name": "Cube94",
											"from": [ -1.5021, 3.0, 0.0086 ], 
											"to": [ -1.0021, 3.5, 10.0086 ], 
											"rotationOrigin": [ -3.5021, 1.9, 0.0086 ],
											"faces": {
												"north": { "texture": "#stone1", "uv": [ 4.5, 12.0, 5.0, 12.5 ] },
												"east": { "texture": "#stone1", "uv": [ 3.0, 5.0, 13.0, 5.5 ] },
												"south": { "texture": "#stone1", "uv": [ 5.5, 0.0, 6.0, 0.5 ] },
												"west": { "texture": "#stone1", "uv": [ 1.0, 11.0, 11.0, 11.5 ] },
												"up": { "texture": "#stone1", "uv": [ 4.0, 3.0, 4.5, 13.0 ] },
												"down": { "texture": "#stone1", "uv": [ 10.5, 3.0, 11.0, 13.0 ] }
											}
										},
										{
											"name": "Cube98",
											"from": [ -12.5021, 1.5, 0.0 ], 
											"to": [ -12.0021, 3.0, 10.0 ], 
											"rotationOrigin": [ -12.5021, -0.1, 0.0086 ],
											"faces": {
												"north": { "texture": "#stone1", "uv": [ 9.5, 10.0, 10.0, 11.5 ] },
												"east": { "texture": "#stone1", "uv": [ 0.0, 0.5, 10.0, 2.0 ] },
												"south": { "texture": "#stone1", "uv": [ 10.5, 0.0, 11.0, 1.5 ] },
												"west": { "texture": "#stone1", "uv": [ 0.0, 4.5, 10.0, 6.0 ] },
												"up": { "texture": "#stone1", "uv": [ 7.5, 0.0, 8.0, 10.0 ] },
												"down": { "texture": "#stone1", "uv": [ 0.0, 0.0, 0.5, 10.0 ] }
											}
										},
										{
											"name": "Cube67",
											"from": [ -12.5, 3.0, 0.0038 ], 
											"to": [ -7.5, 3.5, 10.0038 ], 
											"rotationOrigin": [ -13.5, 0.9, 0.0038 ],
											"faces": {
												"north": { "texture": "#stone1", "uv": [ 1.0, 1.5, 6.0, 2.0 ] },
												"east": { "texture": "#stone1", "uv": [ 2.5, 8.5, 12.5, 9.0 ] },
												"south": { "texture": "#stone1", "uv": [ 8.5, 14.5, 13.5, 15.0 ] },
												"west": { "texture": "#stone1", "uv": [ 3.5, 13.0, 13.5, 13.5 ] },
												"up": { "texture": "#stone1", "uv": [ 0.0, 2.5, 5.0, 12.5 ] },
												"down": { "texture": "#stone1", "uv": [ 11.5, 1.5, 16.5, 11.5 ] }
											}
										},
										{
											"name": "Cube68",
											"from": [ -9.0, 1.0, 0.0038 ], 
											"to": [ -8.5, 1.5, 10.0038 ], 
											"rotationOrigin": [ -9.5, -0.1, 0.0038 ],
											"faces": {
												"north": { "texture": "#stone1", "uv": [ 4.5, 5.0, 5.0, 5.5 ] },
												"east": { "texture": "#stone1", "uv": [ 3.0, 15.0, 13.0, 15.5 ] },
												"south": { "texture": "#stone1", "uv": [ 15.0, 14.0, 15.5, 14.5 ] },
												"west": { "texture": "#stone1", "uv": [ 5.0, 11.5, 15.0, 12.0 ] },
												"up": { "texture": "#stone1", "uv": [ 8.0, 0.0, 8.5, 10.0 ] },
												"down": { "texture": "#stone1", "uv": [ 8.5, 4.5, 9.0, 14.5 ] }
											}
										},
										{
											"name": "Cube69",
											"from": [ -8.5, 2.0, 0.0038 ], 
											"to": [ -8.0, 3.0, 10.0038 ], 
											"rotationOrigin": [ -9.5, 0.9, 0.0038 ],
											"faces": {
												"north": { "texture": "#stone1", "uv": [ 10.0, 13.0, 10.5, 14.0 ] },
												"east": { "texture": "#stone1", "uv": [ 3.0, 2.0, 13.0, 3.0 ] },
												"south": { "texture": "#stone1", "uv": [ 5.0, 9.0, 5.5, 10.0 ] },
												"west": { "texture": "#stone1", "uv": [ 3.0, 4.5, 13.0, 5.5 ] },
												"up": { "texture": "#stone1", "uv": [ 0.5, 3.5, 1.0, 13.5 ] },
												"down": { "texture": "#stone1", "uv": [ 2.5, 4.0, 3.0, 14.0 ] }
											}
										},
										{
											"name": "Cube71",
											"from": [ -10.5, 3.5, 0.0038 ], 
											"to": [ -7.0, 4.0, 10.0038 ], 
											"rotationOrigin": [ -13.5, 1.9, 0.0038 ],
											"faces": {
												"north": { "texture": "#stone1", "uv": [ 12.5, 3.0, 16.0, 3.5 ] },
												"east": { "texture": "#stone1", "uv": [ 1.0, 6.0, 11.0, 6.5 ] },
												"south": { "texture": "#stone1", "uv": [ 5.5, 1.0, 9.0, 1.5 ] },
												"west": { "texture": "#stone1", "uv": [ 5.5, 14.5, 15.5, 15.0 ] },
												"up": { "texture": "#stone1", "uv": [ 6.5, 3.0, 10.0, 13.0 ] },
												"down": { "texture": "#stone1", "uv": [ 4.5, 4.5, 8.0, 14.5 ] }
											}
										},
										{
											"name": "Cube72",
											"from": [ -12.5, 4.0, 0.0038 ], 
											"to": [ -6.5, 4.5, 10.0038 ], 
											"rotationOrigin": [ -15.5, 1.9, 0.0038 ],
											"faces": {
												"north": { "texture": "#stone1", "uv": [ 9.5, 5.5, 15.5, 6.0 ] },
												"east": { "texture": "#stone1", "uv": [ 3.5, 14.0, 13.5, 14.5 ] },
												"south": { "texture": "#stone1", "uv": [ 0.0, 7.0, 6.0, 7.5 ] },
												"west": { "texture": "#stone1", "uv": [ 1.5, 5.0, 11.5, 5.5 ] },
												"up": { "texture": "#stone1", "uv": [ 0.5, 3.5, 6.5, 13.5 ] },
												"down": { "texture": "#stone1", "uv": [ 3.0, 5.5, 9.0, 15.5 ] }
											}
										},
										{
											"name": "Cube73",
											"from": [ -12.5, 4.5, 0.0038 ], 
											"to": [ -6.0, 5.0, 10.0038 ], 
											"rotationOrigin": [ -16.5, 1.9, 0.0038 ],
											"faces": {
												"north": { "texture": "#stone1", "uv": [ 8.0, 11.0, 14.5, 11.5 ] },
												"east": { "texture": "#stone1", "uv": [ 0.5, 6.5, 10.5, 7.0 ] },
												"south": { "texture": "#stone1", "uv": [ 8.0, 10.0, 14.5, 10.5 ] },
												"west": { "texture": "#stone1", "uv": [ 0.0, 3.5, 10.0, 4.0 ] },
												"up": { "texture": "#stone1", "uv": [ 1.0, 5.0, 7.5, 15.0 ] },
												"down": { "texture": "#stone1", "uv": [ 4.0, 5.5, 10.5, 15.5 ] }
											}
										},
										{
											"name": "Cube74",
											"from": [ -12.5, 5.0, 0.0038 ], 
											"to": [ -5.5, 5.5, 10.0038 ], 
											"rotationOrigin": [ -16.5, 1.9, 0.0038 ],
											"faces": {
												"north": { "texture": "#stone1", "uv": [ 6.5, 11.0, 13.5, 11.5 ] },
												"east": { "texture": "#stone1", "uv": [ 5.0, 10.0, 15.0, 10.5 ] },
												"south": { "texture": "#stone1", "uv": [ 3.5, 12.5, 10.5, 13.0 ] },
												"west": { "texture": "#stone1", "uv": [ 5.5, 5.0, 15.5, 5.5 ] },
												"up": { "texture": "#stone1", "uv": [ 6.0, 5.5, 13.0, 15.5 ] },
												"down": { "texture": "#stone1", "uv": [ 8.5, 4.0, 15.5, 14.0 ] }
											}
										},
										{
											"name": "Cube76",
											"from": [ -12.5, 6.0, 0.0038 ], 
											"to": [ 3.5, 6.5, 10.0038 ], 
											"rotationOrigin": [ -17.5, 1.9, 0.0038 ],
											"faces": {
												"north": { "texture": "#stone1", "uv": [ 0.0, 1.5, 16.0, 2.0 ] },
												"east": { "texture": "#stone1", "uv": [ 2.5, 3.5, 12.5, 4.0 ] },
												"south": { "texture": "#stone1", "uv": [ 0.0, 12.0, 16.0, 12.5 ] },
												"west": { "texture": "#stone1", "uv": [ 5.0, 11.0, 15.0, 11.5 ] },
												"up": { "texture": "#stone1", "uv": [ 4.0, 2.5, 20.0, 12.5 ] },
												"down": { "texture": "#stone1", "uv": [ 0.5, 3.5, 16.5, 13.5 ] }
											}
										},
										{
											"name": "Cube75",
											"from": [ -12.5, 5.5, 0.0038 ], 
											"to": [ -5.0, 6.0, 10.0038 ], 
											"rotationOrigin": [ -17.5, 1.9, 0.0038 ],
											"faces": {
												"north": { "texture": "#stone1", "uv": [ 2.0, 4.0, 9.5, 4.5 ] },
												"east": { "texture": "#stone1", "uv": [ 1.0, 3.5, 11.0, 4.0 ] },
												"south": { "texture": "#stone1", "uv": [ 5.5, 5.0, 13.0, 5.5 ] },
												"west": { "texture": "#stone1", "uv": [ 1.5, 8.0, 11.5, 8.5 ] },
												"up": { "texture": "#stone1", "uv": [ 3.0, 3.0, 10.5, 13.0 ] },
												"down": { "texture": "#stone1", "uv": [ 6.0, 3.0, 13.5, 13.0 ] }
											}
										}
									]
								}
							]
						},
						{
							"name": "Cube32",
							"from": [ -8.0, -6.5, 0.0055 ], 
							"to": [ -7.0, -3.5, 6.0055 ], 
							"rotationOrigin": [ -8.4993, -7.1, 0.0055 ],
							"faces": {
								"north": { "texture": "#stone1", "uv": [ 14.5, 0.5, 15.5, 3.5 ] },
								"east": { "texture": "#stone1", "uv": [ 4.5, 2.0, 10.5, 5.0 ] },
								"south": { "texture": "#stone1", "uv": [ 7.0, 5.5, 8.0, 8.5 ] },
								"west": { "texture": "#stone1", "uv": [ 5.5, 4.5, 11.5, 7.5 ] },
								"up": { "texture": "#stone1", "uv": [ 13.5, 9.5, 14.5, 15.5 ] },
								"down": { "texture": "#stone1", "uv": [ 4.5, 1.0, 5.5, 7.0 ] }
							},
							"children": [
								{
									"name": "Cube34",
									"from": [ 0.5, 3.0, 0.0 ], 
									"to": [ 1.5, 4.5, 6.0 ], 
									"rotationOrigin": [ -0.5, 2.4, 0.0 ],
									"faces": {
										"north": { "texture": "#stone1", "uv": [ 9.5, 7.5, 10.5, 9.0 ] },
										"east": { "texture": "#stone1", "uv": [ 9.0, 5.0, 15.0, 6.5 ] },
										"south": { "texture": "#stone1", "uv": [ 5.0, 9.0, 6.0, 10.5 ] },
										"west": { "texture": "#stone1", "uv": [ 2.5, 10.5, 8.5, 12.0 ] },
										"up": { "texture": "#stone1", "uv": [ 9.5, 3.5, 10.5, 9.5 ] },
										"down": { "texture": "#stone1", "uv": [ 8.0, 1.5, 9.0, 7.5 ] }
									}
								},
								{
									"name": "Cube35",
									"from": [ 1.5, 4.0, 0.0 ], 
									"to": [ 2.0, 4.5, 6.0 ], 
									"rotationOrigin": [ 0.5, 4.4, 0.0 ],
									"faces": {
										"north": { "texture": "#stone1", "uv": [ 9.0, 12.5, 9.5, 13.0 ] },
										"east": { "texture": "#stone1", "uv": [ 9.0, 8.0, 15.0, 8.5 ] },
										"south": { "texture": "#stone1", "uv": [ 9.0, 6.0, 9.5, 6.5 ] },
										"west": { "texture": "#stone1", "uv": [ 6.0, 14.5, 12.0, 15.0 ] },
										"up": { "texture": "#stone1", "uv": [ 3.5, 9.0, 4.0, 15.0 ] },
										"down": { "texture": "#stone1", "uv": [ 6.5, 6.0, 7.0, 12.0 ] }
									}
								},
								{
									"name": "Cube36",
									"from": [ 1.0, 4.5, 0.0 ], 
									"to": [ 2.0, 5.5, 6.0 ], 
									"rotationOrigin": [ -0.5, 4.4, 0.0 ],
									"faces": {
										"north": { "texture": "#stone1", "uv": [ 7.0, 8.0, 8.0, 9.0 ] },
										"east": { "texture": "#stone1", "uv": [ 2.0, 10.5, 8.0, 11.5 ] },
										"south": { "texture": "#stone1", "uv": [ 14.5, 13.5, 15.5, 14.5 ] },
										"west": { "texture": "#stone1", "uv": [ 5.0, 5.0, 11.0, 6.0 ] },
										"up": { "texture": "#stone1", "uv": [ 4.0, 5.5, 5.0, 11.5 ] },
										"down": { "texture": "#stone1", "uv": [ 0.5, 4.5, 1.5, 10.5 ] }
									}
								},
								{
									"name": "Cube37",
									"from": [ 2.0, 5.0, 0.0 ], 
									"to": [ 2.5, 5.5, 6.0 ], 
									"rotationOrigin": [ 0.5, 5.4, 0.0 ],
									"faces": {
										"north": { "texture": "#stone1", "uv": [ 2.5, 14.5, 3.0, 15.0 ] },
										"east": { "texture": "#stone1", "uv": [ 9.0, 15.0, 15.0, 15.5 ] },
										"south": { "texture": "#stone1", "uv": [ 5.5, 8.5, 6.0, 9.0 ] },
										"west": { "texture": "#stone1", "uv": [ 0.5, 9.0, 6.5, 9.5 ] },
										"up": { "texture": "#stone1", "uv": [ 0.0, 5.0, 0.5, 11.0 ] },
										"down": { "texture": "#stone1", "uv": [ 1.0, 3.0, 1.5, 9.0 ] }
									}
								},
								{
									"name": "Cube38",
									"from": [ 1.5, 5.5, 0.0 ], 
									"to": [ 2.5, 6.5, 6.0 ], 
									"rotationOrigin": [ -0.5, 5.4, 0.0 ],
									"faces": {
										"north": { "texture": "#stone1", "uv": [ 2.0, 2.5, 3.0, 3.5 ] },
										"east": { "texture": "#stone1", "uv": [ 3.0, 5.0, 9.0, 6.0 ] },
										"south": { "texture": "#stone1", "uv": [ 5.5, 13.0, 6.5, 14.0 ] },
										"west": { "texture": "#stone1", "uv": [ 9.0, 4.5, 15.0, 5.5 ] },
										"up": { "texture": "#stone1", "uv": [ 10.0, 4.5, 11.0, 10.5 ] },
										"down": { "texture": "#stone1", "uv": [ 3.5, 9.0, 4.5, 15.0 ] }
									}
								},
								{
									"name": "Cube39",
									"from": [ 2.5, 6.0, 0.0 ], 
									"to": [ 3.0, 6.5, 6.0 ], 
									"rotationOrigin": [ 0.5, 6.4, 0.0 ],
									"faces": {
										"north": { "texture": "#stone1", "uv": [ 13.0, 1.0, 13.5, 1.5 ] },
										"east": { "texture": "#stone1", "uv": [ 7.5, 7.5, 13.5, 8.0 ] },
										"south": { "texture": "#stone1", "uv": [ 0.5, 8.5, 1.0, 9.0 ] },
										"west": { "texture": "#stone1", "uv": [ 4.5, 8.5, 10.5, 9.0 ] },
										"up": { "texture": "#stone1", "uv": [ 0.5, 1.5, 1.0, 7.5 ] },
										"down": { "texture": "#stone1", "uv": [ 9.0, 6.5, 9.5, 12.5 ] }
									}
								},
								{
									"name": "Cube40",
									"from": [ 2.0, 6.5, 0.0 ], 
									"to": [ 3.0, 7.5, 6.0 ], 
									"rotationOrigin": [ -0.5, 6.4, 0.0 ],
									"faces": {
										"north": { "texture": "#stone1", "uv": [ 11.0, 8.5, 12.0, 9.5 ] },
										"east": { "texture": "#stone1", "uv": [ 4.5, 1.0, 10.5, 2.0 ] },
										"south": { "texture": "#stone1", "uv": [ 6.0, 6.0, 7.0, 7.0 ] },
										"west": { "texture": "#stone1", "uv": [ 0.5, 6.0, 6.5, 7.0 ] },
										"up": { "texture": "#stone1", "uv": [ 3.5, 8.5, 4.5, 14.5 ] },
										"down": { "texture": "#stone1", "uv": [ 11.5, 9.0, 12.5, 15.0 ] }
									}
								},
								{
									"name": "Cube41",
									"from": [ 3.0, 7.0, 0.0 ], 
									"to": [ 3.5, 7.5, 6.0 ], 
									"rotationOrigin": [ 0.5, 7.4, 0.0 ],
									"faces": {
										"north": { "texture": "#stone1", "uv": [ 6.5, 1.0, 7.0, 1.5 ] },
										"east": { "texture": "#stone1", "uv": [ 6.0, 8.5, 12.0, 9.0 ] },
										"south": { "texture": "#stone1", "uv": [ 2.5, 11.0, 3.0, 11.5 ] },
										"west": { "texture": "#stone1", "uv": [ 3.5, 14.5, 9.5, 15.0 ] },
										"up": { "texture": "#stone1", "uv": [ 7.0, 8.0, 7.5, 14.0 ] },
										"down": { "texture": "#stone1", "uv": [ 8.0, 6.0, 8.5, 12.0 ] }
									}
								},
								{
									"name": "Cube42",
									"from": [ 2.5, 7.5, 0.0 ], 
									"to": [ 4.0, 8.0, 6.0 ], 
									"rotationOrigin": [ -0.5, 7.4, 0.0 ],
									"faces": {
										"north": { "texture": "#stone1", "uv": [ 13.0, 2.0, 14.5, 2.5 ] },
										"east": { "texture": "#stone1", "uv": [ 7.5, 2.5, 13.5, 3.0 ] },
										"south": { "texture": "#stone1", "uv": [ 4.0, 4.0, 5.5, 4.5 ] },
										"west": { "texture": "#stone1", "uv": [ 2.5, 1.0, 8.5, 1.5 ] },
										"up": { "texture": "#stone1", "uv": [ 13.5, 6.5, 15.0, 12.5 ] },
										"down": { "texture": "#stone1", "uv": [ 4.5, 8.0, 6.0, 14.0 ] }
									}
								},
								{
									"name": "Cube43",
									"from": [ 3.0, 8.0, 0.0 ], 
									"to": [ 4.5, 8.5, 6.0 ], 
									"rotationOrigin": [ -0.5, 7.4, 0.0 ],
									"faces": {
										"north": { "texture": "#stone1", "uv": [ 3.5, 7.0, 5.0, 7.5 ] },
										"east": { "texture": "#stone1", "uv": [ 0.0, 11.5, 6.0, 12.0 ] },
										"south": { "texture": "#stone1", "uv": [ 9.0, 10.0, 10.5, 10.5 ] },
										"west": { "texture": "#stone1", "uv": [ 3.0, 12.0, 9.0, 12.5 ] },
										"up": { "texture": "#stone1", "uv": [ 7.5, 1.0, 9.0, 7.0 ] },
										"down": { "texture": "#stone1", "uv": [ 9.5, 0.0, 11.0, 6.0 ] }
									}
								},
								{
									"name": "Cube44",
									"from": [ 3.5, 8.5, 0.0 ], 
									"to": [ 5.0, 9.0, 6.0 ], 
									"rotationOrigin": [ -0.5, 7.4, 0.0 ],
									"faces": {
										"north": { "texture": "#stone1", "uv": [ 10.5, 3.0, 12.0, 3.5 ] },
										"east": { "texture": "#stone1", "uv": [ 7.0, 13.0, 13.0, 13.5 ] },
										"south": { "texture": "#stone1", "uv": [ 1.0, 11.5, 2.5, 12.0 ] },
										"west": { "texture": "#stone1", "uv": [ 9.5, 13.0, 15.5, 13.5 ] },
										"up": { "texture": "#stone1", "uv": [ 8.0, 8.0, 9.5, 14.0 ] },
										"down": { "texture": "#stone1", "uv": [ 2.0, 2.0, 3.5, 8.0 ] }
									}
								},
								{
									"name": "Cube33",
									"from": [ 1.0, 2.5, 3.0E-4 ], 
									"to": [ 1.5, 3.0, 6.0003 ], 
									"rotationOrigin": [ 0.5, 2.4, 3.0E-4 ],
									"faces": {
										"north": { "texture": "#stone1", "uv": [ 0.5, 13.0, 1.0, 13.5 ] },
										"east": { "texture": "#stone1", "uv": [ 9.0, 1.5, 15.0, 2.0 ] },
										"south": { "texture": "#stone1", "uv": [ 2.5, 4.5, 3.0, 5.0 ] },
										"west": { "texture": "#stone1", "uv": [ 7.5, 2.0, 13.5, 2.5 ] },
										"up": { "texture": "#stone1", "uv": [ 14.0, 1.5, 14.5, 7.5 ] },
										"down": { "texture": "#stone1", "uv": [ 2.5, 2.0, 3.0, 8.0 ] }
									}
								},
								{
									"name": "Cube19",
									"from": [ -2.5, -3.0, -1.9997 ], 
									"to": [ -0.5, 0.0, 8.0003 ], 
									"rotationOrigin": [ -2.5, -4.6, -1.9997 ],
									"faces": {
										"north": { "texture": "#stone1", "uv": [ 0.0, 7.5, 2.0, 10.5 ] },
										"east": { "texture": "#stone1", "uv": [ 1.5, 9.0, 11.5, 12.0 ] },
										"south": { "texture": "#stone1", "uv": [ 12.5, 6.5, 14.5, 9.5 ] },
										"west": { "texture": "#stone1", "uv": [ 4.0, 11.5, 14.0, 14.5 ] },
										"up": { "texture": "#stone1", "uv": [ 6.0, 1.5, 8.0, 11.5 ] },
										"down": { "texture": "#stone1", "uv": [ 13.0, 1.0, 15.0, 11.0 ] }
									}
								},
								{
									"name": "Cube20",
									"from": [ 11.5, -3.0, -1.9997 ], 
									"to": [ 13.5, 0.0, 8.0003 ], 
									"rotationOrigin": [ 11.5, -4.6, -1.9997 ],
									"faces": {
										"north": { "texture": "#stone1", "uv": [ 3.0, 4.0, 5.0, 7.0 ] },
										"east": { "texture": "#stone1", "uv": [ 4.0, 1.0, 14.0, 4.0 ] },
										"south": { "texture": "#stone1", "uv": [ 9.0, 11.5, 11.0, 14.5 ] },
										"west": { "texture": "#stone1", "uv": [ 2.0, 5.0, 12.0, 8.0 ] },
										"up": { "texture": "#stone1", "uv": [ 13.5, 5.0, 15.5, 15.0 ] },
										"down": { "texture": "#stone1", "uv": [ 3.5, 1.0, 5.5, 11.0 ] }
									}
								},
								{
									"name": "Cube21",
									"from": [ 10.5, -3.0, 3.0E-4 ], 
									"to": [ 11.5, 0.0, 6.0003 ], 
									"rotationOrigin": [ 10.5, -3.6, 3.0E-4 ],
									"faces": {
										"north": { "texture": "#stone1", "uv": [ 14.5, 7.5, 15.5, 10.5 ] },
										"east": { "texture": "#stone1", "uv": [ 8.0, 10.5, 14.0, 13.5 ] },
										"south": { "texture": "#stone1", "uv": [ 13.5, 11.0, 14.5, 14.0 ] },
										"west": { "texture": "#stone1", "uv": [ 8.0, 5.0, 14.0, 8.0 ] },
										"up": { "texture": "#stone1", "uv": [ 4.0, 7.5, 5.0, 13.5 ] },
										"down": { "texture": "#stone1", "uv": [ 11.0, 4.5, 12.0, 10.5 ] }
									}
								}
							]
						}
					]
				}
			]
		}
	]}