[
    {
        "op": "add",
        "path": "/attributesByType/claypot-cooked/textureMapping/-",
        "value": {
            "plantexpansion:fruit-huckleberry": ["fruit", "group1"]
            
        },
        "file": "game:blocktypes/clay/pot"
    },
    {
        "op": "add",
        "path": "/attributesByType/claypot-cooked/textureMapping/-",
        "value": {
            "plantexpansion:fruit-snowberry": ["fruit", "group1"]
        },
        "file": "game:blocktypes/clay/pot"
    },  
    {
        "file": "game:blocktypes/clay/pot",
        "op": "add",
        "path": "/attributesByType/claypot-cooked/textureMapping/-",
        "value": {
            "plantexpansion:fruit-raspberry": ["fruit", "group3"]
        }
    },  
    {
        "file": "game:blocktypes/clay/pot",
        "op": "add",
        "path": "/attributesByType/claypot-cooked/textureMapping/-",
        "value": {
            "plantexpansion:fruit-blueraspberry": ["fruit", "group4"]
        }
    },  
    {
        "file": "game:blocktypes/clay/pot",
        "op": "add",
        "path": "/attributesByType/claypot-cooked/textureMapping/-",
        "value": {
            "plantexpansion:fruit-strawberry": ["fruit", "group2"]
        }
    }
]