[
  {
  	ingredientPattern: "FF,FF,_W",
  	ingredients: {
  		"F": { type: "item", code: "farmlife:woolfibers" },
      "W": {
  			type: "block",
  			code: "game:woodbucket"
  		},
  	},
  	width: 2,
  	height: 3,
    attributes: {
  		liquidContainerProps: {
  			requiresContent: { type: "item", code: "game:limewaterportion" },
  			requiresQuantity: 1
        },
  		},
  	output: { type: "item", code: "farmlife:wooltwine"  }
  },
  {
  	ingredientPattern: "FF,FF",
  	ingredients: {
  		"F": { type: "item", code: "farmlife:wooltwine" }
  	},
  	width: 2,
  	height: 2,
  	output: { type: "block", code: "game:wool-white-down"  }
  },
  {
  	ingredientPattern: "FFS,FF_",
  	requiresTrait: "clothier",
  	ingredients: {
  		"F": { type: "item", code: "farmlife:wooltwine" },
  		"S": { type: "item", code: "game:stick" }
  	},
  	width: 3,
  	height: 2,
  	output: { type: "item", code: "game:sewingkit"  }
  },
  {
  	ingredientPattern: "LS",
  	ingredients: {
  		"L": { type: "block", code: "game:wool-*", quantity: 1 },
  		"S": { type: "item", code: "game:stick", quantity: 1 }
  	},
  	width: 2,
  	height: 1,
  	output: { type: "item", code: "game:cloth-plain", quantity: 1 }
  },
  {
		ingredientPattern: "__S,_SL,SL_",
		ingredients: {
			"S": { type: "item", code: "game:stick", quantity: 2 },
			"L": { type: "block", code: "game:wool-*", quantity: 2 }
		},
		width: 3,
		height: 3,
		output: { type: "item", code: "game:sail", quantity: 4 }
	},
  {
  	ingredientPattern: "_T_,PLP",
  	ingredients: {
  		"T": { type: "item", code: "farmlife:wooltwine" },
  		"L": { type: "block", code: "game:wool-*" },
  		"P": { type: "item", code: "game:metalplate-*", allowedVariants: ["tinbronze", "bismuthbronze", "blackbronze"] }
  	},
  	width: 3,
  	height: 2,
  	name: "miningbag",
  	output: { type: "item", code: "game:miningbag"  }
  }
]
