[
  {
    "op": "add",
    "path": "/attributes",
    "value": {
      "maxSaturation": 18,
      "nutrition": 9
    },
    "condition": { "when": "FLlichenEnabled", "isValue": "true" },
    "file": "lichen:entities/land/deer-male.json",
    "dependsOn": [{ "modid": "lichen" }]
  },
  {
    "op": "add",
    "path": "/client/behaviors/-",
    "value": {
      "code": "consume"
    },
    "condition": { "when": "FLlichenEnabled", "isValue": "true" },
    "file": "lichen:entities/land/deer-male.json",
    "dependsOn": [{ "modid": "lichen" }]
  },
  {
    "op": "add",
    "path": "/server/behaviors/-",
    "value": {
      "code": "consume",
      "poopCodes": [
        "farmlife:poop-grazer-large",
      ]
    },
    "file": "lichen:entities/land/deer-male.json",
    "condition": { "when": "FLlichenEnabled", "isValue": "true" },
    "dependsOn": [{ "modid": "lichen" }]
  },
  {
    "op": "replace",
    "path": "/client/behaviors/1",
    "value": { "code": "controlledphysics", "stepHeight": 2.5 },
    "file": "lichen:entities/land/deer-male.json",
    "condition": { "when": "FLlichenEnabled", "isValue": "true" },
    "dependsOn": [{ "modid": "lichen" }]
  },
  {
    "op": "replace",
    "path": "/server/behaviors/1",
    "value": { "code": "controlledphysics", "stepHeight": 2.5 },
    "file": "lichen:entities/land/deer-male.json",
    "condition": { "when": "FLlichenEnabled", "isValue": "true" },
    "dependsOn": [{ "modid": "lichen" }]
  },
    {
      "op": "replace",
      "path": "/server/behaviors/9/aitasks/8",
      "value": {
        "code": "seekfoodandeat",
        "movespeed": 0.004,
        "priority": 1.37,
        "eatLooseItems": true,
        "eatItemCodes": [
          "game:drygrass",
          "farmlife:animalfeed"
        ],
        "eatSound": "game:player/eat",
        "eatTime": 1.5,
        "eatAnimation": "Eat",
        "animationSpeed": 1.4,
        "animation": "Walk",
        "mincooldownHours": 0,
        "maxcooldownHours": 0
      },
      "file": "lichen:entities/land/deer-male.json",
      "condition": { "when": "FLlichenEnabled", "isValue": "true" },
      "dependsOn": [{ "modid": "lichen" }]
    },
]
