{
	"editor": {
		"allAngles": false,
		"entityTextureMode": false
	},
	"textureWidth": 16,
	"textureHeight": 16,
	"textureSizes": {
	},
	"textures": {
	},
	"elements": [
		{
			"name": "Bowl",
			"from": [ 3.0, 0.0, 3.0 ], 
			"to": [ 13.0, 1.0, 13.0 ], 
			"rotationOrigin": [ 3.0, 0.0, 3.0 ],
			"faces": {
				"north": { "texture": "#bowl", "uv": [ 0.0, 0.0, 10.0, 1.0 ] },
				"east": { "texture": "#bowl", "uv": [ 0.0, 0.0, 10.0, 1.0 ] },
				"south": { "texture": "#bowl", "uv": [ 0.0, 0.0, 10.0, 1.0 ] },
				"west": { "texture": "#bowl", "uv": [ 0.0, 0.0, 10.0, 1.0 ] },
				"up": { "texture": "#bowl", "uv": [ 0.0, 0.0, 10.0, 10.0 ] },
				"down": { "texture": "#bowl", "uv": [ 0.0, 0.0, 10.0, 10.0 ] }
			},
			"children": [
				{
					"name": "BowlWall",
					"from": [ 0.0, 1.0, 0.0 ], 
					"to": [ 1.0, 5.0, 10.0 ], 
					"rotationOrigin": [ 0.0, 1.0, 0.0 ],
					"faces": {
						"north": { "texture": "#bowl", "uv": [ 0.0, 0.0, 1.0, 4.0 ] },
						"east": { "texture": "#bowl", "uv": [ 0.0, 0.0, 10.0, 4.0 ] },
						"south": { "texture": "#bowl", "uv": [ 0.0, 0.0, 1.0, 4.0 ] },
						"west": { "texture": "#bowl", "uv": [ 0.0, 0.0, 10.0, 4.0 ] },
						"up": { "texture": "#bowl", "uv": [ 0.0, 0.0, 1.0, 10.0 ] },
						"down": { "texture": "#bowl", "uv": [ 0.0, 0.0, 1.0, 10.0 ] }
					}
				},
				{
					"name": "BowlWall8",
					"from": [ 9.0, 1.0, 0.0 ], 
					"to": [ 10.0, 5.0, 10.0 ], 
					"rotationOrigin": [ 9.0, 1.0, 0.0 ],
					"faces": {
						"north": { "texture": "#bowl", "uv": [ 0.0, 0.0, 1.0, 4.0 ] },
						"east": { "texture": "#bowl", "uv": [ 0.0, 0.0, 10.0, 4.0 ] },
						"south": { "texture": "#bowl", "uv": [ 0.0, 0.0, 1.0, 4.0 ] },
						"west": { "texture": "#bowl", "uv": [ 0.0, 0.0, 10.0, 4.0 ] },
						"up": { "texture": "#bowl", "uv": [ 0.0, 0.0, 1.0, 10.0 ] },
						"down": { "texture": "#bowl", "uv": [ 0.0, 0.0, 1.0, 10.0 ] }
					}
				},
				{
					"name": "BowlWall2",
					"from": [ 1.0, 1.0, 0.0 ], 
					"to": [ 9.0, 5.0, 1.0 ], 
					"rotationOrigin": [ 1.0, 1.0, 0.0 ],
					"faces": {
						"north": { "texture": "#bowl", "uv": [ 0.0, 0.0, 8.0, 4.0 ] },
						"east": { "texture": "#bowl", "uv": [ 0.0, 0.0, 1.0, 4.0 ] },
						"south": { "texture": "#bowl", "uv": [ 0.0, 0.0, 8.0, 4.0 ] },
						"west": { "texture": "#bowl", "uv": [ 0.0, 0.0, 1.0, 4.0 ] },
						"up": { "texture": "#bowl", "uv": [ 0.0, 0.0, 8.0, 1.0 ] },
						"down": { "texture": "#bowl", "uv": [ 0.0, 0.0, 8.0, 1.0 ] }
					}
				},
				{
					"name": "BowlWall10",
					"from": [ 1.0, 1.0, 9.0 ], 
					"to": [ 9.0, 5.0, 10.0 ], 
					"rotationOrigin": [ 1.0, 1.0, 9.0 ],
					"faces": {
						"north": { "texture": "#bowl", "uv": [ 0.0, 0.0, 8.0, 4.0 ] },
						"east": { "texture": "#bowl", "uv": [ 0.0, 0.0, 1.0, 4.0 ] },
						"south": { "texture": "#bowl", "uv": [ 0.0, 0.0, 8.0, 4.0 ] },
						"west": { "texture": "#bowl", "uv": [ 0.0, 0.0, 1.0, 4.0 ] },
						"up": { "texture": "#bowl", "uv": [ 0.0, 0.0, 8.0, 1.0 ] },
						"down": { "texture": "#bowl", "uv": [ 0.0, 0.0, 8.0, 1.0 ] }
					}
				}
			]
		}
	]}