{
	"editor": {
		"allAngles": false,
		"entityTextureMode": false
	},
	"textureWidth": 16,
	"textureHeight": 16,
	"textureSizes": {
	},
	"textures": {
	},
	"elements": [
		{
			"name": "Spoon",
			"from": [ 8.0, -10.0, 9.5 ], 
			"to": [ 11.0, -6.0, 10.5 ], 
			"rotationOrigin": [ 9.5, -8.0, 9.5 ],
			"rotationY": 44.999996548644546,
			"faces": {
				"north": { "texture": "#generic", "uv": [ 0.0, 0.0, 3.0, 4.0 ] },
				"east": { "texture": "#generic", "uv": [ 0.0, 0.0, 1.0, 4.0 ] },
				"south": { "texture": "#generic", "uv": [ 0.0, 0.0, 3.0, 4.0 ] },
				"west": { "texture": "#generic", "uv": [ 0.0, 0.0, 1.0, 4.0 ] },
				"up": { "texture": "#generic", "uv": [ 0.0, 0.0, 3.0, 1.0 ] },
				"down": { "texture": "#generic", "uv": [ 0.0, 0.0, 3.0, 1.0 ] }
			},
			"children": [
				{
					"name": "Handle",
					"from": [ 1.0, 4.0, 0.0 ], 
					"to": [ 2.0, 11.0, 1.0 ], 
					"rotationOrigin": [ 1.0, 4.0, 0.0 ],
					"faces": {
						"north": { "texture": "#generic", "uv": [ 0.0, 0.0, 1.0, 7.0 ] },
						"east": { "texture": "#generic", "uv": [ 0.0, 0.0, 1.0, 7.0 ] },
						"south": { "texture": "#generic", "uv": [ 0.0, 0.0, 1.0, 7.0 ] },
						"west": { "texture": "#generic", "uv": [ 0.0, 0.0, 1.0, 7.0 ] },
						"up": { "texture": "#generic", "uv": [ 0.0, 0.0, 1.0, 1.0 ] },
						"down": { "texture": "#generic", "uv": [ 0.0, 0.0, 1.0, 1.0 ] }
					}
				}
			]
		}
	]}