{
	code: "plaster",
	behaviors: [{name: "Pillar"}],
	class: "Block",
	attributes: {
		canChisel: true,
		handbook: {
			groupBy: ["plaster-*"]
		},
	},
	variantgroups: [
		{ code: "type", states: ["diagonal", "stripes", "stripes_end", "v_square", "stripes_endupd", "v_squareupd"] },
		{ code: "wood", states: ["aged", "oak" ]},
		{ code: "rotation", states: ["ud", "ns", "we"] },
	],
	
						shapeByType: {
		"plaster-diagonal-*": { base: "buildingplus:block/tudors/default" },
		"plaster-v_square-*": { base: "buildingplus:block/tudors/default" },
		"plaster-v_squareupd-*": { base: "buildingplus:block/tudors/default" },
		
		"plaster-stripes-*-ud": { base: "buildingplus:block/tudors/default" },
		"plaster-stripes-*-we": { base: "buildingplus:block/tudors/default" },
		"plaster-stripes-*-ns": { base: "buildingplus:block/tudors/default", rotateY: 90 },
		
        "plaster-stripes_end-*-ud": { base: "buildingplus:block/tudors/default"},
		"plaster-stripes_end-*-we": { base: "buildingplus:block/tudors/stripesend"},
		"plaster-stripes_end-*-ns": { base: "buildingplus:block/tudors/stripesend", rotateY: 90},
		
	    "plaster-stripes_endupd-*-ud": { base: "buildingplus:block/tudors/default"},
		"plaster-stripes_endupd-*-we": { base: "buildingplus:block/tudors/stripesend"},
		"plaster-stripes_endupd-*-ns": { base: "buildingplus:block/tudors/stripesend", rotateY: 90},
		
	},
	
	blockmaterial: "Stone",
	drawtype: "json",
	creativeinventory: { "general": ["*-ud"], "construction": ["*-ud"] },
	replaceable: 200,
	resistance: 2.5,
	lightAbsorption: 99,
	heldTpIdleAnimation: "holdbothhandslarge", heldTpUseAnimation: "twohandplaceblock",
	dropsByType: {
		"plaster-diagonal-oak-*": [ { type: "block", code: "plaster-diagonal-oak-ud" } ],
		"plaster-stripes-oak-*": [ { type: "block", code: "plaster-stripes-oak-ud" } ],
		"plaster-stripes_end-oak-*": [ { type: "block", code: "plaster-stripes_end-oak-ud" } ],
		"plaster-v_square-oak-*": [ { type: "block", code: "plaster-v_square-oak-ud" } ],
		"plaster-stripes_endupd-oak-*": [ { type: "block", code: "plaster-stripes_endupd-oak-ud" } ],
		"plaster-v_squareupd-oak-*": [ { type: "block", code: "plaster-v_squareupd-oak-ud" } ],
		"plaster-diagonal-aged-*": [ { type: "block", code: "plaster-diagonal-aged-ud" } ],
		"plaster-stripes-aged-*": [ { type: "block", code: "plaster-stripes-aged-ud" } ],
		"plaster-stripes_end-aged-*": [ { type: "block", code: "plaster-stripes_end-aged-ud" } ],
		"plaster-v_square-aged-*": [ { type: "block", code: "plaster-v_square-aged-ud" } ],
		"plaster-stripes_endupd-aged-*": [ { type: "block", code: "plaster-stripes_endupd-aged-ud" } ],
		"plaster-v_squareupd-aged-*": [ { type: "block", code: "plaster-v_squareupd-aged-ud" } ],
	},
	texturesByType: {
	"*-oak-*": {
	"vid": { 
		base: "block/stone/tudor_plain/whiteplaster_wall",
		overlays: [ "block/stone/tudor_frame/{type}/{rotation}" ],
		},
			
		"vid2": { 
		base: "block/stone/tudor_plain/whiteplaster_wall",
		overlays: [ "block/stone/tudor_frame/textrot/{type}/{rotation}" ],
		},
		
		},
	"*-aged-*": {
		"vid": { 
		base: "block/stone/tudor_plain/whiteplaster_wall_old",
		overlays: [ "block/stone/tudor_frame_old/{type}/{rotation}" ],
		},
		
		"vid2": { 
		base: "block/stone/tudor_plain/whiteplaster_wall_old",
		overlays: [ "block/stone/tudor_frame_old/textrot/{type}/{rotation}" ],	
		},	
		},
		},
	sounds: {
		walk: "walk/stone",
	},
	tpHandTransform: {
		translation: { x: -1.2, y: -1.1, z: -0.8 },
		rotation: { x: -2, y: 25, z: -78 },
		scale: 0.37
	}
}