{
	"editor": {
		"allAngles": false,
		"entityTextureMode": false
	},
	"textureWidth": 16,
	"textureHeight": 16,
	"textureSizes": {
	},
	"textures": {
	},
	"elements": [
		{
			"name": "Floor",
			"from": [ 3.0, 0.0, 3.0 ], 
			"to": [ 3.0, 0.0, 3.0 ], 
			"rotationOrigin": [ 3.0, 0.0, 3.0 ],
			"faces": {
				"north": { "texture": "#null", "uv": [ 0.0, 0.0, 0.5, 0.5 ], "enabled": false },
				"east": { "texture": "#null", "uv": [ 0.0, 0.0, 0.5, 0.5 ], "enabled": false },
				"south": { "texture": "#null", "uv": [ 0.0, 0.0, 0.5, 0.5 ], "enabled": false },
				"west": { "texture": "#null", "uv": [ 0.0, 0.0, 0.5, 0.5 ], "enabled": false },
				"up": { "texture": "#null", "uv": [ 0.0, 0.0, 0.5, 0.5 ], "enabled": false },
				"down": { "texture": "#null", "uv": [ 0.0, 0.0, 0.5, 0.5 ], "enabled": false }
			},
			"children": [
				{
					"name": "contents",
					"from": [ 0.0, 0.0, 0.0 ], 
					"to": [ 10.0, 1.0, 10.0 ], 
					"renderPass": 4,
					"faces": {
						"north": { "texture": "#null", "uv": [ 0.0, 0.0, 10.0, 1.0 ], "enabled": false },
						"east": { "texture": "#null", "uv": [ 0.0, 0.0, 10.0, 1.0 ], "enabled": false },
						"south": { "texture": "#null", "uv": [ 0.0, 0.0, 10.0, 1.0 ], "enabled": false },
						"west": { "texture": "#null", "uv": [ 0.0, 0.0, 10.0, 1.0 ], "enabled": false },
						"up": { "texture": "#water_bucket", "uv": [ 3.0, 3.0, 13.0, 13.0 ] },
						"down": { "texture": "#null", "uv": [ 0.0, 0.0, 10.0, 10.0 ], "enabled": false }
					}
				}
			]
		}
	]}