{
	"editor": {
		"allAngles": false,
		"entityTextureMode": false
	},
	"textureWidth": 16,
	"textureHeight": 16,
	"elements": [
		{
			"name": "Floor",
			"from": [ 3.0, 0.0, 3.0 ], 
			"to": [ 13.0, 1.0, 13.0 ], 
			"rotationOrigin": [ -2.0, 0.0, -2.0 ],
			"faces": {
				"north": { "texture": "#ceramic", "uv": [ 0.0, 0.0, 10.0, 1.0 ], "enabled": false },
				"east": { "texture": "#ceramic", "uv": [ 0.0, 0.0, 10.0, 1.0 ], "enabled": false },
				"south": { "texture": "#ceramic", "uv": [ 0.0, 0.0, 10.0, 1.0 ], "enabled": false },
				"west": { "texture": "#ceramic", "uv": [ 0.0, 0.0, 10.0, 1.0 ], "enabled": false },
				"up": { "texture": "#ceramic", "uv": [ 2.0, 0.5, 12.0, 10.5 ] },
				"down": { "texture": "#ceramic", "uv": [ 4.0, 3.5, 14.0, 13.5 ] }
			},
			"children": [
				{
					"name": "N",
					"from": [ -1.0, 0.0, -1.0 ], 
					"to": [ 11.0, 5.0, 0.0 ], 
					"faces": {
						"north": { "texture": "#ceramic", "uv": [ 3.0, 3.0, 15.0, 8.0 ] },
						"east": { "texture": "#ceramic", "uv": [ 10.5, 3.0, 11.5, 8.0 ] },
						"south": { "texture": "#ceramic", "uv": [ 2.5, 5.5, 14.5, 10.5 ] },
						"west": { "texture": "#ceramic", "uv": [ 8.0, 4.0, 9.0, 9.0 ] },
						"up": { "texture": "#ceramic", "uv": [ 2.0, 9.0, 14.0, 10.0 ] },
						"down": { "texture": "#ceramic", "uv": [ 2.5, 2.5, 14.5, 3.5 ] }
					}
				},
				{
					"name": "S",
					"from": [ -1.0, 0.0, 10.0 ], 
					"to": [ 11.0, 5.0, 11.0 ], 
					"rotationOrigin": [ 0.0, 0.0, 4.0 ],
					"faces": {
						"north": { "texture": "#ceramic", "uv": [ 2.5, 4.0, 14.5, 9.0 ] },
						"east": { "texture": "#ceramic", "uv": [ 5.5, 5.5, 6.5, 10.5 ] },
						"south": { "texture": "#ceramic", "uv": [ 0.5, 4.5, 12.5, 9.5 ] },
						"west": { "texture": "#ceramic", "uv": [ 12.0, 1.5, 13.0, 6.5 ] },
						"up": { "texture": "#ceramic", "uv": [ 2.5, 9.5, 14.5, 10.5 ], "rotation": 180 },
						"down": { "texture": "#ceramic", "uv": [ 2.0, 12.0, 14.0, 13.0 ] }
					}
				},
				{
					"name": "W",
					"from": [ -1.0, 0.0, 0.0 ], 
					"to": [ 0.0, 5.0, 10.0 ], 
					"faces": {
						"north": { "texture": "#ceramic", "uv": [ 0.0, 0.0, 1.0, 5.0 ], "enabled": false },
						"east": { "texture": "#ceramic", "uv": [ 3.5, 0.5, 13.5, 5.5 ] },
						"south": { "texture": "#ceramic", "uv": [ 0.0, 0.0, 1.0, 5.0 ], "enabled": false },
						"west": { "texture": "#ceramic", "uv": [ 1.0, 5.0, 11.0, 10.0 ] },
						"up": { "texture": "#ceramic", "uv": [ 4.5, 5.0, 14.5, 6.0 ], "rotation": 270 },
						"down": { "texture": "#ceramic", "uv": [ 4.5, 3.5, 5.5, 13.5 ] }
					}
				},
				{
					"name": "E",
					"from": [ 10.0, 0.0, 0.0 ], 
					"to": [ 11.0, 5.0, 10.0 ], 
					"rotationOrigin": [ 4.0, 0.0, 0.0 ],
					"faces": {
						"north": { "texture": "#ceramic", "uv": [ 0.0, 0.0, 1.0, 5.0 ], "enabled": false },
						"east": { "texture": "#ceramic", "uv": [ 3.0, 1.5, 13.0, 6.5 ] },
						"south": { "texture": "#ceramic", "uv": [ 0.0, 0.0, 1.0, 5.0 ], "enabled": false },
						"west": { "texture": "#ceramic", "uv": [ 1.0, 1.0, 11.0, 6.0 ] },
						"up": { "texture": "#ceramic", "uv": [ 5.0, 3.5, 15.0, 4.5 ], "rotation": 90 },
						"down": { "texture": "#ceramic", "uv": [ 7.0, 4.0, 8.0, 14.0 ] }
					}
				}
			]
		}
	]}