[
  {
    "op": "remove",
    "path": "/shape",
    "file": "game:itemtypes/resource/crushed/crushed.json"
  },
  {
    "op": "add",
    "path": "/shapeByType",
    "value": {
      "*-coal": {
        "base": "game:item/resource/crushed/ilmenite"
      },
      "*-copper": {
        "base": "game:item/resource/crushed/ilmenite"
      },
      "*-galena": {
        "base": "game:item/resource/crushed/ilmenite"
      },
      "*-gold": {
        "base": "game:item/resource/crushed/ilmenite"
      },
      "*-hematite": {
        "base": "game:item/resource/crushed/ilmenite"
      },
      "*-lead": {
        "base": "game:item/resource/crushed/ilmenite"
      },
      "*-limonite": {
        "base": "game:item/resource/crushed/ilmenite"
      },
      "*-magnetite": {
        "base": "game:item/resource/crushed/ilmenite"
      },
      "*-malachite": {
        "base": "game:item/resource/crushed/ilmenite"
      },
      "*-pentlandite": {
        "base": "game:item/resource/crushed/ilmenite"
      },
      "*": {
        "base": "game:item/resource/crushed/{material}"
      }
    },
    "file": "game:itemtypes/resource/crushed/crushed.json"
  },
  {
    "op": "add",
    "path": "/grindingPropsByType",
    "value": {
      "*-cassiterite": {
        "groundStack": {
          "type": "item",
          "code": "bricklayers:powdered-cassiterite",
          "stacksize": 2
        }
      },
      "*-coal": {
        "groundStack": {
          "type": "item",
          "code": "bricklayers:powdered-coal",
          "stacksize": 2
        }
      },
      "*-bauxite": {
        "groundStack": {
          "type": "item",
          "code": "bricklayers:powdered-bauxite",
          "stacksize": 2
        }
      },
      "*-copper": {
        "groundStack": {
          "type": "item",
          "code": "bricklayers:powdered-copper",
          "stacksize": 2
        }
      },
      "*-galena": {
        "groundStack": {
          "type": "item",
          "code": "bricklayers:powdered-galena",
          "stacksize": 2
        }
      },
      "*-lead": {
        "groundStack": {
          "type": "item",
          "code": "bricklayers:powdered-lead",
          "stacksize": 2
        }
      },
      "*-gold": {
        "groundStack": {
          "type": "item",
          "code": "bricklayers:powdered-gold",
          "stacksize": 2
        }
      },
      "*-hematite": {
        "groundStack": {
          "type": "item",
          "code": "bricklayers:powdered-hematite",
          "stacksize": 2
        }
      },
      "*-ilmenite": {
        "groundStack": {
          "type": "item",
          "code": "bricklayers:powdered-ilmenite",
          "stacksize": 2
        }
      },
      "*-quartz": {
        "groundStack": {
          "type": "item",
          "code": "bricklayers:powdered-quartz",
          "stacksize": 2
        }
      },
      "*-limonite": {
        "groundStack": {
          "type": "item",
          "code": "bricklayers:powdered-limonite",
          "stacksize": 2
        }
      },
      "*-lapis": {
        "groundStack": {
          "type": "item",
          "code": "bricklayers:powdered-lapislazuli",
          "stacksize": 2
        }
      },
      "*-magnetite": {
        "groundStack": {
          "type": "item",
          "code": "bricklayers:powdered-magnetite",
          "stacksize": 2
        }
      },
      "*-malachite": {
        "groundStack": {
          "type": "item",
          "code": "bricklayers:powdered-malachite",
          "stacksize": 2
        }
      },
      "*-olivine": {
        "groundStack": {
          "type": "item",
          "code": "bricklayers:powdered-olivine",
          "stacksize": 2
        }
      },
      "*-pentlandite": {
        "groundStack": {
          "type": "item",
          "code": "bricklayers:powdered-pentlandite",
          "stacksize": 2
        }
      },
      "*-cinnabar": {
        "groundStack": {
          "type": "item",
          "code": "bricklayers:powdered-cinnabar",
          "stacksize": 2
        }
      }
    },
    "file": "game:itemtypes/resource/crushed/crushed.json"
  },
  {
    "op": "remove",
    "path": "/texture",
    "file": "game:itemtypes/resource/crushed/crushed.json"
  },
  {
    "op": "add",
    "path": "/texturesByType",
    "value": {
      "*-coal": {
        "ilmenite": {
          "base": "bricklayers:item/resource/crushed/coal"
        }
      },
      "*-copper": {
        "ilmenite": {
          "base": "bricklayers:item/resource/crushed/copper"
        }
      },
      "*-galena": {
        "ilmenite": {
          "base": "bricklayers:item/resource/crushed/galena"
        }
      },
      "*-gold": {
        "ilmenite": {
          "base": "bricklayers:item/resource/crushed/gold"
        }
      },
      "*-lead": {
        "ilmenite": {
          "base": "bricklayers:item/resource/crushed/lead"
        }
      },
      "*-hematite": {
        "ilmenite": {
          "base": "bricklayers:item/resource/crushed/hematite"
        }
      },
      "*-limonite": {
        "ilmenite": {
          "base": "bricklayers:item/resource/crushed/limonite"
        }
      },
      "*-magnetite": {
        "ilmenite": {
          "base": "bricklayers:item/resource/crushed/magnetite"
        }
      },
      "*-malachite": {
        "ilmenite": {
          "base": "bricklayers:item/resource/crushed/malachite"
        }
      },
      "*-pentlandite": {
        "ilmenite": {
          "base": "bricklayers:item/resource/crushed/pentlandite"
        }
      },
      "*": {
        "all": {
          "base": "game:item/resource/crushed/{material}"
        }
      }
    },
    "file": "game:itemtypes/resource/crushed/crushed.json"
  },
  {
    "op": "add",
    "path": "/variantgroups/0/states/-",
    "value": "coal",
    "file": "game:itemtypes/resource/crushed/crushed.json"
  },
  {
    "op": "add",
    "path": "/variantgroups/0/states/-",
    "value": "copper",
    "file": "game:itemtypes/resource/crushed/crushed.json"
  },
  {
    "op": "add",
    "path": "/variantgroups/0/states/-",
    "value": "galena",
    "file": "game:itemtypes/resource/crushed/crushed.json"
  },
  {
    "op": "add",
    "path": "/variantgroups/0/states/-",
    "value": "gold",
    "file": "game:itemtypes/resource/crushed/crushed.json"
  },
  {
    "op": "add",
    "path": "/variantgroups/0/states/-",
    "value": "lead",
    "file": "game:itemtypes/resource/crushed/crushed.json"
  },
  {
    "op": "add",
    "path": "/variantgroups/0/states/-",
    "value": "hematite",
    "file": "game:itemtypes/resource/crushed/crushed.json"
  },
  {
    "op": "add",
    "path": "/variantgroups/0/states/-",
    "value": "limonite",
    "file": "game:itemtypes/resource/crushed/crushed.json"
  },
  {
    "op": "add",
    "path": "/variantgroups/0/states/-",
    "value": "magnetite",
    "file": "game:itemtypes/resource/crushed/crushed.json"
  },
  {
    "op": "add",
    "path": "/variantgroups/0/states/-",
    "value": "malachite",
    "file": "game:itemtypes/resource/crushed/crushed.json"
  },
  {
    "op": "add",
    "path": "/variantgroups/0/states/-",
    "value": "pentlandite",
    "file": "game:itemtypes/resource/crushed/crushed.json"
  },
  {
    "op": "remove",
    "path": "/attributes",
    "file": "game:itemtypes/resource/crushed/crushed.json"
  },
  {
    "op": "add",
    "path": "/attributesByType",
    "value": {
	"crushed-leadoxide": { "handbook": { "exclude": true } },
	"*": { "handbook": { "groupBy": ["crushed-*"], "extraSections": [ { "title": "handbooktitle-crushed", "text": "handbooktext-crushed" } ] } }
    },
    "file": "game:itemtypes/resource/crushed/crushed.json"
  }
]
