[
  {
    "op": "replace",
    "path": "/behaviors/0/properties/stackingModel",
    "value": "bricklayers:block/clay/smallbrickpile",
    "file": "game:itemtypes/resource/rawbrick.json"
  },
  {
    "op": "replace",
    "path": "/behaviors/0/properties/stackingCapacity",
    "value": 32,
    "file": "game:itemtypes/resource/rawbrick.json"
  },
  {
    "op": "replace",
    "path": "/behaviors/0/properties/cbScaleYByLayer",
    "value": 0.125,
    "file": "game:itemtypes/resource/rawbrick.json"
  },
  {
    "op": "replace",
    "path": "/behaviors/0/properties/maxFireable",
    "value": 16,
    "file": "game:itemtypes/resource/rawbrick.json"
  }
]
