{
    "code": "hearthstone",
    "class": "ItemHearthstoneVB",
    "maxstacksize": 1,

    "shapebytype": {
        "*": {
            "base": "item/hearthstone",
            "rotateY": 0
        }
    },
    "texturesByType": {
        "*": {
            "stone": { "base": "game:block/stone/rock/andesite*" },
            "glow": { "base": "block/hearthstoneglow" },
            "binding": { "base": "game:block/linen" }
        }
    },

    "creativeinventory": {
        "general": [ "*" ],
        "items": [ "*" ]
    },
    "materialDensity": 600,

    "attributesByType": {
        "*": {
            "displaycaseable": true,
            "shelvable": true
        }
    },

    "guiTransform": {
        "translation": {
            "x": 12,
            "y": -2,
            "z": 0
        },
        "rotation": {
            "x": -100,
            "y": 1,
            "z": -141
        },
        "origin": {
            "x": 0.5,
            "y": 0.25,
            "z": 0.42
        },
        "scale": 2.99
    },
    "fpHandTransform": {
        "translation": {
            "x": 0,
            "y": -0.25,
            "z": 0
        },
        "rotation": {
            "x": 96,
            "y": -8,
            "z": 61
        },
        "origin": {
            "x": 0.8,
            "y": 0.3,
            "z": 0.5
        },
        "scale": 2.9
    },
    "groundTransform": {
        "translation": {
            "x": 0,
            "y": 0,
            "z": 0
        },
        "rotation": {
            "x": 180,
            "y": 33,
            "z": -180
        },
        "origin": {
            "x": 0.5,
            "y": 0,
            "z": 0.5
        },
        "scale": 3.5
    },
    "tpHandTransform": {
        "translation": {
            "x": 0.2,
            "y": -1,
            "z": 0
        },
        "rotation": {
            "x": 126,
            "y": -86,
            "z": -40
        },
        "origin": {
            "x": -0.5,
            "y": 0,
            "z": 0
        },
        "scale": 0.65
    }
}
