{
	"code": "brickclaychimney",
	"class": "BlockChimneyVB",
	"entityclass": "BlockEntityChimneyVB",
	"drawtype": "json",

	"behaviors": [
		{ "name": "Container" }
	],
	"variantgroups": [
		{
			"code": "clays",
			"loadFromProperties": "viesblocks:block/clays"
		},
		{
			"code": "state",
			"states": [ "unlit", "lit" ]
		},
		{
			"loadFromProperties": "game:abstract/horizontalorientation"
		},
		{
			"code": "cover",
			"states": [ "free", "snow" ]
		}
	],
	"skipVariants": [ "*-north-snow", "*-east-snow", "*-south-snow", "*-west-snow" ],
	"creativeinventory": {
		"general": [ "*-unlit-north-free" ],
		"construction": [ "*-unlit-north-free" ]
	},
	"blockmaterial": "Stone",
	"sidesolid": {
		"all": false
	},
	"sideopaque": {
		"all": false
	},
	"shapebytype": {
		"*-north-free": {
			"base": "block/chimney",
			"rotateY": 0
		},
		"*-west-free": {
			"base": "block/chimney",
			"rotateY": 90
		},
		"*-south-free": {
			"base": "block/chimney",
			"rotateY": 180
		},
		"*-east-free": {
			"base": "block/chimney",
			"rotateY": 270
		},
		"*-north-snow": {
			"base": "block/chimney",
			"rotateY": 0
		},
		"*-west-snow": {
			"base": "block/chimney",
			"rotateY": 90
		},
		"*-south-snow": {
			"base": "block/chimney",
			"rotateY": 180
		},
		"*-east-snow": {
			"base": "block/chimney",
			"rotateY": 270
		}
	},
	"texturesByType": {
		"*-north-*": {
			"sides": { "base": "game:block/clay/brick/{clays}*" },
			"chimneyrim": { "base": "block/chimneyrim" },
			"chimneyinside": { "base": "block/chimneyinside" }
		},
		"*-south-*": {
			"sides": { "base": "game:block/clay/brick/{clays}*" },
			"chimneyrim": { "base": "block/chimneyrim" },
			"chimneyinside": { "base": "block/chimneyinside" }
		},
		"*-east-*": {
			"sides": { "base": "game:block/clay/brick/{clays}*" },
			"chimneyrim": { "base": "block/chimneyrim" },
			"chimneyinside": { "base": "block/chimneyinside" }
		},
		"*-west-*": {
			"sides": { "base": "game:block/clay/brick/{clays}*" },
			"chimneyrim": { "base": "block/chimneyrim" },
			"chimneyinside": { "base": "block/chimneyinside" }
		}
	},
	"replaceable": 140,
	"resistance": 2,
	"sounds": {
		"place": "game:block/rock-hit-pickaxe",
		"walk": "game:walk/stone"
	},
	"particlePropertiesByType": {
		"*-lit-*": [
			{
				"hsvaColor": [
					{
						"avg": 0,
						"var": 0
					},
					{
						"avg": 0,
						"var": 0
					},
					{
						"avg": 140,
						"var": 20
					},
					{
						"avg": 220,
						"var": 50
					}
				],
				"opacityEvolve": {
					"transform": "quadratic",
					"factor": -24
				},
				"gravityEffect": {
					"avg": 0,
					"var": 0
				},
				"posOffset": [
					{
						"avg": 0,
						"var": 0.3
					},
					{
						"avg": -0.1,
						"var": 0
					},
					{
						"avg": 0,
						"var": 0.3
					}
				],
				"velocity": [
					{
						"avg": 0,
						"var": 0.05
					},
					{
						"avg": 0.4,
						"var": 0.05
					},
					{
						"avg": 0,
						"var": 0.05
					}
				],
				"quantity": { "avg": 0.1 },
				"size": {
					"avg": 0.6,
					"var": 0.08
				},
				"sizeEvolve": {
					"transform": "linear",
					"factor": 3
				},
				"particleModel": "Quad",
				"lifeLength": { "avg": 14 },
				"selfPropelled": true,
				"windAffectednes": 0.5
			}
		],
		"*-lit-north": [
			{
				"hsvaColor": [
					{
						"avg": 0,
						"var": 0
					},
					{
						"avg": 0,
						"var": 0
					},
					{
						"avg": 140,
						"var": 20
					},
					{
						"avg": 220,
						"var": 50
					}
				],
				"opacityEvolve": {
					"transform": "quadratic",
					"factor": -24
				},
				"gravityEffect": {
					"avg": 0,
					"var": 0
				},
				"posOffset": [
					{
						"avg": 0,
						"var": 0.4
					},
					{
						"avg": 0.3,
						"var": 0
					},
					{
						"avg": 0,
						"var": 0.1
					}
				],
				"velocity": [
					{
						"avg": 0,
						"var": 0.05
					},
					{
						"avg": 0.4,
						"var": 0.05
					},
					{
						"avg": 0,
						"var": 0.05
					}
				],
				"quantity": { "avg": 0.1 },
				"size": {
					"avg": 0.6,
					"var": 0.08
				},
				"sizeEvolve": {
					"transform": "linear",
					"factor": 3
				},
				"particleModel": "Quad",
				"lifeLength": { "avg": 14 },
				"selfPropelled": true,
				"windAffectednes": 0.5
			}
		]
	}
}
