{
	code: "potion",
	behaviors: [
		{ name: "SneakPlacing"}, 
		{ name: "UnstableFalling", properties: { attachmentArea: { x1: 5, y1: 0, z1: 5, x2: 10, y2: 0, z2: 10 } }}, 
		{ name: "RightClickPickup"} 
	],
	variantgroups: [
		{ code: "flask", states: ["normal", "round", "tube"] },
		{ code: "potiontype", states: ["all", "alltick", "archer", "healingeffect", "hungerenhance", "hungersupress", "hunter", "looter", "melee", "mining", "poison", "predator", "regen", "scentmask", "speed", "vitality"] },
		{ code: "strength", states: ["weak", "medium", "strong"] },
    ],
	class: "BlockPotion" ,
	blockmaterial: "Glass",
	drawtype: "JSON",
	replaceable: 5000,
	attributesByType: {
		"*-all-*": {
			potioninfo: {
				potionId: "allpotionid",
				duration: 10,
				drankBlockCode: "potionflask-{flask}-burned",
			},
			effects: {
				healingeffectivness: 0.1,
				maxhealthExtraPoints: 1,
				walkspeed: 0.1,
				hungerrate: -0.1,
				rangedWeaponsAcc: 0.1,
				rangedWeaponsSpeed: 0.1,
				rangedWeaponsDamage: 0.1,
				meleeWeaponsDamage: 0.1,
				mechanicalsDamage: 0.1,
				animalLootDropRate: 0.1,
				forageDropRate: 0.1,
				wildCropDropRate: 0.1,
				vesselContentsDropRate: 0.1,
				oreDropRate: 0.1,
				rustyGearDropRate: 0.1,
				miningSpeedMul: 0.1,
				animalSeekingRange: 0.1,
				wholeVesselLootChance: 0.1,
				animalHarvestingTime: 0.1
			},
			shelvable: true,
			handbook: {
				exclude: true
			}
		},
		"*-alltick-*": {
			potioninfo: {
				potionId: "alltickpotionid",
				duration: 10,
				drankBlockCode: "potionflask-{flask}-burned",
			},
			tickpotioninfo: {
				ticksec: 1,
				health: 1,
			},
			effects: {
				healingeffectivness: 0.1,
				maxhealthExtraPoints: 1,
				walkspeed: 0.1,
				hungerrate: -0.1,
				rangedWeaponsAcc: 0.1,
				rangedWeaponsSpeed: 0.1,
				rangedWeaponsDamage: 0.1,
				meleeWeaponsDamage: 0.1,
				mechanicalsDamage: 0.1,
				animalLootDropRate: 0.1,
				forageDropRate: 0.1,
				wildCropDropRate: 0.1,
				vesselContentsDropRate: 0.1,
				oreDropRate: 0.1,
				rustyGearDropRate: 0.1,
				miningSpeedMul: 0.1,
				animalSeekingRange: 0.1,
				wholeVesselLootChance: 0.1,
				animalHarvestingTime: 0.1
			},
			shelvable: true,
			handbook: {
				exclude: true
			}
		},
		"*-archer-*": {
			potioninfo: {
				potionId: "archerpotionid",
				drankBlockCode: "potionflask-{flask}-burned",
				duration: 150,
			},
			effects: {
				rangedWeaponsAcc: 0.05,
				rangedWeaponsDamage: 0.2,
				rangedWeaponsSpeed: 0.2,
			},
			shelvable: true,
			handbook: {
				excludeByType: {
					"*-round-*": true,
					"*-tube-*": true
				}
			}
		},
		"*-healingeffect-*": {
			potioninfo: {
				potionId: "healingeffectpotionid",
				duration: 150,
				drankBlockCode: "potionflask-{flask}-burned",
			},
			effects: {
				healingeffectivness: 0.3,
			},
			shelvable: true,
			handbook: {
				excludeByType: {
					"*-round-*": true,
					"*-tube-*": true
				}
			}
		},
		"*-hungerenhance-*": {
			potioninfo: {
				potionId: "hungerenhancepotionid",
				duration: 300,
				drankBlockCode: "potionflask-{flask}-burned",
			},
			effects: {
				hungerrate: 0.3,
			},
			shelvable: true,
			handbook: {
				excludeByType: {
					"*-round-*": true,
					"*-tube-*": true
				}
			}
		},
		"*-hungersupress-*": {
			potioninfo: {
				potionId: "hungersupresspotionid",
				duration: 300,
				drankBlockCode: "potionflask-{flask}-burned",
			},
			effects: {
				hungerrate: -0.3,
			},
			shelvable: true,
			handbook: {
				excludeByType: {
					"*-round-*": true,
					"*-tube-*": true
				}
			}
		},
		"*-hunter-*": {
			potioninfo: {
				potionId: "hunterpotionid",
				duration: 180,
				drankBlockCode: "potionflask-{flask}-burned",
			},
			effects: {
				animalLootDropRate: 0.2,
				animalSeekingRange: -0.3,
				forageDropRate: 0.2,
				wildCropDropRate: 0.2,
			},
			shelvable: true,
			handbook: {
				excludeByType: {
					"*-round-*": true,
					"*-tube-*": true
				}
			}
		},
		"*-looter-*": {
			potioninfo: {
				potionId: "looterpotionid",
				duration: 180,
				drankBlockCode: "potionflask-{flask}-burned",
			},
			effects: {
				forageDropRate: 0.2,
				rustyGearDropRate: 0.2,
				vesselContentsDropRate: 0.3,
				wildCropDropRate: 0.2,
			},
			shelvable: true,
			handbook: {
				excludeByType: {
					"*-round-*": true,
					"*-tube-*": true
				}
			}
		},
		"*-melee-*": {
			potioninfo: {
				potionId: "meleepotionid",
				duration: 150,
				drankBlockCode: "potionflask-{flask}-burned",
			},
			effects: {
				meleeWeaponsDamage: 0.3,
			},
			shelvable: true,
			handbook: {
				excludeByType: {
					"*-round-*": true,
					"*-tube-*": true
				}
			}
		},
		"*-mining-*": {
			potioninfo: {
				potionId: "miningpotionid",
				duration: 150,
				drankBlockCode: "potionflask-{flask}-burned",
			},
			effects: {
				miningSpeedMul: 0.3,
				oreDropRate: 0.15
			},
			shelvable: true,
			handbook: {
				excludeByType: {
					"*-round-*": true,
					"*-tube-*": true
				}
			}
		},
		"*-poison-*": {
			potioninfo: {
				potionId: "poisontickpotionid",
				duration: 30,
				drankBlockCode: "potionflask-{flask}-burned",
			},
			tickpotioninfo: {
				health: -0.5,
				ticksec: 3,
			},
			shelvable: true,
			handbook: {
				excludeByType: {
					"*-round-*": true,
					"*-tube-*": true
				}
			}
		},
		"*-predator-*": {
			potioninfo: {
				potionId: "predatorpotionid",
				duration: 150,
				drankBlockCode: "potionflask-{flask}-burned",
			},
			effects: {
				animalSeekingRange: 0.4,
			},
			shelvable: true,
			handbook: {
				excludeByType: {
					"*-round-*": true,
					"*-tube-*": true
				}
			}
		},
		"*-regen-*": {
			potioninfo: {
				potionId: "regentickpotionid",
				duration: 30,
				drankBlockCode: "potionflask-{flask}-burned",
			},
			tickpotioninfo: {
				health: 0.5,
				ticksec: 3,
			},
			shelvable: true,
			handbook: {
				excludeByType: {
					"*-round-*": true,
					"*-tube-*": true
				}
			}
		},
		"*-scentmask-*": {
			potioninfo: {
				potionId: "scentmaskpotionid",
				duration: 150,
				drankBlockCode: "potionflask-{flask}-burned",
			},
			effects: {
				animalSeekingRange: -0.4,
			},
			shelvable: true,
			handbook: {
				excludeByType: {
					"*-round-*": true,
					"*-tube-*": true
				}
			}
		},
		"*-speed-*": {
			potioninfo: {
				potionId: "speedpotionid",
				duration: 150,
				drankBlockCode: "potionflask-{flask}-burned",
			},
			effects: {
				walkspeed: 0.25,
			},
			shelvable: true,
			handbook: {
				excludeByType: {
					"*-round-*": true,
					"*-tube-*": true
				}
			}
		},
		"*-vitality-*": {
			potioninfo: {
				potionId: "vitalitypotionid",
				duration: 150,
				drankBlockCode: "potionflask-{flask}-burned"
			},
			effects: {
				maxhealthExtraPoints: 0.5
			},
			shelvable: true,
			handbook: {
				excludeByType: {
					"*-round-*": true,
					"*-tube-*": true
				}
			}
		},
        "*": {
			potioninfo: {
				drankBlockCode: "potionflask-{flask}-burned",
			},
			shelvable: true,
			handbook: {
				exclude: true
			}
		}
    },
	maxstacksize: 16,
	shapeByType: { 
		"*-round-*": {base: "alchemy:block/glass/roundflask-liquid" },
		"*-tube-*": {base: "alchemy:block/glass/tubeflask-liquid" },
		"*": {base: "alchemy:block/glass/flask-liquid" }
	},
	sounds: {
		"walk": "game:walk/ice",
		"place": "game:player/buildhigh",
		"break": "game:block/glass",
		"hit": "game:block/glass"
	},
	texturesByType: {
		"*-archer-*": {
			content: { base: "alchemy:item/potion/grey_potion"}
		},
		"*-healingeffect-*": {
			content: { base: "alchemy:item/potion/red_potion"}
		},
		"*-hungerenhance-*": {
			content: { base: "alchemy:item/potion/orange_potion"}
		},
		"*-hungersupress-*": {
			content: { base: "alchemy:item/potion/yellow_potion"}
		},
		"*-hunter-*": {
			content: { base: "game:block/wood/oak"}
		},
		"*-looter-*": {
			content: { base: "alchemy:item/potion/indigo_potion"}
		},
		"*-melee-*": {
			content: { base: "alchemy:item/potion/darkred_potion"}
		},
		"*-mining-*": {
			content: { base: "alchemy:item/potion/brown_potion"}
		},
		"*-poison-*": {
			content: { base: "alchemy:item/potion/purple_potion"}
		},
		"*-predator-*": {
			content: { base: "alchemy:item/potion/rose_potion"}
		},
		"*-regen-*": {
			content: { base: "alchemy:item/potion/green_potion"}
		},
		"*-scentmask-*": {
			content: { base: "alchemy:item/potion/lavendar_potion"}
		},
		"*-speed-*": {
			content: { base: "alchemy:item/potion/turquoise_potion"}
		},
		"*-vitality-*": {
			content: { base: "alchemy:item/potion/black_potion"}
		}
	},
	creativeinventory: { "general": ["*"], "items": ["*"] },
	materialDensity: 800,
	lightAbsorption: 0,
	sideopaque: { all: false },
	sideao: { all: true },
	emitsideao: { all: false },
	sidesolid: { all: false },
	collisionbox: { x1: 0.375, y1: 0, z1: 0.375, x2: 0.625, y2: 0.275, z2: 0.625 },
	selectionbox: { x1: 0.375, y1: 0, z1: 0.375, x2: 0.625, y2: 0.275, z2: 0.625 },
	guiTransformByType: {
		"*-tube-*": {
			translation: { x: 0, y: 3, z: 0 },
			origin: { x: 0.5, y: 0.2, z: 0.5 },
			scale: 2.5
		},
		"*": {
			translation: { x: 0, y: 3, z: 0 },
			origin: { x: 0.5, y: 0.175, z: 0.5 },
			scale: 2.75
		}
	},
	groundTransform: {
		scale: 2
	},
	fpHandTransform: {
		translation: { x: 0, y: 0.4, z: 0 },
		rotation: { x: 0, y: -14, z: 0 },
		scale: 2
	},
	tpHandTransform: {
		translation: { x: -0.9, y: -0.1, z: -0.8 },
		rotation: { x: 0, y: -56, z: 0 },
		origin: { x: 0.5, y: 0.1, z: 0.5 },
		scale: 0.66
	},
  }