{
	"code": "acousticguitar",
	"class": "acousticguitar",
	"shape": { "base": "item/acousticguitar" },
	"attributes": {
		"toolrackTransform": {
			"rotation": {
				"x": 90,
				"z": -90
			},
			"translation": {
			},
			"scale": 1.25
		},
		"rackable": true
	},
	"creativeinventory": {
		"general": [ "*" ],
		"items": [ "*" ],
		"instruments": [ "*" ]
	},
	"guiTransform": {
		"translation": {
			"x": 0,
			"y": 0,
			"z": 0
		},
		"rotation": {
			"x": 146,
			"y": -225,
			"z": 0
		},
		"origin": {
			"x": 0.62,
			"y": 0.5,
			"z": 0.5
		},
		"scale": 1.5
	},
	"fpHandTransform": {
		"translation": {
			"x": 0.7,
			"y": 0.2,
			"z": 0.2
		},
		"rotation": {
			"x": 43,
			"y": -3,
			"z": 6
		},
		"origin": {
			"x": 1,
			"y": 0.4,
			"z": 0.5
		},
		"scale": 3.4
	},
	"groundTransform": {
		"translation": {
			"x": 0,
			"y": 0,
			"z": 0
		},
		"rotation": {
			"x": 0,
			"y": 0,
			"z": 0
		},
		"origin": {
			"x": 1,
			"y": 0,
			"z": 0.5
		},
		"scale": 4.17
	},
	"tpHandTransform": {
		"translation": {
			"x": -0.87,
			"y": 0,
			"z": -0.6
		},
		"rotation": {
			"x": 45,
			"y": 90,
			"z": 0
		},
		"origin": {
			"x": 0.5,
			"y": 0,
			"z": 0.5
		},
		"scale": 0.8
	}
}