{
	"code": "musicblockcone",
	"shape": { "base": "item/musicblockcone" },
	"attributes": {
		"handbook": {
			"extraSections": [
				{
					"title": "instruments:madefrom-title-brass",
					"text": "instruments:madefrom-brass"
				}
			]
		}
	},
	"creativeinventory": {
		"general": [ "*" ],
		"items": [ "*" ],
		"instruments": [ "*" ]
	},
	"guiTransform": {
		"translation": {
			"x": 0,
			"y": 0,
			"z": 0
		},
		"rotation": {
			"x": -115,
			"y": 0,
			"z": -135
		},
		"origin": {
			"x": 0.47,
			"y": 0.14,
			"z": 0.5
		},
		"scale": 1.5
	},
	"fpHandTransform": {
		"translation": {
			"x": 0.7,
			"y": 0.2,
			"z": 0.2
		},
		"rotation": {
			"x": 43,
			"y": -3,
			"z": 6
		},
		"origin": {
			"x": 1,
			"y": 0.4,
			"z": 0.5
		},
		"scale": 3.4
	},
	"groundTransform": {
		"translation": {
			"x": 0,
			"y": 0,
			"z": 0
		},
		"rotation": {
			"x": 0,
			"y": 0,
			"z": 0
		},
		"origin": {
			"x": 1,
			"y": 0,
			"z": 0.5
		},
		"scale": 4.17
	},
	"tpHandTransform": {
		"translation": {
			"x": -0.87,
			"y": 0.09,
			"z": -0.6
		},
		"rotation": {
			"x": 0,
			"y": 0,
			"z": 90
		},
		"origin": {
			"x": 0.5,
			"y": 0,
			"z": 0.5
		},
		"scale": 0.8
	}
}