{
	"editor": {
		"allAngles": false,
		"entityTextureMode": false
	},
	"textureWidth": 16,
	"textureHeight": 16,
	"textureSizes": {
		"feather": [16,16],
		"string": [16,16],
		"crystal": [32,32],
		"feather2": [16,16],
		"handle": [16,16]
	},
	"textures": {
	},
	"elements": [
		{
			"name": "Arrowhead",
			"from": [ 16.0, 1.0, 7.7 ], 
			"to": [ 17.0, 2.0, 8.7 ], 
			"rotationOrigin": [ 16.0, 0.5, 9.2 ],
			"faces": {
				"north": { "texture": "#crystal", "uv": [ 0.0, 0.0, 32.0, 32.0 ], "glow": 50, "autoUv": false },
				"east": { "texture": "#crystal", "uv": [ 0.0, 0.0, 32.0, 32.0 ], "glow": 50, "autoUv": false },
				"south": { "texture": "#crystal", "uv": [ 0.0, 0.0, 32.0, 32.0 ], "glow": 50, "autoUv": false },
				"west": { "texture": "#crystal", "uv": [ 0.0, 0.0, 32.0, 32.0 ], "glow": 50, "autoUv": false },
				"up": { "texture": "#crystal", "uv": [ 0.0, 0.0, 32.0, 32.0 ], "glow": 50, "autoUv": false },
				"down": { "texture": "#crystal", "uv": [ 0.0, 0.0, 32.0, 32.0 ], "glow": 50, "autoUv": false }
			},
			"children": [
				{
					"name": "Arrowhead9",
					"from": [ 0.0, -1.0, -1.0 ], 
					"to": [ 0.5, 2.0, 2.0 ], 
					"rotationOrigin": [ 0.0, 0.5, 0.5 ],
					"faces": {
						"north": { "texture": "#crystal", "uv": [ 0.0, 0.0, 32.0, 32.0 ], "glow": 5, "autoUv": false },
						"east": { "texture": "#crystal", "uv": [ 0.0, 0.0, 32.0, 32.0 ], "glow": 5, "autoUv": false },
						"south": { "texture": "#crystal", "uv": [ 0.0, 0.0, 32.0, 32.0 ], "glow": 5, "autoUv": false },
						"west": { "texture": "#crystal", "uv": [ 0.0, 0.0, 32.0, 32.0 ], "glow": 5, "autoUv": false },
						"up": { "texture": "#crystal", "uv": [ 0.0, 0.0, 32.0, 32.0 ], "glow": 5, "autoUv": false },
						"down": { "texture": "#crystal", "uv": [ 0.0, 0.0, 32.0, 32.0 ], "glow": 5, "autoUv": false }
					}
				},
				{
					"name": "Arrowhead10",
					"from": [ 0.5, -0.75, -0.75 ], 
					"to": [ 1.0, 1.75, 1.75 ], 
					"rotationOrigin": [ 1.0, 0.5, 0.5 ],
					"faces": {
						"north": { "texture": "#crystal", "uv": [ 0.0, 0.0, 32.0, 32.0 ], "glow": 5, "autoUv": false },
						"east": { "texture": "#crystal", "uv": [ 0.0, 0.0, 32.0, 32.0 ], "glow": 5, "autoUv": false },
						"south": { "texture": "#crystal", "uv": [ 0.0, 0.0, 32.0, 32.0 ], "glow": 5, "autoUv": false },
						"west": { "texture": "#crystal", "uv": [ 0.0, 0.0, 32.0, 32.0 ], "glow": 5, "autoUv": false },
						"up": { "texture": "#crystal", "uv": [ 0.0, 0.0, 32.0, 32.0 ], "glow": 5, "autoUv": false },
						"down": { "texture": "#crystal", "uv": [ 0.0, 0.0, 32.0, 32.0 ], "glow": 5, "autoUv": false }
					}
				},
				{
					"name": "Arrowhead11",
					"from": [ 1.0, -0.5, -0.5 ], 
					"to": [ 1.5, 1.5, 1.5 ], 
					"rotationOrigin": [ 2.0, 0.5, 0.5 ],
					"faces": {
						"north": { "texture": "#crystal", "uv": [ 0.0, 0.0, 32.0, 32.0 ], "glow": 5, "autoUv": false },
						"east": { "texture": "#crystal", "uv": [ 0.0, 0.0, 32.0, 32.0 ], "glow": 5, "autoUv": false },
						"south": { "texture": "#crystal", "uv": [ 0.0, 0.0, 32.0, 32.0 ], "glow": 5, "autoUv": false },
						"west": { "texture": "#crystal", "uv": [ 0.0, 0.0, 32.0, 32.0 ], "glow": 5, "autoUv": false },
						"up": { "texture": "#crystal", "uv": [ 0.0, 0.0, 32.0, 32.0 ], "glow": 5, "autoUv": false },
						"down": { "texture": "#crystal", "uv": [ 0.0, 0.0, 32.0, 32.0 ], "glow": 5, "autoUv": false }
					}
				},
				{
					"name": "Arrowhead12",
					"from": [ 0.25, -1.0, -2.0 ], 
					"to": [ 0.5, 2.0, -0.5 ], 
					"rotationOrigin": [ 0.0, 0.5, -0.5 ],
					"rotationY": 67.5,
					"faces": {
						"north": { "texture": "#crystal", "uv": [ 0.0, 0.0, 32.0, 32.0 ], "glow": 5, "autoUv": false },
						"east": { "texture": "#crystal", "uv": [ 0.0, 0.0, 32.0, 32.0 ], "glow": 5, "autoUv": false },
						"south": { "texture": "#crystal", "uv": [ 0.0, 0.0, 32.0, 32.0 ], "glow": 5, "autoUv": false },
						"west": { "texture": "#crystal", "uv": [ 0.0, 0.0, 32.0, 32.0 ], "glow": 5, "autoUv": false },
						"up": { "texture": "#crystal", "uv": [ 0.0, 0.0, 32.0, 32.0 ], "glow": 5, "autoUv": false },
						"down": { "texture": "#crystal", "uv": [ 0.0, 0.0, 32.0, 32.0 ], "glow": 5, "autoUv": false }
					}
				},
				{
					"name": "Arrowhead13",
					"from": [ 0.25, 0.0, -1.0 ], 
					"to": [ 0.5, 3.0, 0.5 ], 
					"rotationOrigin": [ 0.0, 1.5, 0.5 ],
					"rotationX": 90.0,
					"rotationY": 67.5,
					"faces": {
						"north": { "texture": "#crystal", "uv": [ 0.0, 0.0, 32.0, 32.0 ], "glow": 5, "autoUv": false },
						"east": { "texture": "#crystal", "uv": [ 0.0, 0.0, 32.0, 32.0 ], "glow": 5, "autoUv": false },
						"south": { "texture": "#crystal", "uv": [ 0.0, 0.0, 32.0, 32.0 ], "glow": 5, "autoUv": false },
						"west": { "texture": "#crystal", "uv": [ 0.0, 0.0, 32.0, 32.0 ], "glow": 5, "autoUv": false },
						"up": { "texture": "#crystal", "uv": [ 0.0, 0.0, 32.0, 32.0 ], "glow": 5, "autoUv": false },
						"down": { "texture": "#crystal", "uv": [ 0.0, 0.0, 32.0, 32.0 ], "glow": 5, "autoUv": false }
					}
				},
				{
					"name": "Arrowhead14",
					"from": [ 0.25, -1.0, 0.0 ], 
					"to": [ 0.5, 2.0, 1.5 ], 
					"rotationOrigin": [ 0.0, 0.5, 1.5 ],
					"rotationX": 180.0,
					"rotationY": 67.5,
					"faces": {
						"north": { "texture": "#crystal", "uv": [ 0.0, 0.0, 32.0, 32.0 ], "glow": 5, "autoUv": false },
						"east": { "texture": "#crystal", "uv": [ 0.0, 0.0, 32.0, 32.0 ], "glow": 5, "autoUv": false },
						"south": { "texture": "#crystal", "uv": [ 0.0, 0.0, 32.0, 32.0 ], "glow": 5, "autoUv": false },
						"west": { "texture": "#crystal", "uv": [ 0.0, 0.0, 32.0, 32.0 ], "glow": 5, "autoUv": false },
						"up": { "texture": "#crystal", "uv": [ 0.0, 0.0, 32.0, 32.0 ], "glow": 5, "autoUv": false },
						"down": { "texture": "#crystal", "uv": [ 0.0, 0.0, 32.0, 32.0 ], "glow": 5, "autoUv": false }
					}
				},
				{
					"name": "Arrowhead15",
					"from": [ 0.25, -2.0, -1.0 ], 
					"to": [ 0.5, 1.0, 0.5 ], 
					"rotationOrigin": [ 0.0, -0.5, 0.5 ],
					"rotationX": -90.0,
					"rotationY": 67.5,
					"faces": {
						"north": { "texture": "#crystal", "uv": [ 0.0, 0.0, 32.0, 32.0 ], "glow": 5, "autoUv": false },
						"east": { "texture": "#crystal", "uv": [ 0.0, 0.0, 32.0, 32.0 ], "glow": 5, "autoUv": false },
						"south": { "texture": "#crystal", "uv": [ 0.0, 0.0, 32.0, 32.0 ], "glow": 5, "autoUv": false },
						"west": { "texture": "#crystal", "uv": [ 0.0, 0.0, 32.0, 32.0 ], "glow": 5, "autoUv": false },
						"up": { "texture": "#crystal", "uv": [ 0.0, 0.0, 32.0, 32.0 ], "glow": 5, "autoUv": false },
						"down": { "texture": "#crystal", "uv": [ 0.0, 0.0, 32.0, 32.0 ], "glow": 5, "autoUv": false }
					}
				},
				{
					"name": "Arrowhead16",
					"from": [ 1.5, 0.25, 0.25 ], 
					"to": [ 2.5, 0.75, 0.75 ], 
					"rotationOrigin": [ 2.0, 0.5, 0.5 ],
					"faces": {
						"north": { "texture": "#crystal", "uv": [ 0.0, 0.0, 32.0, 32.0 ], "glow": 5, "autoUv": false },
						"east": { "texture": "#crystal", "uv": [ 0.0, 0.0, 32.0, 32.0 ], "glow": 5, "autoUv": false },
						"south": { "texture": "#crystal", "uv": [ 0.0, 0.0, 32.0, 32.0 ], "glow": 5, "autoUv": false },
						"west": { "texture": "#crystal", "uv": [ 0.0, 0.0, 32.0, 32.0 ], "glow": 5, "autoUv": false },
						"up": { "texture": "#crystal", "uv": [ 0.0, 0.0, 32.0, 32.0 ], "glow": 5, "autoUv": false },
						"down": { "texture": "#crystal", "uv": [ 0.0, 0.0, 32.0, 32.0 ], "glow": 5, "autoUv": false }
					}
				},
				{
					"name": "Stick",
					"from": [ -18.0, 0.0, 0.0 ], 
					"to": [ 1.0, 1.0, 1.0 ], 
					"rotationOrigin": [ -11.0, 0.5, 0.3 ],
					"faces": {
						"north": { "texture": "#handle", "uv": [ 8.0, 14.0, 16.0, 16.0 ], "glow": 50 },
						"east": { "texture": "#handle", "uv": [ 8.0, 8.0, 16.0, 16.0 ], "glow": 50 },
						"south": { "texture": "#handle", "uv": [ 8.0, 14.0, 16.0, 16.0 ], "glow": 50 },
						"west": { "texture": "#handle", "uv": [ 8.0, 8.0, 16.0, 16.0 ], "glow": 50 },
						"up": { "texture": "#handle", "uv": [ 8.0, 14.0, 16.0, 16.0 ], "glow": 50 },
						"down": { "texture": "#handle", "uv": [ 8.0, 14.0, 16.0, 16.0 ], "glow": 50 }
					},
					"children": [
						{
							"name": "String",
							"from": [ 1.4, -0.1, -0.1 ], 
							"to": [ 1.9, 1.1, 1.2 ], 
							"rotationOrigin": [ 1.4, -0.1, -0.1 ],
							"rotationY": 6.0,
							"faces": {
								"north": { "texture": "#string", "uv": [ 9.0, 4.0, 9.5, 5.0 ] },
								"east": { "texture": "#string", "uv": [ 11.0, 12.5, 12.0, 13.5 ] },
								"south": { "texture": "#string", "uv": [ 7.5, 5.0, 8.0, 6.0 ] },
								"west": { "texture": "#string", "uv": [ 9.5, 12.0, 10.5, 13.0 ] },
								"up": { "texture": "#string", "uv": [ 9.0, 4.0, 9.5, 5.0 ] },
								"down": { "texture": "#string", "uv": [ 6.5, 3.0, 7.0, 4.0 ] }
							}
						},
						{
							"name": "String15",
							"from": [ 2.6, -0.1, -0.1 ], 
							"to": [ 3.1, 1.1, 1.1 ], 
							"rotationOrigin": [ 2.6, -0.1, -0.1 ],
							"rotationY": -14.0,
							"faces": {
								"north": { "texture": "#string", "uv": [ 8.5, 6.5, 9.0, 7.5 ] },
								"east": { "texture": "#string", "uv": [ 11.0, 12.5, 12.0, 13.5 ] },
								"south": { "texture": "#string", "uv": [ 8.0, 7.5, 8.5, 8.5 ] },
								"west": { "texture": "#string", "uv": [ 9.5, 12.0, 10.5, 13.0 ] },
								"up": { "texture": "#string", "uv": [ 12.0, 8.5, 12.5, 9.5 ] },
								"down": { "texture": "#string", "uv": [ 10.0, 12.0, 10.5, 13.0 ] }
							}
						},
						{
							"name": "String16",
							"from": [ 3.0, -0.1, 0.0 ], 
							"to": [ 3.5, 1.1, 1.2 ], 
							"rotationOrigin": [ 3.0, -0.1, 0.0 ],
							"rotationY": 19.0,
							"faces": {
								"north": { "texture": "#string", "uv": [ 7.0, 3.0, 7.5, 4.0 ] },
								"east": { "texture": "#string", "uv": [ 11.0, 12.5, 12.0, 13.5 ] },
								"south": { "texture": "#string", "uv": [ 7.0, 6.0, 7.5, 7.0 ] },
								"west": { "texture": "#string", "uv": [ 9.5, 12.0, 10.5, 13.0 ] },
								"up": { "texture": "#string", "uv": [ 3.0, 3.5, 3.5, 4.5 ] },
								"down": { "texture": "#string", "uv": [ 9.0, 3.0, 9.5, 4.0 ] }
							}
						},
						{
							"name": "FeatherHorizontal19",
							"from": [ -2.0, -1.3, 0.5 ], 
							"to": [ 3.5, 2.7, 0.5 ], 
							"shade": false,
							"rotationOrigin": [ 3.5, 0.6, 0.6 ],
							"rotationX": -45.0,
							"rotationY": -0.9999999066063042,
							"faces": {
								"north": { "texture": "#feather2", "uv": [ 0.0, 0.0, 5.5, 4.0 ], "enabled": false },
								"east": { "texture": "#feather", "uv": [ 0.0, 0.0, 0.5, 4.0 ], "enabled": false },
								"south": { "texture": "#feather2", "uv": [ 6.0, 10.0, 10.0, 15.5 ], "rotation": 270 },
								"west": { "texture": "#feather", "uv": [ 0.0, 0.0, 0.5, 4.0 ], "enabled": false },
								"up": { "texture": "#feather2", "uv": [ 0.0, 0.0, 5.5, 0.5 ], "enabled": false },
								"down": { "texture": "#feather", "uv": [ 0.0, 0.0, 5.5, 0.5 ], "enabled": false }
							}
						},
						{
							"name": "FeatherHorizontal20",
							"from": [ -2.0, -1.5, 0.5 ], 
							"to": [ 3.5, 2.5, 0.5 ], 
							"shade": false,
							"rotationOrigin": [ 3.5, 0.4, 0.6 ],
							"rotationX": 45.0,
							"faces": {
								"north": { "texture": "#feather2", "uv": [ 0.0, 0.0, 5.5, 4.0 ], "enabled": false },
								"east": { "texture": "#feather", "uv": [ 0.0, 0.0, 0.5, 4.0 ], "enabled": false },
								"south": { "texture": "#feather2", "uv": [ 6.0, 10.0, 10.0, 15.5 ], "rotation": 270 },
								"west": { "texture": "#feather", "uv": [ 0.0, 0.0, 0.5, 4.0 ], "enabled": false },
								"up": { "texture": "#feather2", "uv": [ 0.0, 0.0, 5.5, 0.5 ], "enabled": false },
								"down": { "texture": "#feather", "uv": [ 0.0, 0.0, 5.5, 0.5 ], "enabled": false }
							}
						}
					]
				}
			]
		}
	]}