{
	code: "gothictop_22",
    class: "BlocktwotwoGlassTop",
		variantgroups: [
		{ loadFromProperties: "block/rock" },
		{ loadFromProperties: "abstract/horizontalorientation" },
		{ code: "part", states: ["downright", "downleft", "upleft", "upright"] }
	],
	attributes: {
		handbook: {
			groupBy: ["gothictop_22-*"]
		},
	},
	drawtype: "json",
	creativeinventory: { "general": ["gothictop_22-*-north-downleft"], "decorative": ["gothictop_22-*-north-downleft"] },
	shapeinventory: { base: "block/glass/inventory/22gtop" },
	shapebytype: {
		"*-north-downleft": { base: "block/glass/gothic/one_toplow_22_gw", rotateY: 90 },
		"*-north-upleft": { base: "block/glass/gothic/one_tophigh_22_gw", rotateY: 90 },
		"*-north-downright": { base: "block/glass/gothic/one_toplow_22_gw", rotateY: 270 },
		"*-north-upright": { base: "block/glass/gothic/one_tophigh_22_gw", rotateY: 270 },
		
		"*-east-downleft": { base: "block/glass/gothic/one_toplow_22_gw", rotateY: 0 },
		"*-east-upleft": { base: "block/glass/gothic/one_tophigh_22_gw", rotateY: 0 },
		"*-east-downright": { base: "block/glass/gothic/one_toplow_22_gw", rotateY: 180 },
		"*-east-upright": { base: "block/glass/gothic/one_tophigh_22_gw", rotateY: 180 },
		
		"*-south-downleft": { base: "block/glass/gothic/one_toplow_22_gw", rotateY: 270 },
		"*-south-upleft": { base: "block/glass/gothic/one_tophigh_22_gw", rotateY: 270 },
		"*-south-downright": { base: "block/glass/gothic/one_toplow_22_gw", rotateY: 90 },
		"*-south-upright": { base: "block/glass/gothic/one_tophigh_22_gw", rotateY: 90 },
		
		"*-west-downleft": { base: "block/glass/gothic/one_toplow_22_gw", rotateY: 180 },
		"*-west-upleft": { base: "block/glass/gothic/one_tophigh_22_gw", rotateY: 180 },
		"*-west-downright": { base: "block/glass/gothic/one_toplow_22_gw", rotateY: 0 },
		"*-west-upright": { base: "block/glass/gothic/one_tophigh_22_gw", rotateY: 0 }
		
	},
	blockmaterial: "Glass",
	replaceable: 500,
	resistance: 3,
	lightAbsorption: 0,
	sidesolid: {
		all: false
	},
	sideopaque: {
		all: false
	},
		textures: {
		"frame": { base: "frame" },
		"squareglass_big": { base: "squareglass_big" },
		"glass": { base: "glass" },
		"roseglass": { base: "roseglass" },
		"stone1": { base: "rock/{rock}" }	
	},
    heldTpIdleAnimation: "holdbothhandslarge", heldTpUseAnimation: "twohandplaceblock",
	tpHandTransform: {
		translation: { x: -1.2, y: -1.1, z: -0.8 },
		rotation: { x: -2, y: 25, z: -78 },
		scale: 0.3
	},
			guiTransform: {
		origin: { x: 0.5, y: 1, z: 0.5 },
		scale: 0.5
	},
	groundTransform: {
		origin: { x: 0.5, y: -0.01, z: 0.5 },
	},
	collisionselectionboxByType: {
		"*-north-downleft": { x1: 0, y1: 0, z1: 0.1875, x2: 1, y2: 1, z2: 0.8125 },
		"*-south-downleft": { x1: 0, y1: 0, z1: 0.1875, x2: 1, y2: 1, z2: 0.8125 },
		"*-east-downleft": { x1: 0.1875, y1: 0, z1: 0, x2: 0.8125, y2: 1, z2: 1 },
		"*-west-downleft": { x1: 0.1875, y1: 0, z1: 0, x2: 0.8125, y2: 1, z2: 1 },

		"*-north-downright": { x1: 0, y1: 0, z1: 0.1875, x2: 1, y2: 1, z2: 0.8125 },
		"*-south-downright": { x1: 0, y1: 0, z1: 0.1875, x2: 1, y2: 1, z2: 0.8125 },
		"*-east-downright": { x1: 0.1875, y1: 0, z1: 0, x2: 0.8125, y2: 1, z2: 1 },
		"*-west-downright": { x1: 0.1875, y1: 0, z1: 0, x2: 0.8125, y2: 1, z2: 1 },

		"*-north-upright": { x1: 0, y1: 0, z1: 0.1875, x2: 1, y2: 1, z2: 0.8125 },
		"*-south-upright": { x1: 0, y1: 0, z1: 0.1875, x2: 1, y2: 1, z2: 0.8125 },
		"*-east-upright": { x1: 0.1875, y1: 0, z1: 0, x2: 0.8125, y2: 1, z2: 1 },
		"*-west-upright": { x1: 0.1875, y1: 0, z1: 0, x2: 0.8125, y2: 1, z2: 1 },
	
		"*-north-upleft": { x1: 0, y1: 0, z1: 0.1875, x2: 1, y2: 1, z2: 0.8125 },
		"*-south-upleft": { x1: 0, y1: 0, z1: 0.1875, x2: 1, y2: 1, z2: 0.8125 },
		"*-east-upleft": { x1: 0.1875, y1: 0, z1: 0, x2: 0.8125, y2: 1, z2: 1 },
		"*-west-upleft": { x1: 0.1875, y1: 0, z1: 0, x2: 0.8125, y2: 1, z2: 1 }
	},
	sounds: {
		"place": "game:player/buildhigh",
		"break": "game:block/glass",
		"hit": "game:block/glass"
	},
}