{
	"editor": {
		"allAngles": true,
		"entityTextureMode": false
	},
	"textureWidth": 16,
	"textureHeight": 16,
	"textures": {
		"reeds": "game:item/resource/reeds"
	},
	"elements": [
		{
			"name": "origin",
			"from": [ 7.5, 0.0, 8.5 ], 
			"to": [ 7.5, 0.0, 8.5 ], 
			"rotationOrigin": [ 7.5, 0.0, 8.5 ],
			"faces": {
				"north": { "texture": "#reeds", "uv": [ 0.0, 0.0, 0.5, 0.5 ], "enabled": false },
				"east": { "texture": "#reeds", "uv": [ 0.0, 0.0, 0.5, 0.5 ], "enabled": false },
				"south": { "texture": "#reeds", "uv": [ 0.0, 0.0, 0.5, 0.5 ], "enabled": false },
				"west": { "texture": "#reeds", "uv": [ 0.0, 0.0, 0.5, 0.5 ], "enabled": false },
				"up": { "texture": "#reeds", "uv": [ 0.0, 0.0, 0.5, 0.5 ], "enabled": false },
				"down": { "texture": "#reeds", "uv": [ 0.0, 0.0, 0.5, 0.5 ], "enabled": false }
			},
			"children": [
				{
					"name": "Stalk",
					"from": [ -2.0, 0.0, -5.0 ], 
					"to": [ -1.0, 1.0, -4.0 ], 
					"rotationOrigin": [ -2.0, 0.0, -5.0 ],
					"rotationY": 22.0,
					"faces": {
						"north": { "texture": "#reeds", "uv": [ 9.5, 14.5, 10.5, 15.5 ], "rotation": 90 },
						"east": { "texture": "#reeds", "uv": [ 11.5, 13.0, 12.5, 14.0 ], "rotation": 90 },
						"south": { "texture": "#reeds", "uv": [ 12.5, 14.0, 13.5, 15.0 ], "rotation": 90 },
						"west": { "texture": "#reeds", "uv": [ 9.5, 13.5, 10.5, 14.5 ], "rotation": 90 },
						"up": { "texture": "#reeds", "uv": [ 11.0, 14.5, 12.0, 15.5 ] },
						"down": { "texture": "#reeds", "uv": [ 2.0, 5.5, 3.0, 6.5 ], "enabled": false }
					}
				},
				{
					"name": "Roottip",
					"from": [ -3.0, 1.0, 2.0 ], 
					"to": [ -2.0, 2.0, 3.0 ], 
					"rotationOrigin": [ -3.0, 1.0, 2.0 ],
					"rotationX": 90.0,
					"rotationZ": 136.0,
					"faces": {
						"north": { "texture": "#reeds", "uv": [ 11.0, 14.5, 12.0, 15.5 ] },
						"east": { "texture": "#reeds", "uv": [ 12.5, 15.0, 13.5, 16.0 ] },
						"south": { "texture": "#reeds", "uv": [ 10.0, 13.0, 11.0, 14.0 ] },
						"west": { "texture": "#reeds", "uv": [ 11.5, 14.5, 12.5, 15.5 ] },
						"up": { "texture": "#reeds", "uv": [ 14.0, 13.5, 15.0, 14.5 ] },
						"down": { "texture": "#reeds", "uv": [ 14.0, 15.0, 15.0, 16.0 ] }
					}
				},
				{
					"name": "Roottip7",
					"from": [ 3.0, 1.0, 3.0 ], 
					"to": [ 4.0, 2.0, 4.0 ], 
					"rotationOrigin": [ 3.0, 1.0, 3.0 ],
					"rotationX": 90.0,
					"rotationZ": -39.0,
					"faces": {
						"north": { "texture": "#reeds", "uv": [ 10.5, 12.5, 11.5, 13.5 ] },
						"east": { "texture": "#reeds", "uv": [ 10.5, 14.0, 11.5, 15.0 ] },
						"south": { "texture": "#reeds", "uv": [ 12.0, 13.0, 13.0, 14.0 ] },
						"west": { "texture": "#reeds", "uv": [ 10.0, 13.0, 11.0, 14.0 ] },
						"up": { "texture": "#reeds", "uv": [ 11.0, 14.0, 12.0, 15.0 ] },
						"down": { "texture": "#reeds", "uv": [ 9.5, 14.5, 10.5, 15.5 ] }
					}
				},
				{
					"name": "Roottip8",
					"from": [ 2.0, 1.0, -5.0 ], 
					"to": [ 3.0, 2.0, -4.0 ], 
					"rotationOrigin": [ 2.0, 1.0, -5.0 ],
					"rotationX": 90.0,
					"rotationZ": 180.0,
					"faces": {
						"north": { "texture": "#reeds", "uv": [ 13.5, 13.0, 14.5, 14.0 ] },
						"east": { "texture": "#reeds", "uv": [ 12.5, 14.0, 13.5, 15.0 ] },
						"south": { "texture": "#reeds", "uv": [ 10.5, 14.5, 11.5, 15.5 ] },
						"west": { "texture": "#reeds", "uv": [ 11.5, 14.0, 12.5, 15.0 ] },
						"up": { "texture": "#reeds", "uv": [ 15.0, 14.5, 16.0, 15.5 ] },
						"down": { "texture": "#reeds", "uv": [ 14.5, 14.0, 15.5, 15.0 ] }
					}
				},
				{
					"name": "RootDown",
					"from": [ -1.0, 0.0, 1.0 ], 
					"to": [ 0.6, 1.0, 2.6 ], 
					"rotationOrigin": [ -1.0, 0.0, 1.0 ],
					"rotationY": -47.0,
					"faces": {
						"north": { "texture": "#reeds", "uv": [ 9.5, 13.0, 11.0, 14.0 ] },
						"east": { "texture": "#reeds", "uv": [ 8.5, 14.5, 10.0, 15.5 ] },
						"south": { "texture": "#reeds", "uv": [ 9.0, 15.0, 10.5, 16.0 ] },
						"west": { "texture": "#reeds", "uv": [ 8.5, 13.0, 10.0, 14.0 ] },
						"up": { "texture": "#reeds", "uv": [ 8.5, 13.0, 10.0, 14.5 ] },
						"down": { "texture": "#reeds", "uv": [ 9.5, 14.5, 11.0, 16.0 ] }
					}
				},
				{
					"name": "RootDown9",
					"from": [ 3.5, 0.0, 0.0 ], 
					"to": [ 5.1, 1.0, 1.6 ], 
					"rotationOrigin": [ 3.5, 0.0, 0.0 ],
					"rotationY": -17.0,
					"faces": {
						"north": { "texture": "#reeds", "uv": [ 14.0, 12.5, 15.5, 13.5 ] },
						"east": { "texture": "#reeds", "uv": [ 14.5, 12.5, 16.0, 13.5 ] },
						"south": { "texture": "#reeds", "uv": [ 14.0, 14.5, 15.5, 15.5 ] },
						"west": { "texture": "#reeds", "uv": [ 13.5, 13.0, 15.0, 14.0 ] },
						"up": { "texture": "#reeds", "uv": [ 14.5, 13.0, 16.0, 14.5 ] },
						"down": { "texture": "#reeds", "uv": [ 14.5, 13.5, 16.0, 15.0 ] }
					}
				},
				{
					"name": "RootDown10",
					"from": [ 2.0, 0.0, -3.9 ], 
					"to": [ 3.6, 1.0, -2.3 ], 
					"rotationOrigin": [ 2.0, 0.0, -3.9 ],
					"rotationY": -33.0,
					"faces": {
						"north": { "texture": "#reeds", "uv": [ 14.0, 12.5, 15.5, 13.5 ] },
						"east": { "texture": "#reeds", "uv": [ 13.5, 13.5, 15.0, 14.5 ] },
						"south": { "texture": "#reeds", "uv": [ 12.5, 13.0, 14.0, 14.0 ] },
						"west": { "texture": "#reeds", "uv": [ 13.5, 15.0, 15.0, 16.0 ] },
						"up": { "texture": "#reeds", "uv": [ 13.5, 13.0, 15.0, 14.5 ] },
						"down": { "texture": "#reeds", "uv": [ 13.5, 14.0, 15.0, 15.5 ] }
					}
				},
				{
					"name": "RootDown11",
					"from": [ -2.0, 0.0, -3.5 ], 
					"to": [ -0.4, 1.0, -1.9 ], 
					"rotationOrigin": [ -2.0, 0.0, -3.5 ],
					"rotationY": -44.0,
					"faces": {
						"north": { "texture": "#reeds", "uv": [ 10.0, 12.5, 11.5, 13.5 ] },
						"east": { "texture": "#reeds", "uv": [ 14.0, 13.5, 15.5, 14.5 ] },
						"south": { "texture": "#reeds", "uv": [ 9.0, 14.5, 10.5, 15.5 ] },
						"west": { "texture": "#reeds", "uv": [ 10.5, 14.0, 12.0, 15.0 ] },
						"up": { "texture": "#reeds", "uv": [ 14.5, 13.5, 16.0, 15.0 ] },
						"down": { "texture": "#reeds", "uv": [ 11.0, 12.5, 12.5, 14.0 ] }
					}
				},
				{
					"name": "RootStalk",
					"from": [ 0.0, 0.0, 3.0 ], 
					"to": [ 1.4, 1.0, 4.4 ], 
					"rotationOrigin": [ 0.0, 0.0, 3.0 ],
					"rotationY": -30.0,
					"faces": {
						"north": { "texture": "#reeds", "uv": [ 10.5, 13.0, 11.5, 14.0 ] },
						"east": { "texture": "#reeds", "uv": [ 8.5, 13.0, 9.5, 14.0 ] },
						"south": { "texture": "#reeds", "uv": [ 10.0, 13.5, 11.0, 14.5 ] },
						"west": { "texture": "#reeds", "uv": [ 10.5, 15.0, 11.5, 16.0 ] },
						"up": { "texture": "#reeds", "uv": [ 13.5, 14.5, 14.5, 15.5 ] },
						"down": { "texture": "#reeds", "uv": [ 0.0, 0.0, 1.0, 1.0 ], "enabled": false }
					}
				},
				{
					"name": "RootStalk12",
					"from": [ 0.0, 0.0, -4.5 ], 
					"to": [ 1.4, 1.0, -3.1 ], 
					"rotationOrigin": [ 0.0, 0.0, -4.5 ],
					"rotationY": -25.0,
					"faces": {
						"north": { "texture": "#reeds", "uv": [ 4.0, 5.0, 5.0, 6.0 ] },
						"east": { "texture": "#reeds", "uv": [ 4.5, 5.0, 5.5, 6.0 ] },
						"south": { "texture": "#reeds", "uv": [ 4.0, 6.5, 5.0, 7.5 ] },
						"west": { "texture": "#reeds", "uv": [ 4.5, 5.5, 5.5, 6.5 ] },
						"up": { "texture": "#reeds", "uv": [ 5.5, 5.5, 6.5, 6.5 ] },
						"down": { "texture": "#reeds", "uv": [ 0.0, 0.0, 1.0, 1.0 ], "enabled": false }
					}
				},
				{
					"name": "RootStalk13",
					"from": [ -1.0, 0.0, -1.5 ], 
					"to": [ 0.4, 1.0, -0.1 ], 
					"rotationOrigin": [ -1.0, 0.0, -1.5 ],
					"faces": {
						"north": { "texture": "#reeds", "uv": [ 4.0, 6.5, 5.0, 7.5 ] },
						"east": { "texture": "#reeds", "uv": [ 3.5, 4.5, 4.5, 5.5 ] },
						"south": { "texture": "#reeds", "uv": [ 4.0, 6.0, 5.0, 7.0 ] },
						"west": { "texture": "#reeds", "uv": [ 3.5, 5.5, 4.5, 6.5 ] },
						"up": { "texture": "#reeds", "uv": [ 3.5, 6.0, 4.5, 7.0 ] },
						"down": { "texture": "#reeds", "uv": [ 0.0, 0.0, 1.0, 1.0 ], "enabled": false }
					}
				},
				{
					"name": "Root",
					"from": [ 0.9, 0.0, 1.0 ], 
					"to": [ 2.9, 1.0, 3.0 ], 
					"rotationOrigin": [ 0.9, 0.0, 1.0 ],
					"rotationY": -14.0,
					"faces": {
						"north": { "texture": "#reeds", "uv": [ 9.5, 13.5, 11.5, 14.5 ] },
						"east": { "texture": "#reeds", "uv": [ 10.0, 13.5, 12.0, 14.5 ] },
						"south": { "texture": "#reeds", "uv": [ 11.5, 13.0, 13.5, 14.0 ] },
						"west": { "texture": "#reeds", "uv": [ 10.0, 13.5, 12.0, 14.5 ] },
						"up": { "texture": "#reeds", "uv": [ 14.0, 12.5, 16.0, 14.5 ] },
						"down": { "texture": "#reeds", "uv": [ 8.0, 13.5, 10.0, 15.5 ] }
					}
				},
				{
					"name": "Root14",
					"from": [ 0.8, 0.0, -1.1 ], 
					"to": [ 2.8, 1.0, 0.9 ], 
					"rotationOrigin": [ 0.8, 0.0, -1.1 ],
					"rotationY": 17.0,
					"faces": {
						"north": { "texture": "#reeds", "uv": [ 8.5, 13.5, 10.5, 14.5 ] },
						"east": { "texture": "#reeds", "uv": [ 9.0, 13.0, 11.0, 14.0 ] },
						"south": { "texture": "#reeds", "uv": [ 9.5, 13.5, 11.5, 14.5 ] },
						"west": { "texture": "#reeds", "uv": [ 8.5, 13.5, 10.5, 14.5 ] },
						"up": { "texture": "#reeds", "uv": [ 12.5, 13.5, 14.5, 15.5 ] },
						"down": { "texture": "#reeds", "uv": [ 8.5, 12.5, 10.5, 14.5 ] }
					}
				},
				{
					"name": "Root15",
					"from": [ -3.5, 0.0, -1.7 ], 
					"to": [ -1.5, 1.0, 0.3 ], 
					"rotationOrigin": [ -3.5, 0.0, -1.7 ],
					"rotationY": -28.0,
					"faces": {
						"north": { "texture": "#reeds", "uv": [ 10.5, 13.5, 12.5, 14.5 ] },
						"east": { "texture": "#reeds", "uv": [ 9.5, 13.5, 11.5, 14.5 ] },
						"south": { "texture": "#reeds", "uv": [ 9.0, 13.0, 11.0, 14.0 ] },
						"west": { "texture": "#reeds", "uv": [ 9.0, 13.5, 11.0, 14.5 ] },
						"up": { "texture": "#reeds", "uv": [ 13.5, 13.5, 15.5, 15.5 ] },
						"down": { "texture": "#reeds", "uv": [ 8.0, 14.0, 10.0, 16.0 ] }
					}
				},
				{
					"name": "Root16",
					"from": [ 3.4, 0.0, -5.6 ], 
					"to": [ 5.4, 1.0, -3.6 ], 
					"rotationOrigin": [ 3.4, 0.0, -5.6 ],
					"rotationY": -22.0,
					"faces": {
						"north": { "texture": "#reeds", "uv": [ 9.5, 12.5, 11.5, 13.5 ] },
						"east": { "texture": "#reeds", "uv": [ 10.0, 13.5, 12.0, 14.5 ] },
						"south": { "texture": "#reeds", "uv": [ 11.0, 13.0, 13.0, 14.0 ] },
						"west": { "texture": "#reeds", "uv": [ 9.0, 14.0, 11.0, 15.0 ] },
						"up": { "texture": "#reeds", "uv": [ 13.0, 13.0, 15.0, 15.0 ] },
						"down": { "texture": "#reeds", "uv": [ 9.5, 14.0, 11.5, 16.0 ] }
					}
				},
				{
					"name": "Stalk17",
					"from": [ -1.5, 0.0, 4.0 ], 
					"to": [ -0.5, 1.0, 5.0 ], 
					"rotationOrigin": [ -1.5, 0.0, 4.0 ],
					"rotationY": -100.0,
					"faces": {
						"north": { "texture": "#reeds", "uv": [ 2.0, 5.5, 3.0, 6.5 ], "rotation": 90 },
						"east": { "texture": "#reeds", "uv": [ 2.5, 6.0, 3.5, 7.0 ], "rotation": 90 },
						"south": { "texture": "#reeds", "uv": [ 4.0, 5.0, 5.0, 6.0 ], "rotation": 90 },
						"west": { "texture": "#reeds", "uv": [ 2.5, 5.5, 3.5, 6.5 ], "rotation": 90 },
						"up": { "texture": "#reeds", "uv": [ 3.5, 6.0, 4.5, 7.0 ] },
						"down": { "texture": "#reeds", "uv": [ 2.0, 5.5, 3.0, 6.5 ], "enabled": false }
					}
				},
				{
					"name": "Stalk18",
					"from": [ 3.4, 0.0, -2.1 ], 
					"to": [ 4.4, 1.0, -1.1 ], 
					"rotationOrigin": [ 3.4, 0.0, -2.1 ],
					"rotationY": 42.0,
					"faces": {
						"north": { "texture": "#reeds", "uv": [ 3.0, 5.5, 4.0, 6.5 ], "rotation": 90 },
						"east": { "texture": "#reeds", "uv": [ 2.5, 5.5, 3.5, 6.5 ], "rotation": 90 },
						"south": { "texture": "#reeds", "uv": [ 4.0, 5.5, 5.0, 6.5 ], "rotation": 90 },
						"west": { "texture": "#reeds", "uv": [ 2.0, 6.0, 3.0, 7.0 ], "rotation": 90 },
						"up": { "texture": "#reeds", "uv": [ 3.0, 5.5, 4.0, 6.5 ] },
						"down": { "texture": "#reeds", "uv": [ 2.0, 5.5, 3.0, 6.5 ], "enabled": false }
					}
				}
			]
		}
	]}