{
  "editor": {
    "allAngles": false,
    "entityTextureMode": false
  },
  "textureWidth": 16,
  "textureHeight": 16,
  "textureSizes": {
  },
  "textures": {
    "pickledcarrot": "item/food/veggie/perfect/pickledcarrot"
  },
  "elements": [
    {
      "name": "carrot1",
      "from": [ 7.25, 0.0, 7.25 ], 
      "to": [ 8.75, 0.5, 8.75 ], 
      "rotationOrigin": [ 8.0, -2.5, 8.1 ],
      "faces": {
        "north": { "texture": "#pickledcarrot", "uv": [ 7.0, 10.0, 8.5, 10.5 ], "rotation": 180 },
        "east": { "texture": "#pickledcarrot", "uv": [ 9.5, 9.5, 11.0, 10.0 ], "rotation": 180 },
        "south": { "texture": "#pickledcarrot", "uv": [ 4.5, 9.5, 6.0, 10.0 ], "rotation": 180 },
        "west": { "texture": "#pickledcarrot", "uv": [ 7.0, 9.5, 8.5, 10.0 ], "rotation": 180 },
        "up": { "texture": "#pickledcarrot", "uv": [ 7.0, 9.0, 8.5, 10.5 ] },
        "down": { "texture": "#pickledcarrot", "uv": [ 6.5, 9.0, 8.0, 10.5 ] }
      },
      "children": [
        {
          "name": "carrot middle",
          "from": [ -1.1, 0.0, -0.3 ], 
          "to": [ -0.1, 0.5, 0.7 ], 
          "rotationOrigin": [ -1.4, 1.5, -0.6 ],
          "faces": {
            "north": { "texture": "#pickledcarrot", "uv": [ 11.5, 6.0, 12.0, 7.0 ], "rotation": 90 },
            "east": { "texture": "#pickledcarrot", "uv": [ 10.5, 6.0, 11.0, 7.0 ], "rotation": 90 },
            "south": { "texture": "#pickledcarrot", "uv": [ 10.5, 5.5, 11.0, 6.5 ], "rotation": 90 },
            "west": { "texture": "#pickledcarrot", "uv": [ 9.5, 5.5, 10.0, 6.5 ], "rotation": 90 },
            "up": { "texture": "#pickledcarrot", "uv": [ 7.0, 5.0, 8.0, 6.0 ] },
            "down": { "texture": "#pickledcarrot", "uv": [ 2.0, 5.5, 3.0, 6.5 ] }
          }
        },
        {
          "name": "carrot tip",
          "from": [ 0.9, 0.0, -0.8 ], 
          "to": [ 1.4, 0.5, -0.3 ], 
          "rotationOrigin": [ 0.4, 2.5, -1.3 ],
          "faces": {
            "north": { "texture": "#pickledcarrot", "uv": [ 8.0, 13.5, 8.5, 14.0 ] },
            "east": { "texture": "#pickledcarrot", "uv": [ 8.5, 13.0, 9.0, 13.5 ] },
            "south": { "texture": "#pickledcarrot", "uv": [ 8.5, 14.0, 9.0, 14.5 ] },
            "west": { "texture": "#pickledcarrot", "uv": [ 8.0, 14.0, 8.5, 14.5 ] },
            "up": { "texture": "#pickledcarrot", "uv": [ 2.0, 15.0, 2.5, 15.5 ] },
            "down": { "texture": "#pickledcarrot", "uv": [ 9.5, 13.5, 10.0, 14.0 ] }
          }
        },
        {
          "name": "carrot tip2",
          "from": [ -0.9, 0.0, 0.9 ], 
          "to": [ -0.4, 0.5, 1.4 ], 
          "rotationOrigin": [ -1.4, 2.5, 0.4 ],
          "faces": {
            "north": { "texture": "#pickledcarrot", "uv": [ 13.0, 13.0, 13.5, 13.5 ] },
            "east": { "texture": "#pickledcarrot", "uv": [ 4.0, 12.5, 4.5, 13.0 ] },
            "south": { "texture": "#pickledcarrot", "uv": [ 9.5, 13.0, 10.0, 13.5 ] },
            "west": { "texture": "#pickledcarrot", "uv": [ 4.5, 13.0, 5.0, 13.5 ] },
            "up": { "texture": "#pickledcarrot", "uv": [ 6.5, 14.0, 7.0, 14.5 ] },
            "down": { "texture": "#pickledcarrot", "uv": [ 6.5, 14.0, 7.0, 14.5 ] }
          }
        },
        {
          "name": "carrot middle2",
          "from": [ -0.3, 0.0, 1.8 ], 
          "to": [ 0.7, 0.5, 2.8 ], 
          "rotationOrigin": [ -0.6, 1.5, 1.5 ],
          "faces": {
            "north": { "texture": "#pickledcarrot", "uv": [ 11.0, 8.5, 11.5, 9.5 ], "rotation": 90 },
            "east": { "texture": "#pickledcarrot", "uv": [ 7.0, 10.0, 7.5, 11.0 ], "rotation": 90 },
            "south": { "texture": "#pickledcarrot", "uv": [ 8.0, 9.0, 8.5, 10.0 ], "rotation": 90 },
            "west": { "texture": "#pickledcarrot", "uv": [ 7.0, 9.5, 7.5, 10.5 ], "rotation": 90 },
            "up": { "texture": "#pickledcarrot", "uv": [ 9.5, 10.0, 10.5, 11.0 ] },
            "down": { "texture": "#pickledcarrot", "uv": [ 9.0, 10.0, 10.0, 11.0 ] }
          }
        },
        {
          "name": "carrot middle3",
          "from": [ 0.8, 0.0, 2.2 ], 
          "to": [ 1.8, 0.5, 3.2 ], 
          "rotationOrigin": [ 0.5, 1.5, 1.9 ],
          "faces": {
            "north": { "texture": "#pickledcarrot", "uv": [ 9.0, 1.5, 9.5, 2.5 ], "rotation": 90 },
            "east": { "texture": "#pickledcarrot", "uv": [ 12.0, 1.5, 12.5, 2.5 ], "rotation": 90 },
            "south": { "texture": "#pickledcarrot", "uv": [ 11.5, 1.5, 12.0, 2.5 ], "rotation": 90 },
            "west": { "texture": "#pickledcarrot", "uv": [ 2.5, 1.5, 3.0, 2.5 ], "rotation": 90 },
            "up": { "texture": "#pickledcarrot", "uv": [ 9.0, 1.5, 10.0, 2.5 ] },
            "down": { "texture": "#pickledcarrot", "uv": [ 12.0, 0.5, 13.0, 1.5 ] }
          }
        },
        {
          "name": "carrot",
          "from": [ 1.9, 0.0, -1.2 ], 
          "to": [ 3.4, 0.5, 0.3 ], 
          "rotationOrigin": [ 2.65, -2.5, -0.35 ],
          "faces": {
            "north": { "texture": "#pickledcarrot", "uv": [ 10.0, 5.5, 11.5, 6.0 ], "rotation": 180 },
            "east": { "texture": "#pickledcarrot", "uv": [ 6.0, 6.0, 7.5, 6.5 ], "rotation": 180 },
            "south": { "texture": "#pickledcarrot", "uv": [ 5.5, 5.5, 7.0, 6.0 ], "rotation": 180 },
            "west": { "texture": "#pickledcarrot", "uv": [ 11.0, 6.5, 12.5, 7.0 ], "rotation": 180 },
            "up": { "texture": "#pickledcarrot", "uv": [ 5.0, 5.5, 6.5, 7.0 ] },
            "down": { "texture": "#pickledcarrot", "uv": [ 11.5, 4.5, 13.0, 6.0 ] }
          }
        },
        {
          "name": "carrot3",
          "from": [ -2.8, 0.0, -0.3 ], 
          "to": [ -1.3, 0.5, 1.2 ], 
          "rotationOrigin": [ -2.05, -2.5, 0.55 ],
          "faces": {
            "north": { "texture": "#pickledcarrot", "uv": [ 11.0, 1.0, 12.5, 1.5 ], "rotation": 180 },
            "east": { "texture": "#pickledcarrot", "uv": [ 7.0, 1.5, 8.5, 2.0 ], "rotation": 180 },
            "south": { "texture": "#pickledcarrot", "uv": [ 2.0, 1.0, 3.5, 1.5 ], "rotation": 180 },
            "west": { "texture": "#pickledcarrot", "uv": [ 0.5, 2.0, 2.0, 2.5 ], "rotation": 180 },
            "up": { "texture": "#pickledcarrot", "uv": [ 11.0, 1.5, 12.5, 3.0 ] },
            "down": { "texture": "#pickledcarrot", "uv": [ 11.5, 1.0, 13.0, 2.5 ] }
          }
        },
        {
          "name": "carrot4",
          "from": [ -0.9, 0.0, -2.0 ], 
          "to": [ 0.6, 0.5, -0.5 ], 
          "rotationOrigin": [ -0.15, -2.5, -1.15 ],
          "faces": {
            "north": { "texture": "#pickledcarrot", "uv": [ 13.5, 1.0, 15.0, 1.5 ], "rotation": 180 },
            "east": { "texture": "#pickledcarrot", "uv": [ 8.0, 2.0, 9.5, 2.5 ], "rotation": 180 },
            "south": { "texture": "#pickledcarrot", "uv": [ 10.5, 2.0, 12.0, 2.5 ], "rotation": 180 },
            "west": { "texture": "#pickledcarrot", "uv": [ 13.0, 2.5, 14.5, 3.0 ], "rotation": 180 },
            "up": { "texture": "#pickledcarrot", "uv": [ 13.0, 2.0, 14.5, 3.5 ] },
            "down": { "texture": "#pickledcarrot", "uv": [ 3.0, 1.5, 4.5, 3.0 ] }
          }
        },
        {
          "name": "carrot5",
          "from": [ 1.7, 0.0, 0.6 ], 
          "to": [ 3.2, 0.5, 2.1 ], 
          "rotationOrigin": [ 2.45, -2.5, 1.45 ],
          "faces": {
            "north": { "texture": "#pickledcarrot", "uv": [ 12.5, 2.0, 14.0, 2.5 ], "rotation": 180 },
            "east": { "texture": "#pickledcarrot", "uv": [ 2.0, 1.0, 3.5, 1.5 ], "rotation": 180 },
            "south": { "texture": "#pickledcarrot", "uv": [ 5.0, 1.5, 6.5, 2.0 ], "rotation": 180 },
            "west": { "texture": "#pickledcarrot", "uv": [ 9.5, 2.5, 11.0, 3.0 ], "rotation": 180 },
            "up": { "texture": "#pickledcarrot", "uv": [ 5.5, 0.5, 7.0, 2.0 ] },
            "down": { "texture": "#pickledcarrot", "uv": [ 10.0, 0.5, 11.5, 2.0 ] }
          }
        },
        {
          "name": "carrot6",
          "from": [ -2.1, 0.0, 1.5 ], 
          "to": [ -0.6, 0.5, 3.0 ], 
          "rotationOrigin": [ -1.35, -2.5, 2.35 ],
          "faces": {
            "north": { "texture": "#pickledcarrot", "uv": [ 3.0, 0.5, 4.5, 1.0 ], "rotation": 180 },
            "east": { "texture": "#pickledcarrot", "uv": [ 8.0, 3.0, 9.5, 3.5 ], "rotation": 180 },
            "south": { "texture": "#pickledcarrot", "uv": [ 10.5, 1.0, 12.0, 1.5 ], "rotation": 180 },
            "west": { "texture": "#pickledcarrot", "uv": [ 12.0, 2.5, 13.5, 3.0 ], "rotation": 180 },
            "up": { "texture": "#pickledcarrot", "uv": [ 9.0, 4.5, 10.5, 6.0 ] },
            "down": { "texture": "#pickledcarrot", "uv": [ 9.5, 5.0, 11.0, 6.5 ] }
          }
        }
      ]
    }
  ]}