{
	"editor": {
		"allAngles": true,
		"entityTextureMode": false
	},
	"textureWidth": 16,
	"textureHeight": 16,
	"textureSizes": {
	},
	"textures": {
		"pumpkin": "item/food/veggie/perfect/pumpkin"
	},
	"elements": [
		{
			"name": "center",
			"from": [ 0.0, 0.0, 1.0 ], 
			"to": [ 0.0, 0.0, 1.0 ], 
			"rotationOrigin": [ 0.0, 0.0, 1.0 ],
			"faces": {
				"north": { "texture": "#pumpkin", "uv": [ 0.0, 0.0, 0.5, 0.5 ], "enabled": false },
				"east": { "texture": "#pumpkin", "uv": [ 0.0, 0.0, 0.5, 0.5 ], "enabled": false },
				"south": { "texture": "#pumpkin", "uv": [ 0.0, 0.0, 0.5, 0.5 ], "enabled": false },
				"west": { "texture": "#pumpkin", "uv": [ 0.0, 0.0, 0.5, 0.5 ], "enabled": false },
				"up": { "texture": "#pumpkin", "uv": [ 0.0, 0.0, 0.5, 0.5 ], "enabled": false },
				"down": { "texture": "#pumpkin", "uv": [ 0.0, 0.0, 0.5, 0.5 ], "enabled": false }
			},
			"children": [
				{
					"name": "Cube1",
					"from": [ 5.9, 0.0, 6.3 ], 
					"to": [ 6.9, 1.0, 10.3 ], 
					"rotationOrigin": [ 8.9, 0.5, 8.3 ],
					"faces": {
						"north": { "texture": "#pumpkin", "uv": [ 0.5, 0.5, 1.5, 1.5 ] },
						"east": { "texture": "#pumpkin", "uv": [ 12.0, 0.0, 13.0, 4.0 ], "rotation": 90 },
						"south": { "texture": "#pumpkin", "uv": [ 1.5, 5.0, 2.5, 6.0 ] },
						"west": { "texture": "#pumpkin", "uv": [ 12.0, 0.0, 13.0, 4.0 ], "rotation": 90 },
						"up": { "texture": "#pumpkin", "uv": [ 0.0, 0.0, 1.0, 4.0 ] },
						"down": { "texture": "#pumpkin", "uv": [ 6.0, 0.0, 7.0, 4.0 ] }
					}
				},
				{
					"name": "Cube2",
					"from": [ 7.2, 0.0, 5.3 ], 
					"to": [ 8.2, 1.0, 9.3 ], 
					"rotationOrigin": [ 10.2, 0.5, 7.3 ],
					"faces": {
						"north": { "texture": "#pumpkin", "uv": [ 1.0, 0.5, 2.0, 1.5 ] },
						"east": { "texture": "#pumpkin", "uv": [ 12.0, 0.0, 13.0, 4.0 ], "rotation": 90 },
						"south": { "texture": "#pumpkin", "uv": [ 1.5, 5.0, 2.5, 6.0 ] },
						"west": { "texture": "#pumpkin", "uv": [ 12.0, 0.0, 13.0, 4.0 ], "rotation": 90 },
						"up": { "texture": "#pumpkin", "uv": [ 2.0, 0.0, 3.0, 4.0 ] },
						"down": { "texture": "#pumpkin", "uv": [ 3.0, 4.0, 4.0, 8.0 ] }
					}
				},
				{
					"name": "Cube3",
					"from": [ 5.5, 0.0, -0.2 ], 
					"to": [ 6.5, 1.0, 3.8 ], 
					"rotationOrigin": [ 8.5, 0.5, 1.8 ],
					"rotationY": 90.0,
					"faces": {
						"north": { "texture": "#pumpkin", "uv": [ 4.5, 0.5, 5.5, 1.5 ] },
						"east": { "texture": "#pumpkin", "uv": [ 12.0, 0.0, 13.0, 4.0 ], "rotation": 90 },
						"south": { "texture": "#pumpkin", "uv": [ 3.5, 5.0, 4.5, 6.0 ] },
						"west": { "texture": "#pumpkin", "uv": [ 12.0, 0.0, 13.0, 4.0 ], "rotation": 90 },
						"up": { "texture": "#pumpkin", "uv": [ 4.0, 0.0, 5.0, 4.0 ] },
						"down": { "texture": "#pumpkin", "uv": [ 3.0, 4.0, 4.0, 8.0 ] }
					}
				},
				{
					"name": "Cube4",
					"from": [ 6.9, 0.0, 5.4 ], 
					"to": [ 7.9, 1.0, 9.4 ], 
					"rotationOrigin": [ 9.9, 0.5, 7.4 ],
					"rotationY": 90.0,
					"faces": {
						"north": { "texture": "#pumpkin", "uv": [ 6.5, 0.5, 7.5, 1.5 ] },
						"east": { "texture": "#pumpkin", "uv": [ 12.0, 0.0, 13.0, 4.0 ], "rotation": 90 },
						"south": { "texture": "#pumpkin", "uv": [ 3.5, 2.5, 4.5, 3.5 ] },
						"west": { "texture": "#pumpkin", "uv": [ 12.0, 0.0, 13.0, 4.0 ], "rotation": 90 },
						"up": { "texture": "#pumpkin", "uv": [ 6.0, 0.0, 7.0, 4.0 ] },
						"down": { "texture": "#pumpkin", "uv": [ 6.0, 0.0, 7.0, 4.0 ] }
					}
				},
				{
					"name": "Cube5",
					"from": [ 8.9, 0.0, 4.9 ], 
					"to": [ 9.9, 1.0, 8.9 ], 
					"rotationOrigin": [ 11.9, 0.5, 6.9 ],
					"faces": {
						"north": { "texture": "#pumpkin", "uv": [ 7.5, 1.5, 8.5, 2.5 ] },
						"east": { "texture": "#pumpkin", "uv": [ 12.0, 0.0, 13.0, 4.0 ], "rotation": 90 },
						"south": { "texture": "#pumpkin", "uv": [ 1.0, 5.5, 2.0, 6.5 ] },
						"west": { "texture": "#pumpkin", "uv": [ 12.0, 0.0, 13.0, 4.0 ], "rotation": 90 },
						"up": { "texture": "#pumpkin", "uv": [ 8.0, 0.0, 9.0, 4.0 ] },
						"down": { "texture": "#pumpkin", "uv": [ 6.0, 0.0, 7.0, 4.0 ] }
					}
				},
				{
					"name": "Cube6",
					"from": [ 10.5, 0.0, 5.3 ], 
					"to": [ 11.5, 1.0, 9.3 ], 
					"rotationOrigin": [ 13.5, 0.5, 7.3 ],
					"faces": {
						"north": { "texture": "#pumpkin", "uv": [ 10.0, 1.5, 11.0, 2.5 ] },
						"east": { "texture": "#pumpkin", "uv": [ 12.0, 0.0, 13.0, 4.0 ], "rotation": 90 },
						"south": { "texture": "#pumpkin", "uv": [ 5.5, 5.0, 6.5, 6.0 ] },
						"west": { "texture": "#pumpkin", "uv": [ 12.0, 0.0, 13.0, 4.0 ], "rotation": 90 },
						"up": { "texture": "#pumpkin", "uv": [ 10.0, 0.0, 11.0, 4.0 ] },
						"down": { "texture": "#pumpkin", "uv": [ 10.0, 0.0, 11.0, 4.0 ] }
					}
				}
			]
		}
	]}