{
	"editor": {
		"allAngles": false,
		"singleTexture": false
	},
	"textureWidth": 16,
	"textureHeight": 16,
	"textures": {
	},
	"elements": [
		{
			"name": "origin",
			"from": [ 12.0, 0.5, 7.6 ], 
			"to": [ 12.0, 0.5, 7.6 ], 
			"rotationOrigin": [ 8.0, 0.0, 7.9 ],
			"rotationX": 90.0,
			"faces": {
				"north": { "texture": "#string", "uv": [ 0.0, 0.0, 0.5, 0.5 ] },
				"east": { "texture": "#string", "uv": [ 0.0, 0.0, 0.5, 0.5 ] },
				"south": { "texture": "#string", "uv": [ 0.0, 0.0, 0.5, 0.5 ] },
				"west": { "texture": "#string", "uv": [ 0.0, 0.0, 0.5, 0.5 ] },
				"up": { "texture": "#string", "uv": [ 0.0, 0.0, 0.5, 0.5 ] },
				"down": { "texture": "#string", "uv": [ 0.0, 0.0, 0.5, 0.5 ] }
			},
			"children": [
				{
					"name": "segment main11",
					"from": [ 8.0, -0.2, -0.3 ], 
					"to": [ 13.0, 0.8, 0.7 ], 
					"rotationOrigin": [ 8.0, -0.2, -0.3 ],
					"faces": {
						"north": { "texture": "#material", "uv": [ 1.0, 3.5, 6.0, 4.5 ] },
						"east": { "texture": "#material", "uv": [ 1.0, 2.0, 2.0, 3.0 ] },
						"south": { "texture": "#material", "uv": [ 2.5, 4.5, 7.5, 5.5 ] },
						"west": { "texture": "#material", "uv": [ 6.0, 2.0, 7.0, 3.0 ] },
						"up": { "texture": "#material", "uv": [ 9.0, 2.5, 10.0, 7.5 ], "rotation": 90 },
						"down": { "texture": "#material", "uv": [ 4.0, 3.0, 9.0, 4.0 ] }
					}
				},
				{
					"name": "segment main12",
					"from": [ 9.5, 0.0, -1.0 ], 
					"to": [ 14.5, 0.5, 1.5 ], 
					"rotationOrigin": [ 9.5, 0.0, -1.0 ],
					"faces": {
						"north": { "texture": "#material", "uv": [ 1.0, 3.5, 6.0, 4.0 ] },
						"east": { "texture": "#material", "uv": [ 1.0, 2.0, 3.5, 2.5 ] },
						"south": { "texture": "#material", "uv": [ 2.5, 4.5, 7.5, 5.0 ] },
						"west": { "texture": "#material", "uv": [ 6.0, 2.0, 8.5, 2.5 ] },
						"up": { "texture": "#material", "uv": [ 9.0, 2.5, 11.5, 7.5 ], "rotation": 90 },
						"down": { "texture": "#material", "uv": [ 4.0, 3.0, 9.0, 5.5 ] }
					}
				},
				{
					"name": "segment main13",
					"from": [ 5.0, -0.6, -0.6 ], 
					"to": [ 8.5, 1.1, 1.1 ], 
					"rotationOrigin": [ 5.0, -0.6, -0.6 ],
					"faces": {
						"north": { "texture": "#material", "uv": [ 1.0, 3.5, 4.5, 5.0 ] },
						"east": { "texture": "#material", "uv": [ 1.0, 2.0, 2.5, 3.5 ] },
						"south": { "texture": "#material", "uv": [ 2.5, 4.5, 6.0, 6.0 ] },
						"west": { "texture": "#material", "uv": [ 6.0, 2.0, 7.5, 3.5 ] },
						"up": { "texture": "#material", "uv": [ 9.0, 2.5, 10.5, 6.0 ], "rotation": 90 },
						"down": { "texture": "#material", "uv": [ 4.0, 3.0, 7.5, 4.5 ] }
					}
				},
				{
					"name": "segment main18",
					"from": [ 5.5, 0.1, -3.0 ], 
					"to": [ 6.0, 0.6, 3.5 ], 
					"rotationOrigin": [ 5.5, 0.1, -3.0 ],
					"faces": {
						"north": { "texture": "#material", "uv": [ 1.0, 3.5, 1.5, 4.0 ] },
						"east": { "texture": "#material", "uv": [ 1.0, 2.0, 7.5, 2.5 ] },
						"south": { "texture": "#material", "uv": [ 2.5, 4.5, 3.0, 5.0 ] },
						"west": { "texture": "#material", "uv": [ 6.0, 2.0, 12.5, 2.5 ] },
						"up": { "texture": "#material", "uv": [ 9.0, 2.5, 15.5, 3.0 ], "rotation": 90 },
						"down": { "texture": "#material", "uv": [ 4.0, 3.0, 4.5, 9.5 ] }
					}
				},
				{
					"name": "segment main21",
					"from": [ 14.5, 0.0, -0.5 ], 
					"to": [ 15.5, 0.5, 1.0 ], 
					"rotationOrigin": [ 14.5, 0.0, -0.5 ],
					"faces": {
						"north": { "texture": "#material", "uv": [ 1.0, 3.5, 2.0, 4.0 ] },
						"east": { "texture": "#material", "uv": [ 1.0, 2.0, 2.5, 2.5 ] },
						"south": { "texture": "#material", "uv": [ 2.5, 4.5, 3.5, 5.0 ] },
						"west": { "texture": "#material", "uv": [ 6.0, 2.0, 7.5, 2.5 ] },
						"up": { "texture": "#material", "uv": [ 9.0, 2.5, 10.5, 3.5 ], "rotation": 90 },
						"down": { "texture": "#material", "uv": [ 4.0, 3.0, 5.0, 4.5 ] }
					}
				},
				{
					"name": "segment main15",
					"from": [ 15.5, 0.1, -0.2 ], 
					"to": [ 16.5, 0.4, 0.7 ], 
					"rotationOrigin": [ 15.5, 0.1, -0.2 ],
					"faces": {
						"north": { "texture": "#material", "uv": [ 1.0, 3.5, 2.0, 4.0 ] },
						"east": { "texture": "#material", "uv": [ 1.0, 2.0, 1.5, 2.5 ] },
						"south": { "texture": "#material", "uv": [ 2.5, 4.5, 3.5, 5.0 ] },
						"west": { "texture": "#material", "uv": [ 6.0, 2.0, 6.5, 2.5 ] },
						"up": { "texture": "#material", "uv": [ 9.0, 2.5, 9.5, 3.5 ], "rotation": 90 },
						"down": { "texture": "#material", "uv": [ 4.0, 3.0, 5.0, 3.5 ] }
					}
				},
				{
					"name": "segment main16",
					"from": [ 16.5, 0.2, 0.0 ], 
					"to": [ 17.5, 0.3, 0.5 ], 
					"rotationOrigin": [ 16.5, 0.2, 0.0 ],
					"faces": {
						"north": { "texture": "#material", "uv": [ 1.0, 3.5, 2.0, 4.0 ] },
						"east": { "texture": "#material", "uv": [ 1.0, 2.0, 1.5, 2.5 ] },
						"south": { "texture": "#material", "uv": [ 2.5, 4.5, 3.5, 5.0 ] },
						"west": { "texture": "#material", "uv": [ 6.0, 2.0, 6.5, 2.5 ] },
						"up": { "texture": "#material", "uv": [ 9.0, 2.5, 9.5, 3.5 ], "rotation": 90 },
						"down": { "texture": "#material", "uv": [ 4.0, 3.0, 5.0, 3.5 ] }
					}
				},
				{
					"name": "segment main17",
					"from": [ 10.0, 0.1, -1.5 ], 
					"to": [ 13.0, 0.4, 2.0 ], 
					"rotationOrigin": [ 10.0, 0.1, -1.5 ],
					"faces": {
						"north": { "texture": "#material", "uv": [ 1.0, 3.5, 4.0, 4.0 ] },
						"east": { "texture": "#material", "uv": [ 1.0, 2.0, 4.5, 2.5 ] },
						"south": { "texture": "#material", "uv": [ 2.5, 4.5, 5.5, 5.0 ] },
						"west": { "texture": "#material", "uv": [ 6.0, 2.0, 9.5, 2.5 ] },
						"up": { "texture": "#material", "uv": [ 9.0, 2.5, 12.5, 5.5 ], "rotation": 90 },
						"down": { "texture": "#material", "uv": [ 4.0, 3.0, 7.0, 6.5 ] }
					}
				}
			]
		}
	]}