{
	"editor": {
		"allAngles": false,
		"entityTextureMode": false
	},
	"textureWidth": 16,
	"textureHeight": 16,
	"textureSizes": {
	},
	"textures": {
		"furnwood15": "furnwood15",
		"frame": "frame"
	},
	"elements": [
		{
			"name": "L_main",
			"from": [ 16.0, 0.0, 7.0 ], 
			"to": [ 18.5, 16.0, 23.0 ], 
			"rotationOrigin": [ 16.0, 0.0, 7.0 ],
			"rotationY": -90.0,
			"faces": {
				"north": { "texture": "#furnwood15", "uv": [ 0.0, 0.0, 2.5, 16.0 ] },
				"east": { "texture": "#furnwood15", "uv": [ 0.0, 0.0, 16.0, 16.0 ] },
				"south": { "texture": "#furnwood15", "uv": [ 0.0, 0.0, 2.5, 16.0 ] },
				"west": { "texture": "#furnwood15", "uv": [ 0.0, 0.0, 16.0, 16.0 ] },
				"up": { "texture": "#furnwood15", "uv": [ 0.0, 0.0, 2.5, 16.0 ] },
				"down": { "texture": "#furnwood15", "uv": [ 0.0, 0.0, 2.5, 16.0 ] }
			},
			"children": [
				{
					"name": "ring",
					"from": [ 2.4, 13.0, 2.5 ], 
					"to": [ 2.7, 14.0, 3.5 ], 
					"rotationOrigin": [ 3.0, 13.0, 3.0 ],
					"faces": {
						"north": { "texture": "#frame", "uv": [ 0.0, 0.0, 0.5, 1.0 ] },
						"east": { "texture": "#frame", "uv": [ 6.5, 1.5, 8.0, 3.0 ], "autoUv": false },
						"south": { "texture": "#frame", "uv": [ 0.0, 0.0, 0.5, 1.0 ] },
						"west": { "texture": "#frame", "uv": [ 0.0, 2.0, 1.0, 3.0 ] },
						"up": { "texture": "#frame", "uv": [ 0.0, 0.0, 0.5, 1.0 ] },
						"down": { "texture": "#frame", "uv": [ 0.5, 1.0, 1.0, 2.0 ] }
					},
					"children": [
						{
							"name": "Cube41",
							"from": [ 0.1, 1.0, 0.0 ], 
							"to": [ 1.1, 3.0, 1.0 ], 
							"rotationOrigin": [ 0.0, 1.0, 0.5 ],
							"faces": {
								"north": { "texture": "#frame", "uv": [ 14.5, 3.0, 15.5, 5.0 ] },
								"east": { "texture": "#frame", "uv": [ 13.5, 3.5, 14.5, 5.5 ] },
								"south": { "texture": "#frame", "uv": [ 14.0, 3.5, 15.0, 5.5 ] },
								"west": { "texture": "#frame", "uv": [ 13.0, 3.0, 14.0, 5.0 ] },
								"up": { "texture": "#frame", "uv": [ 14.0, 3.5, 15.0, 4.5 ] },
								"down": { "texture": "#frame", "uv": [ 13.0, 3.0, 14.0, 4.0 ] }
							}
						},
						{
							"name": "Cube46",
							"from": [ 0.4, 0.0, 2.0 ], 
							"to": [ 0.8, 2.0, 2.5 ], 
							"rotationOrigin": [ 0.0, 0.0, 1.5 ],
							"faces": {
								"north": { "texture": "#frame", "uv": [ 0.0, 0.0, 0.5, 2.0 ] },
								"east": { "texture": "#frame", "uv": [ 8.0, 3.0, 8.5, 5.0 ] },
								"south": { "texture": "#frame", "uv": [ 0.0, 0.0, 0.5, 2.0 ] },
								"west": { "texture": "#frame", "uv": [ 7.5, 4.0, 8.0, 6.0 ] },
								"up": { "texture": "#frame", "uv": [ 0.0, 0.0, 0.5, 0.5 ] },
								"down": { "texture": "#frame", "uv": [ 0.0, 0.0, 0.5, 0.5 ] }
							}
						},
						{
							"name": "Cube1",
							"from": [ 0.0, 1.0, -0.5 ], 
							"to": [ 0.3, 3.0, 1.5 ], 
							"rotationOrigin": [ 0.0, 1.0, 0.5 ],
							"faces": {
								"north": { "texture": "#frame", "uv": [ 0.0, 0.0, 0.5, 2.0 ] },
								"east": { "texture": "#frame", "uv": [ 6.0, 8.5, 8.0, 10.5 ] },
								"south": { "texture": "#frame", "uv": [ 0.0, 0.0, 0.5, 2.0 ] },
								"west": { "texture": "#frame", "uv": [ 0.0, 0.0, 2.0, 2.0 ] },
								"up": { "texture": "#frame", "uv": [ 0.0, 0.0, 0.5, 2.0 ] },
								"down": { "texture": "#frame", "uv": [ 0.0, 0.0, 0.5, 2.0 ] }
							}
						},
						{
							"name": "Cube78",
							"from": [ 0.4, 0.0, -1.5 ], 
							"to": [ 0.8, 2.0, -1.0 ], 
							"rotationOrigin": [ 0.0, 0.0, -1.5 ],
							"faces": {
								"north": { "texture": "#frame", "uv": [ 12.5, 6.0, 13.0, 8.0 ] },
								"east": { "texture": "#frame", "uv": [ 11.5, 7.5, 12.0, 9.5 ] },
								"south": { "texture": "#frame", "uv": [ 14.0, 4.5, 14.5, 6.5 ] },
								"west": { "texture": "#frame", "uv": [ 7.5, 4.0, 8.0, 6.0 ] },
								"up": { "texture": "#frame", "uv": [ 0.0, 0.0, 0.5, 0.5 ] },
								"down": { "texture": "#frame", "uv": [ 0.0, 0.0, 0.5, 0.5 ] }
							}
						},
						{
							"name": "Cube102",
							"from": [ 0.4, -1.0, -0.5 ], 
							"to": [ 0.8, -0.5, 1.5 ], 
							"rotationOrigin": [ 0.0, -1.0, -0.5 ],
							"faces": {
								"north": { "texture": "#frame", "uv": [ 0.0, 0.0, 0.5, 0.5 ] },
								"east": { "texture": "#frame", "uv": [ 4.0, 8.5, 6.0, 9.0 ] },
								"south": { "texture": "#frame", "uv": [ 0.0, 0.0, 0.5, 0.5 ] },
								"west": { "texture": "#frame", "uv": [ 4.0, 8.5, 6.0, 9.0 ] },
								"up": { "texture": "#frame", "uv": [ 0.0, 0.0, 0.5, 2.0 ] },
								"down": { "texture": "#frame", "uv": [ 0.0, 0.0, 0.5, 2.0 ] }
							}
						},
						{
							"name": "Cube103",
							"from": [ 0.4, 2.5, -0.5 ], 
							"to": [ 0.8, 3.0, 1.5 ], 
							"rotationOrigin": [ 0.0, 3.0, -0.5 ],
							"faces": {
								"north": { "texture": "#frame", "uv": [ 0.0, 0.0, 0.5, 0.5 ] },
								"east": { "texture": "#frame", "uv": [ 4.5, 8.5, 6.5, 9.0 ] },
								"south": { "texture": "#frame", "uv": [ 0.0, 0.0, 0.5, 0.5 ] },
								"west": { "texture": "#frame", "uv": [ 4.5, 9.0, 6.5, 9.5 ] },
								"up": { "texture": "#frame", "uv": [ 0.0, 0.0, 0.5, 2.0 ] },
								"down": { "texture": "#frame", "uv": [ 0.0, 0.0, 0.5, 2.0 ] }
							}
						},
						{
							"name": "Cube104",
							"from": [ 0.4, -0.5, 1.5 ], 
							"to": [ 0.8, 0.0, 2.0 ], 
							"rotationOrigin": [ 0.0, 0.0, 1.5 ],
							"faces": {
								"north": { "texture": "#frame", "uv": [ 0.0, 0.0, 0.5, 0.5 ] },
								"east": { "texture": "#frame", "uv": [ 6.5, 3.0, 7.0, 3.5 ] },
								"south": { "texture": "#frame", "uv": [ 0.0, 0.0, 0.5, 0.5 ] },
								"west": { "texture": "#frame", "uv": [ 6.5, 4.0, 7.0, 4.5 ] },
								"up": { "texture": "#frame", "uv": [ 0.0, 0.0, 0.5, 0.5 ] },
								"down": { "texture": "#frame", "uv": [ 0.0, 0.0, 0.5, 0.5 ] }
							},
							"children": [
								{
									"name": "Cube105",
									"from": [ 0.0, 0.0, -2.5 ], 
									"to": [ 0.4, 0.5, -2.0 ], 
									"rotationOrigin": [ -0.4, 0.5, -3.0 ],
									"faces": {
										"north": { "texture": "#frame", "uv": [ 0.0, 0.0, 0.5, 0.5 ] },
										"east": { "texture": "#frame", "uv": [ 6.5, 3.0, 7.0, 3.5 ] },
										"south": { "texture": "#frame", "uv": [ 0.0, 0.0, 0.5, 0.5 ] },
										"west": { "texture": "#frame", "uv": [ 6.5, 4.0, 7.0, 4.5 ] },
										"up": { "texture": "#frame", "uv": [ 0.0, 0.0, 0.5, 0.5 ] },
										"down": { "texture": "#frame", "uv": [ 0.0, 0.0, 0.5, 0.5 ] }
									}
								},
								{
									"name": "Cube106",
									"from": [ 0.0, 2.5, 0.0 ], 
									"to": [ 0.4, 3.0, 0.5 ], 
									"rotationOrigin": [ -0.4, 3.5, 0.0 ],
									"faces": {
										"north": { "texture": "#frame", "uv": [ 0.0, 0.0, 0.5, 0.5 ] },
										"east": { "texture": "#frame", "uv": [ 6.5, 3.0, 7.0, 3.5 ] },
										"south": { "texture": "#frame", "uv": [ 0.0, 0.0, 0.5, 0.5 ] },
										"west": { "texture": "#frame", "uv": [ 6.5, 4.0, 7.0, 4.5 ] },
										"up": { "texture": "#frame", "uv": [ 0.0, 0.0, 0.5, 0.5 ] },
										"down": { "texture": "#frame", "uv": [ 0.0, 0.0, 0.5, 0.5 ] }
									},
									"children": [
										{
											"name": "Cube106",
											"from": [ 0.0, 0.0, -2.5 ], 
											"to": [ 0.4, 0.5, -2.0 ], 
											"rotationOrigin": [ -0.4, 0.5, -3.0 ],
											"faces": {
												"north": { "texture": "#frame", "uv": [ 0.0, 0.0, 0.5, 0.5 ] },
												"east": { "texture": "#frame", "uv": [ 6.5, 3.0, 7.0, 3.5 ] },
												"south": { "texture": "#frame", "uv": [ 0.0, 0.0, 0.5, 0.5 ] },
												"west": { "texture": "#frame", "uv": [ 6.5, 4.0, 7.0, 4.5 ] },
												"up": { "texture": "#frame", "uv": [ 0.0, 0.0, 0.5, 0.5 ] },
												"down": { "texture": "#frame", "uv": [ 0.0, 0.0, 0.5, 0.5 ] }
											}
										}
									]
								}
							]
						}
					]
				},
				{
					"name": "doorcatch1low",
					"from": [ 2.5, 5.5, 15.0 ], 
					"to": [ 3.3, 8.5, 16.0 ], 
					"rotationOrigin": [ 3.0, 5.0, 15.0 ],
					"faces": {
						"north": { "texture": "#frame", "uv": [ 0.0, 0.0, 1.0, 1.0 ], "autoUv": false },
						"east": { "texture": "#frame", "uv": [ 6.5, 4.0, 7.5, 7.0 ] },
						"south": { "texture": "#frame", "uv": [ 0.0, 0.0, 0.5, 3.0 ] },
						"west": { "texture": "#frame", "uv": [ 6.5, 4.5, 7.5, 7.5 ] },
						"up": { "texture": "#frame", "uv": [ 0.0, 0.0, 0.5, 1.0 ] },
						"down": { "texture": "#frame", "uv": [ 0.0, 0.0, 0.5, 1.0 ] }
					},
					"children": [
						{
							"name": "Cube6",
							"from": [ 0.0, 0.5, -13.0 ], 
							"to": [ 0.5, 2.0, 1.0 ], 
							"rotationOrigin": [ 0.0, 1.0, -13.0 ],
							"faces": {
								"north": { "texture": "#frame", "uv": [ 0.0, 0.0, 0.5, 1.5 ] },
								"east": { "texture": "#frame", "uv": [ 2.0, 0.0, 12.0, 1.5 ], "autoUv": false },
								"south": { "texture": "#frame", "uv": [ 0.0, 0.0, 0.5, 1.5 ] },
								"west": { "texture": "#frame", "uv": [ 0.0, 0.0, 14.0, 1.5 ] },
								"up": { "texture": "#frame", "uv": [ 0.0, 0.0, 0.5, 14.0 ] },
								"down": { "texture": "#frame", "uv": [ 0.0, 0.0, 0.5, 14.0 ] }
							},
							"children": [
								{
									"name": "Cube7",
									"from": [ 0.0, 0.25, -1.0 ], 
									"to": [ 0.5, 1.25, 0.0 ], 
									"rotationOrigin": [ 0.0, 0.0, -1.0 ],
									"faces": {
										"north": { "texture": "#frame", "uv": [ 0.0, 0.0, 0.5, 1.0 ] },
										"east": { "texture": "#frame", "uv": [ 6.0, 3.0, 7.5, 4.5 ], "autoUv": false },
										"south": { "texture": "#frame", "uv": [ 0.0, 0.0, 0.5, 1.0 ] },
										"west": { "texture": "#frame", "uv": [ 0.0, 0.0, 1.0, 1.0 ] },
										"up": { "texture": "#frame", "uv": [ 0.0, 0.0, 0.5, 1.0 ] },
										"down": { "texture": "#frame", "uv": [ 0.0, 0.0, 0.5, 1.0 ] }
									},
									"children": [
										{
											"name": "Cube8",
											"from": [ 0.0, 1.25, 1.5 ], 
											"to": [ 0.5, 2.0, 2.5 ], 
											"rotationOrigin": [ 0.0, 1.0, 1.0 ],
											"faces": {
												"north": { "texture": "#frame", "uv": [ 0.0, 0.0, 0.5, 0.5 ] },
												"east": { "texture": "#frame", "uv": [ 7.0, 5.5, 8.0, 6.0 ] },
												"south": { "texture": "#frame", "uv": [ 0.0, 0.0, 0.5, 0.5 ] },
												"west": { "texture": "#frame", "uv": [ 0.0, 0.0, 1.0, 0.5 ] },
												"up": { "texture": "#frame", "uv": [ 0.0, 0.0, 0.5, 1.0 ] },
												"down": { "texture": "#frame", "uv": [ 0.0, 0.0, 0.5, 1.0 ] }
											},
											"children": [
												{
													"name": "Cube9",
													"from": [ 0.0, 0.75, 0.5 ], 
													"to": [ 0.5, 1.25, 1.5 ], 
													"faces": {
														"north": { "texture": "#frame", "uv": [ 0.0, 0.0, 0.5, 0.5 ] },
														"east": { "texture": "#frame", "uv": [ 0.0, 0.0, 1.0, 0.5 ] },
														"south": { "texture": "#frame", "uv": [ 0.0, 0.0, 0.5, 0.5 ] },
														"west": { "texture": "#frame", "uv": [ 0.0, 0.0, 1.0, 0.5 ] },
														"up": { "texture": "#frame", "uv": [ 0.0, 0.0, 0.5, 1.0 ] },
														"down": { "texture": "#frame", "uv": [ 0.0, 0.0, 0.5, 1.0 ] }
													}
												}
											]
										},
										{
											"name": "Cube10",
											"from": [ 0.0, -1.0, 1.5 ], 
											"to": [ 0.5, -0.25, 2.5 ], 
											"rotationOrigin": [ 0.0, -2.0, 1.0 ],
											"faces": {
												"north": { "texture": "#frame", "uv": [ 0.0, 0.0, 0.5, 0.5 ] },
												"east": { "texture": "#frame", "uv": [ 6.5, 5.5, 7.5, 6.0 ] },
												"south": { "texture": "#frame", "uv": [ 0.0, 0.0, 0.5, 0.5 ] },
												"west": { "texture": "#frame", "uv": [ 0.0, 0.0, 1.0, 0.5 ] },
												"up": { "texture": "#frame", "uv": [ 0.0, 0.0, 0.5, 1.0 ] },
												"down": { "texture": "#frame", "uv": [ 0.0, 0.0, 0.5, 1.0 ] }
											},
											"children": [
												{
													"name": "Cube11",
													"from": [ 0.0, -0.5, 0.5 ], 
													"to": [ 0.5, 0.0, 1.5 ], 
													"rotationOrigin": [ 0.0, -1.0, 0.0 ],
													"faces": {
														"north": { "texture": "#frame", "uv": [ 0.0, 0.0, 0.5, 0.5 ] },
														"east": { "texture": "#frame", "uv": [ 0.0, 0.0, 1.0, 0.5 ] },
														"south": { "texture": "#frame", "uv": [ 0.0, 0.0, 0.5, 0.5 ] },
														"west": { "texture": "#frame", "uv": [ 0.0, 0.0, 1.0, 0.5 ] },
														"up": { "texture": "#frame", "uv": [ 0.0, 0.0, 0.5, 1.0 ] },
														"down": { "texture": "#frame", "uv": [ 0.0, 0.0, 0.5, 1.0 ] }
													}
												}
											]
										}
									]
								}
							]
						}
					]
				},
				{
					"name": "doorcatch1low75",
					"from": [ -0.8, 5.5, 15.0 ], 
					"to": [ 0.0, 8.5, 16.0 ], 
					"rotationOrigin": [ 0.0, 5.0, 15.0 ],
					"faces": {
						"north": { "texture": "#frame", "uv": [ 0.0, 0.0, 1.0, 1.0 ], "autoUv": false },
						"east": { "texture": "#frame", "uv": [ 6.5, 4.0, 7.5, 7.0 ] },
						"south": { "texture": "#frame", "uv": [ 0.0, 0.0, 0.5, 3.0 ] },
						"west": { "texture": "#frame", "uv": [ 6.5, 4.5, 7.5, 7.5 ] },
						"up": { "texture": "#frame", "uv": [ 0.0, 0.0, 0.5, 1.0 ] },
						"down": { "texture": "#frame", "uv": [ 0.0, 0.0, 0.5, 1.0 ] }
					},
					"children": [
						{
							"name": "Cube93",
							"from": [ 0.5, 0.5, -13.0 ], 
							"to": [ 1.0, 2.0, 1.0 ], 
							"rotationOrigin": [ 0.0, 1.0, -13.0 ],
							"faces": {
								"north": { "texture": "#frame", "uv": [ 0.0, 0.0, 0.5, 1.5 ] },
								"east": { "texture": "#frame", "uv": [ 0.0, 8.0, 10.0, 9.5 ], "autoUv": false },
								"south": { "texture": "#frame", "uv": [ 0.0, 0.0, 0.5, 1.5 ] },
								"west": { "texture": "#frame", "uv": [ 0.0, 14.5, 14.0, 16.0 ] },
								"up": { "texture": "#frame", "uv": [ 0.0, 0.0, 0.5, 14.0 ] },
								"down": { "texture": "#frame", "uv": [ 0.0, 0.0, 0.5, 14.0 ] }
							},
							"children": [
								{
									"name": "Cube93",
									"from": [ 0.0, 0.25, -1.0 ], 
									"to": [ 0.5, 1.25, 0.0 ], 
									"rotationOrigin": [ 0.0, 0.0, -1.0 ],
									"faces": {
										"north": { "texture": "#frame", "uv": [ 0.0, 0.0, 0.5, 1.0 ] },
										"east": { "texture": "#frame", "uv": [ 6.5, 7.5, 8.0, 9.0 ], "autoUv": false },
										"south": { "texture": "#frame", "uv": [ 0.0, 0.0, 0.5, 1.0 ] },
										"west": { "texture": "#frame", "uv": [ 6.5, 1.5, 8.0, 3.0 ], "autoUv": false },
										"up": { "texture": "#frame", "uv": [ 0.0, 0.0, 0.5, 1.0 ] },
										"down": { "texture": "#frame", "uv": [ 0.0, 0.0, 0.5, 1.0 ] }
									},
									"children": [
										{
											"name": "Cube93",
											"from": [ 0.0, 1.25, 1.5 ], 
											"to": [ 0.5, 2.0, 2.5 ], 
											"rotationOrigin": [ 0.0, 1.0, 1.0 ],
											"faces": {
												"north": { "texture": "#frame", "uv": [ 0.0, 0.0, 0.5, 0.5 ] },
												"east": { "texture": "#frame", "uv": [ 7.0, 5.5, 8.0, 6.0 ] },
												"south": { "texture": "#frame", "uv": [ 0.0, 0.0, 0.5, 0.5 ] },
												"west": { "texture": "#frame", "uv": [ 0.0, 0.0, 1.0, 0.5 ] },
												"up": { "texture": "#frame", "uv": [ 0.0, 0.0, 0.5, 1.0 ] },
												"down": { "texture": "#frame", "uv": [ 0.0, 0.0, 0.5, 1.0 ] }
											},
											"children": [
												{
													"name": "Cube93",
													"from": [ 0.0, 0.75, 0.5 ], 
													"to": [ 0.5, 1.25, 1.5 ], 
													"faces": {
														"north": { "texture": "#frame", "uv": [ 0.0, 0.0, 0.5, 0.5 ] },
														"east": { "texture": "#frame", "uv": [ 0.0, 0.0, 1.0, 0.5 ] },
														"south": { "texture": "#frame", "uv": [ 0.0, 0.0, 0.5, 0.5 ] },
														"west": { "texture": "#frame", "uv": [ 0.0, 0.0, 1.0, 0.5 ] },
														"up": { "texture": "#frame", "uv": [ 0.0, 0.0, 0.5, 1.0 ] },
														"down": { "texture": "#frame", "uv": [ 0.0, 0.0, 0.5, 1.0 ] }
													}
												}
											]
										},
										{
											"name": "Cube93",
											"from": [ 0.0, -1.0, 1.5 ], 
											"to": [ 0.5, -0.25, 2.5 ], 
											"rotationOrigin": [ 0.0, -2.0, 1.0 ],
											"faces": {
												"north": { "texture": "#frame", "uv": [ 0.0, 0.0, 0.5, 0.5 ] },
												"east": { "texture": "#frame", "uv": [ 6.5, 5.5, 7.5, 6.0 ] },
												"south": { "texture": "#frame", "uv": [ 0.0, 0.0, 0.5, 0.5 ] },
												"west": { "texture": "#frame", "uv": [ 0.0, 0.0, 1.0, 0.5 ] },
												"up": { "texture": "#frame", "uv": [ 0.0, 0.0, 0.5, 1.0 ] },
												"down": { "texture": "#frame", "uv": [ 0.0, 0.0, 0.5, 1.0 ] }
											},
											"children": [
												{
													"name": "Cube93",
													"from": [ 0.0, -0.5, 0.5 ], 
													"to": [ 0.5, 0.0, 1.5 ], 
													"rotationOrigin": [ 0.0, -1.0, 0.0 ],
													"faces": {
														"north": { "texture": "#frame", "uv": [ 0.0, 0.0, 0.5, 0.5 ] },
														"east": { "texture": "#frame", "uv": [ 0.0, 0.0, 1.0, 0.5 ] },
														"south": { "texture": "#frame", "uv": [ 0.0, 0.0, 0.5, 0.5 ] },
														"west": { "texture": "#frame", "uv": [ 0.0, 0.0, 1.0, 0.5 ] },
														"up": { "texture": "#frame", "uv": [ 0.0, 0.0, 0.5, 1.0 ] },
														"down": { "texture": "#frame", "uv": [ 0.0, 0.0, 0.5, 1.0 ] }
													}
												}
											]
										}
									]
								}
							]
						}
					]
				},
				{
					"name": "ring83",
					"from": [ -0.3, 13.0, 2.5 ], 
					"to": [ 0.0, 14.0, 3.5 ], 
					"rotationOrigin": [ 0.0, 13.0, 3.0 ],
					"faces": {
						"north": { "texture": "#frame", "uv": [ 0.0, 0.0, 0.5, 1.0 ] },
						"east": { "texture": "#frame", "uv": [ 6.5, 1.5, 8.0, 3.0 ], "autoUv": false },
						"south": { "texture": "#frame", "uv": [ 0.0, 0.0, 0.5, 1.0 ] },
						"west": { "texture": "#frame", "uv": [ 6.5, 1.5, 8.0, 3.0 ], "autoUv": false },
						"up": { "texture": "#frame", "uv": [ 0.0, 0.0, 0.5, 1.0 ] },
						"down": { "texture": "#frame", "uv": [ 0.5, 1.0, 1.0, 2.0 ] }
					},
					"children": [
						{
							"name": "Cube107",
							"from": [ -0.7, 1.0, 0.0 ], 
							"to": [ 0.3, 3.0, 1.0 ], 
							"rotationOrigin": [ -2.0, 1.0, 0.5 ],
							"faces": {
								"north": { "texture": "#frame", "uv": [ 13.0, 3.0, 14.0, 5.0 ] },
								"east": { "texture": "#frame", "uv": [ 13.5, 4.0, 14.5, 6.0 ] },
								"south": { "texture": "#frame", "uv": [ 6.5, 5.0, 7.5, 7.0 ] },
								"west": { "texture": "#frame", "uv": [ 7.0, 4.0, 8.0, 6.0 ] },
								"up": { "texture": "#frame", "uv": [ 0.0, 0.0, 1.0, 1.0 ] },
								"down": { "texture": "#frame", "uv": [ 0.0, 0.0, 1.0, 1.0 ] }
							},
							"children": [
								{
									"name": "Cube107",
									"from": [ 0.3, -1.0, 2.0 ], 
									"to": [ 0.7, 1.0, 2.5 ], 
									"rotationOrigin": [ -0.1, -1.0, 1.5 ],
									"faces": {
										"north": { "texture": "#frame", "uv": [ 0.0, 0.0, 0.5, 2.0 ] },
										"east": { "texture": "#frame", "uv": [ 6.5, 3.0, 7.0, 5.0 ] },
										"south": { "texture": "#frame", "uv": [ 0.0, 0.0, 0.5, 2.0 ] },
										"west": { "texture": "#frame", "uv": [ 6.5, 4.0, 7.0, 6.0 ] },
										"up": { "texture": "#frame", "uv": [ 0.0, 0.0, 0.5, 0.5 ] },
										"down": { "texture": "#frame", "uv": [ 0.0, 0.0, 0.5, 0.5 ] }
									}
								},
								{
									"name": "Cube107",
									"from": [ 0.7, 0.0, -0.5 ], 
									"to": [ 1.0, 2.0, 1.5 ], 
									"rotationOrigin": [ 0.9, 0.0, 0.5 ],
									"faces": {
										"north": { "texture": "#frame", "uv": [ 0.0, 0.0, 0.5, 2.0 ] },
										"east": { "texture": "#frame", "uv": [ 6.0, 8.5, 8.0, 10.5 ] },
										"south": { "texture": "#frame", "uv": [ 0.0, 0.0, 0.5, 2.0 ] },
										"west": { "texture": "#frame", "uv": [ 0.0, 0.0, 2.0, 2.0 ] },
										"up": { "texture": "#frame", "uv": [ 0.0, 0.0, 0.5, 2.0 ] },
										"down": { "texture": "#frame", "uv": [ 0.0, 0.0, 0.5, 2.0 ] }
									}
								},
								{
									"name": "Cube107",
									"from": [ 0.3, -1.0, -1.5 ], 
									"to": [ 0.7, 1.0, -1.0 ], 
									"rotationOrigin": [ -0.1, -1.0, -1.5 ],
									"faces": {
										"north": { "texture": "#frame", "uv": [ 0.0, 0.0, 0.5, 2.0 ] },
										"east": { "texture": "#frame", "uv": [ 10.0, 7.5, 10.5, 9.5 ] },
										"south": { "texture": "#frame", "uv": [ 0.0, 0.0, 0.5, 2.0 ] },
										"west": { "texture": "#frame", "uv": [ 7.5, 4.0, 8.0, 6.0 ] },
										"up": { "texture": "#frame", "uv": [ 0.0, 0.0, 0.5, 0.5 ] },
										"down": { "texture": "#frame", "uv": [ 0.0, 0.0, 0.5, 0.5 ] }
									}
								},
								{
									"name": "Cube107",
									"from": [ 0.3, -2.0, -0.5 ], 
									"to": [ 0.7, -1.5, 1.5 ], 
									"rotationOrigin": [ -0.1, -2.0, -0.5 ],
									"faces": {
										"north": { "texture": "#frame", "uv": [ 0.0, 0.0, 0.5, 0.5 ] },
										"east": { "texture": "#frame", "uv": [ 4.0, 8.5, 6.0, 9.0 ] },
										"south": { "texture": "#frame", "uv": [ 0.0, 0.0, 0.5, 0.5 ] },
										"west": { "texture": "#frame", "uv": [ 4.0, 8.5, 6.0, 9.0 ] },
										"up": { "texture": "#frame", "uv": [ 0.0, 0.0, 0.5, 2.0 ] },
										"down": { "texture": "#frame", "uv": [ 0.0, 0.0, 0.5, 2.0 ] }
									}
								},
								{
									"name": "Cube107",
									"from": [ 0.3, 1.5, -0.5 ], 
									"to": [ 0.7, 2.0, 1.5 ], 
									"rotationOrigin": [ -0.1, 2.0, -0.5 ],
									"faces": {
										"north": { "texture": "#frame", "uv": [ 0.0, 0.0, 0.5, 0.5 ] },
										"east": { "texture": "#frame", "uv": [ 4.5, 8.5, 6.5, 9.0 ] },
										"south": { "texture": "#frame", "uv": [ 0.0, 0.0, 0.5, 0.5 ] },
										"west": { "texture": "#frame", "uv": [ 4.5, 9.0, 6.5, 9.5 ] },
										"up": { "texture": "#frame", "uv": [ 0.0, 0.0, 0.5, 2.0 ] },
										"down": { "texture": "#frame", "uv": [ 0.0, 0.0, 0.5, 2.0 ] }
									}
								},
								{
									"name": "Cube107",
									"from": [ 0.3, -1.5, 1.5 ], 
									"to": [ 0.7, -1.0, 2.0 ], 
									"rotationOrigin": [ -0.1, -1.0, 1.5 ],
									"faces": {
										"north": { "texture": "#frame", "uv": [ 0.0, 0.0, 0.5, 0.5 ] },
										"east": { "texture": "#frame", "uv": [ 6.5, 3.0, 7.0, 3.5 ] },
										"south": { "texture": "#frame", "uv": [ 0.0, 0.0, 0.5, 0.5 ] },
										"west": { "texture": "#frame", "uv": [ 6.5, 4.0, 7.0, 4.5 ] },
										"up": { "texture": "#frame", "uv": [ 0.0, 0.0, 0.5, 0.5 ] },
										"down": { "texture": "#frame", "uv": [ 0.0, 0.0, 0.5, 0.5 ] }
									},
									"children": [
										{
											"name": "Cube107",
											"from": [ 0.0, 0.0, -2.5 ], 
											"to": [ 0.4, 0.5, -2.0 ], 
											"rotationOrigin": [ -0.4, 0.5, -3.0 ],
											"faces": {
												"north": { "texture": "#frame", "uv": [ 0.0, 0.0, 0.5, 0.5 ] },
												"east": { "texture": "#frame", "uv": [ 6.5, 3.0, 7.0, 3.5 ] },
												"south": { "texture": "#frame", "uv": [ 0.0, 0.0, 0.5, 0.5 ] },
												"west": { "texture": "#frame", "uv": [ 6.5, 4.0, 7.0, 4.5 ] },
												"up": { "texture": "#frame", "uv": [ 0.0, 0.0, 0.5, 0.5 ] },
												"down": { "texture": "#frame", "uv": [ 0.0, 0.0, 0.5, 0.5 ] }
											}
										},
										{
											"name": "Cube107",
											"from": [ 0.0, 2.5, 0.0 ], 
											"to": [ 0.4, 3.0, 0.5 ], 
											"rotationOrigin": [ -0.4, 3.5, 0.0 ],
											"faces": {
												"north": { "texture": "#frame", "uv": [ 0.0, 0.0, 0.5, 0.5 ] },
												"east": { "texture": "#frame", "uv": [ 6.5, 3.0, 7.0, 3.5 ] },
												"south": { "texture": "#frame", "uv": [ 0.0, 0.0, 0.5, 0.5 ] },
												"west": { "texture": "#frame", "uv": [ 6.5, 4.0, 7.0, 4.5 ] },
												"up": { "texture": "#frame", "uv": [ 0.0, 0.0, 0.5, 0.5 ] },
												"down": { "texture": "#frame", "uv": [ 0.0, 0.0, 0.5, 0.5 ] }
											},
											"children": [
												{
													"name": "Cube107",
													"from": [ 0.0, 0.0, -2.5 ], 
													"to": [ 0.4, 0.5, -2.0 ], 
													"rotationOrigin": [ -0.4, 0.5, -3.0 ],
													"faces": {
														"north": { "texture": "#frame", "uv": [ 0.0, 0.0, 0.5, 0.5 ] },
														"east": { "texture": "#frame", "uv": [ 6.5, 3.0, 7.0, 3.5 ] },
														"south": { "texture": "#frame", "uv": [ 0.0, 0.0, 0.5, 0.5 ] },
														"west": { "texture": "#frame", "uv": [ 6.5, 4.0, 7.0, 4.5 ] },
														"up": { "texture": "#frame", "uv": [ 0.0, 0.0, 0.5, 0.5 ] },
														"down": { "texture": "#frame", "uv": [ 0.0, 0.0, 0.5, 0.5 ] }
													}
												}
											]
										}
									]
								}
							]
						}
					]
				},
				{
					"name": "U_main",
					"from": [ 0.0, 16.0, 0.0 ], 
					"to": [ 2.5, 21.0, 16.0 ], 
					"rotationOrigin": [ 0.0, 16.0, 0.0 ],
					"faces": {
						"north": { "texture": "#furnwood15", "uv": [ 0.0, 0.0, 2.5, 5.0 ] },
						"east": { "texture": "#furnwood15", "uv": [ 0.0, 11.0, 16.0, 16.0 ] },
						"south": { "texture": "#furnwood15", "uv": [ 0.0, 1.0, 2.5, 6.0 ] },
						"west": { "texture": "#furnwood15", "uv": [ 0.0, 11.0, 16.0, 16.0 ] },
						"up": { "texture": "#furnwood15", "uv": [ 0.0, 0.0, 2.5, 16.0 ] },
						"down": { "texture": "#furnwood15", "uv": [ 0.0, 0.0, 2.5, 16.0 ] }
					},
					"children": [
						{
							"name": "U_main67",
							"from": [ 0.0, 12.0, 0.0 ], 
							"to": [ 2.5, 16.0, 16.0 ], 
							"rotationOrigin": [ 0.0, 12.0, 0.0 ],
							"faces": {
								"north": { "texture": "#furnwood15", "uv": [ 0.0, 0.0, 2.5, 4.0 ] },
								"east": { "texture": "#furnwood15", "uv": [ 0.0, 0.0, 16.0, 4.0 ] },
								"south": { "texture": "#furnwood15", "uv": [ 0.0, 0.0, 2.5, 4.0 ] },
								"west": { "texture": "#furnwood15", "uv": [ 0.0, 0.0, 16.0, 4.0 ] },
								"up": { "texture": "#furnwood15", "uv": [ 0.0, 0.0, 2.5, 16.0 ] },
								"down": { "texture": "#furnwood15", "uv": [ 0.0, 0.0, 2.5, 16.0 ] }
							}
						},
						{
							"name": "U_main68",
							"from": [ 0.0, 5.0, 0.0 ], 
							"to": [ 2.5, 12.0, 5.0 ], 
							"rotationOrigin": [ 0.0, 5.0, 0.0 ],
							"faces": {
								"north": { "texture": "#furnwood15", "uv": [ 0.0, 0.0, 2.5, 7.0 ] },
								"east": { "texture": "#furnwood15", "uv": [ 11.0, 4.0, 16.0, 11.0 ] },
								"south": { "texture": "#furnwood15", "uv": [ 0.0, 0.0, 2.5, 7.0 ] },
								"west": { "texture": "#furnwood15", "uv": [ 0.0, 4.0, 5.0, 11.0 ] },
								"up": { "texture": "#furnwood15", "uv": [ 0.0, 0.0, 2.5, 5.0 ] },
								"down": { "texture": "#furnwood15", "uv": [ 0.0, 0.0, 2.5, 5.0 ] }
							}
						},
						{
							"name": "U_main69",
							"from": [ 0.0, 5.0, 11.0 ], 
							"to": [ 2.5, 12.0, 16.0 ], 
							"rotationOrigin": [ 0.0, 5.0, 11.0 ],
							"faces": {
								"north": { "texture": "#furnwood15", "uv": [ 0.0, 0.0, 2.5, 7.0 ] },
								"east": { "texture": "#furnwood15", "uv": [ 0.0, 4.0, 5.0, 11.0 ] },
								"south": { "texture": "#furnwood15", "uv": [ 0.0, 0.0, 2.5, 7.0 ] },
								"west": { "texture": "#furnwood15", "uv": [ 11.0, 4.0, 16.0, 11.0 ] },
								"up": { "texture": "#furnwood15", "uv": [ 0.0, 0.0, 2.5, 5.0 ] },
								"down": { "texture": "#furnwood15", "uv": [ 0.0, 0.0, 2.5, 5.0 ] }
							}
						},
						{
							"name": "Cube38",
							"from": [ 2.5, 0.0, 2.0 ], 
							"to": [ 2.8, 2.0, 4.0 ], 
							"rotationOrigin": [ 3.0, 0.0, 3.0 ],
							"faces": {
								"north": { "texture": "#frame", "uv": [ 0.0, 0.0, 0.5, 2.0 ] },
								"east": { "texture": "#frame", "uv": [ 13.5, 4.5, 15.5, 6.5 ] },
								"south": { "texture": "#frame", "uv": [ 0.0, 0.0, 0.5, 2.0 ] },
								"west": { "texture": "#frame", "uv": [ 13.5, 3.5, 15.5, 5.5 ] },
								"up": { "texture": "#frame", "uv": [ 0.0, 0.0, 0.5, 2.0 ] },
								"down": { "texture": "#frame", "uv": [ 0.0, 0.0, 0.5, 2.0 ] }
							},
							"children": [
								{
									"name": "Cube39",
									"from": [ 0.0, 2.0, 0.5 ], 
									"to": [ 0.3, 3.0, 1.5 ], 
									"rotationOrigin": [ 0.0, 2.0, 1.0 ],
									"faces": {
										"north": { "texture": "#frame", "uv": [ 0.0, 0.0, 0.5, 1.0 ] },
										"east": { "texture": "#frame", "uv": [ 6.5, 1.5, 8.0, 3.0 ], "autoUv": false },
										"south": { "texture": "#frame", "uv": [ 0.0, 0.0, 0.5, 1.0 ] },
										"west": { "texture": "#frame", "uv": [ -0.5, 3.0, 0.5, 4.0 ] },
										"up": { "texture": "#frame", "uv": [ 0.0, 0.0, 0.5, 1.0 ] },
										"down": { "texture": "#frame", "uv": [ 0.0, 0.0, 0.5, 1.0 ] }
									}
								},
								{
									"name": "Cube42",
									"from": [ 0.0, 0.0, 0.5 ], 
									"to": [ 1.0, 1.0, 1.5 ], 
									"rotationOrigin": [ 0.0, 0.0, 1.0 ],
									"faces": {
										"north": { "texture": "#frame", "uv": [ 0.0, 0.0, 1.0, 1.0 ] },
										"east": { "texture": "#frame", "uv": [ 6.5, 5.5, 7.5, 6.5 ] },
										"south": { "texture": "#frame", "uv": [ 11.5, 3.0, 12.5, 4.0 ] },
										"west": { "texture": "#frame", "uv": [ 11.0, 2.5, 12.0, 3.5 ] },
										"up": { "texture": "#frame", "uv": [ 14.5, 3.5, 15.5, 4.5 ] },
										"down": { "texture": "#frame", "uv": [ 0.0, 0.0, 1.0, 1.0 ] }
									}
								},
								{
									"name": "Cube55",
									"from": [ -2.8, 0.0, 0.0 ], 
									"to": [ -2.5, 2.0, 2.0 ], 
									"rotationOrigin": [ -3.0, 0.0, 1.0 ],
									"faces": {
										"north": { "texture": "#frame", "uv": [ 0.0, 0.0, 0.5, 2.0 ] },
										"east": { "texture": "#frame", "uv": [ 0.0, 0.0, 2.0, 2.0 ] },
										"south": { "texture": "#frame", "uv": [ 0.0, 0.0, 0.5, 2.0 ] },
										"west": { "texture": "#frame", "uv": [ 6.0, 8.0, 8.0, 10.0 ] },
										"up": { "texture": "#frame", "uv": [ 0.0, 0.0, 0.5, 2.0 ] },
										"down": { "texture": "#frame", "uv": [ 0.0, 0.0, 0.5, 2.0 ] }
									},
									"children": [
										{
											"name": "Cube56",
											"from": [ 0.0, 2.0, 0.5 ], 
											"to": [ 0.3, 3.0, 1.5 ], 
											"rotationOrigin": [ 0.0, 2.0, 1.0 ],
											"faces": {
												"north": { "texture": "#frame", "uv": [ 0.0, 0.0, 0.5, 1.0 ] },
												"east": { "texture": "#frame", "uv": [ 0.0, 0.0, 1.0, 1.0 ] },
												"south": { "texture": "#frame", "uv": [ 0.0, 0.0, 0.5, 1.0 ] },
												"west": { "texture": "#frame", "uv": [ 6.5, 1.5, 8.0, 3.0 ], "autoUv": false },
												"up": { "texture": "#frame", "uv": [ 0.0, 0.0, 0.5, 1.0 ] },
												"down": { "texture": "#frame", "uv": [ 0.0, 0.0, 0.5, 1.0 ] }
											}
										},
										{
											"name": "Cube57",
											"from": [ -0.7, 0.0, 0.5 ], 
											"to": [ 0.3, 1.0, 1.5 ], 
											"rotationOrigin": [ -1.0, 0.0, 1.0 ],
											"faces": {
												"north": { "texture": "#frame", "uv": [ 12.0, 4.5, 13.0, 5.5 ] },
												"east": { "texture": "#frame", "uv": [ 12.5, 4.0, 13.5, 5.0 ] },
												"south": { "texture": "#frame", "uv": [ 13.5, 4.0, 14.5, 5.0 ] },
												"west": { "texture": "#frame", "uv": [ 13.0, 5.0, 14.0, 6.0 ] },
												"up": { "texture": "#frame", "uv": [ 5.5, 6.0, 6.5, 7.0 ] },
												"down": { "texture": "#frame", "uv": [ 12.0, 4.0, 13.0, 5.0 ] }
											}
										}
									]
								},
								{
									"name": "window",
									"from": [ 0.0, 5.5, 2.5 ], 
									"to": [ 0.5, 11.5, 3.5 ], 
									"rotationOrigin": [ 0.0, 6.5, 3.0 ],
									"faces": {
										"north": { "texture": "#frame", "uv": [ 0.0, 0.0, 0.5, 6.0 ] },
										"east": { "texture": "#frame", "uv": [ 13.0, 1.5, 14.0, 7.5 ] },
										"south": { "texture": "#frame", "uv": [ 0.0, 0.0, 0.5, 6.0 ] },
										"west": { "texture": "#frame", "uv": [ 0.0, 0.0, 1.0, 6.0 ] },
										"up": { "texture": "#frame", "uv": [ 0.0, 0.0, 0.5, 1.0 ] },
										"down": { "texture": "#frame", "uv": [ 0.0, 0.0, 0.5, 1.0 ] }
									},
									"children": [
										{
											"name": "Cube77",
											"from": [ 0.0, 0.0, 6.0 ], 
											"to": [ 0.5, 6.0, 7.0 ], 
											"rotationOrigin": [ 0.0, 1.0, 6.5 ],
											"faces": {
												"north": { "texture": "#frame", "uv": [ 0.0, 0.0, 0.5, 6.0 ] },
												"east": { "texture": "#frame", "uv": [ 15.0, 3.0, 16.0, 9.0 ] },
												"south": { "texture": "#frame", "uv": [ 0.0, 0.0, 0.5, 6.0 ] },
												"west": { "texture": "#frame", "uv": [ 14.0, 1.5, 15.0, 7.5 ] },
												"up": { "texture": "#frame", "uv": [ 0.0, 0.0, 0.5, 1.0 ] },
												"down": { "texture": "#frame", "uv": [ 0.0, 0.0, 0.5, 1.0 ] }
											}
										},
										{
											"name": "Cube76",
											"from": [ 0.0, 6.0, 0.0 ], 
											"to": [ 0.5, 7.0, 7.0 ], 
											"rotationOrigin": [ 0.0, 7.0, 0.5 ],
											"faces": {
												"north": { "texture": "#frame", "uv": [ 0.0, 0.0, 0.5, 1.0 ] },
												"east": { "texture": "#frame", "uv": [ 9.0, 6.0, 16.0, 7.0 ] },
												"south": { "texture": "#frame", "uv": [ 0.0, 0.0, 0.5, 1.0 ] },
												"west": { "texture": "#frame", "uv": [ 0.0, 0.0, 7.0, 1.0 ] },
												"up": { "texture": "#frame", "uv": [ 0.0, 0.0, 0.5, 7.0 ] },
												"down": { "texture": "#frame", "uv": [ 0.0, 0.0, 0.5, 7.0 ] }
											}
										},
										{
											"name": "Cube74",
											"from": [ 0.0, 2.5, 7.0 ], 
											"to": [ 0.5, 4.0, 10.5 ], 
											"rotationOrigin": [ 0.0, 3.0, 6.5 ],
											"faces": {
												"north": { "texture": "#frame", "uv": [ 0.0, 0.0, 0.5, 1.5 ] },
												"east": { "texture": "#frame", "uv": [ 10.0, 0.0, 13.5, 1.5 ] },
												"south": { "texture": "#frame", "uv": [ 0.0, 0.0, 0.5, 1.5 ] },
												"west": { "texture": "#frame", "uv": [ 0.0, 0.0, 3.5, 1.5 ] },
												"up": { "texture": "#frame", "uv": [ 0.0, 0.0, 0.5, 3.5 ] },
												"down": { "texture": "#frame", "uv": [ 0.0, 0.0, 0.5, 3.5 ] }
											}
										},
										{
											"name": "Cube75",
											"from": [ 0.0, -1.0, 0.0 ], 
											"to": [ 0.5, 0.0, 7.0 ], 
											"rotationOrigin": [ 0.0, 0.0, -1.5 ],
											"faces": {
												"north": { "texture": "#frame", "uv": [ 0.0, 0.0, 0.5, 1.0 ] },
												"east": { "texture": "#frame", "uv": [ 9.0, 6.0, 16.0, 7.0 ] },
												"south": { "texture": "#frame", "uv": [ 0.0, 0.0, 0.5, 1.0 ] },
												"west": { "texture": "#frame", "uv": [ 0.0, 0.0, 7.0, 1.0 ] },
												"up": { "texture": "#frame", "uv": [ 0.0, 0.0, 0.5, 7.0 ] },
												"down": { "texture": "#frame", "uv": [ 0.0, 0.0, 0.5, 7.0 ] }
											}
										},
										{
											"name": "Cube79",
											"from": [ 0.0, 2.5, -2.5 ], 
											"to": [ 0.5, 4.0, 0.0 ], 
											"rotationOrigin": [ 0.0, 3.0, -2.5 ],
											"faces": {
												"north": { "texture": "#frame", "uv": [ 0.0, 0.0, 0.5, 1.5 ] },
												"east": { "texture": "#frame", "uv": [ 10.0, 0.0, 12.5, 1.5 ] },
												"south": { "texture": "#frame", "uv": [ 0.0, 0.0, 0.5, 1.5 ] },
												"west": { "texture": "#frame", "uv": [ 0.0, 0.0, 2.5, 1.5 ] },
												"up": { "texture": "#frame", "uv": [ 0.0, 0.0, 0.5, 2.5 ] },
												"down": { "texture": "#frame", "uv": [ 0.0, 0.0, 0.5, 2.5 ] }
											}
										},
										{
											"name": "doorcatch1low53",
											"from": [ 0.0, 2.0, 10.5 ], 
											"to": [ 0.8, 5.0, 11.5 ], 
											"rotationOrigin": [ 0.5, 1.5, 10.5 ],
											"faces": {
												"north": { "texture": "#frame", "uv": [ 0.0, 0.0, 1.0, 1.0 ], "autoUv": false },
												"east": { "texture": "#frame", "uv": [ 6.5, 4.0, 7.5, 7.0 ] },
												"south": { "texture": "#frame", "uv": [ 0.0, 0.0, 0.5, 3.0 ] },
												"west": { "texture": "#frame", "uv": [ 6.5, 4.5, 7.5, 7.5 ] },
												"up": { "texture": "#frame", "uv": [ 0.0, 0.0, 0.5, 1.0 ] },
												"down": { "texture": "#frame", "uv": [ 0.0, 0.0, 0.5, 1.0 ] }
											}
										},
										{
											"name": "Cube86",
											"from": [ 0.0, 7.0, 0.0 ], 
											"to": [ 0.5, 7.5, 1.0 ], 
											"rotationOrigin": [ 0.0, 8.0, 0.5 ],
											"faces": {
												"north": { "texture": "#frame", "uv": [ 0.0, 0.0, 0.5, 0.5 ] },
												"east": { "texture": "#frame", "uv": [ 0.0, 8.0, 1.0, 8.5 ] },
												"south": { "texture": "#frame", "uv": [ 0.0, 0.0, 0.5, 0.5 ] },
												"west": { "texture": "#frame", "uv": [ 0.0, 0.0, 1.0, 0.5 ] },
												"up": { "texture": "#frame", "uv": [ 0.0, 0.0, 0.5, 1.0 ] },
												"down": { "texture": "#frame", "uv": [ 0.0, 0.0, 0.5, 1.0 ] }
											},
											"children": [
												{
													"name": "Cube89",
													"from": [ 0.0, 0.0, 6.0 ], 
													"to": [ 0.5, 0.5, 7.0 ], 
													"rotationOrigin": [ 0.0, 1.0, 6.5 ],
													"faces": {
														"north": { "texture": "#frame", "uv": [ 0.0, 0.0, 0.5, 0.5 ] },
														"east": { "texture": "#frame", "uv": [ 0.0, 8.0, 1.0, 8.5 ] },
														"south": { "texture": "#frame", "uv": [ 0.0, 0.0, 0.5, 0.5 ] },
														"west": { "texture": "#frame", "uv": [ 0.0, 0.0, 1.0, 0.5 ] },
														"up": { "texture": "#frame", "uv": [ 0.0, 0.0, 0.5, 1.0 ] },
														"down": { "texture": "#frame", "uv": [ 0.0, 0.0, 0.5, 1.0 ] }
													}
												}
											]
										},
										{
											"name": "Cube88",
											"from": [ 0.0, 6.0, 7.0 ], 
											"to": [ 0.5, 7.0, 7.5 ], 
											"rotationOrigin": [ 0.0, 7.0, 7.5 ],
											"faces": {
												"north": { "texture": "#frame", "uv": [ 0.0, 0.0, 0.5, 1.0 ] },
												"east": { "texture": "#frame", "uv": [ 0.0, 8.0, 0.5, 9.0 ] },
												"south": { "texture": "#frame", "uv": [ 0.0, 0.0, 0.5, 1.0 ] },
												"west": { "texture": "#frame", "uv": [ 0.0, 0.0, 0.5, 1.0 ] },
												"up": { "texture": "#frame", "uv": [ 0.0, 0.0, 0.5, 0.5 ] },
												"down": { "texture": "#frame", "uv": [ 0.0, 0.0, 0.5, 0.5 ] }
											},
											"children": [
												{
													"name": "Cube87",
													"from": [ 0.0, 0.0, -7.5 ], 
													"to": [ 0.5, 1.0, -7.0 ], 
													"rotationOrigin": [ 0.0, 1.0, -7.5 ],
													"faces": {
														"north": { "texture": "#frame", "uv": [ 0.0, 0.0, 0.5, 1.0 ] },
														"east": { "texture": "#frame", "uv": [ 0.0, 8.0, 0.5, 9.0 ] },
														"south": { "texture": "#frame", "uv": [ 0.0, 0.0, 0.5, 1.0 ] },
														"west": { "texture": "#frame", "uv": [ 0.0, 0.0, 0.5, 1.0 ] },
														"up": { "texture": "#frame", "uv": [ 0.0, 0.0, 0.5, 0.5 ] },
														"down": { "texture": "#frame", "uv": [ 0.0, 0.0, 0.5, 0.5 ] }
													}
												}
											]
										},
										{
											"name": "Cube90",
											"from": [ 0.0, -1.0, 7.0 ], 
											"to": [ 0.5, 0.0, 7.5 ], 
											"rotationOrigin": [ 0.0, 0.0, 7.5 ],
											"faces": {
												"north": { "texture": "#frame", "uv": [ 0.0, 0.0, 0.5, 1.0 ] },
												"east": { "texture": "#frame", "uv": [ 0.0, 8.0, 0.5, 9.0 ] },
												"south": { "texture": "#frame", "uv": [ 0.0, 0.0, 0.5, 1.0 ] },
												"west": { "texture": "#frame", "uv": [ 0.0, 0.0, 0.5, 1.0 ] },
												"up": { "texture": "#frame", "uv": [ 0.0, 0.0, 0.5, 0.5 ] },
												"down": { "texture": "#frame", "uv": [ 0.0, 0.0, 0.5, 0.5 ] }
											},
											"children": [
												{
													"name": "Cube90",
													"from": [ 0.0, 0.0, -7.5 ], 
													"to": [ 0.5, 1.0, -7.0 ], 
													"rotationOrigin": [ 0.0, 1.0, -7.5 ],
													"faces": {
														"north": { "texture": "#frame", "uv": [ 0.0, 0.0, 0.5, 1.0 ] },
														"east": { "texture": "#frame", "uv": [ 0.0, 8.0, 0.5, 9.0 ] },
														"south": { "texture": "#frame", "uv": [ 0.0, 0.0, 0.5, 1.0 ] },
														"west": { "texture": "#frame", "uv": [ 0.0, 0.0, 0.5, 1.0 ] },
														"up": { "texture": "#frame", "uv": [ 0.0, 0.0, 0.5, 0.5 ] },
														"down": { "texture": "#frame", "uv": [ 0.0, 0.0, 0.5, 0.5 ] }
													}
												}
											]
										},
										{
											"name": "Cube91",
											"from": [ 0.0, -1.5, 0.0 ], 
											"to": [ 0.5, -1.0, 1.0 ], 
											"rotationOrigin": [ 0.0, -1.0, 0.5 ],
											"faces": {
												"north": { "texture": "#frame", "uv": [ 0.0, 0.0, 0.5, 0.5 ] },
												"east": { "texture": "#frame", "uv": [ 0.0, 8.0, 1.0, 8.5 ] },
												"south": { "texture": "#frame", "uv": [ 0.0, 0.0, 0.5, 0.5 ] },
												"west": { "texture": "#frame", "uv": [ 0.0, 0.0, 1.0, 0.5 ] },
												"up": { "texture": "#frame", "uv": [ 0.0, 0.0, 0.5, 1.0 ] },
												"down": { "texture": "#frame", "uv": [ 0.0, 0.0, 0.5, 1.0 ] }
											},
											"children": [
												{
													"name": "Cube91",
													"from": [ 0.0, 0.0, 6.0 ], 
													"to": [ 0.5, 0.5, 7.0 ], 
													"rotationOrigin": [ 0.0, 1.0, 6.5 ],
													"faces": {
														"north": { "texture": "#frame", "uv": [ 0.0, 0.0, 0.5, 0.5 ] },
														"east": { "texture": "#frame", "uv": [ 0.0, 8.0, 1.0, 8.5 ] },
														"south": { "texture": "#frame", "uv": [ 0.0, 0.0, 0.5, 0.5 ] },
														"west": { "texture": "#frame", "uv": [ 0.0, 0.0, 1.0, 0.5 ] },
														"up": { "texture": "#frame", "uv": [ 0.0, 0.0, 0.5, 1.0 ] },
														"down": { "texture": "#frame", "uv": [ 0.0, 0.0, 0.5, 1.0 ] }
													}
												}
											]
										},
										{
											"name": "Cube92",
											"from": [ 0.0, 2.75, -3.5 ], 
											"to": [ 0.5, 3.75, -2.5 ], 
											"rotationOrigin": [ 0.0, 2.5, -3.5 ],
											"faces": {
												"north": { "texture": "#frame", "uv": [ 0.0, 0.0, 0.5, 1.0 ] },
												"east": { "texture": "#frame", "uv": [ 9.0, 4.5, 10.5, 6.0 ], "autoUv": false },
												"south": { "texture": "#frame", "uv": [ 0.0, 0.0, 0.5, 1.0 ] },
												"west": { "texture": "#frame", "uv": [ 0.0, 0.0, 1.0, 1.0 ] },
												"up": { "texture": "#frame", "uv": [ 0.0, 0.0, 0.5, 1.0 ] },
												"down": { "texture": "#frame", "uv": [ 0.0, 0.0, 0.5, 1.0 ] }
											},
											"children": [
												{
													"name": "Cube92",
													"from": [ 0.0, 1.2, 1.5 ], 
													"to": [ 0.5, 1.95, 2.5 ], 
													"rotationOrigin": [ 0.0, 1.0, 1.0 ],
													"faces": {
														"north": { "texture": "#frame", "uv": [ 0.0, 0.0, 0.5, 0.5 ] },
														"east": { "texture": "#frame", "uv": [ 7.0, 5.5, 8.0, 6.0 ] },
														"south": { "texture": "#frame", "uv": [ 0.0, 0.0, 0.5, 0.5 ] },
														"west": { "texture": "#frame", "uv": [ 0.0, 0.0, 1.0, 0.5 ] },
														"up": { "texture": "#frame", "uv": [ 0.0, 0.0, 0.5, 1.0 ] },
														"down": { "texture": "#frame", "uv": [ 0.0, 0.0, 0.5, 1.0 ] }
													},
													"children": [
														{
															"name": "Cube92",
															"from": [ 0.0, 0.75, 0.5 ], 
															"to": [ 0.5, 1.25, 1.5 ], 
															"faces": {
																"north": { "texture": "#frame", "uv": [ 0.0, 0.0, 0.5, 0.5 ] },
																"east": { "texture": "#frame", "uv": [ 0.0, 0.0, 1.0, 0.5 ] },
																"south": { "texture": "#frame", "uv": [ 0.0, 0.0, 0.5, 0.5 ] },
																"west": { "texture": "#frame", "uv": [ 0.0, 0.0, 1.0, 0.5 ] },
																"up": { "texture": "#frame", "uv": [ 0.0, 0.0, 0.5, 1.0 ] },
																"down": { "texture": "#frame", "uv": [ 0.0, 0.0, 0.5, 1.0 ] }
															}
														}
													]
												},
												{
													"name": "Cube92",
													"from": [ 0.0, -1.0, 1.5 ], 
													"to": [ 0.5, -0.25, 2.5 ], 
													"rotationOrigin": [ 0.0, -2.0, 1.0 ],
													"faces": {
														"north": { "texture": "#frame", "uv": [ 0.0, 0.0, 0.5, 0.5 ] },
														"east": { "texture": "#frame", "uv": [ 6.5, 5.5, 7.5, 6.0 ] },
														"south": { "texture": "#frame", "uv": [ 0.0, 0.0, 0.5, 0.5 ] },
														"west": { "texture": "#frame", "uv": [ 0.0, 0.0, 1.0, 0.5 ] },
														"up": { "texture": "#frame", "uv": [ 0.0, 0.0, 0.5, 1.0 ] },
														"down": { "texture": "#frame", "uv": [ 0.0, 0.0, 0.5, 1.0 ] }
													},
													"children": [
														{
															"name": "Cube92",
															"from": [ 0.0, -0.5, 0.5 ], 
															"to": [ 0.5, 0.0, 1.5 ], 
															"rotationOrigin": [ 0.0, -1.0, 0.0 ],
															"faces": {
																"north": { "texture": "#frame", "uv": [ 0.0, 0.0, 0.5, 0.5 ] },
																"east": { "texture": "#frame", "uv": [ 0.0, 0.0, 1.0, 0.5 ] },
																"south": { "texture": "#frame", "uv": [ 0.0, 0.0, 0.5, 0.5 ] },
																"west": { "texture": "#frame", "uv": [ 0.0, 0.0, 1.0, 0.5 ] },
																"up": { "texture": "#frame", "uv": [ 0.0, 0.0, 0.5, 1.0 ] },
																"down": { "texture": "#frame", "uv": [ 0.0, 0.0, 0.5, 1.0 ] }
															}
														}
													]
												}
											]
										}
									]
								},
								{
									"name": "Cube83",
									"from": [ -2.5, 5.5, 8.5 ], 
									"to": [ 0.0, 11.5, 9.0 ], 
									"rotationOrigin": [ -2.0, 6.5, 6.0 ],
									"faces": {
										"north": { "texture": "#frame", "uv": [ 6.5, 4.5, 8.0, 9.5 ], "autoUv": false },
										"east": { "texture": "#frame", "uv": [ 0.0, 8.0, 0.5, 14.0 ] },
										"south": { "texture": "#frame", "uv": [ 6.5, 4.5, 8.0, 9.5 ], "autoUv": false },
										"west": { "texture": "#frame", "uv": [ 0.0, 0.0, 0.5, 6.0 ] },
										"up": { "texture": "#frame", "uv": [ 6.5, 5.5, 8.0, 10.5 ], "autoUv": false },
										"down": { "texture": "#frame", "uv": [ 6.5, 5.0, 8.0, 10.0 ], "autoUv": false }
									},
									"children": [
										{
											"name": "Cube82",
											"from": [ 0.0, 0.0, -5.5 ], 
											"to": [ 2.5, 6.0, -5.0 ], 
											"rotationOrigin": [ 0.5, 1.0, -7.5 ],
											"faces": {
												"north": { "texture": "#frame", "uv": [ 6.5, 4.5, 8.0, 9.5 ], "autoUv": false },
												"east": { "texture": "#frame", "uv": [ 0.0, 8.0, 0.5, 14.0 ] },
												"south": { "texture": "#frame", "uv": [ 6.5, 4.5, 8.0, 9.5 ], "autoUv": false },
												"west": { "texture": "#frame", "uv": [ 0.0, 0.0, 0.5, 6.0 ] },
												"up": { "texture": "#frame", "uv": [ 6.5, 5.5, 8.0, 10.5 ], "autoUv": false },
												"down": { "texture": "#frame", "uv": [ 6.5, 5.0, 8.0, 10.0 ], "autoUv": false }
											}
										},
										{
											"name": "Cube81",
											"from": [ 0.0, 6.0, -5.5 ], 
											"to": [ 2.5, 6.5, 0.5 ], 
											"rotationOrigin": [ 0.5, 6.0, -7.5 ],
											"faces": {
												"north": { "texture": "#frame", "uv": [ 0.0, 0.0, 2.5, 0.5 ] },
												"east": { "texture": "#frame", "uv": [ 0.0, 8.0, 6.0, 8.5 ] },
												"south": { "texture": "#frame", "uv": [ 0.0, 0.0, 2.5, 0.5 ] },
												"west": { "texture": "#frame", "uv": [ 0.0, 0.0, 6.0, 0.5 ] },
												"up": { "texture": "#frame", "uv": [ 13.5, 3.5, 15.0, 8.5 ], "autoUv": false },
												"down": { "texture": "#frame", "uv": [ 14.0, 1.0, 15.5, 6.0 ], "autoUv": false }
											}
										},
										{
											"name": "Cube80",
											"from": [ 0.0, -0.5, -5.5 ], 
											"to": [ 2.5, 0.0, 0.5 ], 
											"rotationOrigin": [ 0.5, 0.0, -7.5 ],
											"faces": {
												"north": { "texture": "#frame", "uv": [ 0.0, 0.0, 2.5, 0.5 ] },
												"east": { "texture": "#frame", "uv": [ 0.0, 8.0, 6.0, 8.5 ] },
												"south": { "texture": "#frame", "uv": [ 0.0, 0.0, 2.5, 0.5 ] },
												"west": { "texture": "#frame", "uv": [ 0.0, 0.0, 6.0, 0.5 ] },
												"up": { "texture": "#frame", "uv": [ 14.0, 3.0, 15.5, 8.0 ], "autoUv": false },
												"down": { "texture": "#frame", "uv": [ 6.5, 5.0, 8.0, 10.0 ], "autoUv": false }
											}
										},
										{
											"name": "Cube84",
											"from": [ 0.5, 0.0, -3.0 ], 
											"to": [ 2.0, 6.0, -2.0 ], 
											"rotationOrigin": [ 0.5, 1.0, -5.5 ],
											"faces": {
												"north": { "texture": "#frame", "uv": [ 14.0, 1.5, 15.5, 6.5 ], "autoUv": false },
												"east": { "texture": "#frame", "uv": [ 14.5, 4.0, 15.5, 10.0 ] },
												"south": { "texture": "#frame", "uv": [ 14.5, 1.5, 16.0, 6.5 ], "autoUv": false },
												"west": { "texture": "#frame", "uv": [ 14.0, 1.5, 15.0, 7.5 ] },
												"up": { "texture": "#frame", "uv": [ 14.0, 2.0, 15.5, 7.0 ], "autoUv": false },
												"down": { "texture": "#frame", "uv": [ 13.5, 4.5, 15.0, 9.5 ], "autoUv": false }
											}
										},
										{
											"name": "Cube85",
											"from": [ 0.5, 2.5, -5.0 ], 
											"to": [ 2.0, 3.5, -3.0 ], 
											"rotationOrigin": [ 0.5, 4.0, -7.5 ],
											"faces": {
												"north": { "texture": "#frame", "uv": [ 11.0, 2.5, 12.5, 3.5 ] },
												"east": { "texture": "#frame", "uv": [ 12.5, 4.5, 14.5, 5.5 ] },
												"south": { "texture": "#frame", "uv": [ 13.0, 3.5, 14.5, 4.5 ] },
												"west": { "texture": "#frame", "uv": [ 3.0, 8.5, 5.0, 9.5 ] },
												"up": { "texture": "#frame", "uv": [ 13.5, 2.5, 15.0, 4.5 ] },
												"down": { "texture": "#frame", "uv": [ 12.5, 2.5, 14.0, 4.5 ] }
											}
										},
										{
											"name": "Cube108",
											"from": [ 0.5, 2.5, -2.0 ], 
											"to": [ 2.0, 3.5, 0.0 ], 
											"rotationOrigin": [ 0.5, 4.0, -4.5 ],
											"faces": {
												"north": { "texture": "#frame", "uv": [ 6.5, 4.5, 8.0, 5.5 ] },
												"east": { "texture": "#frame", "uv": [ 0.0, 8.0, 2.0, 9.0 ] },
												"south": { "texture": "#frame", "uv": [ 6.5, 4.5, 8.0, 5.5 ] },
												"west": { "texture": "#frame", "uv": [ 3.0, 8.0, 5.0, 9.0 ] },
												"up": { "texture": "#frame", "uv": [ 6.5, 5.5, 8.0, 7.5 ] },
												"down": { "texture": "#frame", "uv": [ 6.5, 5.0, 8.0, 7.0 ] }
											}
										}
									]
								},
								{
									"name": "window82",
									"from": [ -3.0, 5.5, 2.5 ], 
									"to": [ -2.5, 11.5, 3.5 ], 
									"rotationOrigin": [ -3.0, 6.5, 3.0 ],
									"faces": {
										"north": { "texture": "#frame", "uv": [ 0.0, 0.0, 0.5, 6.0 ] },
										"east": { "texture": "#frame", "uv": [ 0.0, 8.0, 1.0, 14.0 ] },
										"south": { "texture": "#frame", "uv": [ 0.0, 0.0, 0.5, 6.0 ] },
										"west": { "texture": "#frame", "uv": [ 14.0, 3.0, 15.0, 9.0 ] },
										"up": { "texture": "#frame", "uv": [ 0.0, 0.0, 0.5, 1.0 ] },
										"down": { "texture": "#frame", "uv": [ 0.0, 0.0, 0.5, 1.0 ] }
									},
									"children": [
										{
											"name": "Cube94",
											"from": [ 0.0, 0.0, 6.0 ], 
											"to": [ 0.5, 6.0, 7.0 ], 
											"rotationOrigin": [ 0.0, 1.0, 6.5 ],
											"faces": {
												"north": { "texture": "#frame", "uv": [ 0.0, 0.0, 0.5, 6.0 ] },
												"east": { "texture": "#frame", "uv": [ 0.0, 8.0, 1.0, 14.0 ] },
												"south": { "texture": "#frame", "uv": [ 0.0, 0.0, 0.5, 6.0 ] },
												"west": { "texture": "#frame", "uv": [ 14.0, 3.0, 15.0, 9.0 ] },
												"up": { "texture": "#frame", "uv": [ 0.0, 0.0, 0.5, 1.0 ] },
												"down": { "texture": "#frame", "uv": [ 0.0, 0.0, 0.5, 1.0 ] }
											}
										},
										{
											"name": "Cube94",
											"from": [ 0.0, 6.0, 0.0 ], 
											"to": [ 0.5, 7.0, 7.0 ], 
											"rotationOrigin": [ 0.0, 7.0, 0.5 ],
											"faces": {
												"north": { "texture": "#frame", "uv": [ 0.0, 0.0, 0.5, 1.0 ] },
												"east": { "texture": "#frame", "uv": [ 3.0, 7.5, 10.0, 8.5 ] },
												"south": { "texture": "#frame", "uv": [ 0.0, 0.0, 0.5, 1.0 ] },
												"west": { "texture": "#frame", "uv": [ 8.5, 6.5, 15.5, 7.5 ] },
												"up": { "texture": "#frame", "uv": [ 0.0, 0.0, 0.5, 7.0 ] },
												"down": { "texture": "#frame", "uv": [ 0.0, 0.0, 0.5, 7.0 ] }
											}
										},
										{
											"name": "Cube94",
											"from": [ 0.0, 2.5, 7.0 ], 
											"to": [ 0.5, 4.0, 10.5 ], 
											"rotationOrigin": [ 0.0, 3.0, 6.5 ],
											"faces": {
												"north": { "texture": "#frame", "uv": [ 0.0, 0.0, 0.5, 1.5 ] },
												"east": { "texture": "#frame", "uv": [ 3.0, 0.0, 6.5, 1.5 ] },
												"south": { "texture": "#frame", "uv": [ 0.0, 0.0, 0.5, 1.5 ] },
												"west": { "texture": "#frame", "uv": [ 8.5, 0.0, 12.0, 1.5 ] },
												"up": { "texture": "#frame", "uv": [ 0.0, 0.0, 0.5, 3.5 ] },
												"down": { "texture": "#frame", "uv": [ 0.0, 0.0, 0.5, 3.5 ] }
											}
										},
										{
											"name": "Cube94",
											"from": [ 0.0, -1.0, 0.0 ], 
											"to": [ 0.5, 0.0, 7.0 ], 
											"rotationOrigin": [ 0.0, 0.0, -1.5 ],
											"faces": {
												"north": { "texture": "#frame", "uv": [ 0.0, 0.0, 0.5, 1.0 ] },
												"east": { "texture": "#frame", "uv": [ 0.0, 8.0, 7.0, 9.0 ] },
												"south": { "texture": "#frame", "uv": [ 0.0, 0.0, 0.5, 1.0 ] },
												"west": { "texture": "#frame", "uv": [ 9.0, 10.5, 16.0, 11.5 ] },
												"up": { "texture": "#frame", "uv": [ 0.0, 0.0, 0.5, 7.0 ] },
												"down": { "texture": "#frame", "uv": [ 0.0, 0.0, 0.5, 7.0 ] }
											}
										},
										{
											"name": "Cube94",
											"from": [ 0.0, 2.5, -2.5 ], 
											"to": [ 0.5, 4.0, 0.0 ], 
											"rotationOrigin": [ 0.0, 3.0, -2.5 ],
											"faces": {
												"north": { "texture": "#frame", "uv": [ 0.0, 0.0, 0.5, 1.5 ] },
												"east": { "texture": "#frame", "uv": [ 11.0, 4.0, 13.5, 5.5 ] },
												"south": { "texture": "#frame", "uv": [ 0.0, 0.0, 0.5, 1.5 ] },
												"west": { "texture": "#frame", "uv": [ 8.5, 0.0, 11.0, 1.5 ] },
												"up": { "texture": "#frame", "uv": [ 0.0, 0.0, 0.5, 2.5 ] },
												"down": { "texture": "#frame", "uv": [ 0.0, 0.0, 0.5, 2.5 ] }
											}
										},
										{
											"name": "doorcatch1low88",
											"from": [ -0.3, 2.0, 10.5 ], 
											"to": [ 0.5, 5.0, 11.5 ], 
											"rotationOrigin": [ 0.5, 1.5, 10.5 ],
											"faces": {
												"north": { "texture": "#frame", "uv": [ 0.0, 0.0, 1.0, 1.0 ], "autoUv": false },
												"east": { "texture": "#frame", "uv": [ 6.5, 4.0, 7.5, 7.0 ] },
												"south": { "texture": "#frame", "uv": [ 0.0, 0.0, 0.5, 3.0 ] },
												"west": { "texture": "#frame", "uv": [ 6.5, 4.5, 7.5, 7.5 ] },
												"up": { "texture": "#frame", "uv": [ 0.0, 0.0, 0.5, 1.0 ] },
												"down": { "texture": "#frame", "uv": [ 0.0, 0.0, 0.5, 1.0 ] }
											}
										},
										{
											"name": "Cube94",
											"from": [ 0.0, 7.0, 0.0 ], 
											"to": [ 0.5, 7.5, 1.0 ], 
											"rotationOrigin": [ 0.0, 8.0, 0.5 ],
											"faces": {
												"north": { "texture": "#frame", "uv": [ 0.0, 0.0, 0.5, 0.5 ] },
												"east": { "texture": "#frame", "uv": [ 0.0, 8.0, 1.0, 8.5 ] },
												"south": { "texture": "#frame", "uv": [ 0.0, 0.0, 0.5, 0.5 ] },
												"west": { "texture": "#frame", "uv": [ 0.0, 0.0, 1.0, 0.5 ] },
												"up": { "texture": "#frame", "uv": [ 0.0, 0.0, 0.5, 1.0 ] },
												"down": { "texture": "#frame", "uv": [ 0.0, 0.0, 0.5, 1.0 ] }
											},
											"children": [
												{
													"name": "Cube94",
													"from": [ 0.0, 0.0, 6.0 ], 
													"to": [ 0.5, 0.5, 7.0 ], 
													"rotationOrigin": [ 0.0, 1.0, 6.5 ],
													"faces": {
														"north": { "texture": "#frame", "uv": [ 0.0, 0.0, 0.5, 0.5 ] },
														"east": { "texture": "#frame", "uv": [ 0.0, 8.0, 1.0, 8.5 ] },
														"south": { "texture": "#frame", "uv": [ 0.0, 0.0, 0.5, 0.5 ] },
														"west": { "texture": "#frame", "uv": [ 0.0, 0.0, 1.0, 0.5 ] },
														"up": { "texture": "#frame", "uv": [ 0.0, 0.0, 0.5, 1.0 ] },
														"down": { "texture": "#frame", "uv": [ 0.0, 0.0, 0.5, 1.0 ] }
													}
												}
											]
										},
										{
											"name": "Cube94",
											"from": [ 0.0, 6.0, 7.0 ], 
											"to": [ 0.5, 7.0, 7.5 ], 
											"rotationOrigin": [ 0.0, 7.0, 7.5 ],
											"faces": {
												"north": { "texture": "#frame", "uv": [ 0.0, 0.0, 0.5, 1.0 ] },
												"east": { "texture": "#frame", "uv": [ 0.0, 8.0, 0.5, 9.0 ] },
												"south": { "texture": "#frame", "uv": [ 0.0, 0.0, 0.5, 1.0 ] },
												"west": { "texture": "#frame", "uv": [ 0.0, 0.0, 0.5, 1.0 ] },
												"up": { "texture": "#frame", "uv": [ 0.0, 0.0, 0.5, 0.5 ] },
												"down": { "texture": "#frame", "uv": [ 0.0, 0.0, 0.5, 0.5 ] }
											},
											"children": [
												{
													"name": "Cube94",
													"from": [ 0.0, 0.0, -7.5 ], 
													"to": [ 0.5, 1.0, -7.0 ], 
													"rotationOrigin": [ 0.0, 1.0, -7.5 ],
													"faces": {
														"north": { "texture": "#frame", "uv": [ 0.0, 0.0, 0.5, 1.0 ] },
														"east": { "texture": "#frame", "uv": [ 0.0, 8.0, 0.5, 9.0 ] },
														"south": { "texture": "#frame", "uv": [ 0.0, 0.0, 0.5, 1.0 ] },
														"west": { "texture": "#frame", "uv": [ 0.0, 0.0, 0.5, 1.0 ] },
														"up": { "texture": "#frame", "uv": [ 0.0, 0.0, 0.5, 0.5 ] },
														"down": { "texture": "#frame", "uv": [ 0.0, 0.0, 0.5, 0.5 ] }
													}
												}
											]
										},
										{
											"name": "Cube94",
											"from": [ 0.0, -1.0, 7.0 ], 
											"to": [ 0.5, 0.0, 7.5 ], 
											"rotationOrigin": [ 0.0, 0.0, 7.5 ],
											"faces": {
												"north": { "texture": "#frame", "uv": [ 0.0, 0.0, 0.5, 1.0 ] },
												"east": { "texture": "#frame", "uv": [ 0.0, 8.0, 0.5, 9.0 ] },
												"south": { "texture": "#frame", "uv": [ 0.0, 0.0, 0.5, 1.0 ] },
												"west": { "texture": "#frame", "uv": [ 0.0, 0.0, 0.5, 1.0 ] },
												"up": { "texture": "#frame", "uv": [ 0.0, 0.0, 0.5, 0.5 ] },
												"down": { "texture": "#frame", "uv": [ 0.0, 0.0, 0.5, 0.5 ] }
											},
											"children": [
												{
													"name": "Cube94",
													"from": [ 0.0, 0.0, -7.5 ], 
													"to": [ 0.5, 1.0, -7.0 ], 
													"rotationOrigin": [ 0.0, 1.0, -7.5 ],
													"faces": {
														"north": { "texture": "#frame", "uv": [ 0.0, 0.0, 0.5, 1.0 ] },
														"east": { "texture": "#frame", "uv": [ 0.0, 8.0, 0.5, 9.0 ] },
														"south": { "texture": "#frame", "uv": [ 0.0, 0.0, 0.5, 1.0 ] },
														"west": { "texture": "#frame", "uv": [ 0.0, 0.0, 0.5, 1.0 ] },
														"up": { "texture": "#frame", "uv": [ 0.0, 0.0, 0.5, 0.5 ] },
														"down": { "texture": "#frame", "uv": [ 0.0, 0.0, 0.5, 0.5 ] }
													}
												}
											]
										},
										{
											"name": "Cube95",
											"from": [ 0.0, -1.5, 0.0 ], 
											"to": [ 0.5, -1.0, 1.0 ], 
											"rotationOrigin": [ 0.0, -1.0, 0.5 ],
											"faces": {
												"north": { "texture": "#frame", "uv": [ 0.0, 0.0, 0.5, 0.5 ] },
												"east": { "texture": "#frame", "uv": [ 0.0, 8.0, 1.0, 8.5 ] },
												"south": { "texture": "#frame", "uv": [ 0.0, 0.0, 0.5, 0.5 ] },
												"west": { "texture": "#frame", "uv": [ 0.0, 0.0, 1.0, 0.5 ] },
												"up": { "texture": "#frame", "uv": [ 0.0, 0.0, 0.5, 1.0 ] },
												"down": { "texture": "#frame", "uv": [ 0.0, 0.0, 0.5, 1.0 ] }
											},
											"children": [
												{
													"name": "Cube96",
													"from": [ 0.0, 0.0, 6.0 ], 
													"to": [ 0.5, 0.5, 7.0 ], 
													"rotationOrigin": [ 0.0, 1.0, 6.5 ],
													"faces": {
														"north": { "texture": "#frame", "uv": [ 0.0, 0.0, 0.5, 0.5 ] },
														"east": { "texture": "#frame", "uv": [ 0.0, 8.0, 1.0, 8.5 ] },
														"south": { "texture": "#frame", "uv": [ 0.0, 0.0, 0.5, 0.5 ] },
														"west": { "texture": "#frame", "uv": [ 0.0, 0.0, 1.0, 0.5 ] },
														"up": { "texture": "#frame", "uv": [ 0.0, 0.0, 0.5, 1.0 ] },
														"down": { "texture": "#frame", "uv": [ 0.0, 0.0, 0.5, 1.0 ] }
													}
												}
											]
										},
										{
											"name": "Cube97",
											"from": [ 0.0, 2.75, -3.5 ], 
											"to": [ 0.5, 3.75, -2.5 ], 
											"rotationOrigin": [ 0.0, 2.5, -3.5 ],
											"faces": {
												"north": { "texture": "#frame", "uv": [ 0.0, 0.0, 0.5, 1.0 ] },
												"east": { "texture": "#frame", "uv": [ 6.5, 7.5, 8.0, 9.0 ], "autoUv": false },
												"south": { "texture": "#frame", "uv": [ 0.0, 0.0, 0.5, 1.0 ] },
												"west": { "texture": "#frame", "uv": [ 6.5, 1.5, 8.0, 3.0 ], "autoUv": false },
												"up": { "texture": "#frame", "uv": [ 0.0, 0.0, 0.5, 1.0 ] },
												"down": { "texture": "#frame", "uv": [ 0.0, 0.0, 0.5, 1.0 ] }
											},
											"children": [
												{
													"name": "Cube98",
													"from": [ 0.0, 1.25, 1.5 ], 
													"to": [ 0.5, 2.0, 2.5 ], 
													"rotationOrigin": [ 0.0, 1.0, 1.0 ],
													"faces": {
														"north": { "texture": "#frame", "uv": [ 0.0, 0.0, 0.5, 0.5 ] },
														"east": { "texture": "#frame", "uv": [ 7.0, 5.5, 8.0, 6.0 ] },
														"south": { "texture": "#frame", "uv": [ 0.0, 0.0, 0.5, 0.5 ] },
														"west": { "texture": "#frame", "uv": [ 0.0, 0.0, 1.0, 0.5 ] },
														"up": { "texture": "#frame", "uv": [ 0.0, 0.0, 0.5, 1.0 ] },
														"down": { "texture": "#frame", "uv": [ 0.0, 0.0, 0.5, 1.0 ] }
													},
													"children": [
														{
															"name": "Cube99",
															"from": [ 0.0, 0.75, 0.5 ], 
															"to": [ 0.5, 1.25, 1.5 ], 
															"faces": {
																"north": { "texture": "#frame", "uv": [ 0.0, 0.0, 0.5, 0.5 ] },
																"east": { "texture": "#frame", "uv": [ 0.0, 0.0, 1.0, 0.5 ] },
																"south": { "texture": "#frame", "uv": [ 0.0, 0.0, 0.5, 0.5 ] },
																"west": { "texture": "#frame", "uv": [ 0.0, 0.0, 1.0, 0.5 ] },
																"up": { "texture": "#frame", "uv": [ 0.0, 0.0, 0.5, 1.0 ] },
																"down": { "texture": "#frame", "uv": [ 0.0, 0.0, 0.5, 1.0 ] }
															}
														}
													]
												},
												{
													"name": "Cube100",
													"from": [ 0.0, -1.0, 1.5 ], 
													"to": [ 0.5, -0.25, 2.5 ], 
													"rotationOrigin": [ 0.0, -2.0, 1.0 ],
													"faces": {
														"north": { "texture": "#frame", "uv": [ 0.0, 0.0, 0.5, 0.5 ] },
														"east": { "texture": "#frame", "uv": [ 6.5, 5.5, 7.5, 6.0 ] },
														"south": { "texture": "#frame", "uv": [ 0.0, 0.0, 0.5, 0.5 ] },
														"west": { "texture": "#frame", "uv": [ 0.0, 0.0, 1.0, 0.5 ] },
														"up": { "texture": "#frame", "uv": [ 0.0, 0.0, 0.5, 1.0 ] },
														"down": { "texture": "#frame", "uv": [ 0.0, 0.0, 0.5, 1.0 ] }
													},
													"children": [
														{
															"name": "Cube101",
															"from": [ 0.0, -0.5, 0.5 ], 
															"to": [ 0.5, 0.0, 1.5 ], 
															"rotationOrigin": [ 0.0, -1.0, 0.0 ],
															"faces": {
																"north": { "texture": "#frame", "uv": [ 0.0, 0.0, 0.5, 0.5 ] },
																"east": { "texture": "#frame", "uv": [ 0.0, 0.0, 1.0, 0.5 ] },
																"south": { "texture": "#frame", "uv": [ 0.0, 0.0, 0.5, 0.5 ] },
																"west": { "texture": "#frame", "uv": [ 0.0, 0.0, 1.0, 0.5 ] },
																"up": { "texture": "#frame", "uv": [ 0.0, 0.0, 0.5, 1.0 ] },
																"down": { "texture": "#frame", "uv": [ 0.0, 0.0, 0.5, 1.0 ] }
															}
														}
													]
												}
											]
										}
									]
								}
							]
						}
					]
				}
			]
		}
	]}