{
	"editor": {
		"allAngles": false,
		"entityTextureMode": false
	},
	"textureWidth": 16,
	"textureHeight": 16,
	"textureSizes": {
	},
	"textures": {
		"snowberry1": "block/plant/berrybush/leaves/snowberry1",
		"snowberry12": "block/plant/berrybush/flowering/snowberry1"
	},
	"elements": [
		{
			"name": "Leaves",
			"from": [ 7.0, 0.0, 3.0 ], 
			"to": [ 7.0, 16.0, 13.0 ], 
			"climateColorMap": "climatePlantTint",
			"seasonColorMap": "seasonalFoliage",
			"rotationOrigin": [ 7.0, 0.0, 6.0 ],
			"rotationY": 22.5,
			"faces": {
				"north": { "texture": "#null", "uv": [ 0.0, 0.0, 0.5, 16.0 ], "enabled": false },
				"east": { "texture": "#snowberry1", "uv": [ 5.0, 1.0, 10.5, 16.0 ], "autoUv": false },
				"south": { "texture": "#null", "uv": [ 0.0, 0.0, 0.5, 16.0 ], "enabled": false },
				"west": { "texture": "#null", "uv": [ 0.0, 0.0, 10.0, 16.0 ], "enabled": false },
				"up": { "texture": "#null", "uv": [ 0.0, 0.0, 0.5, 10.0 ], "enabled": false },
				"down": { "texture": "#null", "uv": [ 0.0, 0.0, 0.5, 10.0 ], "enabled": false }
			},
			"children": [
				{
					"name": "Leaves2",
					"from": [ -7.0E-4, 0.0, -0.0024 ], 
					"to": [ -7.0E-4, 16.0, 9.9976 ], 
					"climateColorMap": "climatePlantTint",
					"seasonColorMap": "seasonalFoliage",
					"rotationOrigin": [ 0.0, 0.0, 5.0 ],
					"rotationY": 89.9802127184967,
					"faces": {
						"north": { "texture": "#null", "uv": [ 0.0, 0.0, 0.5, 16.0 ], "enabled": false },
						"east": { "texture": "#snowberry1", "uv": [ 5.0, 1.0, 10.5, 16.0 ], "autoUv": false },
						"south": { "texture": "#null", "uv": [ 0.0, 0.0, 0.5, 16.0 ], "enabled": false },
						"west": { "texture": "#null", "uv": [ 0.0, 0.0, 10.0, 16.0 ], "enabled": false },
						"up": { "texture": "#null", "uv": [ 0.0, 0.0, 0.5, 10.0 ], "enabled": false },
						"down": { "texture": "#null", "uv": [ 0.0, 0.0, 0.5, 10.0 ], "enabled": false }
					}
				},
				{
					"name": "Berries",
					"from": [ -0.1848, 0.0, -0.0765 ], 
					"to": [ 0.2152, 16.0, 9.9235 ], 
					"climateColorMap": "",
					"seasonColorMap": "",
					"rotationOrigin": [ -0.1848, 0.0, 2.9235 ],
					"faces": {
						"north": { "texture": "#null", "uv": [ 0.0, 0.0, 0.5, 16.0 ], "enabled": false },
						"east": { "texture": "#snowberry12", "uv": [ 4.0, 1.0, 10.5, 16.0 ], "autoUv": false },
						"south": { "texture": "#null", "uv": [ 0.0, 0.0, 0.5, 16.0 ], "enabled": false },
						"west": { "texture": "#snowberry12", "uv": [ 4.0, 0.0, 10.5, 16.0 ], "autoUv": false },
						"up": { "texture": "#null", "uv": [ 0.0, 0.0, 0.5, 10.0 ], "enabled": false },
						"down": { "texture": "#null", "uv": [ 0.0, 0.0, 0.5, 10.0 ], "enabled": false }
					},
					"children": [
						{
							"name": "Berries2",
							"from": [ -0.1, 0.0, 0.3 ], 
							"to": [ 0.3, 16.0, 10.3 ], 
							"climateColorMap": "",
							"seasonColorMap": "",
							"rotationOrigin": [ -0.1, 0.0, 5.3 ],
							"rotationY": 89.9802127184967,
							"faces": {
								"north": { "texture": "#null", "uv": [ 0.0, 0.0, 0.5, 16.0 ], "enabled": false },
								"east": { "texture": "#snowberry12", "uv": [ 4.0, 1.0, 10.5, 16.0 ], "autoUv": false },
								"south": { "texture": "#null", "uv": [ 0.0, 0.0, 0.5, 16.0 ], "enabled": false },
								"west": { "texture": "#snowberry12", "uv": [ 4.0, 0.0, 10.5, 16.0 ], "autoUv": false },
								"up": { "texture": "#null", "uv": [ 0.0, 0.0, 0.5, 10.0 ], "enabled": false },
								"down": { "texture": "#null", "uv": [ 0.0, 0.0, 0.5, 10.0 ], "enabled": false }
							}
						}
					]
				}
			]
		},
		{
			"name": "Leaves3",
			"from": [ 9.0, 0.0, 1.0 ], 
			"to": [ 9.0, 16.0, 11.0 ], 
			"climateColorMap": "climatePlantTint",
			"seasonColorMap": "seasonalFoliage",
			"rotationOrigin": [ 9.0, 0.0, 4.0 ],
			"rotationX": -22.5,
			"rotationY": 22.5,
			"rotationZ": -22.5,
			"faces": {
				"north": { "texture": "#null", "uv": [ 0.0, 0.0, 0.5, 16.0 ], "enabled": false },
				"east": { "texture": "#snowberry1", "uv": [ 5.0, 1.0, 10.5, 16.0 ], "autoUv": false },
				"south": { "texture": "#null", "uv": [ 0.0, 0.0, 0.5, 16.0 ], "enabled": false },
				"west": { "texture": "#null", "uv": [ 0.0, 0.0, 10.0, 16.0 ], "enabled": false },
				"up": { "texture": "#null", "uv": [ 0.0, 0.0, 0.5, 10.0 ], "enabled": false },
				"down": { "texture": "#null", "uv": [ 0.0, 0.0, 0.5, 10.0 ], "enabled": false }
			},
			"children": [
				{
					"name": "Leaves4",
					"from": [ -7.0E-4, 0.0, -0.0024 ], 
					"to": [ -7.0E-4, 16.0, 9.9976 ], 
					"climateColorMap": "climatePlantTint",
					"seasonColorMap": "seasonalFoliage",
					"rotationOrigin": [ 0.0, 0.0, 5.0 ],
					"rotationY": 89.9802127184967,
					"faces": {
						"north": { "texture": "#null", "uv": [ 0.0, 0.0, 0.5, 16.0 ], "enabled": false },
						"east": { "texture": "#snowberry1", "uv": [ 5.0, 1.0, 10.5, 16.0 ], "autoUv": false },
						"south": { "texture": "#null", "uv": [ 0.0, 0.0, 0.5, 16.0 ], "enabled": false },
						"west": { "texture": "#null", "uv": [ 0.0, 0.0, 10.0, 16.0 ], "enabled": false },
						"up": { "texture": "#null", "uv": [ 0.0, 0.0, 0.5, 10.0 ], "enabled": false },
						"down": { "texture": "#null", "uv": [ 0.0, 0.0, 0.5, 10.0 ], "enabled": false }
					}
				},
				{
					"name": "Berries13",
					"from": [ -0.2, 0.0, 0.0 ], 
					"to": [ 0.2, 16.0, 10.0 ], 
					"climateColorMap": "",
					"seasonColorMap": "",
					"rotationOrigin": [ -0.2, 0.0, 0.0 ],
					"faces": {
						"north": { "texture": "#null", "uv": [ 0.0, 0.0, 0.5, 16.0 ], "enabled": false },
						"east": { "texture": "#snowberry12", "uv": [ 4.0, 1.0, 10.5, 16.0 ], "autoUv": false },
						"south": { "texture": "#null", "uv": [ 0.0, 0.0, 0.5, 16.0 ], "enabled": false },
						"west": { "texture": "#snowberry12", "uv": [ 4.0, 0.0, 10.5, 15.5 ], "autoUv": false },
						"up": { "texture": "#null", "uv": [ 0.0, 0.0, 0.5, 10.0 ], "enabled": false },
						"down": { "texture": "#null", "uv": [ 0.0, 0.0, 0.5, 10.0 ], "enabled": false }
					},
					"children": [
						{
							"name": "Berries14",
							"from": [ -0.1, 0.0, 0.3 ], 
							"to": [ 0.3, 16.0, 10.3 ], 
							"climateColorMap": "",
							"seasonColorMap": "",
							"rotationOrigin": [ -0.1, 0.0, 5.3 ],
							"rotationY": 89.9802127184967,
							"faces": {
								"north": { "texture": "#null", "uv": [ 0.0, 0.0, 0.5, 16.0 ], "enabled": false },
								"east": { "texture": "#snowberry12", "uv": [ 4.0, 1.0, 10.5, 16.0 ], "autoUv": false },
								"south": { "texture": "#null", "uv": [ 0.0, 0.0, 0.5, 16.0 ], "enabled": false },
								"west": { "texture": "#snowberry12", "uv": [ 4.0, 0.0, 10.5, 16.0 ], "autoUv": false },
								"up": { "texture": "#null", "uv": [ 0.0, 0.0, 0.5, 10.0 ], "enabled": false },
								"down": { "texture": "#null", "uv": [ 0.0, 0.0, 0.5, 10.0 ], "enabled": false }
							}
						}
					]
				}
			]
		},
		{
			"name": "Leaves5",
			"from": [ 4.0, 0.0, 0.0 ], 
			"to": [ 4.0, 16.0, 10.0 ], 
			"climateColorMap": "climatePlantTint",
			"seasonColorMap": "seasonalFoliage",
			"rotationOrigin": [ 4.0, 0.0, 3.0 ],
			"rotationX": -22.5,
			"rotationY": 22.5,
			"rotationZ": 22.5,
			"faces": {
				"north": { "texture": "#null", "uv": [ 0.0, 0.0, 0.5, 16.0 ], "enabled": false },
				"east": { "texture": "#snowberry1", "uv": [ 5.0, 1.0, 10.5, 16.0 ], "autoUv": false },
				"south": { "texture": "#null", "uv": [ 0.0, 0.0, 0.5, 16.0 ], "enabled": false },
				"west": { "texture": "#null", "uv": [ 0.0, 0.0, 10.0, 16.0 ], "enabled": false },
				"up": { "texture": "#null", "uv": [ 0.0, 0.0, 0.5, 10.0 ], "enabled": false },
				"down": { "texture": "#null", "uv": [ 0.0, 0.0, 0.5, 10.0 ], "enabled": false }
			},
			"children": [
				{
					"name": "Leaves6",
					"from": [ -7.0E-4, 0.0, -0.0024 ], 
					"to": [ -7.0E-4, 16.0, 9.9976 ], 
					"climateColorMap": "climatePlantTint",
					"seasonColorMap": "seasonalFoliage",
					"rotationOrigin": [ 0.0, 0.0, 5.0 ],
					"rotationY": 89.9802127184967,
					"faces": {
						"north": { "texture": "#null", "uv": [ 0.0, 0.0, 0.5, 16.0 ], "enabled": false },
						"east": { "texture": "#snowberry1", "uv": [ 5.0, 1.0, 10.5, 16.0 ], "autoUv": false },
						"south": { "texture": "#null", "uv": [ 0.0, 0.0, 0.5, 16.0 ], "enabled": false },
						"west": { "texture": "#null", "uv": [ 0.0, 0.0, 10.0, 16.0 ], "enabled": false },
						"up": { "texture": "#null", "uv": [ 0.0, 0.0, 0.5, 10.0 ], "enabled": false },
						"down": { "texture": "#null", "uv": [ 0.0, 0.0, 0.5, 10.0 ], "enabled": false }
					}
				},
				{
					"name": "Berries15",
					"from": [ -0.2, 0.0, 0.0 ], 
					"to": [ 0.2, 16.0, 10.0 ], 
					"climateColorMap": "",
					"seasonColorMap": "",
					"rotationOrigin": [ -0.2, 0.0, 0.0 ],
					"faces": {
						"north": { "texture": "#null", "uv": [ 0.0, 0.0, 0.5, 16.0 ], "enabled": false },
						"east": { "texture": "#snowberry12", "uv": [ 4.0, 1.0, 10.5, 16.0 ], "autoUv": false },
						"south": { "texture": "#null", "uv": [ 0.0, 0.0, 0.5, 16.0 ], "enabled": false },
						"west": { "texture": "#snowberry12", "uv": [ 4.0, 0.0, 10.5, 16.0 ], "autoUv": false },
						"up": { "texture": "#null", "uv": [ 0.0, 0.0, 0.5, 10.0 ], "enabled": false },
						"down": { "texture": "#null", "uv": [ 0.0, 0.0, 0.5, 10.0 ], "enabled": false }
					},
					"children": [
						{
							"name": "Berries16",
							"from": [ -0.1, 0.0, 0.3 ], 
							"to": [ 0.3, 16.0, 10.3 ], 
							"climateColorMap": "",
							"seasonColorMap": "",
							"rotationOrigin": [ -0.1, 0.0, 5.3 ],
							"rotationY": 89.9802127184967,
							"faces": {
								"north": { "texture": "#null", "uv": [ 0.0, 0.0, 0.5, 16.0 ], "enabled": false },
								"east": { "texture": "#snowberry12", "uv": [ 4.0, 1.0, 10.5, 16.0 ], "autoUv": false },
								"south": { "texture": "#null", "uv": [ 0.0, 0.0, 0.5, 16.0 ], "enabled": false },
								"west": { "texture": "#snowberry12", "uv": [ 4.0, 0.0, 10.5, 16.0 ], "autoUv": false },
								"up": { "texture": "#null", "uv": [ 0.0, 0.0, 0.5, 10.0 ], "enabled": false },
								"down": { "texture": "#null", "uv": [ 0.0, 0.0, 0.5, 10.0 ], "enabled": false }
							}
						}
					]
				}
			]
		},
		{
			"name": "Leaves7",
			"from": [ 5.0, 0.0, 5.0 ], 
			"to": [ 5.0, 16.0, 15.0 ], 
			"climateColorMap": "climatePlantTint",
			"seasonColorMap": "seasonalFoliage",
			"rotationOrigin": [ 5.0, 0.0, 8.0 ],
			"rotationY": 22.5,
			"rotationZ": 45.0,
			"faces": {
				"north": { "texture": "#null", "uv": [ 0.0, 0.0, 0.5, 16.0 ], "enabled": false },
				"east": { "texture": "#snowberry1", "uv": [ 5.0, 1.0, 10.5, 16.0 ], "autoUv": false },
				"south": { "texture": "#null", "uv": [ 0.0, 0.0, 0.5, 16.0 ], "enabled": false },
				"west": { "texture": "#null", "uv": [ 0.0, 0.0, 10.0, 16.0 ], "enabled": false },
				"up": { "texture": "#null", "uv": [ 0.0, 0.0, 0.5, 10.0 ], "enabled": false },
				"down": { "texture": "#null", "uv": [ 0.0, 0.0, 0.5, 10.0 ], "enabled": false }
			},
			"children": [
				{
					"name": "Leaves8",
					"from": [ -7.0E-4, 0.0, -0.0024 ], 
					"to": [ -7.0E-4, 16.0, 9.9976 ], 
					"climateColorMap": "climatePlantTint",
					"seasonColorMap": "seasonalFoliage",
					"rotationOrigin": [ 0.0, 0.0, 5.0 ],
					"rotationY": 89.9802127184967,
					"faces": {
						"north": { "texture": "#null", "uv": [ 0.0, 0.0, 0.5, 16.0 ], "enabled": false },
						"east": { "texture": "#snowberry1", "uv": [ 5.0, 1.0, 10.5, 16.0 ], "autoUv": false },
						"south": { "texture": "#null", "uv": [ 0.0, 0.0, 0.5, 16.0 ], "enabled": false },
						"west": { "texture": "#null", "uv": [ 0.0, 0.0, 10.0, 16.0 ], "enabled": false },
						"up": { "texture": "#null", "uv": [ 0.0, 0.0, 0.5, 10.0 ], "enabled": false },
						"down": { "texture": "#null", "uv": [ 0.0, 0.0, 0.5, 10.0 ], "enabled": false }
					}
				},
				{
					"name": "Berries17",
					"from": [ -0.2, 0.0, 0.0 ], 
					"to": [ 0.2, 16.0, 10.0 ], 
					"climateColorMap": "",
					"seasonColorMap": "",
					"rotationOrigin": [ -0.2, 0.0, 0.0 ],
					"faces": {
						"north": { "texture": "#null", "uv": [ 0.0, 0.0, 0.5, 16.0 ], "enabled": false },
						"east": { "texture": "#snowberry12", "uv": [ 4.0, 1.0, 10.5, 16.0 ], "autoUv": false },
						"south": { "texture": "#null", "uv": [ 0.0, 0.0, 0.5, 16.0 ], "enabled": false },
						"west": { "texture": "#snowberry12", "uv": [ 4.0, 0.0, 10.5, 16.0 ], "autoUv": false },
						"up": { "texture": "#null", "uv": [ 0.0, 0.0, 0.5, 10.0 ], "enabled": false },
						"down": { "texture": "#null", "uv": [ 0.0, 0.0, 0.5, 10.0 ], "enabled": false }
					},
					"children": [
						{
							"name": "Berries18",
							"from": [ -0.1, 0.0, 0.3 ], 
							"to": [ 0.3, 16.0, 10.3 ], 
							"climateColorMap": "",
							"seasonColorMap": "",
							"rotationOrigin": [ -0.1, 0.0, 5.3 ],
							"rotationY": 89.9802127184967,
							"faces": {
								"north": { "texture": "#null", "uv": [ 0.0, 0.0, 0.5, 16.0 ], "enabled": false },
								"east": { "texture": "#snowberry12", "uv": [ 4.0, 1.0, 10.5, 16.0 ], "autoUv": false },
								"south": { "texture": "#null", "uv": [ 0.0, 0.0, 0.5, 16.0 ], "enabled": false },
								"west": { "texture": "#snowberry12", "uv": [ 4.0, 0.0, 10.5, 16.0 ], "autoUv": false },
								"up": { "texture": "#null", "uv": [ 0.0, 0.0, 0.5, 10.0 ], "enabled": false },
								"down": { "texture": "#null", "uv": [ 0.0, 0.0, 0.5, 10.0 ], "enabled": false }
							}
						}
					]
				}
			]
		},
		{
			"name": "Leaves9",
			"from": [ 9.0, 0.0, 7.0 ], 
			"to": [ 9.0, 16.0, 17.0 ], 
			"climateColorMap": "climatePlantTint",
			"seasonColorMap": "seasonalFoliage",
			"rotationOrigin": [ 9.0, 0.0, 10.0 ],
			"rotationX": 22.5,
			"rotationY": 22.5,
			"rotationZ": -22.5,
			"faces": {
				"north": { "texture": "#null", "uv": [ 0.0, 0.0, 0.5, 16.0 ], "enabled": false },
				"east": { "texture": "#snowberry1", "uv": [ 5.0, 1.0, 10.5, 16.0 ], "autoUv": false },
				"south": { "texture": "#null", "uv": [ 0.0, 0.0, 0.5, 16.0 ], "enabled": false },
				"west": { "texture": "#null", "uv": [ 0.0, 0.0, 10.0, 16.0 ], "enabled": false },
				"up": { "texture": "#null", "uv": [ 0.0, 0.0, 0.5, 10.0 ], "enabled": false },
				"down": { "texture": "#null", "uv": [ 0.0, 0.0, 0.5, 10.0 ], "enabled": false }
			},
			"children": [
				{
					"name": "Leaves10",
					"from": [ -7.0E-4, 0.0, -0.0024 ], 
					"to": [ -7.0E-4, 16.0, 9.9976 ], 
					"climateColorMap": "climatePlantTint",
					"seasonColorMap": "seasonalFoliage",
					"rotationOrigin": [ 0.0, 0.0, 5.0 ],
					"rotationY": 89.9802127184967,
					"faces": {
						"north": { "texture": "#null", "uv": [ 0.0, 0.0, 0.5, 16.0 ], "enabled": false },
						"east": { "texture": "#snowberry1", "uv": [ 5.0, 1.0, 10.5, 16.0 ], "autoUv": false },
						"south": { "texture": "#null", "uv": [ 0.0, 0.0, 0.5, 16.0 ], "enabled": false },
						"west": { "texture": "#null", "uv": [ 0.0, 0.0, 10.0, 16.0 ], "enabled": false },
						"up": { "texture": "#null", "uv": [ 0.0, 0.0, 0.5, 10.0 ], "enabled": false },
						"down": { "texture": "#null", "uv": [ 0.0, 0.0, 0.5, 10.0 ], "enabled": false }
					}
				},
				{
					"name": "Berries19",
					"from": [ -0.2, 0.0, 0.0 ], 
					"to": [ 0.2, 16.0, 10.0 ], 
					"climateColorMap": "",
					"seasonColorMap": "",
					"rotationOrigin": [ -0.2, 0.0, 0.0 ],
					"faces": {
						"north": { "texture": "#null", "uv": [ 0.0, 0.0, 0.5, 16.0 ], "enabled": false },
						"east": { "texture": "#snowberry12", "uv": [ 4.0, 1.0, 10.5, 16.0 ], "autoUv": false },
						"south": { "texture": "#null", "uv": [ 0.0, 0.0, 0.5, 16.0 ], "enabled": false },
						"west": { "texture": "#snowberry12", "uv": [ 4.0, 0.0, 10.5, 16.0 ], "autoUv": false },
						"up": { "texture": "#null", "uv": [ 0.0, 0.0, 0.5, 10.0 ], "enabled": false },
						"down": { "texture": "#null", "uv": [ 0.0, 0.0, 0.5, 10.0 ], "enabled": false }
					},
					"children": [
						{
							"name": "Berries20",
							"from": [ -0.1, 0.0, 0.3 ], 
							"to": [ 0.3, 16.0, 10.3 ], 
							"climateColorMap": "",
							"seasonColorMap": "",
							"rotationOrigin": [ -0.1, 0.0, 5.3 ],
							"rotationY": 89.9802127184967,
							"faces": {
								"north": { "texture": "#null", "uv": [ 0.0, 0.0, 0.5, 16.0 ], "enabled": false },
								"east": { "texture": "#snowberry12", "uv": [ 4.0, 1.0, 10.5, 16.0 ], "autoUv": false },
								"south": { "texture": "#null", "uv": [ 0.0, 0.0, 0.5, 16.0 ], "enabled": false },
								"west": { "texture": "#snowberry12", "uv": [ 4.0, 0.0, 10.5, 16.0 ], "autoUv": false },
								"up": { "texture": "#null", "uv": [ 0.0, 0.0, 0.5, 10.0 ], "enabled": false },
								"down": { "texture": "#null", "uv": [ 0.0, 0.0, 0.5, 10.0 ], "enabled": false }
							}
						}
					]
				}
			]
		}
	]}