{
	"editor": {
		"backDropShape": "game:entity/humanoid/seraph",
		"allAngles": false,
		"entityTextureMode": false
	},
	"textureWidth": 16,
	"textureHeight": 16,
	"textureSizes": {
	},
	"textures": {
		"tinbronze": "game:block/metal/anvil/steel",
		"straps": "game:item/bag/backpack/straps",
		"leather": "game:item/bag/backpack/leather"
	},
	"elements": [
		{
			"name": "backpack",
			"stepParentName": "UpperTorso",
			"from": [ 4.5, -0.5, 1.2 ], 
			"to": [ 9.5, 4.5, 4.7 ], 
			"rotationOrigin": [ 7.0, -5.0, 3.2 ],
			"rotationY": 90.0,
			"faces": {
				"north": { "texture": "#leather", "uv": [ 0.0, 3.5, 5.0, 8.5 ] },
				"east": { "texture": "#leather", "uv": [ 1.0, 3.5, 4.5, 8.5 ] },
				"south": { "texture": "#leather", "uv": [ 5.0, 3.5, 10.0, 8.5 ] },
				"west": { "texture": "#leather", "uv": [ 10.0, 3.5, 13.5, 8.5 ] },
				"up": { "texture": "#leather", "uv": [ 5.0, 1.0, 10.0, 4.5 ] },
				"down": { "texture": "#leather", "uv": [ 0.0, 7.0, 5.0, 10.5 ] }
			},
			"children": [
				{
					"name": "top",
					"from": [ 0.5, 5.0, 1.0 ], 
					"to": [ 4.5, 5.5, 3.0 ], 
					"faces": {
						"north": { "texture": "#leather", "uv": [ 11.0, 0.0, 15.0, 0.5 ] },
						"east": { "texture": "#leather", "uv": [ 5.0, 5.0, 7.0, 5.5 ] },
						"south": { "texture": "#leather", "uv": [ 5.5, 9.0, 9.5, 9.5 ] },
						"west": { "texture": "#leather", "uv": [ 8.0, 5.0, 10.0, 5.5 ] },
						"up": { "texture": "#leather", "uv": [ 5.5, 4.0, 9.5, 6.0 ] },
						"down": { "texture": "#leather", "uv": [ 1.0, 8.0, 5.0, 10.0 ], "enabled": false }
					}
				},
				{
					"name": "bottom",
					"from": [ 0.0, -0.5, 0.5 ], 
					"to": [ 5.0, 0.0, 3.5 ], 
					"faces": {
						"north": { "texture": "#leather", "uv": [ 0.0, 5.0, 5.0, 5.5 ] },
						"east": { "texture": "#leather", "uv": [ 1.0, 5.0, 4.0, 5.5 ] },
						"south": { "texture": "#leather", "uv": [ 11.0, 5.0, 16.0, 5.5 ] },
						"west": { "texture": "#leather", "uv": [ 11.0, 5.0, 14.0, 5.5 ] },
						"up": { "texture": "#leather", "uv": [ 0.0, 3.0, 5.0, 6.0 ], "enabled": false },
						"down": { "texture": "#leather", "uv": [ 6.0, 11.0, 11.0, 14.0 ] }
					}
				},
				{
					"name": "L pocket",
					"from": [ -0.7, 1.5, 0.6 ], 
					"to": [ 0.3, 4.5, 3.1 ], 
					"rotationOrigin": [ -0.2, 4.5, 2.0 ],
					"rotationZ": -10.0,
					"faces": {
						"north": { "texture": "#leather", "uv": [ 0.5, 4.5, 1.5, 7.5 ] },
						"east": { "texture": "#leather", "uv": [ 0.0, 2.0, 2.5, 5.0 ] },
						"south": { "texture": "#leather", "uv": [ 2.0, 4.5, 3.0, 7.5 ] },
						"west": { "texture": "#leather", "uv": [ 11.0, 4.5, 13.5, 7.5 ] },
						"up": { "texture": "#leather", "uv": [ 7.5, 1.0, 8.5, 3.5 ] },
						"down": { "texture": "#leather", "uv": [ 3.0, 7.0, 4.0, 9.5 ] }
					}
				},
				{
					"name": "R pocket",
					"from": [ 4.7, 1.5, 0.6 ], 
					"to": [ 5.7, 4.5, 3.1 ], 
					"rotationOrigin": [ 5.2, 4.5, 1.6 ],
					"rotationZ": 10.0,
					"faces": {
						"north": { "texture": "#leather", "uv": [ 13.0, 4.5, 14.0, 7.5 ] },
						"east": { "texture": "#leather", "uv": [ 2.0, 4.5, 4.5, 7.5 ] },
						"south": { "texture": "#leather", "uv": [ 10.5, 4.5, 11.5, 7.5 ] },
						"west": { "texture": "#leather", "uv": [ 1.0, 4.0, 3.5, 7.0 ], "enabled": false },
						"up": { "texture": "#leather", "uv": [ 8.0, 1.0, 9.0, 3.5 ] },
						"down": { "texture": "#leather", "uv": [ 2.0, 6.5, 3.0, 9.0 ] }
					}
				},
				{
					"name": "top pocket",
					"from": [ 1.0, 0.2, 3.0 ], 
					"to": [ 4.0, 5.2, 4.0 ], 
					"rotationOrigin": [ 2.5, 5.1, 3.0 ],
					"rotationX": -15.0,
					"faces": {
						"north": { "texture": "#leather", "uv": [ 0.0, 3.0, 3.0, 8.0 ], "enabled": false },
						"east": { "texture": "#leather", "uv": [ 10.5, 2.5, 11.5, 7.5 ] },
						"south": { "texture": "#leather", "uv": [ 6.0, 3.0, 9.0, 8.0 ] },
						"west": { "texture": "#leather", "uv": [ 3.5, 2.5, 4.5, 7.5 ] },
						"up": { "texture": "#leather", "uv": [ 0.0, 3.0, 3.0, 4.0 ] },
						"down": { "texture": "#leather", "uv": [ 6.0, 6.0, 9.0, 7.0 ] }
					}
				},
				{
					"name": "L wood",
					"from": [ -0.1, -3.1, -0.1 ], 
					"to": [ 0.9, 5.9, 0.9 ], 
					"rotationOrigin": [ 0.4, 5.9, 0.0 ],
					"rotationX": 2.0,
					"rotationZ": -3.0,
					"faces": {
						"north": { "texture": "#straps", "uv": [ 7.5, 4.0, 8.5, 13.0 ] },
						"east": { "texture": "#straps", "uv": [ 8.0, 5.0, 9.0, 14.0 ] },
						"south": { "texture": "#straps", "uv": [ 3.0, 7.0, 4.0, 16.0 ] },
						"west": { "texture": "#straps", "uv": [ 1.5, 1.5, 2.5, 10.5 ] },
						"up": { "texture": "#straps", "uv": [ 2.0, 5.0, 3.0, 6.0 ] },
						"down": { "texture": "#straps", "uv": [ 1.5, 2.0, 2.5, 3.0 ] }
					}
				},
				{
					"name": "R wood",
					"from": [ 4.3, -3.1, -0.1 ], 
					"to": [ 5.3, 5.9, 0.9 ], 
					"rotationOrigin": [ 4.8, 5.9, 0.0 ],
					"rotationX": 2.0,
					"rotationZ": 3.0,
					"faces": {
						"north": { "texture": "#straps", "uv": [ 7.0, 6.5, 8.0, 15.5 ] },
						"east": { "texture": "#straps", "uv": [ 7.5, 5.0, 8.5, 14.0 ] },
						"south": { "texture": "#straps", "uv": [ 6.0, 1.5, 7.0, 10.5 ] },
						"west": { "texture": "#straps", "uv": [ 7.5, 5.0, 8.5, 14.0 ] },
						"up": { "texture": "#straps", "uv": [ 7.0, 3.0, 8.0, 4.0 ] },
						"down": { "texture": "#straps", "uv": [ 0.0, 0.0, 1.0, 1.0 ] }
					}
				},
				{
					"name": "base",
					"from": [ -0.5, -4.0, 0.4 ], 
					"to": [ 5.5, 3.0, 4.4 ], 
					"rotationOrigin": [ -0.5, -4.0, -0.1 ],
					"faces": {
						"north": { "texture": "#leather", "uv": [ 9.5, 8.0, 15.5, 15.0 ] },
						"east": { "texture": "#leather", "uv": [ 0.5, 9.0, 4.5, 16.0 ] },
						"south": { "texture": "#leather", "uv": [ 4.5, 5.5, 10.5, 12.5 ] },
						"west": { "texture": "#leather", "uv": [ 10.0, 9.0, 14.0, 16.0 ] },
						"up": { "texture": "#leather", "uv": [ 4.5, 3.5, 10.5, 7.5 ] },
						"down": { "texture": "#leather", "uv": [ 1.5, 10.0, 7.5, 14.0 ] }
					},
					"children": [
						{
							"name": "bottom 1",
							"from": [ 0.5, -0.5, 0.0 ], 
							"to": [ 5.5, 0.0, 3.5 ], 
							"rotationOrigin": [ 0.0, -0.5, -0.5 ],
							"faces": {
								"north": { "texture": "#leather", "uv": [ 5.5, 3.0, 10.5, 3.5 ] },
								"east": { "texture": "#leather", "uv": [ 2.5, 3.5, 6.0, 4.0 ] },
								"south": { "texture": "#leather", "uv": [ 5.5, 4.0, 10.5, 4.5 ] },
								"west": { "texture": "#leather", "uv": [ 10.0, 3.0, 13.5, 3.5 ] },
								"up": { "texture": "#leather", "uv": [ 1.0, 12.0, 6.0, 15.5 ], "enabled": false },
								"down": { "texture": "#leather", "uv": [ 5.5, 0.5, 10.5, 4.0 ] }
							}
						},
						{
							"name": "bottom 16",
							"from": [ -0.1, 0.5, 2.8 ], 
							"to": [ 6.1, 2.0, 4.1 ], 
							"rotationOrigin": [ -0.6, 0.5, 2.3 ],
							"faces": {
								"north": { "texture": "#tinbronze", "uv": [ 5.5, 3.0, 11.5, 4.5 ] },
								"east": { "texture": "#tinbronze", "uv": [ 2.5, 3.5, 3.5, 5.0 ] },
								"south": { "texture": "#tinbronze", "uv": [ 5.5, 4.0, 11.5, 5.5 ] },
								"west": { "texture": "#tinbronze", "uv": [ 10.0, 3.0, 11.0, 4.5 ] },
								"up": { "texture": "#tinbronze", "uv": [ 1.0, 12.0, 7.0, 13.0 ] },
								"down": { "texture": "#tinbronze", "uv": [ 5.5, 0.5, 11.5, 1.5 ] }
							},
							"children": [
								{
									"name": "R large pocket24",
									"from": [ 3.8, -0.2, -0.7 ], 
									"to": [ 4.8, 1.8, 3.3 ], 
									"rotationOrigin": [ 3.3, 4.8, 1.1 ],
									"rotationY": -90.0,
									"rotationZ": -5.999999308891937,
									"faces": {
										"north": { "texture": "#leather", "uv": [ 2.5, 8.0, 3.5, 10.0 ] },
										"east": { "texture": "#leather", "uv": [ 5.5, 8.0, 9.5, 10.0 ] },
										"south": { "texture": "#leather", "uv": [ 1.5, 7.5, 2.5, 9.5 ] },
										"west": { "texture": "#leather", "uv": [ 4.5, 11.5, 8.5, 13.5 ] },
										"up": { "texture": "#leather", "uv": [ 5.5, 7.5, 9.5, 8.5 ], "rotation": 270 },
										"down": { "texture": "#leather", "uv": [ 2.0, 7.5, 3.0, 11.5 ] }
									},
									"children": [
										{
											"name": "R large pocket25",
											"from": [ 0.9, -0.1, 1.75 ], 
											"to": [ 1.1, 0.9, 2.25 ], 
											"rotationOrigin": [ 0.3, 4.8, 1.8 ],
											"faces": {
												"north": { "texture": "#tinbronze", "uv": [ 2.5, 8.0, 3.0, 9.0 ] },
												"east": { "texture": "#tinbronze", "uv": [ 5.5, 8.0, 6.0, 9.0 ] },
												"south": { "texture": "#tinbronze", "uv": [ 1.5, 7.5, 2.0, 8.5 ] },
												"west": { "texture": "#tinbronze", "uv": [ 4.5, 11.5, 5.0, 12.5 ] },
												"up": { "texture": "#tinbronze", "uv": [ 5.5, 7.5, 6.0, 8.0 ], "rotation": 270 },
												"down": { "texture": "#tinbronze", "uv": [ 2.0, 7.5, 2.5, 8.0 ] }
											}
										}
									]
								}
							]
						}
					]
				},
				{
					"name": "L large pocket",
					"from": [ -1.5, -3.0, 0.5 ], 
					"to": [ -0.5, 2.0, 4.0 ], 
					"rotationOrigin": [ -1.0, 2.0, 2.4 ],
					"rotationZ": 6.0,
					"faces": {
						"north": { "texture": "#leather", "uv": [ 0.0, 0.0, 1.0, 5.0 ] },
						"east": { "texture": "#leather", "uv": [ 0.0, 0.0, 3.5, 5.0 ] },
						"south": { "texture": "#leather", "uv": [ 8.5, 0.0, 9.5, 5.0 ] },
						"west": { "texture": "#leather", "uv": [ 7.0, 0.0, 10.5, 5.0 ] },
						"up": { "texture": "#leather", "uv": [ 13.0, 9.5, 14.0, 13.0 ] },
						"down": { "texture": "#leather", "uv": [ 0.0, 1.0, 1.0, 4.5 ] }
					},
					"children": [
						{
							"name": "L large pocket14",
							"from": [ -1.0, 0.0, -0.3 ], 
							"to": [ 0.0, 2.0, 3.7 ], 
							"rotationOrigin": [ -0.5, 5.0, 1.6 ],
							"faces": {
								"north": { "texture": "#leather", "uv": [ 10.0, 8.0, 11.0, 10.0 ] },
								"east": { "texture": "#leather", "uv": [ 5.0, 12.0, 9.0, 14.0 ] },
								"south": { "texture": "#leather", "uv": [ 9.5, 6.5, 10.5, 8.5 ] },
								"west": { "texture": "#leather", "uv": [ 5.5, 8.0, 9.5, 10.0 ] },
								"up": { "texture": "#leather", "uv": [ 5.5, 7.5, 9.5, 8.5 ], "rotation": 90 },
								"down": { "texture": "#leather", "uv": [ 4.5, 8.0, 5.5, 12.0 ] }
							},
							"children": [
								{
									"name": "L large pocket22",
									"from": [ -0.1, -0.1, 1.75 ], 
									"to": [ 0.1, 0.9, 2.25 ], 
									"rotationOrigin": [ 0.4, 4.9, 3.6 ],
									"faces": {
										"north": { "texture": "#tinbronze", "uv": [ 10.0, 8.0, 10.5, 9.0 ] },
										"east": { "texture": "#tinbronze", "uv": [ 5.0, 12.0, 5.5, 13.0 ] },
										"south": { "texture": "#tinbronze", "uv": [ 9.5, 6.5, 10.0, 7.5 ] },
										"west": { "texture": "#tinbronze", "uv": [ 5.5, 8.0, 6.0, 9.0 ] },
										"up": { "texture": "#tinbronze", "uv": [ 5.5, 7.5, 6.0, 8.0 ], "rotation": 90 },
										"down": { "texture": "#tinbronze", "uv": [ 4.5, 8.0, 5.0, 8.5 ] }
									}
								}
							]
						}
					]
				},
				{
					"name": "R large pocket",
					"from": [ 5.4, -3.0, 0.5 ], 
					"to": [ 6.4, 1.9, 4.0 ], 
					"rotationOrigin": [ 5.9, 2.0, 2.0 ],
					"rotationZ": -6.0,
					"faces": {
						"north": { "texture": "#leather", "uv": [ 0.0, 0.0, 1.0, 4.5 ] },
						"east": { "texture": "#leather", "uv": [ 2.5, 0.0, 6.0, 4.5 ] },
						"south": { "texture": "#leather", "uv": [ 1.5, 0.0, 2.5, 4.5 ] },
						"west": { "texture": "#leather", "uv": [ 6.5, 0.5, 10.0, 5.0 ] },
						"up": { "texture": "#leather", "uv": [ 3.5, 6.5, 4.5, 10.0 ] },
						"down": { "texture": "#leather", "uv": [ 1.0, 0.5, 2.0, 4.0 ] }
					},
					"children": [
						{
							"name": "R large pocket15",
							"from": [ 1.0, 0.0, -0.3 ], 
							"to": [ 2.0, 2.0, 3.7 ], 
							"rotationOrigin": [ 0.5, 5.0, 1.5 ],
							"faces": {
								"north": { "texture": "#leather", "uv": [ 2.5, 8.0, 3.5, 10.0 ] },
								"east": { "texture": "#leather", "uv": [ 5.5, 8.0, 9.5, 10.0 ] },
								"south": { "texture": "#leather", "uv": [ 1.5, 7.5, 2.5, 9.5 ] },
								"west": { "texture": "#leather", "uv": [ 4.5, 11.5, 8.5, 13.5 ] },
								"up": { "texture": "#leather", "uv": [ 5.5, 7.5, 9.5, 8.5 ], "rotation": 270 },
								"down": { "texture": "#leather", "uv": [ 2.0, 7.5, 3.0, 11.5 ] }
							},
							"children": [
								{
									"name": "R large pocket23",
									"from": [ 0.9, -0.1, 1.75 ], 
									"to": [ 1.1, 0.9, 2.25 ], 
									"rotationOrigin": [ 0.3, 4.8, 1.8 ],
									"faces": {
										"north": { "texture": "#tinbronze", "uv": [ 2.5, 8.0, 3.0, 9.0 ] },
										"east": { "texture": "#tinbronze", "uv": [ 5.5, 8.0, 6.0, 9.0 ] },
										"south": { "texture": "#tinbronze", "uv": [ 1.5, 7.5, 2.0, 8.5 ] },
										"west": { "texture": "#tinbronze", "uv": [ 4.5, 11.5, 5.0, 12.5 ] },
										"up": { "texture": "#tinbronze", "uv": [ 5.5, 7.5, 6.0, 8.0 ], "rotation": 270 },
										"down": { "texture": "#tinbronze", "uv": [ 2.0, 7.5, 2.5, 8.0 ] }
									}
								}
							]
						}
					]
				},
				{
					"name": "top pocket13",
					"from": [ -1.0, 3.5, 1.9 ], 
					"to": [ 6.0, 5.5, 3.9 ], 
					"rotationOrigin": [ 0.5, 8.4, 1.9 ],
					"rotationX": -15.0,
					"faces": {
						"north": { "texture": "#leather", "uv": [ 4.0, 9.0, 11.0, 11.0 ] },
						"east": { "texture": "#leather", "uv": [ 10.5, 6.5, 12.5, 8.5 ] },
						"south": { "texture": "#leather", "uv": [ 3.0, 10.5, 10.0, 12.5 ] },
						"west": { "texture": "#leather", "uv": [ 10.5, 6.5, 12.5, 8.5 ] },
						"up": { "texture": "#leather", "uv": [ 4.0, 5.5, 11.0, 7.5 ] },
						"down": { "texture": "#leather", "uv": [ 4.0, 10.5, 11.0, 12.5 ] }
					}
				},
				{
					"name": "top pocket17",
					"from": [ 2.0, 0.4, 4.9 ], 
					"to": [ 3.0, 2.1, 5.4 ], 
					"rotationOrigin": [ 2.0, 0.4, 4.9 ],
					"rotationX": -15.0,
					"faces": {
						"north": { "texture": "#tinbronze", "uv": [ 0.0, 3.0, 1.0, 4.5 ], "enabled": false },
						"east": { "texture": "#tinbronze", "uv": [ 10.5, 2.5, 11.0, 4.0 ] },
						"south": { "texture": "#tinbronze", "uv": [ 6.0, 3.0, 7.0, 4.5 ] },
						"west": { "texture": "#tinbronze", "uv": [ 3.5, 2.5, 4.0, 4.0 ] },
						"up": { "texture": "#tinbronze", "uv": [ 0.0, 3.0, 1.0, 3.5 ] },
						"down": { "texture": "#tinbronze", "uv": [ 6.0, 6.0, 7.0, 6.5 ] }
					}
				},
				{
					"name": "top pocket18",
					"from": [ 0.5, 1.0, 4.1 ], 
					"to": [ 1.0, 2.5, 4.6 ], 
					"rotationOrigin": [ 0.5, 1.0, 4.1 ],
					"faces": {
						"north": { "texture": "#tinbronze", "uv": [ 0.0, 3.0, 0.5, 4.5 ], "enabled": false },
						"east": { "texture": "#tinbronze", "uv": [ 10.5, 2.5, 11.0, 4.0 ] },
						"south": { "texture": "#tinbronze", "uv": [ 6.0, 3.0, 6.5, 4.5 ] },
						"west": { "texture": "#tinbronze", "uv": [ 3.5, 2.5, 4.0, 4.0 ] },
						"up": { "texture": "#tinbronze", "uv": [ 0.0, 3.0, 0.5, 3.5 ] },
						"down": { "texture": "#tinbronze", "uv": [ 6.0, 6.0, 6.5, 6.5 ] }
					}
				},
				{
					"name": "top pocket19",
					"from": [ 4.0, 1.0, 4.1 ], 
					"to": [ 4.5, 2.5, 4.6 ], 
					"rotationOrigin": [ 4.0, 1.0, 4.1 ],
					"faces": {
						"north": { "texture": "#tinbronze", "uv": [ 0.0, 3.0, 0.5, 4.5 ], "enabled": false },
						"east": { "texture": "#tinbronze", "uv": [ 10.5, 2.5, 11.0, 4.0 ] },
						"south": { "texture": "#tinbronze", "uv": [ 6.0, 3.0, 6.5, 4.5 ] },
						"west": { "texture": "#tinbronze", "uv": [ 3.5, 2.5, 4.0, 4.0 ] },
						"up": { "texture": "#tinbronze", "uv": [ 0.0, 3.0, 0.5, 3.5 ] },
						"down": { "texture": "#tinbronze", "uv": [ 6.0, 6.0, 6.5, 6.5 ] }
					}
				},
				{
					"name": "top pocket20",
					"from": [ 0.4, 3.42, 1.8 ], 
					"to": [ 1.0, 5.52, 4.0 ], 
					"rotationOrigin": [ 1.9, 8.3, 1.8 ],
					"rotationX": -15.0,
					"faces": {
						"north": { "texture": "#tinbronze", "uv": [ 4.5, 11.0, 5.0, 13.0 ] },
						"east": { "texture": "#tinbronze", "uv": [ 10.5, 6.5, 12.5, 8.5 ] },
						"south": { "texture": "#tinbronze", "uv": [ 6.0, 12.0, 6.5, 14.0 ] },
						"west": { "texture": "#tinbronze", "uv": [ 10.5, 6.5, 12.5, 8.5 ] },
						"up": { "texture": "#tinbronze", "uv": [ 4.0, 5.5, 4.5, 7.5 ] },
						"down": { "texture": "#tinbronze", "uv": [ 4.0, 10.5, 4.5, 12.5 ] }
					}
				},
				{
					"name": "top pocket21",
					"from": [ 4.0, 3.42, 1.8 ], 
					"to": [ 4.6, 5.52, 4.0 ], 
					"rotationOrigin": [ 5.5, 8.3, 1.8 ],
					"rotationX": -15.0,
					"faces": {
						"north": { "texture": "#tinbronze", "uv": [ 4.5, 11.0, 5.0, 13.0 ] },
						"east": { "texture": "#tinbronze", "uv": [ 10.5, 6.5, 12.5, 8.5 ] },
						"south": { "texture": "#tinbronze", "uv": [ 6.0, 12.0, 6.5, 14.0 ] },
						"west": { "texture": "#tinbronze", "uv": [ 10.5, 6.5, 12.5, 8.5 ] },
						"up": { "texture": "#tinbronze", "uv": [ 4.0, 5.5, 4.5, 7.5 ] },
						"down": { "texture": "#tinbronze", "uv": [ 4.0, 10.5, 4.5, 12.5 ] }
					}
				}
			]
		}
	]}