{
	"editor": {
		"allAngles": false,
		"entityTextureMode": true
	},
	"textureWidth": 16,
	"textureHeight": 16,
	"textureSizes": {
	},
	"textures": {
		"temporalgear": "game:item/resource/temporalgear",
		"claystone": "game:block/stone/sand/claystone",
		"col69": "game:block/creative/col69",
		"smoky": "game:block/glass/smoky",
		"col68": "game:block/creative/col68",
		"col67": "game:block/creative/col67",
		"utility-thermometer": "game:item/utility/thermometer",
		"col66": "game:block/creative/col66",
		"col71": "game:block/creative/col71",
		"col70": "game:block/creative/col70"
	},
	"elements": [
		{
			"name": "origin",
			"from": [ 0.0, 0.0, 0.0 ], 
			"to": [ 0.0, 0.0, 0.0 ], 
			"uv": [ 12.0, 12.0 ],
			"rotationOrigin": [ 8.0, 0.0, 8.0 ],
			"faces": {
				"north": { "texture": "#null", "uv": [ 12.0, 12.5, 12.5, 13.0 ], "enabled": false },
				"east": { "texture": "#null", "uv": [ 12.5, 12.5, 13.0, 13.0 ], "enabled": false },
				"south": { "texture": "#null", "uv": [ 12.0, 12.5, 12.5, 13.0 ], "enabled": false },
				"west": { "texture": "#null", "uv": [ 12.5, 12.5, 13.0, 13.0 ], "enabled": false },
				"up": { "texture": "#null", "uv": [ 12.0, 12.0, 12.5, 12.5 ], "enabled": false },
				"down": { "texture": "#null", "uv": [ 12.5, 12.0, 13.0, 12.5 ], "enabled": false }
			},
			"children": [
				{
					"name": "weight3",
					"from": [ 6.7, 5.2, 9.8 ], 
					"to": [ 7.2, 5.7, 10.3 ], 
					"autoUnwrap": false,
					"uv": [ 6.0, 12.0 ],
					"rotationOrigin": [ 10.7, 5.2, 6.8 ],
					"faces": {
						"north": { "texture": "#col68", "uv": [ 6.0, 13.0, 6.5, 13.5 ] },
						"east": { "texture": "#col68", "uv": [ 7.0, 13.0, 7.5, 13.5 ] },
						"south": { "texture": "#col68", "uv": [ 7.0, 13.0, 7.5, 13.5 ] },
						"west": { "texture": "#col68", "uv": [ 6.0, 12.0, 6.5, 12.5 ] },
						"up": { "texture": "#col68", "uv": [ 6.0, 12.0, 6.5, 12.5 ] },
						"down": { "texture": "#col68", "uv": [ 7.0, 12.0, 7.5, 12.5 ] }
					}
				},
				{
					"name": "weight5",
					"from": [ 7.5, 5.0, 7.5 ], 
					"to": [ 8.5, 6.0, 8.5 ], 
					"autoUnwrap": false,
					"uv": [ 10.0, 12.0 ],
					"rotationOrigin": [ 7.6, 5.0, 7.8 ],
					"faces": {
						"north": { "texture": "#utility-thermometer", "uv": [ 10.0, 13.0, 11.0, 14.0 ] },
						"east": { "texture": "#utility-thermometer", "uv": [ 11.0, 13.0, 12.0, 14.0 ] },
						"south": { "texture": "#utility-thermometer", "uv": [ 11.0, 12.0, 12.0, 13.0 ] },
						"west": { "texture": "#utility-thermometer", "uv": [ 11.0, 13.0, 12.0, 14.0 ] },
						"up": { "texture": "#utility-thermometer", "uv": [ 10.0, 12.0, 11.0, 13.0 ] },
						"down": { "texture": "#utility-thermometer", "uv": [ 11.0, 12.0, 12.0, 13.0 ] }
					}
				},
				{
					"name": "weight9",
					"from": [ 8.0, 4.8, 10.2 ], 
					"to": [ 8.5, 5.3, 10.7 ], 
					"autoUnwrap": false,
					"uv": [ 6.0, 12.0 ],
					"rotationOrigin": [ 12.0, 4.8, 7.2 ],
					"faces": {
						"north": { "texture": "#col69", "uv": [ 6.0, 13.0, 6.5, 13.5 ] },
						"east": { "texture": "#col69", "uv": [ 7.0, 13.0, 7.5, 13.5 ] },
						"south": { "texture": "#col69", "uv": [ 7.0, 13.0, 7.5, 13.5 ] },
						"west": { "texture": "#col69", "uv": [ 6.0, 12.0, 6.5, 12.5 ] },
						"up": { "texture": "#col69", "uv": [ 6.0, 12.0, 6.5, 12.5 ] },
						"down": { "texture": "#col69", "uv": [ 7.0, 12.0, 7.5, 12.5 ] }
					}
				},
				{
					"name": "weight10",
					"from": [ 9.8, 5.2, 9.5 ], 
					"to": [ 10.3, 5.7, 10.0 ], 
					"autoUnwrap": false,
					"uv": [ 6.0, 12.0 ],
					"rotationOrigin": [ 13.8, 5.2, 6.5 ],
					"faces": {
						"north": { "texture": "#col70", "uv": [ 6.0, 13.0, 6.5, 13.5 ] },
						"east": { "texture": "#col70", "uv": [ 7.0, 13.0, 7.5, 13.5 ] },
						"south": { "texture": "#col70", "uv": [ 7.0, 13.0, 7.5, 13.5 ] },
						"west": { "texture": "#col70", "uv": [ 6.0, 12.0, 6.5, 12.5 ] },
						"up": { "texture": "#col70", "uv": [ 6.0, 12.0, 6.5, 12.5 ] },
						"down": { "texture": "#col70", "uv": [ 7.0, 12.0, 7.5, 12.5 ] }
					}
				},
				{
					"name": "weight11",
					"from": [ 10.3, 5.5, 8.0 ], 
					"to": [ 10.8, 6.0, 8.5 ], 
					"autoUnwrap": false,
					"uv": [ 6.0, 12.0 ],
					"rotationOrigin": [ 14.3, 5.5, 5.0 ],
					"faces": {
						"north": { "texture": "#col71", "uv": [ 6.0, 13.0, 6.5, 13.5 ] },
						"east": { "texture": "#col71", "uv": [ 7.0, 13.0, 7.5, 13.5 ] },
						"south": { "texture": "#col71", "uv": [ 7.0, 13.0, 7.5, 13.5 ] },
						"west": { "texture": "#col71", "uv": [ 6.0, 12.0, 6.5, 12.5 ] },
						"up": { "texture": "#col71", "uv": [ 6.0, 12.0, 6.5, 12.5 ] },
						"down": { "texture": "#col71", "uv": [ 7.0, 12.0, 7.5, 12.5 ] }
					}
				},
				{
					"name": "weight14",
					"from": [ 7.6, 5.1, 5.0 ], 
					"to": [ 8.1, 5.6, 5.5 ], 
					"autoUnwrap": false,
					"uv": [ 6.0, 12.0 ],
					"rotationOrigin": [ 11.6, 5.1, 2.0 ],
					"faces": {
						"north": { "texture": "#col68", "uv": [ 6.0, 13.0, 6.5, 13.5 ] },
						"east": { "texture": "#col68", "uv": [ 7.0, 13.0, 7.5, 13.5 ] },
						"south": { "texture": "#col68", "uv": [ 7.0, 13.0, 7.5, 13.5 ] },
						"west": { "texture": "#col68", "uv": [ 6.0, 12.0, 6.5, 12.5 ] },
						"up": { "texture": "#col68", "uv": [ 6.0, 12.0, 6.5, 12.5 ] },
						"down": { "texture": "#col68", "uv": [ 7.0, 12.0, 7.5, 12.5 ] }
					}
				},
				{
					"name": "weight15",
					"from": [ 6.2, 5.7, 5.8 ], 
					"to": [ 6.7, 6.2, 6.3 ], 
					"autoUnwrap": false,
					"uv": [ 6.0, 12.0 ],
					"rotationOrigin": [ 10.2, 5.7, 2.8 ],
					"faces": {
						"north": { "texture": "#col67", "uv": [ 6.0, 13.0, 6.5, 13.5 ] },
						"east": { "texture": "#col67", "uv": [ 7.0, 13.0, 7.5, 13.5 ] },
						"south": { "texture": "#col67", "uv": [ 7.0, 13.0, 7.5, 13.5 ] },
						"west": { "texture": "#col67", "uv": [ 6.0, 12.0, 6.5, 12.5 ] },
						"up": { "texture": "#col67", "uv": [ 6.0, 12.0, 6.5, 12.5 ] },
						"down": { "texture": "#col67", "uv": [ 7.0, 12.0, 7.5, 12.5 ] }
					}
				},
				{
					"name": "weight16",
					"from": [ 5.5, 5.5, 7.2 ], 
					"to": [ 6.0, 6.0, 7.7 ], 
					"autoUnwrap": false,
					"uv": [ 6.0, 12.0 ],
					"rotationOrigin": [ 9.5, 5.5, 4.2 ],
					"faces": {
						"north": { "texture": "#col66", "uv": [ 6.0, 13.0, 6.5, 13.5 ] },
						"east": { "texture": "#col66", "uv": [ 7.0, 13.0, 7.5, 13.5 ] },
						"south": { "texture": "#col66", "uv": [ 7.0, 13.0, 7.5, 13.5 ] },
						"west": { "texture": "#col66", "uv": [ 6.0, 12.0, 6.5, 12.5 ] },
						"up": { "texture": "#col66", "uv": [ 6.0, 12.0, 6.5, 12.5 ] },
						"down": { "texture": "#col66", "uv": [ 7.0, 12.0, 7.5, 12.5 ] }
					}
				},
				{
					"name": "weight17",
					"from": [ 5.5, 5.3, 9.0 ], 
					"to": [ 6.0, 5.8, 9.5 ], 
					"autoUnwrap": false,
					"uv": [ 6.0, 12.0 ],
					"rotationOrigin": [ 9.5, 5.3, 6.0 ],
					"faces": {
						"north": { "texture": "#col67", "uv": [ 6.0, 13.0, 6.5, 13.5 ] },
						"east": { "texture": "#col67", "uv": [ 7.0, 13.0, 7.5, 13.5 ] },
						"south": { "texture": "#col67", "uv": [ 7.0, 13.0, 7.5, 13.5 ] },
						"west": { "texture": "#col67", "uv": [ 6.0, 12.0, 6.5, 12.5 ] },
						"up": { "texture": "#col67", "uv": [ 6.0, 12.0, 6.5, 12.5 ] },
						"down": { "texture": "#col67", "uv": [ 7.0, 12.0, 7.5, 12.5 ] }
					}
				},
				{
					"name": "weight12",
					"from": [ 10.1, 5.2, 6.6 ], 
					"to": [ 10.6, 5.7, 7.1 ], 
					"autoUnwrap": false,
					"uv": [ 6.0, 12.0 ],
					"rotationOrigin": [ 14.1, 5.2, 3.6 ],
					"faces": {
						"north": { "texture": "#col70", "uv": [ 6.0, 13.0, 6.5, 13.5 ] },
						"east": { "texture": "#col70", "uv": [ 7.0, 13.0, 7.5, 13.5 ] },
						"south": { "texture": "#col70", "uv": [ 7.0, 13.0, 7.5, 13.5 ] },
						"west": { "texture": "#col70", "uv": [ 6.0, 12.0, 6.5, 12.5 ] },
						"up": { "texture": "#col70", "uv": [ 6.0, 12.0, 6.5, 12.5 ] },
						"down": { "texture": "#col70", "uv": [ 7.0, 12.0, 7.5, 12.5 ] }
					}
				},
				{
					"name": "weight13",
					"from": [ 9.1, 4.7, 5.4 ], 
					"to": [ 9.6, 5.2, 5.9 ], 
					"autoUnwrap": false,
					"uv": [ 6.0, 12.0 ],
					"rotationOrigin": [ 13.1, 4.7, 2.4 ],
					"faces": {
						"north": { "texture": "#col69", "uv": [ 6.0, 13.0, 6.5, 13.5 ] },
						"east": { "texture": "#col69", "uv": [ 7.0, 13.0, 7.5, 13.5 ] },
						"south": { "texture": "#col69", "uv": [ 7.0, 13.0, 7.5, 13.5 ] },
						"west": { "texture": "#col69", "uv": [ 6.0, 12.0, 6.5, 12.5 ] },
						"up": { "texture": "#col69", "uv": [ 6.0, 12.0, 6.5, 12.5 ] },
						"down": { "texture": "#col69", "uv": [ 7.0, 12.0, 7.5, 12.5 ] }
					}
				}
			]
		}
	]}