{
	"editor": {
		"allAngles": false,
		"entityTextureMode": false
	},
	"textureWidth": 16,
	"textureHeight": 16,
	"textureSizes": {
	},
	"textures": {
		"string": "game:block/cloth/burlap/string",
		"bundle": "game:block/hay/bundle"
	},
	"elements": [
		{
			"name": "Cube4",
			"from": [ 5.0, 4.0, 11.3 ], 
			"to": [ 11.0, 4.0, 15.3 ], 
			"rotationOrigin": [ 5.0, 4.0, 11.3 ],
			"rotationX": -260.0,
			"faces": {
				"north": { "texture": "#bundle", "uv": [ 0.0, 0.0, 6.0, 0.5 ] },
				"east": { "texture": "#bundle", "uv": [ 0.0, 0.0, 4.0, 0.5 ] },
				"south": { "texture": "#bundle", "uv": [ 0.0, 0.0, 6.0, 0.5 ] },
				"west": { "texture": "#bundle", "uv": [ 0.0, 0.0, 4.0, 0.5 ] },
				"up": { "texture": "#bundle", "uv": [ 0.0, 2.0, 6.0, 6.0 ], "enabled": false },
				"down": { "texture": "#bundle", "uv": [ 2.5, 1.5, 8.5, 5.5 ] }
			},
			"children": [
				{
					"name": "Cube5",
					"from": [ -1.0, 0.0, 0.5 ], 
					"to": [ 0.0, 0.0, 3.5 ], 
					"rotationOrigin": [ -1.0, 0.0, 0.5 ],
					"faces": {
						"north": { "texture": "#bundle", "uv": [ 0.0, 0.0, 1.0, 0.5 ] },
						"east": { "texture": "#bundle", "uv": [ 0.0, 0.0, 3.0, 0.5 ] },
						"south": { "texture": "#bundle", "uv": [ 0.0, 0.0, 1.0, 0.5 ] },
						"west": { "texture": "#bundle", "uv": [ 0.5, 0.5, 3.5, 1.0 ] },
						"up": { "texture": "#bundle", "uv": [ 0.0, 0.0, 1.0, 3.0 ], "enabled": false },
						"down": { "texture": "#bundle", "uv": [ 1.0, 1.5, 4.0, 2.5 ], "rotation": 90 }
					}
				},
				{
					"name": "Cube6",
					"from": [ 6.0, 0.0, 0.5 ], 
					"to": [ 7.0, 0.0, 3.5 ], 
					"rotationOrigin": [ 6.0, 0.0, 0.5 ],
					"faces": {
						"north": { "texture": "#bundle", "uv": [ 1.0, 0.0, 2.0, 0.5 ] },
						"east": { "texture": "#bundle", "uv": [ 3.0, 0.5, 6.0, 1.0 ] },
						"south": { "texture": "#bundle", "uv": [ 0.0, 0.0, 1.0, 0.5 ] },
						"west": { "texture": "#bundle", "uv": [ 1.0, 6.5, 4.0, 7.0 ] },
						"up": { "texture": "#bundle", "uv": [ 0.5, 2.0, 3.5, 3.0 ], "rotation": 90, "enabled": false },
						"down": { "texture": "#bundle", "uv": [ 2.0, 1.5, 5.0, 2.5 ], "rotation": 270 }
					}
				}
			]
		},
		{
			"name": "Cube7",
			"from": [ 5.0, 4.0, 8.6 ], 
			"to": [ 11.0, 4.0, 12.6 ], 
			"rotationOrigin": [ 5.0, 4.0, 8.6 ],
			"rotationX": 80.0,
			"faces": {
				"north": { "texture": "#bundle", "uv": [ 0.0, 0.0, 6.0, 0.5 ] },
				"east": { "texture": "#bundle", "uv": [ 0.0, 0.0, 4.0, 0.5 ] },
				"south": { "texture": "#bundle", "uv": [ 0.0, 0.0, 6.0, 0.5 ] },
				"west": { "texture": "#bundle", "uv": [ 0.0, 0.0, 4.0, 0.5 ] },
				"up": { "texture": "#bundle", "uv": [ 0.0, 2.0, 6.0, 6.0 ], "enabled": false },
				"down": { "texture": "#bundle", "uv": [ 2.0, 1.5, 8.0, 5.5 ] }
			},
			"children": [
				{
					"name": "Cube7",
					"from": [ -1.0, 0.0, 0.5 ], 
					"to": [ 0.0, 0.0, 3.5 ], 
					"rotationOrigin": [ -1.0, 0.0, 0.5 ],
					"faces": {
						"north": { "texture": "#bundle", "uv": [ 0.0, 0.0, 1.0, 0.5 ] },
						"east": { "texture": "#bundle", "uv": [ 0.0, 0.0, 3.0, 0.5 ] },
						"south": { "texture": "#bundle", "uv": [ 0.0, 0.0, 1.0, 0.5 ] },
						"west": { "texture": "#bundle", "uv": [ 0.5, 0.5, 3.5, 1.0 ] },
						"up": { "texture": "#bundle", "uv": [ 0.0, 0.0, 1.0, 3.0 ], "enabled": false },
						"down": { "texture": "#bundle", "uv": [ 1.0, 1.5, 4.0, 2.5 ], "rotation": 90 }
					}
				},
				{
					"name": "Cube7",
					"from": [ 6.0, 0.0, 0.5 ], 
					"to": [ 7.0, 0.0, 3.5 ], 
					"rotationOrigin": [ 6.0, 0.0, 0.5 ],
					"faces": {
						"north": { "texture": "#bundle", "uv": [ 1.0, 0.0, 2.0, 0.5 ] },
						"east": { "texture": "#bundle", "uv": [ 3.0, 0.5, 6.0, 1.0 ] },
						"south": { "texture": "#bundle", "uv": [ 0.0, 0.0, 1.0, 0.5 ] },
						"west": { "texture": "#bundle", "uv": [ 1.0, 6.5, 4.0, 7.0 ] },
						"up": { "texture": "#bundle", "uv": [ 0.5, 2.0, 3.5, 3.0 ], "rotation": 90, "enabled": false },
						"down": { "texture": "#bundle", "uv": [ 2.0, 1.5, 5.0, 2.5 ], "rotation": 270 }
					}
				}
			]
		},
		{
			"name": "Cube8",
			"from": [ 5.0, 0.1, 9.3 ], 
			"to": [ 11.0, 0.1, 11.3 ], 
			"rotationOrigin": [ 5.0, 0.1, 9.3 ],
			"faces": {
				"north": { "texture": "#bundle", "uv": [ 0.0, 0.0, 6.0, 0.5 ] },
				"east": { "texture": "#bundle", "uv": [ 0.0, 0.0, 2.0, 0.5 ] },
				"south": { "texture": "#bundle", "uv": [ 0.0, 0.0, 6.0, 0.5 ] },
				"west": { "texture": "#bundle", "uv": [ 0.0, 0.0, 2.0, 0.5 ] },
				"up": { "texture": "#bundle", "uv": [ 0.0, 2.0, 6.0, 4.0 ], "enabled": false },
				"down": { "texture": "#bundle", "uv": [ 1.0, 2.0, 7.0, 4.0 ], "rotation": 180 }
			},
			"children": [
				{
					"name": "Cube8",
					"from": [ -0.2, 3.0, -0.4 ], 
					"to": [ 2.8, 3.0, 1.6 ], 
					"rotationOrigin": [ -0.2, 3.0, -0.4 ],
					"rotationZ": -80.0,
					"faces": {
						"north": { "texture": "#bundle", "uv": [ 0.0, 0.0, 3.0, 0.5 ] },
						"east": { "texture": "#bundle", "uv": [ 0.0, 0.0, 2.0, 0.5 ] },
						"south": { "texture": "#bundle", "uv": [ 0.0, 0.0, 3.0, 0.5 ] },
						"west": { "texture": "#bundle", "uv": [ 0.5, 0.5, 2.5, 1.0 ] },
						"up": { "texture": "#bundle", "uv": [ 0.0, 0.0, 3.0, 2.0 ], "enabled": false },
						"down": { "texture": "#bundle", "uv": [ 2.0, 1.5, 4.0, 4.5 ], "rotation": 90 }
					}
				},
				{
					"name": "Cube9",
					"from": [ 5.8, 0.0, -0.4 ], 
					"to": [ 8.8, 0.0, 1.6 ], 
					"rotationOrigin": [ 5.8, 0.0, -0.4 ],
					"rotationZ": 80.0,
					"faces": {
						"north": { "texture": "#bundle", "uv": [ 0.0, 0.0, 3.0, 0.5 ] },
						"east": { "texture": "#bundle", "uv": [ 0.0, 0.0, 2.0, 0.5 ] },
						"south": { "texture": "#bundle", "uv": [ 0.0, 0.0, 3.0, 0.5 ] },
						"west": { "texture": "#bundle", "uv": [ 0.5, 0.5, 2.5, 1.0 ] },
						"up": { "texture": "#bundle", "uv": [ 0.0, 0.0, 3.0, 2.0 ], "enabled": false },
						"down": { "texture": "#bundle", "uv": [ 1.5, 1.5, 3.5, 4.5 ], "rotation": 270 }
					}
				}
			]
		},
		{
			"name": "Cube10",
			"from": [ 4.9, 2.0, 9.7 ], 
			"to": [ 5.3, 4.0, 10.1 ], 
			"rotationOrigin": [ 4.9, 2.0, 9.7 ],
			"rotationX": -8.5,
			"rotationY": -12.5,
			"rotationZ": 12.5,
			"faces": {
				"north": { "texture": "#string", "uv": [ 12.0, 3.0, 12.5, 5.0 ] },
				"east": { "texture": "#string", "uv": [ 12.0, 3.0, 12.5, 5.0 ] },
				"south": { "texture": "#string", "uv": [ 9.0, 3.5, 9.5, 5.5 ] },
				"west": { "texture": "#string", "uv": [ 8.5, 1.5, 9.0, 3.5 ] },
				"up": { "texture": "#string", "uv": [ 8.0, 2.5, 8.5, 3.0 ] },
				"down": { "texture": "#string", "uv": [ 11.5, 4.0, 12.0, 4.5 ], "rotation": 180 }
			},
			"children": [
				{
					"name": "Cube11",
					"from": [ 0.0, 1.9, 0.0 ], 
					"to": [ 0.4, 3.4, 0.4 ], 
					"rotationOrigin": [ 0.0, 1.9, 0.0 ],
					"rotationX": -8.0,
					"rotationY": 8.0,
					"rotationZ": -7.0,
					"faces": {
						"north": { "texture": "#string", "uv": [ 8.5, 2.0, 9.0, 3.5 ] },
						"east": { "texture": "#string", "uv": [ 12.5, 3.0, 13.0, 4.5 ] },
						"south": { "texture": "#string", "uv": [ 12.5, 2.0, 13.0, 3.5 ] },
						"west": { "texture": "#string", "uv": [ 11.5, 4.0, 12.0, 5.5 ] },
						"up": { "texture": "#string", "uv": [ 10.5, 2.0, 11.0, 2.5 ] },
						"down": { "texture": "#string", "uv": [ 12.0, 4.0, 12.5, 4.5 ], "rotation": 180 }
					},
					"children": [
						{
							"name": "Cube12",
							"from": [ 0.1, 1.5, -0.1 ], 
							"to": [ 0.5, 3.0, 0.3 ], 
							"rotationOrigin": [ 0.1, 1.5, -0.1 ],
							"rotationX": -5.869693495696994E-7,
							"rotationY": -22.5,
							"rotationZ": -20.0,
							"faces": {
								"north": { "texture": "#string", "uv": [ 9.5, 2.0, 10.0, 3.5 ] },
								"east": { "texture": "#string", "uv": [ 11.5, 3.0, 12.0, 4.5 ] },
								"south": { "texture": "#string", "uv": [ 10.0, 2.0, 10.5, 3.5 ] },
								"west": { "texture": "#string", "uv": [ 13.0, 3.0, 13.5, 4.5 ] },
								"up": { "texture": "#string", "uv": [ 9.0, 2.0, 9.5, 2.5 ] },
								"down": { "texture": "#string", "uv": [ 12.0, 4.0, 12.5, 4.5 ], "rotation": 180 }
							},
							"children": [
								{
									"name": "Cube13",
									"from": [ -0.1, 1.4, 0.1 ], 
									"to": [ 0.3, 2.9, 0.5 ], 
									"rotationOrigin": [ -0.1, 1.4, 0.1 ],
									"rotationX": -5.0,
									"rotationY": 22.5,
									"rotationZ": -22.5,
									"faces": {
										"north": { "texture": "#string", "uv": [ 9.5, 2.0, 10.0, 3.5 ] },
										"east": { "texture": "#string", "uv": [ 11.5, 3.0, 12.0, 4.5 ] },
										"south": { "texture": "#string", "uv": [ 10.0, 2.0, 10.5, 3.5 ] },
										"west": { "texture": "#string", "uv": [ 13.0, 3.0, 13.5, 4.5 ] },
										"up": { "texture": "#string", "uv": [ 9.0, 2.0, 9.5, 2.5 ] },
										"down": { "texture": "#string", "uv": [ 12.0, 4.0, 12.5, 4.5 ], "rotation": 180 }
									},
									"children": [
										{
											"name": "Cube14",
											"from": [ 0.0, 1.5, 0.0 ], 
											"to": [ 0.4, 3.5, 0.4 ], 
											"rotationOrigin": [ 0.0, 1.5, 0.0 ],
											"rotationZ": -45.0,
											"faces": {
												"north": { "texture": "#string", "uv": [ 9.5, 2.0, 10.0, 4.0 ] },
												"east": { "texture": "#string", "uv": [ 11.5, 3.0, 12.0, 5.0 ] },
												"south": { "texture": "#string", "uv": [ 10.0, 2.0, 10.5, 4.0 ] },
												"west": { "texture": "#string", "uv": [ 13.0, 3.0, 13.5, 5.0 ] },
												"up": { "texture": "#string", "uv": [ 9.0, 2.0, 9.5, 2.5 ] },
												"down": { "texture": "#string", "uv": [ 12.0, 4.0, 12.5, 4.5 ], "rotation": 180 }
											},
											"children": [
												{
													"name": "Cube15",
													"from": [ 0.0, 2.0, 0.0 ], 
													"to": [ 0.4, 3.7, 0.4 ], 
													"rotationOrigin": [ 0.0, 2.0, 0.0 ],
													"rotationX": 1.8709096382160503E-6,
													"rotationY": -8.0,
													"rotationZ": -8.0,
													"faces": {
														"north": { "texture": "#string", "uv": [ 9.5, 2.0, 10.0, 3.5 ] },
														"east": { "texture": "#string", "uv": [ 11.5, 3.0, 12.0, 4.5 ] },
														"south": { "texture": "#string", "uv": [ 10.0, 2.0, 10.5, 3.5 ] },
														"west": { "texture": "#string", "uv": [ 13.0, 3.0, 13.5, 4.5 ] },
														"up": { "texture": "#string", "uv": [ 9.0, 2.0, 9.5, 2.5 ] },
														"down": { "texture": "#string", "uv": [ 12.0, 4.0, 12.5, 4.5 ], "rotation": 180 }
													},
													"children": [
														{
															"name": "Cube16",
															"from": [ 0.0, 1.7, 0.0 ], 
															"to": [ 0.4, 2.9, 0.4 ], 
															"rotationOrigin": [ 0.0, 1.7, 0.0 ],
															"rotationX": 1.653560517438138E-6,
															"rotationY": -3.7772481091945977E-6,
															"rotationZ": -22.5,
															"faces": {
																"north": { "texture": "#string", "uv": [ 9.5, 2.0, 10.0, 3.0 ] },
																"east": { "texture": "#string", "uv": [ 11.5, 3.0, 12.0, 4.0 ] },
																"south": { "texture": "#string", "uv": [ 10.0, 2.0, 10.5, 3.0 ] },
																"west": { "texture": "#string", "uv": [ 13.0, 3.0, 13.5, 4.0 ] },
																"up": { "texture": "#string", "uv": [ 9.0, 2.0, 9.5, 2.5 ] },
																"down": { "texture": "#string", "uv": [ 12.0, 4.0, 12.5, 4.5 ], "rotation": 180 }
															},
															"children": [
																{
																	"name": "Cube17",
																	"from": [ 0.0, 1.1, 0.0 ], 
																	"to": [ 0.4, 2.2, 0.4 ], 
																	"rotationOrigin": [ 0.0, 1.1, 0.0 ],
																	"rotationX": 3.2786932895830854E-6,
																	"rotationY": -1.6477662086820252E-6,
																	"rotationZ": -28.5,
																	"faces": {
																		"north": { "texture": "#string", "uv": [ 9.5, 2.0, 10.0, 3.0 ] },
																		"east": { "texture": "#string", "uv": [ 11.5, 3.0, 12.0, 4.0 ] },
																		"south": { "texture": "#string", "uv": [ 10.0, 2.0, 10.5, 3.0 ] },
																		"west": { "texture": "#string", "uv": [ 13.0, 3.0, 13.5, 4.0 ] },
																		"up": { "texture": "#string", "uv": [ 9.0, 2.0, 9.5, 2.5 ] },
																		"down": { "texture": "#string", "uv": [ 12.0, 4.0, 12.5, 4.5 ], "rotation": 180 }
																	},
																	"children": [
																		{
																			"name": "Cube18",
																			"from": [ 0.0, 1.1, 0.0 ], 
																			"to": [ 0.4, 3.2, 0.4 ], 
																			"rotationOrigin": [ 0.0, 1.1, 0.0 ],
																			"rotationX": -12.0,
																			"rotationZ": -22.5,
																			"faces": {
																				"north": { "texture": "#string", "uv": [ 9.5, 2.0, 10.0, 4.0 ] },
																				"east": { "texture": "#string", "uv": [ 11.5, 3.0, 12.0, 5.0 ] },
																				"south": { "texture": "#string", "uv": [ 10.0, 2.0, 10.5, 4.0 ] },
																				"west": { "texture": "#string", "uv": [ 13.0, 3.0, 13.5, 5.0 ] },
																				"up": { "texture": "#string", "uv": [ 9.0, 2.0, 9.5, 2.5 ] },
																				"down": { "texture": "#string", "uv": [ 12.0, 4.0, 12.5, 4.5 ], "rotation": 180 }
																			},
																			"children": [
																				{
																					"name": "Cube19",
																					"from": [ 0.0, 2.0, 0.0 ], 
																					"to": [ 0.4, 5.1, 0.4 ], 
																					"rotationOrigin": [ 0.0, 2.0, 0.0 ],
																					"rotationX": -8.0,
																					"rotationY": 22.5,
																					"rotationZ": -16.5,
																					"faces": {
																						"north": { "texture": "#string", "uv": [ 9.5, 2.0, 10.0, 5.0 ] },
																						"east": { "texture": "#string", "uv": [ 11.5, 3.0, 12.0, 6.0 ] },
																						"south": { "texture": "#string", "uv": [ 10.0, 2.0, 10.5, 5.0 ] },
																						"west": { "texture": "#string", "uv": [ 13.0, 3.0, 13.5, 6.0 ] },
																						"up": { "texture": "#string", "uv": [ 9.0, 2.0, 9.5, 2.5 ] },
																						"down": { "texture": "#string", "uv": [ 12.0, 4.0, 12.5, 4.5 ], "rotation": 180 }
																					}
																				}
																			]
																		}
																	]
																}
															]
														}
													]
												}
											]
										}
									]
								}
							]
						}
					]
				}
			]
		}
	]}