{
  "code": "compost",
  "texture": { "base": "item/material/compost/compost-cured" },
  "variantgroups": [
    {
      "code": "type",
      "states": [ "fresh", "warming", "hot", "cooling", "curing", "cured" ]
    }
  ],
  "attributes": {
    "inContainerTexture": { "base": "game:block/soil/fertcompost" },
    "fertilizerPropsByType": {
      "*-fresh": {
        "n": 1,
        "p": 1,
        "k": 1
      },
      "*-warming": {
        "n": 3,
        "p": 3,
        "k": 3
      },
      "*-hot": {
        "n": 6,
        "p": 6,
        "k": 6
      },
      "*-cooling": {
        "n": 10,
        "p": 10,
        "k": 10
      },
      "*-curing": {
        "n": 15,
        "p": 15,
        "k": 15
      },
      "*-cured": {
        "n": 20,
        "p": 20,
        "k": 20
      }
    },
    "turned": false //Turning speeds up each phase

  },
  "creativeinventory": {
    "general": [ "*" ],
    "items": [ "*" ]
  },
  "maxstacksize": 64,
  "materialDensity": 300,
  "transitionablePropsByType": {
    "*-fresh": [
      {
        "type": "Cure",
        "freshHours": { "avg": 0 },
        "transitionHours": { "avg": 24 },
        "transitionedStack": {
          "type": "item",
          "code": "compost-warming"
        },
        "transitionRatio": 1
      }
    ],
    "*-warming": [
      {
        "type": "Cure",
        "freshHours": { "avg": 0 },
        "transitionHours": { "avg": 24 },
        "transitionedStack": {
          "type": "item",
          "code": "compost-hot"
        },
        "transitionRatio": 1
      }
    ],
    "*-hot": [
      {
        "type": "Cure",
        "freshHours": { "avg": 0 },
        "transitionHours": { "avg": 168 },
        "transitionedStack": {
          "type": "item",
          "code": "compost-cooling"
        },
        "transitionRatio": 1
      }
    ],
    "*-cooling": [
      {
        "type": "Cure",
        "freshHours": { "avg": 0 },
        "transitionHours": { "avg": 24 },
        "transitionedStack": {
          "type": "item",
          "code": "compost-curing"
        },
        "transitionRatio": 1
      }
    ],
    "*-curing": [
      {
        "type": "Cure",
        "freshHours": { "avg": 0 },
        "transitionHours": { "avg": 480 },
        "transitionedStack": {
          "type": "item",
          "code": "compost-cured"
        },
        "transitionRatio": 1
      }
    ]
  }
}
