{
  "code": "powderedsulfur",
  "textures": {
    "powder": { base:"item/material/powder/sulfur" },
    "powder-base": { base: "item/material/powder/sulfur-base" }
  },
  "shape": { base:"item/resource/powder" },
  "creativeinventory": {
    "general": [ "*" ],
    "items": [ "*" ]
  },
  "maxstacksize": 64,
  "materialDensity": 300,
  "combustibleProps": {
    "burnTemperature": 900,
    "burnDuration": 20
  },
  guiTransform: {
		translation: { x: -1, y: 0, z: 0 },
		rotation: { x: 137, y: -77, z: -6 },
		origin: { x: 0.45, y: 0.09, z: 0.5 },
		scale: 2.46
	},
	fpHandTransform: {
		translation: { x: -0.1, y: 0, z: 0 },
		rotation: { x: 4, y: 9, z: 9 },
		origin: { x: 0.5, y: 0.4, z: 0.5 },
		scale: 1.58
	},
  tpHandTransform: {
		translation: { x: -2.1, y: -1.3, z: -1.4 },
		rotation: { x: 16, y: -180, z: 76 }
	},
	groundTransform: {
		translation: { x: 0, y: 0, z: 0 },
		rotation: { x: 0, y: -5, z: -1 },
		origin: { x: 0.5, y: 0, z: 0.5 },
		scale: 3
	}
}
