{
	code: "grhodoor",
	class: "BlockDoor",
	renderpass: "OpaqueNoCull",
	behaviors: [ {name: "Lockable" } ],
	heldTpIdleAnimation: "holdunderarm",
	attributes: {
		handbook: {
			groupBy: ["*-north-down-closed-left"]
		},
	},
	variantgroups: [
		{ loadFromProperties: "abstract/horizontalorientation" },
		{ code: "part", states: ["down", "up"] },
		{ code: "state", states: ["closed", "opened"] },
		{ code: "knobOrientation", states: ["left", "right"] }		
	],
	creativeinventory: { "general": ["grhodoor-north-down-closed-left"], "decorative": ["grhodoor-north-down-closed-left"] },
	shapeinventory: { base: "block/grhodoor/inventory" },
	shapebytype: {
		"*-north-down-closed-left": { base: "block/grhodoor/down_closed_left", rotateY: 90 },
		"*-north-up-closed-left": { base: "block/grhodoor/up_closed_left", rotateY: 90 },
		"*-north-down-opened-left": { base: "block/grhodoor/down_opened_left", rotateY: 90 },
		"*-north-up-opened-left": { base: "block/grhodoor/up_opened_left", rotateY: 90 },
		
		"*-east-down-closed-left": { base: "block/grhodoor/down_closed_left", rotateY: 0 },
		"*-east-up-closed-left": { base: "block/grhodoor/up_closed_left", rotateY: 0 },
		"*-east-down-opened-left": { base: "block/grhodoor/down_opened_left", rotateY: 0 },
		"*-east-up-opened-left": { base: "block/grhodoor/up_opened_left", rotateY: 0 },
		
		"*-south-down-closed-left": { base: "block/grhodoor/down_closed_left", rotateY: 270 },
		"*-south-up-closed-left": { base: "block/grhodoor/up_closed_left", rotateY:270 },
		"*-south-down-opened-left": { base: "block/grhodoor/down_opened_left", rotateY: 270 },
		"*-south-up-opened-left": { base: "block/grhodoor/up_opened_left", rotateY: 270 },
		
		"*-west-down-closed-left": { base: "block/grhodoor/down_closed_left", rotateY: 180 },
		"*-west-up-closed-left": { base: "block/grhodoor/up_closed_left", rotateY: 180 },
		"*-west-down-opened-left": { base: "block/grhodoor/down_opened_left", rotateY: 180 },
		"*-west-up-opened-left": { base: "block/grhodoor/up_opened_left", rotateY: 180 },
		
		"*-north-down-closed-right": { base: "block/grhodoor/down_closed_right", rotateY: 90 },
		"*-north-up-closed-right": { base: "block/grhodoor/up_closed_right", rotateY: 90 },
		"*-north-down-opened-right": { base: "block/grhodoor/down_opened_right", rotateY: 90 },
		"*-north-up-opened-right": { base: "block/grhodoor/up_opened_right", rotateY: 90 },
		
		"*-east-down-closed-right": { base: "block/grhodoor/down_closed_right", rotateY: 0 },
		"*-east-up-closed-right": { base: "block/grhodoor/up_closed_right", rotateY: 0 },
		"*-east-down-opened-right": { base: "block/grhodoor/down_opened_right", rotateY: 0 },
		"*-east-up-opened-right": { base: "block/grhodoor/up_opened_right", rotateY: 0 },
		
		"*-south-down-closed-right": { base: "block/grhodoor/down_closed_right", rotateY: 270 },
		"*-south-up-closed-right": { base: "block/grhodoor/up_closed_right", rotateY:270 },
		"*-south-down-opened-right": { base: "block/grhodoor/down_opened_right", rotateY: 270 },
		"*-south-up-opened-right": { base: "block/grhodoor/up_opened_right", rotateY: 270 },
		
		"*-west-down-closed-right": { base: "block/grhodoor/down_closed_right", rotateY: 180 },
		"*-west-up-closed-right": { base: "block/grhodoor/up_closed_right", rotateY: 180 },
		"*-west-down-opened-right": { base: "block/grhodoor/down_opened_right", rotateY: 180 },
		"*-west-up-opened-right": { base: "block/grhodoor/up_opened_right", rotateY: 180 }
		
	},
	blockmaterial: "Wood",
	replaceable: 500,
	resistance: 3.5,
	lightAbsorption: 0,
	sidesolid: {
		all: false
	},
	sideopaque: {
		all: false
	},
	guiTransform: {
		origin: { x: 0.5, y: 1, z: 0.5 },
		scale: 0.75
	},
	fpHandTransform: {
		translation: { x: -0.27, y: 0.18, z: 0.72 },
		rotation: { x: 120, y: 42, z: 0 },
		scale: 1.11
	},
	tpHandTransform: {
		translation: { x: -1.1, y: -0.7, z: -0.6 },
		rotation: { x: 14, y: 0, z: 59 },
		scale: 0.6
	},
	groundTransform: {
		rotation: { x: -90, y: 0, z: 0 },
		origin: { x: 0.5, y: 0, z: 0.44 },
		scale: 2.15
	},
	selectionboxByType: {
			"*-north-*-opened-left": { x1: 0.85, y1: 0, z1: -0.425, x2: 1, y2: 1, z2: 0.575 },
			"*-north-*-closed-left": { x1: 0, y1: 0, z1: 0.425, x2: 1, y2: 1, z2: 0.575 }, 
			"*-west-*-opened-left": { x1: -0.43, y1: 0, z1: 0, x2: 0.57, y2: 1, z2: 0.16 },
			"*-west-*-closed-left": { x1: 0.425, y1: 0, z1: 0, x2: 0.575, y2: 1, z2: 1 }, 
			"*-east-*-opened-left": { x1: 0.425, y1: 0, z1: 0.845, x2: 1.43, y2: 1, z2: 1 }, 
			"*-east-*-closed-left": { x1: 0.425, y1: 0, z1: 0, x2: 0.575, y2: 1, z2: 1 }, 
			"*-south-*-opened-left": { x1: 0, y1: 0, z1: 0.425, x2: 0.155, y2: 1, z2: 1.425 },
			"*-south-*-closed-left": { x1: 0, y1: 0, z1: 0.425, x2: 1, y2: 1, z2: 0.575 }, 

			"*-north-*-opened-right": { x1: 0, y1: 0, z1: -0.425, x2: 0.155, y2: 1, z2: 0.575 },
			"*-north-*-closed-right": { x1: 0, y1: 0, z1: 0.425, x2: 1, y2: 1, z2: 0.575 }, 
			"*-west-*-opened-right": { x1: 0.575, y1: 0, z1: 0.845, x2: -0.42, y2: 1, z2: 1 },
			"*-west-*-closed-right": { x1: 0.425, y1: 0, z1: 0, x2: 0.575, y2: 1, z2: 1 }, 

			"*-east-*-opened-right": { x1: 0.425, y1: 0, z1: 0, x2: 1.425, y2: 1, z2: 0.155 },
			"*-east-*-closed-right": { x1: 0.425, y1: 0, z1: 0, x2: 0.575, y2: 1, z2: 1 }, 
			"*-south-*-opened-right": 	{ x1: 0.85, y1: 0, z1: 0.41, x2: 1, y2: 1, z2: 1.42 },
			"*-south-*-closed-right": { x1: 0, y1: 0, z1: 0.425, x2: 1, y2: 1, z2: 0.575 }
		
	},
		collisionboxByType: {
			"*-north-*-opened-left": { x1: 0.85, y1: 0, z1: -0.425, x2: 1, y2: 1, z2: 0.575 },
			"*-north-*-closed-left": { x1: 0, y1: 0, z1: 0.425, x2: 1, y2: 1, z2: 0.575 }, 
			"*-west-*-opened-left": { x1: -0.43, y1: 0, z1: 0, x2: 0.57, y2: 1, z2: 0.16 },
			"*-west-*-closed-left": { x1: 0.425, y1: 0, z1: 0, x2: 0.575, y2: 1, z2: 1 }, 
			
			"*-east-*-opened-left": { x1: 0.425, y1: 0, z1: 0.845, x2: 1.43, y2: 1, z2: 1 }, 
			"*-east-*-closed-left": { x1: 0.425, y1: 0, z1: 0, x2: 0.575, y2: 1, z2: 1 }, 
			"*-south-*-opened-left": { x1: 0, y1: 0, z1: 0.425, x2: 0.155, y2: 1, z2: 1.425 },
			"*-south-*-closed-left": { x1: 0, y1: 0, z1: 0.425, x2: 1, y2: 1, z2: 0.575 }, 

			"*-north-*-opened-right": { x1: 0, y1: 0, z1: -0.425, x2: 0.155, y2: 1, z2: 0.575 },
			"*-north-*-closed-right": { x1: 0, y1: 0, z1: 0.425, x2: 1, y2: 1, z2: 0.575 }, 
			"*-west-*-opened-right": { x1: 0.575, y1: 0, z1: 0.845, x2: -0.42, y2: 1, z2: 1 },
			"*-west-*-closed-right": { x1: 0.425, y1: 0, z1: 0, x2: 0.575, y2: 1, z2: 1 }, 

			"*-east-*-opened-right": { x1: 0.425, y1: 0, z1: 0, x2: 1.425, y2: 1, z2: 0.155 },
			"*-east-*-closed-right": { x1: 0.425, y1: 0, z1: 0, x2: 0.575, y2: 1, z2: 1 }, 
			"*-south-*-opened-right": 	{ x1: 0.85, y1: 0, z1: 0.41, x2: 1, y2: 1, z2: 1.42 },
			"*-south-*-closed-right": { x1: 0, y1: 0, z1: 0.425, x2: 1, y2: 1, z2: 0.575 }
		
	},
	combustibleProps: {
		burnTemperature: 600,
		burnDuration: 15,
	},
	sounds: {
		"place": "game:block/planks",
		"hit": "game:block/planks",
		"break": "game:block/planks",
		"walk": "game:walk/wood"
	}
}