[
{
	ingredientPattern: "APT,CS_",
	requiresTrait: "forlornhope",
	ingredients: {
		"A": { type: "item", code: "game:armor-head-antique-forlorn-broken", quantity: 1 },
		"P": { type: "item", code: "game:metalplate-tinbronze", quantity: 2 },
		"C": { type: "block", code: "game:linen-normal-down", quantity: 1 },
		"S": { type: "item", code: "game:metalplate-silver", quantity: 1 },
		"T": { type: "item", code: "moreclasses:tools-*", isTool: true }
	},
	width: 3,
	height: 2,
	"shapeless": true,
	output: { type: "item", code: "game:armor-head-antique-forlorn-damaged", quantity: 1  }
},
{
	ingredientPattern: "APT,CS_",
	requiresTrait: "forlornhope",
	ingredients: {
		"A": { type: "item", code: "game:armor-body-antique-forlorn-broken", quantity: 1 },
		"P": { type: "item", code: "game:metalplate-tinbronze", quantity: 6 },
		"C": { type: "block", code: "game:linen-normal-down", quantity: 2 },
		"S": { type: "item", code: "game:metalplate-silver", quantity: 1 },
		"T": { type: "item", code: "moreclasses:tools-*", isTool: true }
	},
	width: 3,
	height: 2,
	"shapeless": true,
	output: { type: "item", code: "game:armor-body-antique-forlorn-damaged", quantity: 1  }
},
{
	ingredientPattern: "APT,CS_",
	requiresTrait: "forlornhope",
	ingredients: {
		"A": { type: "item", code: "game:armor-legs-antique-forlorn-broken", quantity: 1 },
		"P": { type: "item", code: "game:metalplate-tinbronze", quantity: 4 },
		"C": { type: "block", code: "game:linen-normal-down", quantity: 1 },
		"S": { type: "item", code: "game:metalplate-silver", quantity: 1 },
		"T": { type: "item", code: "moreclasses:tools-*", isTool: true }
	},
	width: 3,
	height: 2,
	"shapeless": true,
	output: { type: "item", code: "game:armor-legs-antique-forlorn-damaged", quantity: 1  }
},
{
	ingredientPattern: "APT,CS_",
	requiresTrait: "forlornhope",
	ingredients: {
		"A": { type: "item", code: "game:armor-head-antique-forlorn-damaged", quantity: 1 },
		"P": { type: "item", code: "game:metalplate-meteoriciron", quantity: 2 },
		"C": { type: "item", code: "game:leather", quantity: 8 },
		"S": { type: "item", code: "game:metalplate-gold", quantity: 1 },
		"T": { type: "item", code: "moreclasses:tools-*", isTool: true }
	},
	width: 3,
	height: 2,
	"shapeless": true,
	output: { type: "item", code: "game:armor-head-antique-forlorn-pristine", quantity: 1  }
},
{
	ingredientPattern: "APT,CS_",
	requiresTrait: "forlornhope",
	ingredients: {
		"A": { type: "item", code: "game:armor-body-antique-forlorn-damaged", quantity: 1 },
		"P": { type: "item", code: "game:metalplate-meteoriciron", quantity: 6 },
		"C": { type: "item", code: "game:leather", quantity: 16 },
		"S": { type: "item", code: "game:metalplate-gold", quantity: 1 },
		"T": { type: "item", code: "moreclasses:tools-*", isTool: true }
	},
	width: 3,
	height: 2,
	"shapeless": true,
	output: { type: "item", code: "game:armor-body-antique-forlorn-pristine", quantity: 1  }
},
{
	ingredientPattern: "APT,CS_",
	requiresTrait: "forlornhope",
	ingredients: {
		"A": { type: "item", code: "game:armor-legs-antique-forlorn-damaged", quantity: 1 },
		"P": { type: "item", code: "game:metalplate-meteoriciron", quantity: 4 },
		"C": { type: "item", code: "game:leather", quantity: 12 },
		"S": { type: "item", code: "game:metalplate-gold", quantity: 1 },
		"T": { type: "item", code: "moreclasses:tools-*", isTool: true }
	},
	width: 3,
	height: 2,
	"shapeless": true,
	output: { type: "item", code: "game:armor-legs-antique-forlorn-pristine", quantity: 1  }
},
{
	ingredientPattern: "BGB,LSL,_T_",
	requiresTrait: "forlornhope",
	ingredients: {
		"B": { type: "item", code: "game:metalplate-copper", quantity: 1 },
		"G": { type: "item", code: "game:flaxtwine", quantity: 4 },
		"L": { type: "item", code: "game:hide-pelt-large", quantity: 1 },
		"S": { type: "item", code: "game:metalchain-copper", quantity: 1 },
		"T": { type: "item", code: "moreclasses:tools-*", isTool: true }
	},
	width: 3,
	height: 3,
	"shapeless": false,
	output: { type: "item", code: "game:armor-head-antique-forlorn-broken", quantity: 1  }
},
{
	ingredientPattern: "BTB,HLH,SGS",
	requiresTrait: "forlornhope",
	ingredients: {
		"B": { type: "item", code: "game:hide-pelt-large", quantity: 2 },
		"H": { type: "item", code: "game:metalplate-copper", quantity: 2 },
		"G": { type: "item", code: "game:metalplate-copper", quantity: 1 },
		"L": { type: "item", code: "game:flaxtwine", quantity: 6 },
		"S": { type: "item", code: "game:metalchain-copper", quantity: 1 },
		"T": { type: "item", code: "moreclasses:tools-*", isTool: true }
	},
	width: 3,
	height: 3,
	"shapeless": false,
	output: { type: "item", code: "game:armor-body-antique-forlorn-broken", quantity: 1  }
},
{
	ingredientPattern: "GBG,BLB,STS",
	requiresTrait: "forlornhope",
	ingredients: {
		"B": { type: "item", code: "game:metalplate-copper", quantity: 1 },
		"G": { type: "item", code: "game:metalchain-copper", quantity: 1 },
		"L": { type: "item", code: "game:flaxtwine", quantity: 4 },
		"S": { type: "item", code: "game:hide-pelt-large", quantity: 1 },
		"T": { type: "item", code: "moreclasses:tools-*", isTool: true }
	},
	width: 3,
	height: 3,
	"shapeless": false,
	output: { type: "item", code: "game:armor-legs-antique-forlorn-broken", quantity: 1  }
},
{
	ingredientPattern: "HS,LK",
	requiresTrait: "forlornhope",
	ingredients: {
		"H": { type: "item", code: "game:hammerhead-copper", quantity: 1 },
		"S": { type: "item", code: "game:stick", quantity: 2 },
		"L": { type: "block", code: "game:log-placed-*-ud", quantity: 1 },
		"K": { type: "item", code: "game:knifeblade-copper", quantity: 1 }
	},
	width: 2,
	height: 2,
	"shapeless": true,
	output: { type: "item", code: "tools-basic", quantity: 1  }
},
{
	ingredientPattern: "HS,LK",
	requiresTrait: "forlornhope",
	ingredients: {
		"H": { type: "item", code: "game:hammerhead-bismuthbronze", quantity: 1 },
		"S": { type: "item", code: "game:stick", quantity: 2 },
		"L": { type: "item", code: "game:plank-*", quantity: 4 },
		"K": { type: "item", code: "game:knifeblade-bismuthbronze", quantity: 1 }
	},
	width: 2,
	height: 2,
	"shapeless": true,
	output: { type: "item", code: "tools-simple", quantity: 1  }
},
{
	ingredientPattern: "HS,LK",
	requiresTrait: "forlornhope",
	ingredients: {
		"H": { type: "item", code: "game:hammerhead-tinbronze", quantity: 1 },
		"S": { type: "item", code: "game:stick", quantity: 2 },
		"L": { type: "item", code: "game:plank-*", quantity: 4 },
		"K": { type: "item", code: "game:knifeblade-tinbronze", quantity: 1 }
	},
	width: 2,
	height: 2,
	"shapeless": true,
	output: { type: "item", code: "tools-simple", quantity: 1  }
},
{
	ingredientPattern: "HS,LK",
	requiresTrait: "forlornhope",
	ingredients: {
		"H": { type: "item", code: "game:hammerhead-blackbronze", quantity: 1 },
		"S": { type: "item", code: "game:stick", quantity: 2 },
		"L": { type: "item", code: "game:plank-*", quantity: 4 },
		"K": { type: "item", code: "game:knifeblade-blackbronze", quantity: 1 }
	},
	width: 2,
	height: 2,
	"shapeless": true,
	output: { type: "item", code: "tools-simple", quantity: 1  }
},
{
	ingredientPattern: "HS,LK",
	requiresTrait: "forlornhope",
	ingredients: {
		"H": { type: "item", code: "game:hammerhead-iron", quantity: 1 },
		"S": { type: "item", code: "game:stick", quantity: 2 },
		"L": { type: "item", code: "game:plank-*", quantity: 4 },
		"K": { type: "item", code: "game:knifeblade-iron", quantity: 1 }
	},
	width: 2,
	height: 2,
	"shapeless": true,
	output: { type: "item", code: "tools-standard", quantity: 1  }
},
{
	ingredientPattern: "HS,LK",
	requiresTrait: "forlornhope",
	ingredients: {
		"H": { type: "item", code: "game:hammerhead-meteoriciron", quantity: 1 },
		"S": { type: "item", code: "game:stick", quantity: 2 },
		"L": { type: "item", code: "game:plank-*", quantity: 4 },
		"K": { type: "item", code: "game:knifeblade-meteoriciron", quantity: 1 }
	},
	width: 2,
	height: 2,
	"shapeless": true,
	output: { type: "item", code: "tools-standard", quantity: 1  }
},
{
	ingredientPattern: "HS,LK",
	requiresTrait: "forlornhope",
	ingredients: {
		"H": { type: "item", code: "game:hammerhead-steel", quantity: 1 },
		"S": { type: "item", code: "game:stick", quantity: 2 },
		"L": { type: "item", code: "game:plank-*", quantity: 4 },
		"K": { type: "item", code: "game:knifeblade-steel", quantity: 1 }
	},
	width: 2,
	height: 2,
	"shapeless": true,
	output: { type: "item", code: "tools-advanced", quantity: 1  }
},
{
		ingredientPattern: "TH,S_",
		requiresTrait: "forlornhope",
		ingredients: {
			"T": { type: "item", code: "game:longbladehead-meteoriciron"  },
			"S": { type: "item", code: "game:ingot-gold" },
			"H": { type: "item", code: "game:hammer-*", isTool: true }
		},
		width: 2,
		height: 2,
		output: { type: "item", code: "game:longblade-forlorn", quantity: 1  }
}
]