﻿{
	code:"orecrystals_glass",
	creativeinventory: { "general": ["*"], "construction": ["*"], "crystals":["*"] },
	attributes: {
		handbook: {
			groupBy:["orecrystals_glass-*"]
		}
	},
	variantgroups: [
		{ code: "crystal", states: ["alum", "anthracite", "bismuthinite", "bituminouscoal", "borax", "cassiterite", "chromite", "cinnabar", "corundum", "diamond", "emerald", "flint", "fluorite", 
		"galena", "galena_nativesilver", "graphite", "hematite", "ilmenite", "kernite", "lapislazuli", "lignite", "limonite", "magnetite", "malachite", "nativecopper", "olivine", 
		"olivine_peridot", "pentlandite", "phosphorite", "quartz", "quartz_nativegold", "quartz_nativesilver", "rhodochrosite", "sphalerite", "sulfur", "sylvite", "uranium", "wolframite"] }
	],
	blockmaterial: "Glass",
	drawtype: "Cube",
	faceCullMode: "MergeMaterial",
	replaceable: 900,
	lightAbsorption: 0,
	renderPass: "Transparent",
	vertexFlags: {
		zOffset: 2,
		shiny: true,
		reflective: true
	},
	textures: {
		all: { base: "block/glass/{crystal}" }
	},
	resistance: 0.25,
	sideopaque: {
		all: false
	},
	sounds: {
		"place": "game:player/buildhigh",
		"break": "game:block/glass",
		"hit": "game:block/glass"
	},
	heldTpIdleAnimation: "holdbothhandslarge", heldTpUseAnimation: "twohandplaceblock",
	tpHandTransform: {
		translation: { x: -1.5, y: -1.5, z: -0.9 },
		rotation: { x: 13, y: 13, z: -25 }
	}
}