[
{
	ingredientPattern: "HLK,PBP",
	ingredients: {
		"P": { type: "item", code: "game:metalplate-tinbronze", quantity: 1 },
		"B": { type: "item", code: "game:backpack" },
		"L": { type: "item", code: "game:leather", quantity: 4 },
		"H": { type: "item", code: "game:hammer-*", isTool: true, toolDurabilityCost: 25 },
		"K": { type: "item", code: "game:knife-*", isTool: true, toolDurabilityCost: 35 }
	},
	width: 3,
	height: 2,
	name: "backpack",
	output: { type: "item", code: "backpackbronze"  }
},
{
	ingredientPattern: "HLK,PBP",
	ingredients: {
		"P": { type: "item", code: "game:metalplate-blackbronze", quantity: 1 },
		"B": { type: "item", code: "game:backpack" },
		"L": { type: "item", code: "game:leather", quantity: 4 },
		"H": { type: "item", code: "game:hammer-*", isTool: true, toolDurabilityCost: 25 },
		"K": { type: "item", code: "game:knife-*", isTool: true, toolDurabilityCost: 35 }
	},
	width: 3,
	height: 2,
	name: "backpack",
	output: { type: "item", code: "backpackbronze"  }
},
{
	ingredientPattern: "HLK,PBP",
	ingredients: {
		"P": { type: "item", code: "game:metalplate-bismuthbronze", quantity: 1 },
		"B": { type: "item", code: "game:backpack" },
		"L": { type: "item", code: "game:leather", quantity: 4 },
		"H": { type: "item", code: "game:hammer-*", isTool: true, toolDurabilityCost: 25 },
		"K": { type: "item", code: "game:knife-*", isTool: true, toolDurabilityCost: 35 }
	},
	width: 3,
	height: 2,
	name: "backpack",
	output: { type: "item", code: "backpackbronze"  }
},
{
	ingredientPattern: "HLK,PBP",
	ingredients: {
		"P": { type: "item", code: "game:metalplate-iron", quantity: 1 },
		"B": { type: "item", code: "backpackbronze" },
		"L": { type: "item", code: "game:leather", quantity: 4 },
		"H": { type: "item", code: "game:hammer-*", isTool: true, toolDurabilityCost: 35 },
		"K": { type: "item", code: "game:knife-*", isTool: true, toolDurabilityCost: 45 }
	},
	width: 3,
	height: 2,
	name: "backpack",
	output: { type: "item", code: "backpackiron"  }
},
{
	ingredientPattern: "HLK,PBP",
	ingredients: {
		"P": { type: "item", code: "game:metalplate-steel", quantity: 1 },
		"B": { type: "item", code: "backpackiron" },
		"L": { type: "item", code: "game:leather", quantity: 4 },
		"H": { type: "item", code: "game:hammer-*", isTool: true, toolDurabilityCost: 45 },
		"K": { type: "item", code: "game:knife-*", isTool: true, toolDurabilityCost: 55 }
	},
	width: 3,
	height: 2,
	name: "backpack",
	output: { type: "item", code: "backpacksteel"  }
}
]