[
	{
		ingredientPattern: "LK",
		ingredients: {
			"L": { type: "item", code: "backpackbronze", quantity: 1 },
			"K": { type: "item", code: "game:knife-*", isTool: true, toolDurabilityCost: 35 }
		},
		name: "basket",
		width: 2,
		height: 1,
		shapeless: true,
		output: { type: "item", code: "game:metalplate-tinbronze", quantity: 2  }
	},
	{
		ingredientPattern: "LK",
		ingredients: {
			"L": { type: "item", code: "backpackiron", quantity: 1 },
			"K": { type: "item", code: "game:knife-*", isTool: true, toolDurabilityCost: 35 }
		},
		name: "basket",
		width: 2,
		height: 1,
		shapeless: true,
		output: { type: "item", code: "game:metalplate-iron", quantity: 2  }
	},
	{
		ingredientPattern: "LK",
		ingredients: {
			"L": { type: "item", code: "backpacksteel", quantity: 1 },
			"K": { type: "item", code: "game:knife-*", isTool: true, toolDurabilityCost: 35 }
		},
		name: "basket",
		width: 2,
		height: 1,
		shapeless: true,
		output: { type: "item", code: "game:metalplate-steel", quantity: 2  }
	}
]