[
  {
    "ingredientPattern": "P_P,P_P,PPP",
    "ingredients": {
      "P": { "type": "item", "code": "game:plank-*" }
    },
    "width": 3,
    "height": 3,
    "output": { "type": "block", "code": "game:woodencrate-opened" }
  },
  {
    "ingredientPattern": "P,C",
    "ingredients": {
      "P": { "type": "item", "code": "game:plank-*" },
      "C": { "type": "block", "code": "game:woodencrate-opened" }
    },
    "width": 1,
    "height": 2,
    "output": { "type": "block", "code": "game:woodencrate-closed" }
  }
]
