{
	"editor": {
		"allAngles": false,
		"entityTextureMode": false
	},
	"textureWidth": 16,
	"textureHeight": 16,
	"textures": {
		bushmeat: "item/food/pemmican/pemmican-plain-bushmeat",
	},
	"elements": [
		{
			"name": "bushmeat 19",
			"from": [ 6.25, 0.0, 5.5 ], 
			"to": [ 8.75, 1.0, 9.5 ], 
			"rotationOrigin": [ 8.0, 0.0, 8.0 ],
			"faces": {
				"north": { "texture": "#bushmeat", "uv": [ 2.0, 6.0, 4.5, 7.0 ] },
				"east": { "texture": "#bushmeat", "uv": [ 0.0, 6.0, 4.0, 7.0 ] },
				"south": { "texture": "#bushmeat", "uv": [ 0.5, 6.0, 3.0, 7.0 ] },
				"west": { "texture": "#bushmeat", "uv": [ 0.0, 6.0, 4.0, 7.0 ] },
				"up": { "texture": "#bushmeat", "uv": [ 0.5, 1.5, 3.0, 5.5 ] },
				"down": { "texture": "#bushmeat", "uv": [ 4.0, 0.0, 6.5, 4.0 ] }
			}
		}
	]}