[
  {
    "op": "add",
    "path": "/elements/0/children/10",
    "value": {
      "name": "fish",
      "from": [
        2.8,
        2.0,
        0.1
      ],
      "to": [
        3.3,
        3.0,
        0.6
      ],
      "rotationOrigin": [
        2.9,
        2.4,
        0.3
      ],
      "rotationY": 22.5,
      "rotationZ": -45.0,
      "faces": {
        "north": {
          "texture": "#normal",
          "uv": [
            1.75,
            1.125,
            2.25,
            2.125
          ]
        },
        "east": {
          "texture": "#normal",
          "uv": [
            2.125,
            1.125,
            2.625,
            2.125
          ]
        },
        "south": {
          "texture": "#normal",
          "uv": [
            2.0,
            0.875,
            2.5,
            1.875
          ]
        },
        "west": {
          "texture": "#normal",
          "uv": [
            2.0,
            0.875,
            2.5,
            1.875
          ]
        },
        "up": {
          "texture": "#normal",
          "uv": [
            2.0,
            1.625,
            2.5,
            2.125
          ]
        },
        "down": {
          "texture": "#normal",
          "uv": [
            2.125,
            1.5,
            2.625,
            2.0
          ]
        }
      },
      "children": [
        {
          "name": "meat 76",
          "from": [
            0.0,
            -0.5,
            0.5
          ],
          "to": [
            0.5,
            2.0,
            1.0
          ],
          "faces": {
            "north": {
              "texture": "#normal",
              "uv": [
                2.75,
                0.625,
                3.25,
                3.125
              ]
            },
            "east": {
              "texture": "#normal",
              "uv": [
                2.75,
                0.875,
                3.25,
                3.375
              ]
            },
            "south": {
              "texture": "#normal",
              "uv": [
                2.75,
                0.625,
                3.25,
                3.125
              ]
            },
            "west": {
              "texture": "#normal",
              "uv": [
                2.75,
                0.625,
                3.25,
                3.125
              ]
            },
            "up": {
              "texture": "#normal",
              "uv": [
                2.75,
                0.25,
                3.25,
                0.75
              ]
            },
            "down": {
              "texture": "#normal",
              "uv": [
                7.0,
                7.0,
                7.5,
                7.5
              ],
              "enabled": false
            }
          }
        },
        {
          "name": "meat 76",
          "from": [
            0.0,
            -0.5,
            -0.5
          ],
          "to": [
            0.5,
            1.5,
            0.0
          ],
          "faces": {
            "north": {
              "texture": "#normal",
              "uv": [
                1.0,
                0.875,
                1.5,
                2.875
              ]
            },
            "east": {
              "texture": "#normal",
              "uv": [
                1.25,
                0.75,
                1.75,
                2.75
              ]
            },
            "south": {
              "texture": "#normal",
              "uv": [
                1.25,
                0.75,
                1.75,
                2.75
              ]
            },
            "west": {
              "texture": "#normal",
              "uv": [
                1.125,
                0.625,
                1.625,
                2.625
              ]
            },
            "up": {
              "texture": "#normal",
              "uv": [
                1.25,
                0.0,
                1.75,
                0.5
              ]
            },
            "down": {
              "texture": "#normal",
              "uv": [
                10.0,
                9.0,
                10.5,
                9.5
              ],
              "enabled": false
            }
          }
        },
        {
          "name": "meat 76",
          "from": [
            -0.5,
            -0.3,
            0.0
          ],
          "to": [
            0.0,
            1.2,
            0.5
          ],
          "faces": {
            "north": {
              "texture": "#normal",
              "uv": [
                2.0,
                1.875,
                2.5,
                3.375
              ]
            },
            "east": {
              "texture": "#normal",
              "uv": [
                2.125,
                1.625,
                2.625,
                3.125
              ]
            },
            "south": {
              "texture": "#normal",
              "uv": [
                2.0,
                1.125,
                2.5,
                2.625
              ]
            },
            "west": {
              "texture": "#normal",
              "uv": [
                2.0,
                1.125,
                2.5,
                2.625
              ]
            },
            "up": {
              "texture": "#normal",
              "uv": [
                2.0,
                0.125,
                2.5,
                0.625
              ]
            },
            "down": {
              "texture": "#normal",
              "uv": [
                10.0,
                9.0,
                10.5,
                9.5
              ],
              "enabled": false
            }
          }
        },
        {
          "name": "meat 77",
          "from": [
            0.0,
            -0.5,
            1.0
          ],
          "to": [
            0.5,
            1.5,
            1.5
          ],
          "faces": {
            "north": {
              "texture": "#normal",
              "uv": [
                8.0,
                9.0,
                8.5,
                11.0
              ],
              "enabled": false
            },
            "east": {
              "texture": "#normal",
              "uv": [
                3.25,
                0.5,
                3.75,
                2.5
              ]
            },
            "south": {
              "texture": "#normal",
              "uv": [
                3.5,
                0.75,
                4.0,
                2.75
              ]
            },
            "west": {
              "texture": "#normal",
              "uv": [
                3.375,
                0.875,
                3.875,
                2.875
              ]
            },
            "up": {
              "texture": "#normal",
              "uv": [
                3.5,
                0.125,
                4.0,
                0.625
              ]
            },
            "down": {
              "texture": "#normal",
              "uv": [
                9.0,
                9.5,
                9.5,
                10.0
              ],
              "enabled": false
            }
          }
        },
        {
          "name": "meat 78",
          "from": [
            -0.5,
            -0.3,
            0.5
          ],
          "to": [
            0.0,
            0.7,
            1.0
          ],
          "faces": {
            "north": {
              "texture": "#normal",
              "uv": [
                7.0,
                9.0,
                7.5,
                10.0
              ],
              "enabled": false
            },
            "east": {
              "texture": "#normal",
              "uv": [
                8.0,
                7.0,
                8.5,
                8.0
              ],
              "enabled": false
            },
            "south": {
              "texture": "#normal",
              "uv": [
                2.875,
                2.25,
                3.375,
                3.25
              ]
            },
            "west": {
              "texture": "#normal",
              "uv": [
                3.0,
                2.125,
                3.5,
                3.125
              ]
            },
            "up": {
              "texture": "#normal",
              "uv": [
                3.0,
                2.125,
                3.5,
                2.625
              ]
            },
            "down": {
              "texture": "#normal",
              "uv": [
                10.0,
                9.0,
                10.5,
                9.5
              ],
              "enabled": false
            }
          }
        },
        {
          "name": "meat 79",
          "from": [
            -0.5,
            -0.5,
            -1.0
          ],
          "to": [
            0.0,
            1.0,
            0.0
          ],
          "rotationOrigin": [
            -1.5,
            0.0,
            -1.0
          ],
          "faces": {
            "north": {
              "texture": "#normal",
              "uv": [
                0.75,
                0.125,
                1.25,
                1.625
              ]
            },
            "east": {
              "texture": "#normal",
              "uv": [
                0.5,
                1.0,
                1.5,
                2.5
              ]
            },
            "south": {
              "texture": "#normal",
              "uv": [
                7.0,
                9.5,
                7.5,
                11.0
              ],
              "enabled": false
            },
            "west": {
              "texture": "#normal",
              "uv": [
                0.625,
                1.125,
                1.625,
                2.625
              ]
            },
            "up": {
              "texture": "#normal",
              "uv": [
                0.875,
                0.75,
                1.375,
                1.75
              ]
            },
            "down": {
              "texture": "#normal",
              "uv": [
                10.0,
                9.0,
                10.5,
                10.0
              ],
              "enabled": false
            }
          }
        },
        {
          "name": "reserve80",
          "from": [
            -1.0,
            -1.2,
            -0.5
          ],
          "to": [
            -0.5,
            0.3,
            0.5
          ],
          "rotationOrigin": [
            -1.5,
            0.3,
            -1.0
          ],
          "faces": {
            "north": {
              "texture": "#normal",
              "uv": [
                1.0,
                0.875,
                1.5,
                2.375
              ]
            },
            "east": {
              "texture": "#normal",
              "uv": [
                1.0,
                1.75,
                2.0,
                3.25
              ]
            },
            "south": {
              "texture": "#normal",
              "uv": [
                1.25,
                1.75,
                1.75,
                3.25
              ]
            },
            "west": {
              "texture": "#normal",
              "uv": [
                1.375,
                2.375,
                2.375,
                3.875
              ]
            },
            "up": {
              "texture": "#normal",
              "uv": [
                1.25,
                0.375,
                1.75,
                1.375
              ]
            },
            "down": {
              "texture": "#normal",
              "uv": [
                10.0,
                9.0,
                10.5,
                10.0
              ],
              "enabled": false
            }
          }
        }
      ]
    },
    "file": "shapes/block/meal/meaty-stew.json"
  },
  {
    "op": "add",
    "path": "/elements/0/children/11",
    "value": {
      "name": "meatnugget 1",
      "from": [
        0.2,
        2.3,
        -0.1
      ],
      "to": [
        0.8,
        2.7,
        0.5
      ],
      "rotationOrigin": [
        0.2,
        2.3,
        -0.1
      ],
      "faces": {
        "north": {
          "texture": "#meatnugget",
          "uv": [
            4.5,
            5.0,
            5.0,
            5.25
          ]
        },
        "east": {
          "texture": "#meatnugget",
          "uv": [
            3.25,
            3.0,
            3.75,
            3.25
          ]
        },
        "south": {
          "texture": "#meatnugget",
          "uv": [
            3.25,
            3.75,
            3.75,
            4.0
          ]
        },
        "west": {
          "texture": "#meatnugget",
          "uv": [
            4.25,
            4.25,
            4.75,
            4.5
          ]
        },
        "up": {
          "texture": "#meatnugget",
          "uv": [
            2.5,
            4.5,
            3.0,
            5.0
          ]
        },
        "down": {
          "texture": "#meatnugget",
          "uv": [
            4.75,
            3.25,
            5.25,
            3.75
          ]
        }
      },
      "children": [
        {
          "name": "voxel26",
          "from": [
            0.8,
            0.0,
            0.4
          ],
          "to": [
            1.2,
            0.35,
            0.8
          ],
          "rotationOrigin": [
            0.8,
            0.0,
            0.4
          ],
          "faces": {
            "north": {
              "texture": "#meatnugget",
              "uv": [
                5.0,
                3.5,
                5.25,
                3.75
              ]
            },
            "east": {
              "texture": "#meatnugget",
              "uv": [
                3.5,
                4.5,
                3.75,
                4.75
              ]
            },
            "south": {
              "texture": "#meatnugget",
              "uv": [
                4.0,
                4.75,
                4.25,
                5.0
              ]
            },
            "west": {
              "texture": "#meatnugget",
              "uv": [
                2.75,
                3.5,
                3.0,
                3.75
              ]
            },
            "up": {
              "texture": "#meatnugget",
              "uv": [
                4.75,
                4.75,
                5.0,
                5.0
              ]
            },
            "down": {
              "texture": "#meatnugget",
              "uv": [
                3.25,
                4.0,
                3.5,
                4.25
              ]
            }
          }
        },
        {
          "name": "voxel25",
          "from": [
            2.1,
            0.0,
            2.2
          ],
          "to": [
            2.8,
            0.5,
            2.9
          ],
          "rotationOrigin": [
            2.1,
            0.0,
            2.2
          ],
          "faces": {
            "north": {
              "texture": "#meatnugget",
              "uv": [
                4.5,
                4.5,
                5.0,
                5.0
              ]
            },
            "east": {
              "texture": "#meatnugget",
              "uv": [
                3.0,
                4.5,
                3.5,
                5.0
              ]
            },
            "south": {
              "texture": "#meatnugget",
              "uv": [
                3.0,
                3.5,
                3.5,
                4.0
              ]
            },
            "west": {
              "texture": "#meatnugget",
              "uv": [
                4.5,
                5.0,
                5.0,
                5.5
              ]
            },
            "up": {
              "texture": "#meatnugget",
              "uv": [
                4.5,
                4.5,
                5.0,
                5.0
              ]
            },
            "down": {
              "texture": "#meatnugget",
              "uv": [
                3.5,
                3.5,
                4.0,
                4.0
              ]
            }
          }
        },
        {
          "name": "voxel24",
          "from": [
            2.1,
            0.0,
            1.7
          ],
          "to": [
            2.5,
            0.4,
            2.1
          ],
          "rotationOrigin": [
            2.1,
            0.0,
            1.7
          ],
          "faces": {
            "north": {
              "texture": "#meatnugget",
              "uv": [
                4.5,
                2.75,
                4.75,
                3.0
              ]
            },
            "east": {
              "texture": "#meatnugget",
              "uv": [
                3.0,
                3.25,
                3.25,
                3.5
              ]
            },
            "south": {
              "texture": "#meatnugget",
              "uv": [
                4.25,
                5.0,
                4.5,
                5.25
              ]
            },
            "west": {
              "texture": "#meatnugget",
              "uv": [
                3.25,
                4.0,
                3.5,
                4.25
              ]
            },
            "up": {
              "texture": "#meatnugget",
              "uv": [
                4.75,
                4.5,
                5.0,
                4.75
              ]
            },
            "down": {
              "texture": "#meatnugget",
              "uv": [
                2.75,
                4.25,
                3.0,
                4.5
              ]
            }
          }
        },
        {
          "name": "voxel23",
          "from": [
            2.15,
            0.0,
            1.2
          ],
          "to": [
            2.65,
            0.35,
            1.7
          ],
          "rotationOrigin": [
            2.2,
            0.0,
            1.2
          ],
          "rotationY": -180.0,
          "faces": {
            "north": {
              "texture": "#meatnugget",
              "uv": [
                3.0,
                3.5,
                3.5,
                3.75
              ]
            },
            "east": {
              "texture": "#meatnugget",
              "uv": [
                3.25,
                4.75,
                3.75,
                5.0
              ]
            },
            "south": {
              "texture": "#meatnugget",
              "uv": [
                3.25,
                3.5,
                3.75,
                3.75
              ]
            },
            "west": {
              "texture": "#meatnugget",
              "uv": [
                4.75,
                2.75,
                5.25,
                3.0
              ]
            },
            "up": {
              "texture": "#meatnugget",
              "uv": [
                4.0,
                4.0,
                4.5,
                4.5
              ]
            },
            "down": {
              "texture": "#meatnugget",
              "uv": [
                2.75,
                4.75,
                3.25,
                5.25
              ]
            }
          }
        }
      ]
    },
    "file": "shapes/block/meal/meaty-stew.json"
  },
  {
    "op": "add",
    "path": "/elements/0/children/12",
    "value": {
      "name": "meatnugget 2",
      "from": [
        1.8,
        2.3,
        3.0
      ],
      "to": [
        2.4,
        2.7,
        3.6
      ],
      "rotationOrigin": [
        1.8,
        2.3,
        3.0
      ],
      "rotationY": -180.0,
      "faces": {
        "north": {
          "texture": "#meatnugget",
          "uv": [
            4.75,
            3.0,
            5.25,
            3.25
          ]
        },
        "east": {
          "texture": "#meatnugget",
          "uv": [
            3.0,
            3.0,
            3.5,
            3.25
          ]
        },
        "south": {
          "texture": "#meatnugget",
          "uv": [
            2.75,
            4.5,
            3.25,
            4.75
          ]
        },
        "west": {
          "texture": "#meatnugget",
          "uv": [
            4.5,
            3.0,
            5.0,
            3.25
          ]
        },
        "up": {
          "texture": "#meatnugget",
          "uv": [
            3.0,
            3.5,
            3.5,
            4.0
          ]
        },
        "down": {
          "texture": "#meatnugget",
          "uv": [
            4.5,
            4.5,
            5.0,
            5.0
          ]
        }
      },
      "children": [
        {
          "name": "voxel80",
          "from": [
            0.8,
            0.0,
            0.4
          ],
          "to": [
            1.2,
            0.35,
            0.8
          ],
          "rotationOrigin": [
            0.8,
            0.0,
            0.4
          ],
          "faces": {
            "north": {
              "texture": "#meatnugget",
              "uv": [
                3.25,
                4.25,
                3.5,
                4.5
              ]
            },
            "east": {
              "texture": "#meatnugget",
              "uv": [
                4.75,
                4.0,
                5.0,
                4.25
              ]
            },
            "south": {
              "texture": "#meatnugget",
              "uv": [
                2.75,
                4.5,
                3.0,
                4.75
              ]
            },
            "west": {
              "texture": "#meatnugget",
              "uv": [
                4.75,
                4.75,
                5.0,
                5.0
              ]
            },
            "up": {
              "texture": "#meatnugget",
              "uv": [
                4.75,
                4.25,
                5.0,
                4.5
              ]
            },
            "down": {
              "texture": "#meatnugget",
              "uv": [
                3.25,
                4.75,
                3.5,
                5.0
              ]
            }
          }
        },
        {
          "name": "voxel80",
          "from": [
            -0.4,
            0.0,
            1.7
          ],
          "to": [
            0.3,
            0.5,
            2.4
          ],
          "rotationOrigin": [
            -0.4,
            0.0,
            1.7
          ],
          "rotationY": 90.0,
          "faces": {
            "north": {
              "texture": "#meatnugget",
              "uv": [
                2.75,
                3.75,
                3.25,
                4.25
              ]
            },
            "east": {
              "texture": "#meatnugget",
              "uv": [
                4.0,
                3.0,
                4.5,
                3.5
              ]
            },
            "south": {
              "texture": "#meatnugget",
              "uv": [
                2.75,
                2.75,
                3.25,
                3.25
              ]
            },
            "west": {
              "texture": "#meatnugget",
              "uv": [
                4.5,
                3.5,
                5.0,
                4.0
              ]
            },
            "up": {
              "texture": "#meatnugget",
              "uv": [
                3.25,
                4.25,
                3.75,
                4.75
              ]
            },
            "down": {
              "texture": "#meatnugget",
              "uv": [
                4.5,
                4.25,
                5.0,
                4.75
              ]
            }
          }
        },
        {
          "name": "voxel80",
          "from": [
            1.1,
            0.0,
            1.7
          ],
          "to": [
            1.5,
            0.4,
            2.1
          ],
          "rotationOrigin": [
            1.1,
            0.0,
            1.7
          ],
          "faces": {
            "north": {
              "texture": "#meatnugget",
              "uv": [
                4.75,
                5.0,
                5.0,
                5.25
              ]
            },
            "east": {
              "texture": "#meatnugget",
              "uv": [
                3.0,
                3.25,
                3.25,
                3.5
              ]
            },
            "south": {
              "texture": "#meatnugget",
              "uv": [
                2.75,
                4.75,
                3.0,
                5.0
              ]
            },
            "west": {
              "texture": "#meatnugget",
              "uv": [
                5.0,
                2.75,
                5.25,
                3.0
              ]
            },
            "up": {
              "texture": "#meatnugget",
              "uv": [
                3.0,
                2.75,
                3.25,
                3.0
              ]
            },
            "down": {
              "texture": "#meatnugget",
              "uv": [
                4.5,
                4.5,
                4.75,
                4.75
              ]
            }
          }
        },
        {
          "name": "voxel80",
          "from": [
            1.75,
            0.0,
            1.2
          ],
          "to": [
            2.25,
            0.35,
            1.7
          ],
          "rotationOrigin": [
            1.8,
            0.0,
            1.2
          ],
          "rotationY": -180.0,
          "faces": {
            "north": {
              "texture": "#meatnugget",
              "uv": [
                4.0,
                4.0,
                4.5,
                4.25
              ]
            },
            "east": {
              "texture": "#meatnugget",
              "uv": [
                3.0,
                5.0,
                3.5,
                5.25
              ]
            },
            "south": {
              "texture": "#meatnugget",
              "uv": [
                3.0,
                3.0,
                3.5,
                3.25
              ]
            },
            "west": {
              "texture": "#meatnugget",
              "uv": [
                4.75,
                4.75,
                5.25,
                5.0
              ]
            },
            "up": {
              "texture": "#meatnugget",
              "uv": [
                4.5,
                3.75,
                5.0,
                4.25
              ]
            },
            "down": {
              "texture": "#meatnugget",
              "uv": [
                4.25,
                4.5,
                4.75,
                5.0
              ]
            }
          }
        }
      ]
    },
    "file": "shapes/block/meal/meaty-stew.json"
  },
  {
    "op": "add",
    "path": "/elements/0/children/13",
    "value": {
      "name": "nuts 1",
      "from": [
        0.0,
        2.0,
        0.0
      ],
      "to": [
        0.0,
        2.0,
        0.0
      ],
      "rotationOrigin": [
        0.0,
        2.0,
        0.0
      ],
      "faces": {
        "north": {
          "texture": "#acorns",
          "uv": [
            0.0,
            0.0,
            0.5,
            0.5
          ]
        },
        "east": {
          "texture": "#acorns",
          "uv": [
            0.0,
            0.0,
            0.5,
            0.5
          ]
        },
        "south": {
          "texture": "#acorns",
          "uv": [
            0.0,
            0.0,
            0.5,
            0.5
          ]
        },
        "west": {
          "texture": "#acorns",
          "uv": [
            0.0,
            0.0,
            0.5,
            0.5
          ]
        },
        "up": {
          "texture": "#acorns",
          "uv": [
            0.0,
            0.0,
            0.5,
            0.5
          ]
        },
        "down": {
          "texture": "#acorns",
          "uv": [
            0.0,
            0.0,
            0.5,
            0.5
          ]
        }
      },
      "children": [
        {
          "name": "nuts 44",
          "from": [
            3.3,
            0.2,
            -0.1
          ],
          "to": [
            3.55,
            0.45,
            0.15
          ],
          "rotationOrigin": [
            3.3,
            0.2,
            -0.1
          ],
          "faces": {
            "north": {
              "texture": "#acorns",
              "uv": [
                7.0,
                4.5,
                7.5,
                5.0
              ]
            },
            "east": {
              "texture": "#acorns",
              "uv": [
                5.5,
                3.5,
                6.0,
                4.0
              ]
            },
            "south": {
              "texture": "#acorns",
              "uv": [
                6.0,
                4.0,
                6.5,
                4.5
              ]
            },
            "west": {
              "texture": "#acorns",
              "uv": [
                7.5,
                7.0,
                8.0,
                7.5
              ]
            },
            "up": {
              "texture": "#acorns",
              "uv": [
                8.5,
                8.5,
                9.0,
                9.0
              ]
            },
            "down": {
              "texture": "#acorns",
              "uv": [
                7.5,
                9.5,
                8.0,
                10.0
              ]
            }
          }
        },
        {
          "name": "nuts 36",
          "from": [
            2.4,
            0.3,
            -0.3
          ],
          "to": [
            2.65,
            0.55,
            -0.05
          ],
          "rotationOrigin": [
            2.4,
            0.3,
            -0.3
          ],
          "faces": {
            "north": {
              "texture": "#acorns",
              "uv": [
                9.5,
                2.5,
                10.0,
                3.0
              ]
            },
            "east": {
              "texture": "#acorns",
              "uv": [
                9.5,
                2.5,
                10.0,
                3.0
              ]
            },
            "south": {
              "texture": "#acorns",
              "uv": [
                9.5,
                2.0,
                10.0,
                2.5
              ]
            },
            "west": {
              "texture": "#acorns",
              "uv": [
                10.0,
                2.0,
                10.5,
                2.5
              ]
            },
            "up": {
              "texture": "#acorns",
              "uv": [
                9.5,
                3.0,
                10.0,
                3.5
              ]
            },
            "down": {
              "texture": "#acorns",
              "uv": [
                9.5,
                2.5,
                10.0,
                3.0
              ]
            }
          }
        },
        {
          "name": "nuts 37",
          "from": [
            1.3,
            0.3,
            3.0
          ],
          "to": [
            1.55,
            0.55,
            3.25
          ],
          "rotationOrigin": [
            1.3,
            0.3,
            3.0
          ],
          "faces": {
            "north": {
              "texture": "#acorns",
              "uv": [
                11.5,
                7.5,
                12.0,
                8.0
              ]
            },
            "east": {
              "texture": "#acorns",
              "uv": [
                11.0,
                7.0,
                11.5,
                7.5
              ]
            },
            "south": {
              "texture": "#acorns",
              "uv": [
                11.5,
                7.0,
                12.0,
                7.5
              ]
            },
            "west": {
              "texture": "#acorns",
              "uv": [
                11.5,
                7.0,
                12.0,
                7.5
              ]
            },
            "up": {
              "texture": "#acorns",
              "uv": [
                11.5,
                7.0,
                12.0,
                7.5
              ]
            },
            "down": {
              "texture": "#acorns",
              "uv": [
                11.5,
                3.5,
                12.0,
                4.0
              ]
            }
          }
        },
        {
          "name": "nuts 38",
          "from": [
            2.8,
            0.3,
            2.9
          ],
          "to": [
            3.05,
            0.55,
            3.15
          ],
          "rotationOrigin": [
            2.8,
            0.3,
            2.9
          ],
          "faces": {
            "north": {
              "texture": "#acorns",
              "uv": [
                11.5,
                7.0,
                12.0,
                7.5
              ]
            },
            "east": {
              "texture": "#acorns",
              "uv": [
                11.5,
                7.0,
                12.0,
                7.5
              ]
            },
            "south": {
              "texture": "#acorns",
              "uv": [
                11.0,
                7.0,
                11.5,
                7.5
              ]
            },
            "west": {
              "texture": "#acorns",
              "uv": [
                11.0,
                7.0,
                11.5,
                7.5
              ]
            },
            "up": {
              "texture": "#acorns",
              "uv": [
                11.0,
                6.5,
                11.5,
                7.0
              ]
            },
            "down": {
              "texture": "#acorns",
              "uv": [
                11.0,
                7.5,
                11.5,
                8.0
              ]
            }
          }
        },
        {
          "name": "nuts 39",
          "from": [
            2.1,
            0.2,
            2.6
          ],
          "to": [
            2.35,
            0.45,
            2.85
          ],
          "rotationOrigin": [
            2.1,
            0.2,
            2.6
          ],
          "faces": {
            "north": {
              "texture": "#acorns",
              "uv": [
                13.0,
                8.0,
                13.5,
                8.5
              ]
            },
            "east": {
              "texture": "#acorns",
              "uv": [
                13.0,
                8.0,
                13.5,
                8.5
              ]
            },
            "south": {
              "texture": "#acorns",
              "uv": [
                13.0,
                8.0,
                13.5,
                8.5
              ]
            },
            "west": {
              "texture": "#acorns",
              "uv": [
                12.5,
                8.0,
                13.0,
                8.5
              ]
            },
            "up": {
              "texture": "#acorns",
              "uv": [
                13.5,
                8.0,
                14.0,
                8.5
              ]
            },
            "down": {
              "texture": "#acorns",
              "uv": [
                13.0,
                8.5,
                13.5,
                9.0
              ]
            }
          }
        },
        {
          "name": "nuts 40",
          "from": [
            0.0,
            0.3,
            2.4
          ],
          "to": [
            0.25,
            0.55,
            2.65
          ],
          "rotationOrigin": [
            0.0,
            0.3,
            2.4
          ],
          "faces": {
            "north": {
              "texture": "#acorns",
              "uv": [
                10.0,
                10.0,
                10.5,
                10.5
              ]
            },
            "east": {
              "texture": "#acorns",
              "uv": [
                10.0,
                10.0,
                10.5,
                10.5
              ]
            },
            "south": {
              "texture": "#acorns",
              "uv": [
                10.0,
                10.5,
                10.5,
                11.0
              ]
            },
            "west": {
              "texture": "#acorns",
              "uv": [
                10.0,
                10.0,
                10.5,
                10.5
              ]
            },
            "up": {
              "texture": "#acorns",
              "uv": [
                10.0,
                10.5,
                10.5,
                11.0
              ]
            },
            "down": {
              "texture": "#acorns",
              "uv": [
                10.0,
                10.5,
                10.5,
                11.0
              ]
            }
          }
        },
        {
          "name": "nuts 41",
          "from": [
            0.9,
            0.2,
            1.8
          ],
          "to": [
            1.15,
            0.45,
            2.05
          ],
          "rotationOrigin": [
            0.9,
            0.2,
            1.8
          ],
          "faces": {
            "north": {
              "texture": "#acorns",
              "uv": [
                6.5,
                10.0,
                7.0,
                10.5
              ]
            },
            "east": {
              "texture": "#acorns",
              "uv": [
                6.5,
                10.0,
                7.0,
                10.5
              ]
            },
            "south": {
              "texture": "#acorns",
              "uv": [
                6.5,
                10.0,
                7.0,
                10.5
              ]
            },
            "west": {
              "texture": "#acorns",
              "uv": [
                6.0,
                9.5,
                6.5,
                10.0
              ]
            },
            "up": {
              "texture": "#acorns",
              "uv": [
                6.0,
                9.5,
                6.5,
                10.0
              ]
            },
            "down": {
              "texture": "#acorns",
              "uv": [
                6.0,
                10.0,
                6.5,
                10.5
              ]
            }
          }
        },
        {
          "name": "nuts 42",
          "from": [
            2.5,
            0.2,
            2.0
          ],
          "to": [
            2.75,
            0.45,
            2.25
          ],
          "rotationOrigin": [
            2.5,
            0.2,
            2.0
          ],
          "faces": {
            "north": {
              "texture": "#acorns",
              "uv": [
                7.0,
                12.0,
                7.5,
                12.5
              ]
            },
            "east": {
              "texture": "#acorns",
              "uv": [
                7.0,
                12.5,
                7.5,
                13.0
              ]
            },
            "south": {
              "texture": "#acorns",
              "uv": [
                7.0,
                12.0,
                7.5,
                12.5
              ]
            },
            "west": {
              "texture": "#acorns",
              "uv": [
                7.0,
                12.0,
                7.5,
                12.5
              ]
            },
            "up": {
              "texture": "#acorns",
              "uv": [
                7.0,
                12.0,
                7.5,
                12.5
              ]
            },
            "down": {
              "texture": "#acorns",
              "uv": [
                7.0,
                12.0,
                7.5,
                12.5
              ]
            }
          }
        },
        {
          "name": "nuts 43",
          "from": [
            2.3,
            0.3,
            1.2
          ],
          "to": [
            2.55,
            0.55,
            1.45
          ],
          "rotationOrigin": [
            2.3,
            0.3,
            1.2
          ],
          "faces": {
            "north": {
              "texture": "#acorns",
              "uv": [
                8.0,
                14.0,
                8.5,
                14.5
              ]
            },
            "east": {
              "texture": "#acorns",
              "uv": [
                7.5,
                14.5,
                8.0,
                15.0
              ]
            },
            "south": {
              "texture": "#acorns",
              "uv": [
                7.5,
                14.5,
                8.0,
                15.0
              ]
            },
            "west": {
              "texture": "#acorns",
              "uv": [
                7.5,
                14.5,
                8.0,
                15.0
              ]
            },
            "up": {
              "texture": "#acorns",
              "uv": [
                7.5,
                14.5,
                8.0,
                15.0
              ]
            },
            "down": {
              "texture": "#acorns",
              "uv": [
                7.5,
                14.0,
                8.0,
                14.5
              ]
            }
          }
        },
        {
          "name": "nuts 45",
          "from": [
            1.5,
            0.3,
            1.1
          ],
          "to": [
            1.75,
            0.55,
            1.35
          ],
          "rotationOrigin": [
            1.5,
            0.3,
            1.1
          ],
          "faces": {
            "north": {
              "texture": "#acorns",
              "uv": [
                4.0,
                14.5,
                4.5,
                15.0
              ]
            },
            "east": {
              "texture": "#acorns",
              "uv": [
                4.0,
                14.5,
                4.5,
                15.0
              ]
            },
            "south": {
              "texture": "#acorns",
              "uv": [
                4.0,
                14.5,
                4.5,
                15.0
              ]
            },
            "west": {
              "texture": "#acorns",
              "uv": [
                4.5,
                14.5,
                5.0,
                15.0
              ]
            },
            "up": {
              "texture": "#acorns",
              "uv": [
                4.0,
                14.5,
                4.5,
                15.0
              ]
            },
            "down": {
              "texture": "#acorns",
              "uv": [
                4.5,
                14.0,
                5.0,
                14.5
              ]
            }
          }
        },
        {
          "name": "nuts 46",
          "from": [
            0.7,
            0.2,
            1.2
          ],
          "to": [
            0.95,
            0.45,
            1.45
          ],
          "rotationOrigin": [
            0.7,
            0.2,
            1.2
          ],
          "faces": {
            "north": {
              "texture": "#acorns",
              "uv": [
                2.5,
                9.0,
                3.0,
                9.5
              ]
            },
            "east": {
              "texture": "#acorns",
              "uv": [
                2.5,
                8.5,
                3.0,
                9.0
              ]
            },
            "south": {
              "texture": "#acorns",
              "uv": [
                2.5,
                8.5,
                3.0,
                9.0
              ]
            },
            "west": {
              "texture": "#acorns",
              "uv": [
                2.5,
                9.0,
                3.0,
                9.5
              ]
            },
            "up": {
              "texture": "#acorns",
              "uv": [
                2.5,
                8.5,
                3.0,
                9.0
              ]
            },
            "down": {
              "texture": "#acorns",
              "uv": [
                2.5,
                8.5,
                3.0,
                9.0
              ]
            }
          }
        },
        {
          "name": "nuts 47",
          "from": [
            0.6,
            0.3,
            0.4
          ],
          "to": [
            0.85,
            0.55,
            0.65
          ],
          "rotationOrigin": [
            0.6,
            0.3,
            0.4
          ],
          "faces": {
            "north": {
              "texture": "#acorns",
              "uv": [
                3.0,
                13.5,
                3.5,
                14.0
              ]
            },
            "east": {
              "texture": "#acorns",
              "uv": [
                3.5,
                13.5,
                4.0,
                14.0
              ]
            },
            "south": {
              "texture": "#acorns",
              "uv": [
                3.0,
                13.0,
                3.5,
                13.5
              ]
            },
            "west": {
              "texture": "#acorns",
              "uv": [
                3.0,
                13.5,
                3.5,
                14.0
              ]
            },
            "up": {
              "texture": "#acorns",
              "uv": [
                3.5,
                13.0,
                4.0,
                13.5
              ]
            },
            "down": {
              "texture": "#acorns",
              "uv": [
                3.0,
                14.0,
                3.5,
                14.5
              ]
            }
          }
        },
        {
          "name": "nuts 48",
          "from": [
            -0.3,
            0.2,
            0.2
          ],
          "to": [
            -0.05,
            0.45,
            0.45
          ],
          "rotationOrigin": [
            -0.3,
            0.2,
            0.2
          ],
          "faces": {
            "north": {
              "texture": "#acorns",
              "uv": [
                2.5,
                10.0,
                3.0,
                10.5
              ]
            },
            "east": {
              "texture": "#acorns",
              "uv": [
                3.0,
                10.0,
                3.5,
                10.5
              ]
            },
            "south": {
              "texture": "#acorns",
              "uv": [
                2.5,
                10.5,
                3.0,
                11.0
              ]
            },
            "west": {
              "texture": "#acorns",
              "uv": [
                3.0,
                10.0,
                3.5,
                10.5
              ]
            },
            "up": {
              "texture": "#acorns",
              "uv": [
                3.5,
                10.0,
                4.0,
                10.5
              ]
            },
            "down": {
              "texture": "#acorns",
              "uv": [
                3.0,
                10.5,
                3.5,
                11.0
              ]
            }
          }
        },
        {
          "name": "nuts 49",
          "from": [
            1.7,
            0.3,
            0.3
          ],
          "to": [
            1.95,
            0.55,
            0.55
          ],
          "rotationOrigin": [
            1.7,
            0.3,
            0.3
          ],
          "faces": {
            "north": {
              "texture": "#acorns",
              "uv": [
                2.5,
                10.0,
                3.0,
                10.5
              ]
            },
            "east": {
              "texture": "#acorns",
              "uv": [
                3.0,
                10.0,
                3.5,
                10.5
              ]
            },
            "south": {
              "texture": "#acorns",
              "uv": [
                2.5,
                10.5,
                3.0,
                11.0
              ]
            },
            "west": {
              "texture": "#acorns",
              "uv": [
                3.0,
                10.0,
                3.5,
                10.5
              ]
            },
            "up": {
              "texture": "#acorns",
              "uv": [
                3.5,
                10.0,
                4.0,
                10.5
              ]
            },
            "down": {
              "texture": "#acorns",
              "uv": [
                3.0,
                10.5,
                3.5,
                11.0
              ]
            }
          }
        },
        {
          "name": "nuts 50",
          "from": [
            -0.2,
            0.2,
            1.3
          ],
          "to": [
            0.05,
            0.45,
            1.55
          ],
          "rotationOrigin": [
            -0.2,
            0.2,
            1.3
          ],
          "faces": {
            "north": {
              "texture": "#acorns",
              "uv": [
                3.5,
                5.0,
                4.0,
                5.5
              ]
            },
            "east": {
              "texture": "#acorns",
              "uv": [
                4.0,
                4.0,
                4.5,
                4.5
              ]
            },
            "south": {
              "texture": "#acorns",
              "uv": [
                4.0,
                4.5,
                4.5,
                5.0
              ]
            },
            "west": {
              "texture": "#acorns",
              "uv": [
                4.0,
                4.5,
                4.5,
                5.0
              ]
            },
            "up": {
              "texture": "#acorns",
              "uv": [
                4.5,
                4.5,
                5.0,
                5.0
              ]
            },
            "down": {
              "texture": "#acorns",
              "uv": [
                3.0,
                4.5,
                3.5,
                5.0
              ]
            }
          }
        }
      ]
    },
    "file": "shapes/block/meal/meaty-stew.json"
  },
  {
    "op": "add",
    "path": "/elements/0/children/14",
    "value": {
      "name": "nuts 2",
      "from": [
        3.4,
        2.0,
        0.0
      ],
      "to": [
        3.4,
        2.0,
        0.0
      ],
      "rotationOrigin": [
        3.4,
        2.0,
        0.0
      ],
      "rotationY": -90.0,
      "faces": {
        "north": {
          "texture": "#acorns",
          "uv": [
            0.0,
            0.0,
            0.5,
            0.5
          ]
        },
        "east": {
          "texture": "#acorns",
          "uv": [
            0.0,
            0.0,
            0.5,
            0.5
          ]
        },
        "south": {
          "texture": "#acorns",
          "uv": [
            0.0,
            0.0,
            0.5,
            0.5
          ]
        },
        "west": {
          "texture": "#acorns",
          "uv": [
            0.0,
            0.0,
            0.5,
            0.5
          ]
        },
        "up": {
          "texture": "#acorns",
          "uv": [
            0.0,
            0.0,
            0.5,
            0.5
          ]
        },
        "down": {
          "texture": "#acorns",
          "uv": [
            0.0,
            0.0,
            0.5,
            0.5
          ]
        }
      },
      "children": [
        {
          "name": "nuts 51",
          "from": [
            2.6,
            0.2,
            -0.1
          ],
          "to": [
            2.85,
            0.45,
            0.15
          ],
          "rotationOrigin": [
            2.6,
            0.2,
            -0.1
          ],
          "faces": {
            "north": {
              "texture": "#acorns",
              "uv": [
                7.0,
                4.5,
                7.5,
                5.0
              ]
            },
            "east": {
              "texture": "#acorns",
              "uv": [
                5.5,
                3.5,
                6.0,
                4.0
              ]
            },
            "south": {
              "texture": "#acorns",
              "uv": [
                6.0,
                4.0,
                6.5,
                4.5
              ]
            },
            "west": {
              "texture": "#acorns",
              "uv": [
                7.5,
                7.0,
                8.0,
                7.5
              ]
            },
            "up": {
              "texture": "#acorns",
              "uv": [
                8.5,
                8.5,
                9.0,
                9.0
              ]
            },
            "down": {
              "texture": "#acorns",
              "uv": [
                7.5,
                9.5,
                8.0,
                10.0
              ]
            }
          }
        },
        {
          "name": "nuts 53",
          "from": [
            1.3,
            0.3,
            3.0
          ],
          "to": [
            1.55,
            0.55,
            3.25
          ],
          "rotationOrigin": [
            1.3,
            0.3,
            3.0
          ],
          "faces": {
            "north": {
              "texture": "#acorns",
              "uv": [
                11.5,
                7.5,
                12.0,
                8.0
              ]
            },
            "east": {
              "texture": "#acorns",
              "uv": [
                11.0,
                7.0,
                11.5,
                7.5
              ]
            },
            "south": {
              "texture": "#acorns",
              "uv": [
                11.5,
                7.0,
                12.0,
                7.5
              ]
            },
            "west": {
              "texture": "#acorns",
              "uv": [
                11.5,
                7.0,
                12.0,
                7.5
              ]
            },
            "up": {
              "texture": "#acorns",
              "uv": [
                11.5,
                7.0,
                12.0,
                7.5
              ]
            },
            "down": {
              "texture": "#acorns",
              "uv": [
                11.5,
                3.5,
                12.0,
                4.0
              ]
            }
          }
        },
        {
          "name": "nuts 54",
          "from": [
            3.1,
            0.3,
            3.7
          ],
          "to": [
            3.35,
            0.55,
            3.95
          ],
          "rotationOrigin": [
            3.1,
            0.3,
            3.7
          ],
          "faces": {
            "north": {
              "texture": "#acorns",
              "uv": [
                11.5,
                7.0,
                12.0,
                7.5
              ]
            },
            "east": {
              "texture": "#acorns",
              "uv": [
                11.5,
                7.0,
                12.0,
                7.5
              ]
            },
            "south": {
              "texture": "#acorns",
              "uv": [
                11.0,
                7.0,
                11.5,
                7.5
              ]
            },
            "west": {
              "texture": "#acorns",
              "uv": [
                11.0,
                7.0,
                11.5,
                7.5
              ]
            },
            "up": {
              "texture": "#acorns",
              "uv": [
                11.0,
                6.5,
                11.5,
                7.0
              ]
            },
            "down": {
              "texture": "#acorns",
              "uv": [
                11.0,
                7.5,
                11.5,
                8.0
              ]
            }
          }
        },
        {
          "name": "nuts 55",
          "from": [
            2.1,
            0.2,
            2.7
          ],
          "to": [
            2.35,
            0.45,
            2.95
          ],
          "rotationOrigin": [
            2.1,
            0.2,
            2.7
          ],
          "faces": {
            "north": {
              "texture": "#acorns",
              "uv": [
                13.0,
                8.0,
                13.5,
                8.5
              ]
            },
            "east": {
              "texture": "#acorns",
              "uv": [
                13.0,
                8.0,
                13.5,
                8.5
              ]
            },
            "south": {
              "texture": "#acorns",
              "uv": [
                13.0,
                8.0,
                13.5,
                8.5
              ]
            },
            "west": {
              "texture": "#acorns",
              "uv": [
                12.5,
                8.0,
                13.0,
                8.5
              ]
            },
            "up": {
              "texture": "#acorns",
              "uv": [
                13.5,
                8.0,
                14.0,
                8.5
              ]
            },
            "down": {
              "texture": "#acorns",
              "uv": [
                13.0,
                8.5,
                13.5,
                9.0
              ]
            }
          }
        },
        {
          "name": "nuts 56",
          "from": [
            -0.6,
            0.3,
            2.3
          ],
          "to": [
            -0.35,
            0.55,
            2.55
          ],
          "rotationOrigin": [
            -0.6,
            0.3,
            2.3
          ],
          "faces": {
            "north": {
              "texture": "#acorns",
              "uv": [
                10.0,
                10.0,
                10.5,
                10.5
              ]
            },
            "east": {
              "texture": "#acorns",
              "uv": [
                10.0,
                10.0,
                10.5,
                10.5
              ]
            },
            "south": {
              "texture": "#acorns",
              "uv": [
                10.0,
                10.5,
                10.5,
                11.0
              ]
            },
            "west": {
              "texture": "#acorns",
              "uv": [
                10.0,
                10.0,
                10.5,
                10.5
              ]
            },
            "up": {
              "texture": "#acorns",
              "uv": [
                10.0,
                10.5,
                10.5,
                11.0
              ]
            },
            "down": {
              "texture": "#acorns",
              "uv": [
                10.0,
                10.5,
                10.5,
                11.0
              ]
            }
          }
        },
        {
          "name": "nuts 57",
          "from": [
            0.7,
            0.2,
            1.9
          ],
          "to": [
            0.95,
            0.45,
            2.15
          ],
          "rotationOrigin": [
            0.7,
            0.2,
            1.9
          ],
          "faces": {
            "north": {
              "texture": "#acorns",
              "uv": [
                6.5,
                10.0,
                7.0,
                10.5
              ]
            },
            "east": {
              "texture": "#acorns",
              "uv": [
                6.5,
                10.0,
                7.0,
                10.5
              ]
            },
            "south": {
              "texture": "#acorns",
              "uv": [
                6.5,
                10.0,
                7.0,
                10.5
              ]
            },
            "west": {
              "texture": "#acorns",
              "uv": [
                6.0,
                9.5,
                6.5,
                10.0
              ]
            },
            "up": {
              "texture": "#acorns",
              "uv": [
                6.0,
                9.5,
                6.5,
                10.0
              ]
            },
            "down": {
              "texture": "#acorns",
              "uv": [
                6.0,
                10.0,
                6.5,
                10.5
              ]
            }
          }
        },
        {
          "name": "nuts 58",
          "from": [
            2.5,
            0.2,
            2.0
          ],
          "to": [
            2.75,
            0.45,
            2.25
          ],
          "rotationOrigin": [
            2.5,
            0.2,
            2.0
          ],
          "faces": {
            "north": {
              "texture": "#acorns",
              "uv": [
                7.0,
                12.0,
                7.5,
                12.5
              ]
            },
            "east": {
              "texture": "#acorns",
              "uv": [
                7.0,
                12.5,
                7.5,
                13.0
              ]
            },
            "south": {
              "texture": "#acorns",
              "uv": [
                7.0,
                12.0,
                7.5,
                12.5
              ]
            },
            "west": {
              "texture": "#acorns",
              "uv": [
                7.0,
                12.0,
                7.5,
                12.5
              ]
            },
            "up": {
              "texture": "#acorns",
              "uv": [
                7.0,
                12.0,
                7.5,
                12.5
              ]
            },
            "down": {
              "texture": "#acorns",
              "uv": [
                7.0,
                12.0,
                7.5,
                12.5
              ]
            }
          }
        },
        {
          "name": "nuts 59",
          "from": [
            3.1,
            0.2,
            1.1
          ],
          "to": [
            3.35,
            0.45,
            1.35
          ],
          "rotationOrigin": [
            3.1,
            0.2,
            1.1
          ],
          "faces": {
            "north": {
              "texture": "#acorns",
              "uv": [
                8.0,
                14.0,
                8.5,
                14.5
              ]
            },
            "east": {
              "texture": "#acorns",
              "uv": [
                7.5,
                14.5,
                8.0,
                15.0
              ]
            },
            "south": {
              "texture": "#acorns",
              "uv": [
                7.5,
                14.5,
                8.0,
                15.0
              ]
            },
            "west": {
              "texture": "#acorns",
              "uv": [
                7.5,
                14.5,
                8.0,
                15.0
              ]
            },
            "up": {
              "texture": "#acorns",
              "uv": [
                7.5,
                14.5,
                8.0,
                15.0
              ]
            },
            "down": {
              "texture": "#acorns",
              "uv": [
                7.5,
                14.0,
                8.0,
                14.5
              ]
            }
          }
        },
        {
          "name": "nuts 60",
          "from": [
            1.4,
            0.3,
            -0.2
          ],
          "to": [
            1.65,
            0.55,
            0.05
          ],
          "rotationOrigin": [
            1.4,
            0.3,
            -0.2
          ],
          "faces": {
            "north": {
              "texture": "#acorns",
              "uv": [
                4.0,
                14.5,
                4.5,
                15.0
              ]
            },
            "east": {
              "texture": "#acorns",
              "uv": [
                4.0,
                14.5,
                4.5,
                15.0
              ]
            },
            "south": {
              "texture": "#acorns",
              "uv": [
                4.0,
                14.5,
                4.5,
                15.0
              ]
            },
            "west": {
              "texture": "#acorns",
              "uv": [
                4.5,
                14.5,
                5.0,
                15.0
              ]
            },
            "up": {
              "texture": "#acorns",
              "uv": [
                4.0,
                14.5,
                4.5,
                15.0
              ]
            },
            "down": {
              "texture": "#acorns",
              "uv": [
                4.5,
                14.0,
                5.0,
                14.5
              ]
            }
          }
        },
        {
          "name": "nuts 61",
          "from": [
            0.7,
            0.2,
            1.2
          ],
          "to": [
            0.95,
            0.45,
            1.45
          ],
          "rotationOrigin": [
            0.7,
            0.2,
            1.2
          ],
          "faces": {
            "north": {
              "texture": "#acorns",
              "uv": [
                2.5,
                9.0,
                3.0,
                9.5
              ]
            },
            "east": {
              "texture": "#acorns",
              "uv": [
                2.5,
                8.5,
                3.0,
                9.0
              ]
            },
            "south": {
              "texture": "#acorns",
              "uv": [
                2.5,
                8.5,
                3.0,
                9.0
              ]
            },
            "west": {
              "texture": "#acorns",
              "uv": [
                2.5,
                9.0,
                3.0,
                9.5
              ]
            },
            "up": {
              "texture": "#acorns",
              "uv": [
                2.5,
                8.5,
                3.0,
                9.0
              ]
            },
            "down": {
              "texture": "#acorns",
              "uv": [
                2.5,
                8.5,
                3.0,
                9.0
              ]
            }
          }
        },
        {
          "name": "nuts 62",
          "from": [
            0.6,
            0.2,
            0.3
          ],
          "to": [
            0.85,
            0.45,
            0.55
          ],
          "rotationOrigin": [
            0.6,
            0.2,
            0.3
          ],
          "faces": {
            "north": {
              "texture": "#acorns",
              "uv": [
                3.0,
                13.5,
                3.5,
                14.0
              ]
            },
            "east": {
              "texture": "#acorns",
              "uv": [
                3.5,
                13.5,
                4.0,
                14.0
              ]
            },
            "south": {
              "texture": "#acorns",
              "uv": [
                3.0,
                13.0,
                3.5,
                13.5
              ]
            },
            "west": {
              "texture": "#acorns",
              "uv": [
                3.0,
                13.5,
                3.5,
                14.0
              ]
            },
            "up": {
              "texture": "#acorns",
              "uv": [
                3.5,
                13.0,
                4.0,
                13.5
              ]
            },
            "down": {
              "texture": "#acorns",
              "uv": [
                3.0,
                14.0,
                3.5,
                14.5
              ]
            }
          }
        },
        {
          "name": "nuts 64",
          "from": [
            1.7,
            0.3,
            0.3
          ],
          "to": [
            1.95,
            0.55,
            0.55
          ],
          "rotationOrigin": [
            1.7,
            0.3,
            0.3
          ],
          "faces": {
            "north": {
              "texture": "#acorns",
              "uv": [
                2.5,
                10.0,
                3.0,
                10.5
              ]
            },
            "east": {
              "texture": "#acorns",
              "uv": [
                3.0,
                10.0,
                3.5,
                10.5
              ]
            },
            "south": {
              "texture": "#acorns",
              "uv": [
                2.5,
                10.5,
                3.0,
                11.0
              ]
            },
            "west": {
              "texture": "#acorns",
              "uv": [
                3.0,
                10.0,
                3.5,
                10.5
              ]
            },
            "up": {
              "texture": "#acorns",
              "uv": [
                3.5,
                10.0,
                4.0,
                10.5
              ]
            },
            "down": {
              "texture": "#acorns",
              "uv": [
                3.0,
                10.5,
                3.5,
                11.0
              ]
            }
          }
        },
        {
          "name": "nuts 65",
          "from": [
            -0.6,
            0.2,
            1.3
          ],
          "to": [
            -0.35,
            0.45,
            1.55
          ],
          "rotationOrigin": [
            -0.6,
            0.2,
            1.3
          ],
          "faces": {
            "north": {
              "texture": "#acorns",
              "uv": [
                3.5,
                5.0,
                4.0,
                5.5
              ]
            },
            "east": {
              "texture": "#acorns",
              "uv": [
                4.0,
                4.0,
                4.5,
                4.5
              ]
            },
            "south": {
              "texture": "#acorns",
              "uv": [
                4.0,
                4.5,
                4.5,
                5.0
              ]
            },
            "west": {
              "texture": "#acorns",
              "uv": [
                4.0,
                4.5,
                4.5,
                5.0
              ]
            },
            "up": {
              "texture": "#acorns",
              "uv": [
                4.5,
                4.5,
                5.0,
                5.0
              ]
            },
            "down": {
              "texture": "#acorns",
              "uv": [
                3.0,
                4.5,
                3.5,
                5.0
              ]
            }
          }
        }
      ]
    },
    "file": "shapes/block/meal/meaty-stew.json"
  },
  {
    "op": "add",
    "path": "/textureSizes/meatnugget",
    "value": [
      8,
      8
    ],
    "file": "shapes/block/meal/meaty-stew.json"
  }
]