[
  {
    "op": "add",
    "path": "/ingredients/0/validStacks/-",
    "value": {
      "type": "item",
      "code": "expandedfoods:vegetablejuiceportion-carrot",
      "shapeElement": "bowl/water",
      "textureMapping": [
        "water",
        "carrotjuice"
      ]
    },
    "file": "recipes/cooking/soup.json"
  },
  {
    "op": "add",
    "path": "/ingredients/0/validStacks/-",
    "value": {
      "type": "item",
      "code": "expandedfoods:vegetablejuiceportion-cabbage",
      "shapeElement": "bowl/water",
      "textureMapping": [
        "water",
        "cabbagejuice"
      ]
    },
    "file": "recipes/cooking/soup.json"
  },
  {
    "op": "add",
    "path": "/ingredients/0/validStacks/-",
    "value": {
      "type": "item",
      "code": "expandedfoods:vegetablejuiceportion-onion",
      "shapeElement": "bowl/water",
      "textureMapping": [
        "water",
        "onionjuice"
      ]
    },
    "file": "recipes/cooking/soup.json"
  },
  {
    "op": "add",
    "path": "/ingredients/0/validStacks/-",
    "value": {
      "type": "item",
      "code": "expandedfoods:vegetablejuiceportion-turnip",
      "shapeElement": "bowl/water",
      "textureMapping": [
        "water",
        "turnipjuice"
      ]
    },
    "file": "recipes/cooking/soup.json"
  },
  {
    "op": "add",
    "path": "/ingredients/0/validStacks/-",
    "value": {
      "type": "item",
      "code": "expandedfoods:vegetablejuiceportion-parsnip",
      "shapeElement": "bowl/water",
      "textureMapping": [
        "water",
        "parsnipjuice"
      ]
    },
    "file": "recipes/cooking/soup.json"
  },
  {
    "op": "add",
    "path": "/ingredients/0/validStacks/-",
    "value": {
      "type": "item",
      "code": "expandedfoods:vegetablejuiceportion-pumpkin",
      "shapeElement": "bowl/water",
      "textureMapping": [
        "water",
        "pumpkinjuice"
      ]
    },
    "file": "recipes/cooking/soup.json"
  },
  {
    "op": "add",
    "path": "/ingredients/0/validStacks/-",
    "value": {
      "type": "item",
      "code": "expandedfoods:vegetablejuiceportion-cassava",
      "shapeElement": "bowl/water",
      "textureMapping": [
        "water",
        "cassavajuice"
      ]
    },
    "file": "recipes/cooking/soup.json"
  },
  {
    "op": "add",
    "path": "/ingredients/0/validStacks/-",
    "value": {
      "type": "item",
      "code": "expandedfoods:vegetablejuiceportion-bellpepper",
      "shapeElement": "bowl/water",
      "textureMapping": [
        "water",
        "bellpepperjuice"
      ]
    },
    "file": "recipes/cooking/soup.json"
  },
  {
    "op": "add",
    "path": "/ingredients/0/validStacks/-",
    "value": {
      "type": "item",
      "code": "expandedfoods:brothportion-bone",
      "shapeElement": "bowl/water",
      "textureMapping": [
        "water",
        "bonebroth"
      ]
    },
    "file": "recipes/cooking/soup.json"
  },
  {
    "op": "add",
    "path": "/ingredients/0/validStacks/-",
    "value": {
      "type": "item",
      "code": "expandedfoods:mixjuiceportion-vegetable",
      "shapeElement": "bowl/water",
      "textureMapping": [
        "water",
        "vegetablemix"
      ]
    },
    "file": "recipes/cooking/soup.json"
  },
 {
    "op": "add",
    "path": "/ingredients/1/validStacks/-",
    "value": {
      "type": "item",
      "code": "expandedfoods:dumpling-raw"
    },
    "file": "recipes/cooking/soup.json"
  },
  {
    "op": "add",
    "path": "/ingredients/1/validStacks/-",
    "value": {
      "type": "item",
      "code": "expandedfoods:acorndumpling-raw"
    },
    "file": "recipes/cooking/soup.json"
  },
  {
    "op": "add",
    "path": "/ingredients/1/validStacks/-",
    "value": {
      "type": "item",
      "code": "expandedfoods:choppedvegetable-carrot",
      "shapeElement": "bowl/vegetable 1/*",
      "textureMapping": [
        "vegetable",
        "group1"
      ]
    },
    "file": "recipes/cooking/soup.json"
  },
  {
    "op": "add",
    "path": "/ingredients/1/validStacks/-",
    "value": {
      "type": "item",
      "code": "expandedfoods:choppedvegetable-pickledcarrot",
      "shapeElement": "bowl/vegetable 1/*",
      "textureMapping": [
        "vegetable",
        "group1"
      ]
    },
    "file": "recipes/cooking/soup.json"
  },
  {
    "op": "add",
    "path": "/ingredients/1/validStacks/-",
    "value": {
      "type": "item",
      "code": "expandedfoods:choppedvegetable-flyagaric",
      "shapeElement": "bowl/vegetable 1/*",
      "textureMapping": [
        "vegetable",
        "group2"
      ]
    },
    "file": "recipes/cooking/soup.json"
  },
  {
    "op": "add",
    "path": "/ingredients/1/validStacks/-",
    "value": {
      "type": "item",
      "code": "expandedfoods:choppedvegetable-bolete",
      "shapeElement": "bowl/vegetable 1/*",
      "textureMapping": [
        "vegetable",
        "group3"
      ]
    },
    "file": "recipes/cooking/soup.json"
  },
  {
    "op": "add",
    "path": "/ingredients/1/validStacks/-",
    "value": {
      "type": "item",
      "code": "expandedfoods:choppedvegetable-parsnip",
      "shapeElement": "bowl/vegetable 1/*",
      "textureMapping": [
        "vegetable",
        "group4"
      ]
    },
    "file": "recipes/cooking/soup.json"
  },
  {
    "op": "add",
    "path": "/ingredients/1/validStacks/-",
    "value": {
      "type": "item",
      "code": "expandedfoods:choppedvegetable-pickledparsnip",
      "shapeElement": "bowl/vegetable 1/*",
      "textureMapping": [
        "vegetable",
        "group4"
      ]
    },
    "file": "recipes/cooking/soup.json"
  },
  {
    "op": "add",
    "path": "/ingredients/1/validStacks/-",
    "value": {
      "type": "item",
      "code": "expandedfoods:choppedvegetable-turnip",
      "shapeElement": "bowl/vegetable 1/*",
      "textureMapping": [
        "vegetable",
        "group5"
      ]
    },
    "file": "recipes/cooking/soup.json"
  },
  {
    "op": "add",
    "path": "/ingredients/1/validStacks/-",
    "value": {
      "type": "item",
      "code": "expandedfoods:choppedvegetable-pickledturnip",
      "shapeElement": "bowl/vegetable 1/*",
      "textureMapping": [
        "vegetable",
        "group5"
      ]
    },
    "file": "recipes/cooking/soup.json"
  },
  {
    "op": "add",
    "path": "/ingredients/1/validStacks/-",
    "value": {
      "type": "item",
      "code": "expandedfoods:choppedvegetable-onion",
      "shapeElement": "bowl/vegetable 1/*",
      "textureMapping": [
        "vegetable",
        "group6"
      ]
    },
    "file": "recipes/cooking/soup.json"
  },
  {
    "op": "add",
    "path": "/ingredients/1/validStacks/-",
    "value": {
      "type": "item",
      "code": "expandedfoods:choppedvegetable-pickledonion",
      "shapeElement": "bowl/vegetable 1/*",
      "textureMapping": [
        "vegetable",
        "group6"
      ]
    },
    "file": "recipes/cooking/soup.json"
  },
  {
    "op": "add",
    "path": "/ingredients/1/validStacks/-",
    "value": {
      "type": "item",
      "code": "expandedfoods:choppedvegetable-fieldmushroom",
      "shapeElement": "bowl/vegetable 1/*",
      "textureMapping": [
        "vegetable",
        "group7"
      ]
    },
    "file": "recipes/cooking/soup.json"
  },
  {
    "op": "add",
    "path": "/ingredients/1/validStacks/-",
    "value": {
      "type": "item",
      "code": "expandedfoods:choppedvegetable-pumpkin",
      "shapeElement": "bowl/vegetable 1/*",
      "textureMapping": [
        "vegetable",
        "group8"
      ]
    },
    "file": "recipes/cooking/soup.json"
  },
  {
    "op": "add",
    "path": "/ingredients/1/validStacks/-",
    "value": {
      "type": "item",
      "code": "expandedfoods:choppedvegetable-pickledpumpkin",
      "shapeElement": "bowl/vegetable 1/*",
      "textureMapping": [
        "vegetable",
        "group8"
      ]
    },
    "file": "recipes/cooking/soup.json"
  },
  {
    "op": "add",
    "path": "/ingredients/1/validStacks/-",
    "value": {
      "type": "item",
      "code": "expandedfoods:choppedvegetable-cabbage",
      "shapeElement": "bowl/vegetable 1/*",
      "textureMapping": [
        "vegetable",
        "group10"
      ]
    },
    "file": "recipes/cooking/soup.json"
  },
 {
    "op": "add",
    "path": "/ingredients/1/validStacks/-",
    "value": {
      "type": "item",
      "code": "expandedfoods:driedseaweed-edible"
    },
    "file": "recipes/cooking/soup.json"
  },
  {
    "op": "add",
    "path": "/ingredients/1/validStacks/-",
    "value": {
      "type": "item",
      "code": "expandedfoods:choppedvegetable-cassava",
      "shapeElement": "bowl/vegetable 1/*",
      "textureMapping": [
        "vegetable",
        "group11"
      ]
    },
    "file": "recipes/cooking/soup.json"
  },
  {
    "op": "add",
    "path": "/ingredients/1/validStacks/-",
    "value": {
      "type": "item",
      "code": "expandedfoods:choppedvegetable-bellpepper",
      "shapeElement": "bowl/vegetable 1/*",
      "textureMapping": [
        "fruit",
        "group8"
      ]
    },
    "file": "recipes/cooking/soup.json"
  },
  {
    "op": "add",
    "path": "/ingredients/1/validStacks/-",
    "value": {
      "type": "item",
      "code": "expandedfoods:choppedvegetable-pickledbellpepper",
      "shapeElement": "bowl/vegetable 1/*",
      "textureMapping": [
        "fruit",
        "group8"
      ]
    },
    "file": "recipes/cooking/soup.json"
  },
  {
    "op": "add",
    "path": "/ingredients/1/validStacks/-",
    "value": {
      "type": "item",
      "code": "expandedfoods:choppedvegetable-cattailroot",
      "shapeElement": "bowl/vegetable 1/*",
      "textureMapping": [
        "vegetable",
        "group11"
      ]
    },
    "file": "recipes/cooking/soup.json"
  },
  {
    "op": "add",
    "path": "/ingredients/1/validStacks/-",
    "value": {
      "type": "item",
      "code": "expandedfoods:choppedvegetable-papyrusroot",
      "shapeElement": "bowl/vegetable 1/*",
      "textureMapping": [
        "vegetable",
        "group11"
      ]
    },
    "file": "recipes/cooking/soup.json"
  },
  {
    "op": "add",
    "path": "/ingredients/2/validStacks/8",
    "value": {
      "type": "item",
      "code": "expandedfoods:dumpling-raw"
    },
    "file": "recipes/cooking/soup.json"
  },
  {
    "op": "add",
    "path": "/ingredients/2/validStacks/-",
    "value": {
      "type": "item",
      "code": "expandedfoods:acorndumpling-raw"
    },
    "file": "recipes/cooking/soup.json"
  },
  {
    "op": "add",
    "path": "/ingredients/2/validStacks/-",
    "value": {
      "type": "item",
      "code": "expandedfoods:choppedvegetable-carrot",
      "shapeElement": "bowl/vegetable 2/*",
      "textureMapping": [
        "vegetable",
        "group1"
      ]
    },
    "file": "recipes/cooking/soup.json"
  },
  {
    "op": "add",
    "path": "/ingredients/2/validStacks/-",
    "value": {
      "type": "item",
      "code": "expandedfoods:choppedvegetable-pickledcarrot",
      "shapeElement": "bowl/vegetable 2/*",
      "textureMapping": [
        "vegetable",
        "group1"
      ]
    },
    "file": "recipes/cooking/soup.json"
  },
  {
    "op": "add",
    "path": "/ingredients/2/validStacks/-",
    "value": {
      "type": "item",
      "code": "expandedfoods:choppedvegetable-flyagaric",
      "shapeElement": "bowl/vegetable 2/*",
      "textureMapping": [
        "vegetable",
        "group2"
      ]
    },
    "file": "recipes/cooking/soup.json"
  },
  {
    "op": "add",
    "path": "/ingredients/2/validStacks/-",
    "value": {
      "type": "item",
      "code": "expandedfoods:choppedvegetable-bolete",
      "shapeElement": "bowl/vegetable 2/*",
      "textureMapping": [
        "vegetable",
        "group3"
      ]
    },
    "file": "recipes/cooking/soup.json"
  },
  {
    "op": "add",
    "path": "/ingredients/2/validStacks/-",
    "value": {
      "type": "item",
      "code": "expandedfoods:choppedvegetable-parsnip",
      "shapeElement": "bowl/vegetable 2/*",
      "textureMapping": [
        "vegetable",
        "group4"
      ]
    },
    "file": "recipes/cooking/soup.json"
  },
  {
    "op": "add",
    "path": "/ingredients/2/validStacks/-",
    "value": {
      "type": "item",
      "code": "expandedfoods:choppedvegetable-pickledparsnip",
      "shapeElement": "bowl/vegetable 2/*",
      "textureMapping": [
        "vegetable",
        "group4"
      ]
    },
    "file": "recipes/cooking/soup.json"
  },
  {
    "op": "add",
    "path": "/ingredients/2/validStacks/-",
    "value": {
      "type": "item",
      "code": "expandedfoods:choppedvegetable-turnip",
      "shapeElement": "bowl/vegetable 2/*",
      "textureMapping": [
        "vegetable",
        "group5"
      ]
    },
    "file": "recipes/cooking/soup.json"
  },
  {
    "op": "add",
    "path": "/ingredients/2/validStacks/-",
    "value": {
      "type": "item",
      "code": "expandedfoods:choppedvegetable-pickledturnip",
      "shapeElement": "bowl/vegetable 2/*",
      "textureMapping": [
        "vegetable",
        "group5"
      ]
    },
    "file": "recipes/cooking/soup.json"
  },
  {
    "op": "add",
    "path": "/ingredients/2/validStacks/-",
    "value": {
      "type": "item",
      "code": "expandedfoods:choppedvegetable-onion",
      "shapeElement": "bowl/vegetable 2/*",
      "textureMapping": [
        "vegetable",
        "group6"
      ]
    },
    "file": "recipes/cooking/soup.json"
  },
  {
    "op": "add",
    "path": "/ingredients/2/validStacks/-",
    "value": {
      "type": "item",
      "code": "expandedfoods:choppedvegetable-pickledonion",
      "shapeElement": "bowl/vegetable 2/*",
      "textureMapping": [
        "vegetable",
        "group6"
      ]
    },
    "file": "recipes/cooking/soup.json"
  },
  {
    "op": "add",
    "path": "/ingredients/2/validStacks/-",
    "value": {
      "type": "item",
      "code": "expandedfoods:choppedvegetable-fieldmushroom",
      "shapeElement": "bowl/vegetable 2/*",
      "textureMapping": [
        "vegetable",
        "group7"
      ]
    },
    "file": "recipes/cooking/soup.json"
  },
  {
    "op": "add",
    "path": "/ingredients/2/validStacks/-",
    "value": {
      "type": "item",
      "code": "expandedfoods:choppedvegetable-pumpkin",
      "shapeElement": "bowl/vegetable 2/*",
      "textureMapping": [
        "vegetable",
        "group8"
      ]
    },
    "file": "recipes/cooking/soup.json"
  },
  {
    "op": "add",
    "path": "/ingredients/2/validStacks/-",
    "value": {
      "type": "item",
      "code": "expandedfoods:choppedvegetable-pickledpumpkin",
      "shapeElement": "bowl/vegetable 2/*",
      "textureMapping": [
        "vegetable",
        "group8"
      ]
    },
    "file": "recipes/cooking/soup.json"
  },
  {
    "op": "add",
    "path": "/ingredients/2/validStacks/-",
    "value": {
      "type": "item",
      "code": "expandedfoods:choppedvegetable-cabbage",
      "shapeElement": "bowl/vegetable 2/*",
      "textureMapping": [
        "vegetable",
        "group10"
      ]
    },
    "file": "recipes/cooking/soup.json"
  },
 {
    "op": "add",
    "path": "/ingredients/2/validStacks/-",
    "value": {
      "type": "item",
      "code": "expandedfoods:driedseaweed-edible"
    },
    "file": "recipes/cooking/soup.json"
  },
  {
    "op": "add",
    "path": "/ingredients/2/validStacks/-",
    "value": {
      "type": "item",
      "code": "expandedfoods:choppedvegetable-cassava",
      "shapeElement": "bowl/vegetable 2/*",
      "textureMapping": [
        "vegetable",
        "group11"
      ]
    },
    "file": "recipes/cooking/soup.json"
  },
  {
    "op": "add",
    "path": "/ingredients/2/validStacks/-",
    "value": {
      "type": "item",
      "code": "expandedfoods:choppedvegetable-bellpepper",
      "shapeElement": "bowl/vegetable 2/*",
      "textureMapping": [
        "fruit",
        "group8"
      ]
    },
    "file": "recipes/cooking/soup.json"
  },
  {
    "op": "add",
    "path": "/ingredients/2/validStacks/-",
    "value": {
      "type": "item",
      "code": "expandedfoods:choppedvegetable-pickledbellpepper",
      "shapeElement": "bowl/vegetable 2/*",
      "textureMapping": [
        "fruit",
        "group8"
      ]
    },
    "file": "recipes/cooking/soup.json"
  },
  {
    "op": "add",
    "path": "/ingredients/2/validStacks/-",
    "value": {
      "type": "item",
      "code": "expandedfoods:choppedvegetable-cattailroot",
      "shapeElement": "bowl/vegetable 2/*",
      "textureMapping": [
        "vegetable",
        "group11"
      ]
    },
    "file": "recipes/cooking/soup.json"
  },
  {
    "op": "add",
    "path": "/ingredients/2/validStacks/-",
    "value": {
      "type": "item",
      "code": "expandedfoods:choppedvegetable-papyrusroot",
      "shapeElement": "bowl/vegetable 2/*",
      "textureMapping": [
        "vegetable",
        "group11"
      ]
    },
    "file": "recipes/cooking/soup.json"
  },
  {
    "op": "add",
    "path": "/ingredients/3/validStacks/-",
    "value": {
      "type": "item",
      "code": "expandedfoods:dumpling-raw"
    },
    "file": "recipes/cooking/soup.json"
  },
  {
    "op": "add",
    "path": "/ingredients/3/validStacks/-",
    "value": {
      "type": "item",
      "code": "expandedfoods:acorndumpling-raw"
    },
    "file": "recipes/cooking/soup.json"
  },
  {
    "op": "add",
    "path": "/ingredients/3/validStacks/-",
    "value": {
      "type": "item",
      "code": "expandedfoods:choppedvegetable-carrot",
      "shapeElement": "bowl/vegetable 3/*",
      "textureMapping": [
        "vegetable",
        "group1"
      ]
    },
    "file": "recipes/cooking/soup.json"
  },
  {
    "op": "add",
    "path": "/ingredients/3/validStacks/-",
    "value": {
      "type": "item",
      "code": "expandedfoods:choppedvegetable-pickledcarrot",
      "shapeElement": "bowl/vegetable 3/*",
      "textureMapping": [
        "vegetable",
        "group1"
      ]
    },
    "file": "recipes/cooking/soup.json"
  },
  {
    "op": "add",
    "path": "/ingredients/3/validStacks/-",
    "value": {
      "type": "item",
      "code": "expandedfoods:choppedvegetable-flyagaric",
      "shapeElement": "bowl/vegetable 3/*",
      "textureMapping": [
        "vegetable",
        "group2"
      ]
    },
    "file": "recipes/cooking/soup.json"
  },
  {
    "op": "add",
    "path": "/ingredients/3/validStacks/-",
    "value": {
      "type": "item",
      "code": "expandedfoods:choppedvegetable-bolete",
      "shapeElement": "bowl/vegetable 3/*",
      "textureMapping": [
        "vegetable",
        "group3"
      ]
    },
    "file": "recipes/cooking/soup.json"
  },
  {
    "op": "add",
    "path": "/ingredients/3/validStacks/-",
    "value": {
      "type": "item",
      "code": "expandedfoods:choppedvegetable-parsnip",
      "shapeElement": "bowl/vegetable 3/*",
      "textureMapping": [
        "vegetable",
        "group4"
      ]
    },
    "file": "recipes/cooking/soup.json"
  },
  {
    "op": "add",
    "path": "/ingredients/3/validStacks/-",
    "value": {
      "type": "item",
      "code": "expandedfoods:choppedvegetable-pickledparsnip",
      "shapeElement": "bowl/vegetable 3/*",
      "textureMapping": [
        "vegetable",
        "group4"
      ]
    },
    "file": "recipes/cooking/soup.json"
  },
  {
    "op": "add",
    "path": "/ingredients/3/validStacks/-",
    "value": {
      "type": "item",
      "code": "expandedfoods:choppedvegetable-turnip",
      "shapeElement": "bowl/vegetable 3/*",
      "textureMapping": [
        "vegetable",
        "group5"
      ]
    },
    "file": "recipes/cooking/soup.json"
  },
  {
    "op": "add",
    "path": "/ingredients/3/validStacks/-",
    "value": {
      "type": "item",
      "code": "expandedfoods:choppedvegetable-pickledturnip",
      "shapeElement": "bowl/vegetable 3/*",
      "textureMapping": [
        "vegetable",
        "group5"
      ]
    },
    "file": "recipes/cooking/soup.json"
  },
  {
    "op": "add",
    "path": "/ingredients/3/validStacks/-",
    "value": {
      "type": "item",
      "code": "expandedfoods:choppedvegetable-onion",
      "shapeElement": "bowl/vegetable 3/*",
      "textureMapping": [
        "vegetable",
        "group6"
      ]
    },
    "file": "recipes/cooking/soup.json"
  },
  {
    "op": "add",
    "path": "/ingredients/3/validStacks/-",
    "value": {
      "type": "item",
      "code": "expandedfoods:choppedvegetable-pickledonion",
      "shapeElement": "bowl/vegetable 3/*",
      "textureMapping": [
        "vegetable",
        "group6"
      ]
    },
    "file": "recipes/cooking/soup.json"
  },
  {
    "op": "add",
    "path": "/ingredients/3/validStacks/-",
    "value": {
      "type": "item",
      "code": "expandedfoods:choppedvegetable-fieldmushroom",
      "shapeElement": "bowl/vegetable 3/*",
      "textureMapping": [
        "vegetable",
        "group7"
      ]
    },
    "file": "recipes/cooking/soup.json"
  },
  {
    "op": "add",
    "path": "/ingredients/3/validStacks/-",
    "value": {
      "type": "item",
      "code": "expandedfoods:choppedvegetable-pumpkin",
      "shapeElement": "bowl/vegetable 3/*",
      "textureMapping": [
        "vegetable",
        "group8"
      ]
    },
    "file": "recipes/cooking/soup.json"
  },
  {
    "op": "add",
    "path": "/ingredients/3/validStacks/-",
    "value": {
      "type": "item",
      "code": "expandedfoods:choppedvegetable-pickledpumpkin",
      "shapeElement": "bowl/vegetable 3/*",
      "textureMapping": [
        "vegetable",
        "group8"
      ]
    },
    "file": "recipes/cooking/soup.json"
  },
  {
    "op": "add",
    "path": "/ingredients/3/validStacks/-",
    "value": {
      "type": "item",
      "code": "expandedfoods:choppedvegetable-cabbage",
      "shapeElement": "bowl/vegetable 3/*",
      "textureMapping": [
        "vegetable",
        "group10"
      ]
    },
    "file": "recipes/cooking/soup.json"
  },
  {
    "op": "add",
    "path": "/ingredients/3/validStacks/-",
    "value": {
      "type": "item",
      "code": "expandedfoods:choppedvegetable-cassava",
      "shapeElement": "bowl/vegetable 3/*",
      "textureMapping": [
        "vegetable",
        "group11"
      ]
    },
    "file": "recipes/cooking/soup.json"
  },
  {
    "op": "add",
    "path": "/ingredients/3/validStacks/-",
    "value": {
      "type": "item",
      "code": "expandedfoods:choppedvegetable-bellpepper",
      "shapeElement": "bowl/vegetable 3/*",
      "textureMapping": [
        "fruit",
        "group8"
      ]
    },
    "file": "recipes/cooking/soup.json"
  },
  {
    "op": "add",
    "path": "/ingredients/3/validStacks/-",
    "value": {
      "type": "item",
      "code": "expandedfoods:choppedvegetable-pickledbellpepper",
      "shapeElement": "bowl/vegetable 3/*",
      "textureMapping": [
        "fruit",
        "group8"
      ]
    },
    "file": "recipes/cooking/soup.json"
  },
 {
    "op": "add",
    "path": "/ingredients/3/validStacks/-",
    "value": {
      "type": "item",
      "code": "expandedfoods:driedseaweed-edible"
    },
    "file": "recipes/cooking/soup.json"
  },
  {
    "op": "add",
    "path": "/ingredients/3/validStacks/-",
    "value": {
      "type": "item",
      "code": "expandedfoods:choppedvegetable-cattailroot",
      "shapeElement": "bowl/vegetable 3/*",
      "textureMapping": [
        "vegetable",
        "group11"
      ]
    },
    "file": "recipes/cooking/soup.json"
  },
  {
    "op": "add",
    "path": "/ingredients/3/validStacks/-",
    "value": {
      "type": "item",
      "code": "expandedfoods:choppedvegetable-papyrusroot",
      "shapeElement": "bowl/vegetable 3/*",
      "textureMapping": [
        "vegetable",
        "group11"
      ]
    },
    "file": "recipes/cooking/soup.json"
  },
  {
    "op": "add",
    "path": "/ingredients/4/validStacks/-",
    "value": {
      "type": "item",
      "code": "expandedfoods:dumpling-raw"
    },
    "file": "recipes/cooking/soup.json"
  },
  {
    "op": "add",
    "path": "/ingredients/4/validStacks/-",
    "value": {
      "type": "item",
      "code": "expandedfoods:acorndumpling-raw"
    },
    "file": "recipes/cooking/soup.json"
  },
  {
        "file": "recipes/cooking/soup.json",
        "op": "add",
        "path": "/ingredients/4/validStacks/-",
        "value": {
            "type": "item",
            "code": "expandedfoods:fishnugget-raw",
            "shapeElement": "bowl/meatnugget 1/*",
  	    "textureMapping": [
      		 "meatnugget",
       		 "fishfillet-raw"
     	 ]
        }
  },
   {
        "file": "recipes/cooking/soup.json",
        "op": "add",
        "path": "/ingredients/4/validStacks/-",
        "value": {
            "type": "item",
   	    "code": "expandedfoods:meatnugget-bushmeat-raw",
     	    "shapeElement": "bowl/meatnugget 1/*",
     	    "textureMapping": [
       		"meatnugget",
        	"group6"
     	 ]
        }
  },
  {
        "file": "recipes/cooking/soup.json",
        "op": "add",
        "path": "/ingredients/4/validStacks/-",
        "value": {
            "type": "item",
   	    "code": "expandedfoods:meatnugget-redmeat-raw",
     	    "shapeElement": "bowl/meatnugget 1/*",
     	    "textureMapping": [
       		"meatnugget",
        	"group6"
     	 ]
        }
  },
  {
        "file": "recipes/cooking/soup.json",
        "op": "add",
        "path": "/ingredients/4/validStacks/-",
        "value": {
            "type": "item",
   	    "code": "expandedfoods:meatnugget-poultry-raw",
     	    "shapeElement": "bowl/meatnugget 1/*",
     	    "textureMapping": [
       		"meatnugget",
        	"group5"
     	 ]
        }
  },
   {
        "file": "recipes/cooking/soup.json",
        "op": "add",
        "path": "/ingredients/4/validStacks/-",
        "value": {
            "type": "item",
   	    "code": "expandedfoods:agedmeat-bushmeat-raw",
     	    "shapeElement": "bowl/meatnugget 1/*",
     	    "textureMapping": [
       		"meatnugget",
        	"group6"
     	 ]
        }
  },
  {
        "file": "recipes/cooking/soup.json",
        "op": "add",
        "path": "/ingredients/4/validStacks/-",
        "value": {
            "type": "item",
   	    "code": "expandedfoods:agedmeat-redmeat-raw",
     	    "shapeElement": "bowl/meatnugget 1/*",
     	    "textureMapping": [
       		"meatnugget",
        	"group6"
     	 ]
        }
  },
  {
        "file": "recipes/cooking/soup.json",
        "op": "add",
        "path": "/ingredients/4/validStacks/-",
        "value": {
            "type": "item",
   	    "code": "expandedfoods:agedmeat-poultry-raw",
     	    "shapeElement": "bowl/meatnugget 1/*",
     	    "textureMapping": [
       		"meatnugget",
        	"group5"
     	 ]
        }
  },
  {
    "op": "add",
    "path": "/ingredients/5",
    "value": {
      "code": "breadcrumbs-extra",
      "validStacks": [
        {
          "type": "item",
          "code": "expandedfoods:breadcrumbs-*"
        }
      ],
      "minQuantity": 0,
      "maxQuantity": 1
    },
    "file": "recipes/cooking/soup.json"
  },
  {
    "op": "add",
    "path": "/ingredients/5/validStacks/-",
    "value": {
      "type": "item",
      "code": "expandedfoods:acornbreadcrumbs-*",
      "minQuantity": 0,
      "maxQuantity": 1
    },
    "file": "recipes/cooking/soup.json"
  },
  {
    "op": "add",
    "path": "/ingredients/6",
    "value": {
      "code": "salt",
      "validStacks": [
        {
          "type": "item",
          "code": "salt"
        }
      ],
      "minQuantity": 0,
      "maxQuantity": 1
    },
    "file": "recipes/cooking/soup.json"
  },
]