[
  {
    "op": "add",
    "path": "/combustiblePropsByType",
    "value": {
      "*-cabbage": {
        "meltingPoint": 150,
        "meltingDuration": 30,
        "smeltedRatio": 1,
        "smeltingType": "cook",
        "smeltedStack": {
          "type": "item",
          "code": "expandedfoods:cookedveggie-cabbage-charred"
        },
        "requiresContainer": false
      },
      "*-carrot": {
        "meltingPoint": 150,
        "meltingDuration": 30,
        "smeltedRatio": 1,
        "smeltingType": "cook",
        "smeltedStack": {
          "type": "item",
          "code": "expandedfoods:cookedveggie-carrot-charred"
        },
        "requiresContainer": false
      },
      "*-onion": {
        "meltingPoint": 150,
        "meltingDuration": 30,
        "smeltedRatio": 1,
        "smeltingType": "cook",
        "smeltedStack": {
          "type": "item",
          "code": "expandedfoods:cookedveggie-onion-charred"
        },
        "requiresContainer": false
      },
      "*-turnip": {
        "meltingPoint": 150,
        "meltingDuration": 30,
        "smeltedRatio": 1,
        "smeltingType": "cook",
        "smeltedStack": {
          "type": "item",
          "code": "expandedfoods:cookedveggie-turnip-charred"
        },
        "requiresContainer": false
      },
      "*-parsnip": {
        "meltingPoint": 150,
        "meltingDuration": 30,
        "smeltedRatio": 1,
        "smeltingType": "cook",
        "smeltedStack": {
          "type": "item",
          "code": "expandedfoods:cookedveggie-parsnip-charred"
        },
        "requiresContainer": false
      },
      "*-cassava": {
        "meltingPoint": 150,
        "meltingDuration": 30,
        "smeltedRatio": 1,
        "smeltingType": "cook",
        "smeltedStack": {
          "type": "item",
          "code": "expandedfoods:cookedveggie-cassava-charred"
        },
        "requiresContainer": false
      },
      "*-pumpkin": {
        "meltingPoint": 150,
        "meltingDuration": 30,
        "smeltedRatio": 1,
        "smeltingType": "cook",
        "smeltedStack": {
          "type": "item",
          "code": "expandedfoods:cookedveggie-pumpkin-charred"
        },
        "requiresContainer": false
      }
    },
    "file": "itemtypes/food/vegetable.json"
  },
  {
    "op": "add",
    "path": "/attributesByType/*/inFirePitProps",
    "value": {
      "transform": {
        "scale": 0.85,
        "origin": {
          "x": 0.5,
          "y": 0.0625,
          "z": 0.5
        },
        "translation": {
          "x": 0,
          "y": 0.125,
          "z": -0.1
        },
        "rotation": {
          "x": 0,
          "y": 0,
          "z": 0
        },
      },
      "useFirepitModel": "Spit"
    },
    "file": "itemtypes/food/vegetable.json"
  },
  {
    "op": "add",
    "path": "/attributesByType/*-cabbage/inFirePitProps",
    "value": {
      "transform": {
        "scale": 0.85,
        "origin": {
          "x": 0,
          "y": 0,
          "z": 0
        },
        "translation": {
          "x": 0.65,
          "y": 0.6,
          "z": 0.1
        },
        "rotation": {
          "x": 0,
          "y": 0,
          "z": 90
        }
      },
      "useFirepitModel": "Spit"
    },
    "file": "itemtypes/food/vegetable.json"
  },
  {
    "op": "add",
    "path": "/attributesByType/*-pumpkin/inFirePitProps",
    "value": {
      "transform": {
        "scale": 0.85,
        "origin": {
          "x": 0.5,
          "y": 0.0625,
          "z": 0.5
        },
        "translation": {
          "x": -0.02125,
          "y": 0.125,
          "z": 0
        },
        "rotation": {
          "x": 0,
          "y": 0,
          "z": 90
        }
      },
      "useFirepitModel": "Spit"
    },
    "file": "itemtypes/food/vegetable.json"
  },


  {
    "op": "add",
    "path": "/attributesByType/*-carrot",
    "value": {
      	"inContainerTexture": {
        	"base": "block/wood/barrel/raw-{type}"
      	},
	"squeezeInto": "expandedfoods:vegetablejuiceportion-carrot",
	"squeezeRatio": 4,
      	"nutritionPropsWhenInMeal": {
        	"satiety": 150,
        	"foodcategory": "Vegetable"
      	},
      	"inPieProperties": {
        	"texture": "block/food/pie/fill-{type}",
        	"partType": "Filling"
      	},
     	"bakingProperties": {
       		"temp": 100,
       		"levelFrom": 0.0,
       		"levelTo": 0.25,
        	"startScaleY": 1.0,
       		"endScaleY": 1.0,
        	"resultCode": "expandedfoods:cookedveggie-carrot-partbaked"
      	},
     	"onDisplayTransform": {
       		"rotation": {
         		"x": 90,
        		"y": 0,
        		"z": 0
        	},
        	"translation": {
          		"x": 0,
          		"y": -0.45,
          		"z": 0.25
        	},
        	"scale": 1
      	}
    },
    "file": "game:itemtypes/food/vegetable.json"
  },
  {
    "op": "add",
    "path": "/attributesByType/*-parsnip",
    "value": {
      "inContainerTexture": {
        "base": "block/wood/barrel/raw-{type}"
      },
	"squeezeInto": "expandedfoods:vegetablejuiceportion-parsnip",
	"squeezeRatio": 4,
      "nutritionPropsWhenInMeal": {
        "satiety": 150,
        "foodcategory": "Vegetable"
      },
      "inPieProperties": {
        "texture": "block/food/pie/fill-{type}",
        "partType": "Filling"
      },
      "bakingProperties": {
        "temp": 100,
        "levelFrom": 0.0,
        "levelTo": 0.25,
        "startScaleY": 1.0,
       	"endScaleY": 1.0,
        "resultCode": "expandedfoods:cookedveggie-parsnip-partbaked"
      },
      "onDisplayTransform": {
        "rotation": {
          "x": 90,
          "y": 0,
          "z": 0
        },
        "translation": {
          "x": 0,
          "y": -0.45,
          "z": 0.25
        },
        "scale": 1
      }
    },
    "file": "game:itemtypes/food/vegetable.json"
  },
  {
    "op": "add",
    "path": "/attributesByType/*-turnip",
    "value": {
      "inContainerTexture": {
        "base": "block/wood/barrel/raw-{type}"
      },
	"squeezeInto": "expandedfoods:vegetablejuiceportion-turnip",
	"squeezeRatio": 4,
      "nutritionPropsWhenInMeal": {
        "satiety": 150,
        "foodcategory": "Vegetable"
      },
      "inPieProperties": {
        "texture": "block/food/pie/fill-{type}",
        "partType": "Filling"
      },
      "bakingProperties": {
        "temp": 100,
        "levelFrom": 0.0,
        "levelTo": 0.25,
        "startScaleY": 1.0,
       	"endScaleY": 1.0,
        "resultCode": "expandedfoods:cookedveggie-turnip-partbaked"
      },
      "onDisplayTransform": {
        "rotation": {
          "x": 90,
          "y": 0,
          "z": 0
        },
        "translation": {
          "x": 0,
          "y": -0.4,
          "z": 0.25
        },
        "scale": 1
      }
    },
    "file": "game:itemtypes/food/vegetable.json"
  },
  {
    "op": "add",
    "path": "/attributesByType/*-cassava/bakingProperties",
    "value": {
      "temp": 100,
      "levelFrom": 0.0,
      "levelTo": 0.25,
      "startScaleY": 1.0,
      "endScaleY": 1.0,
      "resultCode": "expandedfoods:cookedveggie-cassava-partbaked"
    },
    "file": "itemtypes/food/vegetable.json"
  },
  {
    "op": "add",
    "path": "/attributesByType/*-cassava/onDisplayTransform",
    "value": {
      "translation": {
        "x": 0,
        "y": 0,
        "z": 0
      },
      "scale": 1
    },
    "file": "itemtypes/food/vegetable.json"
  },
 {
    "op": "remove",
    "path": "/attributesByType/*",
    "file": "game:itemtypes/food/vegetable.json"
  },
 {
    "op": "add",
    "path": "/attributesByType/*",
    "file": "game:itemtypes/food/vegetable.json",
    "value": {
	inContainerTexture: { base: "block/wood/barrel/raw-{type}" },
	squeezeInto: "expandedfoods:vegetablejuiceportion-{type}",
	squeezeRatio: 4,
	nutritionPropsWhenInMeal: { satiety: 150, foodcategory: "Vegetable" },
	inPieProperties: { texture: "block/food/pie/fill-{type}", partType: 'Filling' },
	bakingProperties: {
		temp: 100,
		levelFrom: 0.0,
		levelTo: 0.25,
        	startScaleY: 1.0,
       		endScaleY: 1.0,
		resultCode: "expandedfoods:cookedveggie-{type}-partbaked",
	},
	onDisplayTransform: { 
		translation: { x: 0, y: 0, z: 0 },
		scale: 1 
	}
     }
  },
  {
    "op": "remove",
    "path": "/variantgroups/0/states/5",
    "file": "itemtypes/food/vegetable.json"
  },
  {
    "op": "remove",
    "path": "/variantgroups/0/states/5",
    "file": "itemtypes/food/vegetable.json"
  },
  {
    "op": "remove",
    "path": "/variantgroups/0/states/5",
    "file": "itemtypes/food/vegetable.json"
  },
  {
    "op": "replace",
    "path": "/variantgroups/0/states/5",
    "value": "pumpkin",
    "file": "itemtypes/food/vegetable.json"
  },
  {
    "op": "add",
    "path": "/variantgroups/0/states/6",
    "value": "cassava",
    "file": "itemtypes/food/vegetable.json"
  }
]