{
	"editor": {
		"allAngles": true,
		"entityTextureMode": false
	},
	"textureWidth": 16,
	"textureHeight": 16,
	"textures": {
	},
	"elements": [
		{
			"name": null,
			"from": [12.0, 0.0, 7.0],
			"to": [16.0, 16.0, 9.0],
			"rotationOrigin": [14.0, 8.0, 8.0],
			"rotationX": 0.0,
			"rotationY": 0.0,
			"rotationZ": 0.0,
			"faces": {
				"north": {"uv": [0.0, 1.5, 16.0, 5.5], "rotation": 90.0, "texture": "#0"},
				"east": {"uv": [0.0, 5.5, 16.0, 7.5], "rotation": 90.0, "texture": "#0"},
				"south": {"uv": [0.0, 1.5, 16.0, 5.5], "rotation": 90.0, "texture": "#0"},
				"west": {"uv": [0.0, 5.5, 16.0, 7.5], "rotation": 90.0, "texture": "#0"},
				"up": {"uv": [4.75, 11.75, 8.75, 13.75], "rotation": 180.0, "texture": "#0"},
				"down": {"uv": [5.125, 12.75, 9.125, 14.75], "rotation": 0.0, "texture": "#0"}
			}
		},
		{
			"name": null,
			"from": [12.0, 16.0, 7.0],
			"to": [16.0, 17.0, 9.0],
			"rotationOrigin": [14.0, 9.0, 8.0],
			"rotationX": 0.0,
			"rotationY": 0.0,
			"rotationZ": 0.0,
			"faces": {
				"north": {"uv": [0.0, 1.5, 1.0, 5.5], "rotation": 90.0, "texture": "#2"},
				"east": {"uv": [0.0, 5.5, 1.0, 7.5], "rotation": 90.0, "texture": "#2"},
				"south": {"uv": [0.0, 1.5, 1.0, 5.5], "rotation": 90.0, "texture": "#2"},
				"west": {"uv": [0.0, 5.5, 1.0, 7.5], "rotation": 90.0, "texture": "#2"},
				"up": {"uv": [4.75, 11.75, 8.75, 13.75], "rotation": 180.0, "texture": "#2"},
				"down": {"uv": [5.125, 12.75, 9.125, 14.75], "rotation": 0.0, "texture": "#2"}
			}
		},
		{
			"name": null,
			"from": [4.0, 0.0, 5.0],
			"to": [12.0, 16.0, 7.0],
			"rotationOrigin": [8.0, 8.0, 6.0],
			"rotationX": 0.0,
			"rotationY": 0.0,
			"rotationZ": 0.0,
			"faces": {
				"north": {"uv": [0.0, 4.5, 16.0, 12.5], "rotation": 90.0, "texture": "#0"},
				"east": {"uv": [0.0, 12.0, 16.0, 14.0], "rotation": 90.0, "texture": "#0"},
				"south": {"uv": [0.0, 4.0, 16.0, 12.0], "rotation": 90.0, "texture": "#0"},
				"west": {"uv": [0.0, 2.5, 16.0, 4.5], "rotation": 90.0, "texture": "#0"},
				"up": {"uv": [3.75, 12.5, 11.75, 14.5], "rotation": 180.0, "texture": "#0"},
				"down": {"uv": [3.875, 12.125, 11.875, 14.125], "rotation": 0.0, "texture": "#0"}
			}
		},
		{
			"name": null,
			"from": [4.0, 16.0, 5.0],
			"to": [12.0, 17.0, 7.0],
			"rotationOrigin": [8.0, 9.0, 6.0],
			"rotationX": 0.0,
			"rotationY": 0.0,
			"rotationZ": 0.0,
			"faces": {
				"north": {"uv": [0.0, 4.5, 1.0, 12.5], "rotation": 90.0, "texture": "#2"},
				"east": {"uv": [0.0, 12.0, 1.0, 14.0], "rotation": 90.0, "texture": "#2"},
				"south": {"uv": [0.0, 4.0, 1.0, 12.0], "rotation": 90.0, "texture": "#2"},
				"west": {"uv": [0.0, 2.5, 1.0, 4.5], "rotation": 90.0, "texture": "#2"},
				"up": {"uv": [3.75, 12.5, 11.75, 14.5], "rotation": 180.0, "texture": "#2"},
				"down": {"uv": [3.875, 12.125, 11.875, 14.125], "rotation": 0.0, "texture": "#2"}
			}
		},
		{
			"name": null,
			"from": [0.0, 0.0, 7.0],
			"to": [4.0, 16.0, 9.0],
			"rotationOrigin": [2.0, 8.0, 8.0],
			"rotationX": 0.0,
			"rotationY": 0.0,
			"rotationZ": 0.0,
			"faces": {
				"north": {"uv": [0.0, 8.0, 16.0, 12.0], "rotation": 270.0, "texture": "#0"},
				"east": {"uv": [0.0, 12.0, 16.0, 14.0], "rotation": 270.0, "texture": "#0"},
				"south": {"uv": [0.0, 8.0, 16.0, 12.0], "rotation": 270.0, "texture": "#0"},
				"west": {"uv": [0.0, 12.0, 16.0, 14.0], "rotation": 270.0, "texture": "#0"},
				"up": {"uv": [5.125, 12.5, 9.125, 14.5], "rotation": 180.0, "texture": "#0"},
				"down": {"uv": [5.75, 13.0, 9.75, 15.0], "rotation": 0.0, "texture": "#0"}
			}
		},
		{
			"name": null,
			"from": [0.0, 16.0, 7.0],
			"to": [4.0, 17.0, 9.0],
			"rotationOrigin": [2.0, 9.0, 8.0],
			"rotationX": 0.0,
			"rotationY": 0.0,
			"rotationZ": 0.0,
			"faces": {
				"north": {"uv": [0.0, 8.0, 1.0, 12.0], "rotation": 270.0, "texture": "#2"},
				"east": {"uv": [0.0, 12.0, 1.0, 14.0], "rotation": 270.0, "texture": "#2"},
				"south": {"uv": [0.0, 8.0, 1.0, 12.0], "rotation": 270.0, "texture": "#2"},
				"west": {"uv": [0.0, 12.0, 1.0, 14.0], "rotation": 270.0, "texture": "#2"},
				"up": {"uv": [5.125, 12.5, 9.125, 14.5], "rotation": 180.0, "texture": "#2"},
				"down": {"uv": [5.75, 13.0, 9.75, 15.0], "rotation": 0.0, "texture": "#2"}
			}
		}
	]
}