[
	{
		ingredientPattern: "H,F,T",
		ingredients: {
        	"H": { type: "block", code: "game:flower-lupine-red-*" },
        	"F": { type: "block", code: "game:flower-edelweiss-*" },
        	"T": { type: "item", code: "alchemy:mortarpestle-*", isTool: true }
		},
		width: 1,
		height: 3,
		output: { type: "item", code: "alchemy:potionbase-hungersupress-weak" }
	},
	{
		ingredientPattern: "H,F,T",
		ingredients: {
			"H": { type: "item", code: "alchemy:cuttings-lupine-red-dried" },
			"F": { type: "item", code: "alchemy:cuttings-edelweiss-dried" },
			"T": { type: "item", code: "alchemy:mortarpestle-*", isTool: true }
		},
		width: 1,
		height: 3,
		output: { type: "item", code: "alchemy:potionbase-hungersupress-medium" }
	},
	{
		ingredientPattern: "H,F,T",
		ingredients: {
			"H": { type: "item", code: "alchemy:cuttings-lupine-red-cooked" },
			"F": { type: "item", code: "alchemy:cuttings-edelweiss-cooked" },
			"T": { type: "item", code: "alchemy:mortarpestle-*", isTool: true }
		},
		width: 1,
		height: 3,
		output: { type: "item", code: "alchemy:potionbase-hungersupress-strong" }
	},
	{
		ingredientPattern: "H,F,T",
		ingredients: {
        	"H": { type: "item", code: "game:herbbundle-thyme" },
        	"F": { type: "block", code: "game:flower-edelweiss-*" },
        	"T": { type: "item", code: "alchemy:mortarpestle-*", isTool: true }
		},
		width: 1,
		height: 3,
		output: { type: "item", code: "alchemy:potionbase-hungersupress-weak" }
	},
	{
		ingredientPattern: "H,F,T",
		ingredients: {
			"H": { type: "item", code: "alchemy:cuttings-thyme-dried" },
			"F": { type: "item", code: "alchemy:cuttings-edelweiss-dried" },
			"T": { type: "item", code: "alchemy:mortarpestle-*", isTool: true }
		},
		width: 1,
		height: 3,
		output: { type: "item", code: "alchemy:potionbase-hungersupress-medium" }
	},
	{
		ingredientPattern: "H,F,T",
		ingredients: {
			"H": { type: "item", code: "alchemy:cuttings-thyme-cooked" },
			"F": { type: "item", code: "alchemy:cuttings-edelweiss-cooked" },
			"T": { type: "item", code: "alchemy:mortarpestle-*", isTool: true }
		},
		width: 1,
		height: 3,
		output: { type: "item", code: "alchemy:potionbase-hungersupress-strong" }
	},
	{
		ingredientPattern: "H,F,T",
		ingredients: {
        	"H": { type: "block", code: "game:flower-lupine-red-*" },
        	"F": { type: "item", code: "game:herbbundle-thyme" },
        	"T": { type: "item", code: "alchemy:mortarpestle-*", isTool: true }
		},
		width: 1,
		height: 3,
		output: { type: "item", code: "alchemy:potionbase-hungersupress-weak" }
	},
	{
		ingredientPattern: "H,F,T",
		ingredients: {
			"H": { type: "item", code: "alchemy:cuttings-lupine-red-dried" },
			"F": { type: "item", code: "alchemy:cuttings-thyme-dried" },
			"T": { type: "item", code: "alchemy:mortarpestle-*", isTool: true }
		},
		width: 1,
		height: 3,
		output: { type: "item", code: "alchemy:potionbase-hungersupress-medium" }
	},
	{
		ingredientPattern: "H,F,T",
		ingredients: {
			"H": { type: "item", code: "alchemy:cuttings-lupine-red-cooked" },
			"F": { type: "item", code: "alchemy:cuttings-thyme-cooked" },
			"T": { type: "item", code: "alchemy:mortarpestle-*", isTool: true }
		},
		width: 1,
		height: 3,
		output: { type: "item", code: "alchemy:potionbase-hungersupress-strong" }
	},
]