[
	{
    	ingredientPattern: "H,F,T",
		ingredients: {
    	    "H": { type: "block", code: "game:flower-californiapoppy-*" },
    	    "F": { type: "block", code: "game:flower-wilddaisy-*" },
    	    "T": { type: "item", code: "alchemy:mortarpestle-*", isTool: true }
		},
		width: 1,
		height: 3,
		output: { type: "item", code: "alchemy:potionbase-mining-weak" }
	},
	{
		ingredientPattern: "H,F,T",
		ingredients: {
			"H": { type: "item", code: "alchemy:cuttings-californiapoppy-dried" },
			"F": { type: "item", code: "alchemy:cuttings-wilddaisy-dried" },
			"T": { type: "item", code: "alchemy:mortarpestle-*", isTool: true }
		},
		width: 1,
		height: 3,
		output: { type: "item", code: "alchemy:potionbase-mining-medium" }
	},
	{
		ingredientPattern: "H,F,T",
		ingredients: {
			"H": { type: "item", code: "alchemy:cuttings-californiapoppy-cooked" },
			"F": { type: "item", code: "alchemy:cuttings-wilddaisy-cooked" },
			"T": { type: "item", code: "alchemy:mortarpestle-*", isTool: true }
		},
		width: 1,
		height: 3,
		output: { type: "item", code: "alchemy:potionbase-mining-strong" }
	},
	{
    	ingredientPattern: "H,F,T",
		ingredients: {
    	    "H": { type: "item", code: "game:herbbundle-lavender" },
    	    "F": { type: "block", code: "game:flower-wilddaisy-*" },
    	    "T": { type: "item", code: "alchemy:mortarpestle-*", isTool: true }
		},
		width: 1,
		height: 3,
		output: { type: "item", code: "alchemy:potionbase-mining-weak" }
	},
	{
		ingredientPattern: "H,F,T",
		ingredients: {
			"H": { type: "item", code: "alchemy:cuttings-lavender-dried" },
			"F": { type: "item", code: "alchemy:cuttings-wilddaisy-dried" },
			"T": { type: "item", code: "alchemy:mortarpestle-*", isTool: true }
		},
		width: 1,
		height: 3,
		output: { type: "item", code: "alchemy:potionbase-mining-medium" }
	},
	{
		ingredientPattern: "H,F,T",
		ingredients: {
			"H": { type: "item", code: "alchemy:cuttings-lavender-cooked" },
			"F": { type: "item", code: "alchemy:cuttings-wilddaisy-cooked" },
			"T": { type: "item", code: "alchemy:mortarpestle-*", isTool: true }
		},
		width: 1,
		height: 3,
		output: { type: "item", code: "alchemy:potionbase-mining-strong" }
	},
	{
    	ingredientPattern: "H,F,T",
		ingredients: {
    	    "H": { type: "block", code: "game:flower-californiapoppy-*" },
    	    "F": { type: "item", code: "game:herbbundle-lavender" },
    	    "T": { type: "item", code: "alchemy:mortarpestle-*", isTool: true }
		},
		width: 1,
		height: 3,
		output: { type: "item", code: "alchemy:potionbase-mining-weak" }
	},
	{
		ingredientPattern: "H,F,T",
		ingredients: {
			"H": { type: "item", code: "alchemy:cuttings-californiapoppy-dried" },
			"F": { type: "item", code: "alchemy:cuttings-lavender-dried" },
			"T": { type: "item", code: "alchemy:mortarpestle-*", isTool: true }
		},
		width: 1,
		height: 3,
		output: { type: "item", code: "alchemy:potionbase-mining-medium" }
	},
	{
		ingredientPattern: "H,F,T",
		ingredients: {
			"H": { type: "item", code: "alchemy:cuttings-californiapoppy-cooked" },
			"F": { type: "item", code: "alchemy:cuttings-lavender-cooked" },
			"T": { type: "item", code: "alchemy:mortarpestle-*", isTool: true }
		},
		width: 1,
		height: 3,
		output: { type: "item", code: "alchemy:potionbase-mining-strong" }
	},
]