[
	{
		ingredientPattern: "M,F,T",
		ingredients: {
			"M": { type: "item", code: "game:*meat-*" },
			"F": { type: "block", code: "game:flower-horsetail-*" },
    	    "T": { type: "item", code: "alchemy:mortarpestle-*", isTool: true }
		},
		width: 1,
		height: 3,
		output: { type: "item", code: "alchemy:potionbase-predator-weak" }
	},
	{
		ingredientPattern: "M,F,T",
		ingredients: {
			"M": { type: "item", code: "game:*meat-*" },
			"F": { type: "item", code: "alchemy:cuttings-horsetail-dried" },
			"T": { type: "item", code: "alchemy:mortarpestle-*", isTool: true }
		},
		width: 1,
		height: 3,
		output: { type: "item", code: "alchemy:potionbase-predator-medium" }
	},
	{
		ingredientPattern: "M,F,T",
		ingredients: {
			"M": { type: "item", code: "game:*meat-*" },
			"F": { type: "item", code: "alchemy:cuttings-horsetail-cooked" },
			"T": { type: "item", code: "alchemy:mortarpestle-*", isTool: true }
		},
		width: 1,
		height: 3,
		output: { type: "item", code: "alchemy:potionbase-predator-strong" }
	}
]