[
	{
    	ingredientPattern: "H,F,T",
		ingredients: {
    	    "H": { type: "block", code: "game:flower-lilyofthevalley-*" },
    	    "F": { type: "block", code: "game:flower-catmint-*" },
    	    "T": { type: "item", code: "alchemy:mortarpestle-*", isTool: true }
		},
		width: 1,
		height: 3,
		output: { type: "item", code: "alchemy:potionbase-regen-weak" }
	},
	{
		ingredientPattern: "H,F,T",
		ingredients: {
			"H": { type: "item", code: "alchemy:cuttings-lilyofthevalley-dried" },
			"F": { type: "item", code: "alchemy:cuttings-catmint-dried" },
			"T": { type: "item", code: "alchemy:mortarpestle-*", isTool: true }
		},
		width: 1,
		height: 3,
		output: { type: "item", code: "alchemy:potionbase-regen-medium" }
	},
	{
		ingredientPattern: "H,F,T",
		ingredients: {
			"H": { type: "item", code: "alchemy:cuttings-lilyofthevalley-cooked" },
			"F": { type: "item", code: "alchemy:cuttings-catmint-cooked" },
			"T": { type: "item", code: "alchemy:mortarpestle-*", isTool: true }
		},
		width: 1,
		height: 3,
		output: { type: "item", code: "alchemy:potionbase-regen-strong" }
	},
	{
    	ingredientPattern: "H,F,T",
		ingredients: {
    	    "H": { type: "item", code: "game:herbbundle-marjoram" },
    	    "F": { type: "block", code: "game:flower-catmint-*" },
    	    "T": { type: "item", code: "alchemy:mortarpestle-*", isTool: true }
		},
		width: 1,
		height: 3,
		output: { type: "item", code: "alchemy:potionbase-regen-weak" }
	},
	{
		ingredientPattern: "H,F,T",
		ingredients: {
			"H": { type: "item", code: "alchemy:cuttings-marjoram-dried" },
			"F": { type: "item", code: "alchemy:cuttings-catmint-dried" },
			"T": { type: "item", code: "alchemy:mortarpestle-*", isTool: true }
		},
		width: 1,
		height: 3,
		output: { type: "item", code: "alchemy:potionbase-regen-medium" }
	},
	{
		ingredientPattern: "H,F,T",
		ingredients: {
			"H": { type: "item", code: "alchemy:cuttings-marjoram-cooked" },
			"F": { type: "item", code: "alchemy:cuttings-catmint-cooked" },
			"T": { type: "item", code: "alchemy:mortarpestle-*", isTool: true }
		},
		width: 1,
		height: 3,
		output: { type: "item", code: "alchemy:potionbase-regen-strong" }
	},
	{
    	ingredientPattern: "H,F,T",
		ingredients: {
    	    "H": { type: "block", code: "game:flower-lilyofthevalley-*" },
    	    "F": { type: "item", code: "game:herbbundle-marjoram" },
    	    "T": { type: "item", code: "alchemy:mortarpestle-*", isTool: true }
		},
		width: 1,
		height: 3,
		output: { type: "item", code: "alchemy:potionbase-regen-weak" }
	},
	{
		ingredientPattern: "H,F,T",
		ingredients: {
			"H": { type: "item", code: "alchemy:cuttings-lilyofthevalley-dried" },
			"F": { type: "item", code: "alchemy:cuttings-marjoram-dried" },
			"T": { type: "item", code: "alchemy:mortarpestle-*", isTool: true }
		},
		width: 1,
		height: 3,
		output: { type: "item", code: "alchemy:potionbase-regen-medium" }
	},
	{
		ingredientPattern: "H,F,T",
		ingredients: {
			"H": { type: "item", code: "alchemy:cuttings-lilyofthevalley-cooked" },
			"F": { type: "item", code: "alchemy:cuttings-marjoram-cooked" },
			"T": { type: "item", code: "alchemy:mortarpestle-*", isTool: true }
		},
		width: 1,
		height: 3,
		output: { type: "item", code: "alchemy:potionbase-regen-strong" }
	},
]