[
	{
		ingredientPattern: "M,F,T",
		ingredients: {
			"M": { type: "block", code: "game:flower-forgetmenot-*" },
			"F": { type: "block", code: "game:flower-horsetail-*" },
    	    "T": { type: "item", code: "alchemy:mortarpestle-*", isTool: true }
		},
		width: 1,
		height: 3,
		output: { type: "item", code: "alchemy:potionbase-scentmask-weak" }
	},
	{
		ingredientPattern: "M,F,T",
		ingredients: {
			"M": { type: "item", code: "alchemy:cuttings-forgetmenot-dried" },
			"F": { type: "item", code: "alchemy:cuttings-horsetail-dried" },
			"T": { type: "item", code: "alchemy:mortarpestle-*", isTool: true }
		},
		width: 1,
		height: 3,
		output: { type: "item", code: "alchemy:potionbase-scentmask-medium" }
	},
	{
		ingredientPattern: "M,F,T",
		ingredients: {
			"M": { type: "item", code: "alchemy:cuttings-forgetmenot-cooked" },
			"F": { type: "item", code: "alchemy:cuttings-horsetail-cooked" },
			"T": { type: "item", code: "alchemy:mortarpestle-*", isTool: true }
		},
		width: 1,
		height: 3,
		output: { type: "item", code: "alchemy:potionbase-scentmask-strong" }
	},
	{
		ingredientPattern: "M,F,T",
		ingredients: {
			"M": { type: "item", code: "game:herbbundle-saffron" },
			"F": { type: "block", code: "game:flower-horsetail-*" },
    	    "T": { type: "item", code: "alchemy:mortarpestle-*", isTool: true }
		},
		width: 1,
		height: 3,
		output: { type: "item", code: "alchemy:potionbase-scentmask-weak" }
	},
	{
		ingredientPattern: "M,F,T",
		ingredients: {
			"M": { type: "item", code: "alchemy:cuttings-saffron-dried" },
			"F": { type: "item", code: "alchemy:cuttings-horsetail-dried" },
			"T": { type: "item", code: "alchemy:mortarpestle-*", isTool: true }
		},
		width: 1,
		height: 3,
		output: { type: "item", code: "alchemy:potionbase-scentmask-medium" }
	},
	{
		ingredientPattern: "M,F,T",
		ingredients: {
			"M": { type: "item", code: "alchemy:cuttings-saffron-cooked" },
			"F": { type: "item", code: "alchemy:cuttings-horsetail-cooked" },
			"T": { type: "item", code: "alchemy:mortarpestle-*", isTool: true }
		},
		width: 1,
		height: 3,
		output: { type: "item", code: "alchemy:potionbase-scentmask-strong" }
	},
	{
		ingredientPattern: "M,F,T",
		ingredients: {
			"M": { type: "block", code: "game:flower-forgetmenot-*" },
			"F": { type: "item", code: "game:herbbundle-saffron" },
    	    "T": { type: "item", code: "alchemy:mortarpestle-*", isTool: true }
		},
		width: 1,
		height: 3,
		output: { type: "item", code: "alchemy:potionbase-scentmask-weak" }
	},
	{
		ingredientPattern: "M,F,T",
		ingredients: {
			"M": { type: "item", code: "alchemy:cuttings-forgetmenot-dried" },
			"F": { type: "item", code: "alchemy:cuttings-saffron-dried" },
			"T": { type: "item", code: "alchemy:mortarpestle-*", isTool: true }
		},
		width: 1,
		height: 3,
		output: { type: "item", code: "alchemy:potionbase-scentmask-medium" }
	},
	{
		ingredientPattern: "M,F,T",
		ingredients: {
			"M": { type: "item", code: "alchemy:cuttings-forgetmenot-cooked" },
			"F": { type: "item", code: "alchemy:cuttings-saffron-cooked" },
			"T": { type: "item", code: "alchemy:mortarpestle-*", isTool: true }
		},
		width: 1,
		height: 3,
		output: { type: "item", code: "alchemy:potionbase-scentmask-strong" }
	},
]