{
	"editor": {
		"allAngles": false,
		"entityTextureMode": false
	},
	"textureWidth": 32,
	"textureHeight": 32,
	"textures": {
		"crystal": "block/cinnabar"
	},
	"elements": [
		{
			"name": "Large_Crystal_3_Core_Bottom",
			"from": [ 4.1416, -2.2372, 1.9822 ], 
			"to": [ 5.6416, 8.7628, 3.4822 ], 
			"shade": false,
			"renderPass": 3,
			"rotationOrigin": [ 3.3945, -1.303, 1.2322 ],
			"rotationX": -10.0,
			"rotationY": 2.9348467478484963E-7,
			"rotationZ": -5.0,
			"faces": {
				"north": { "texture": "#crystal", "uv": [ 0.0, 0.0, 32.0, 32.0 ], "glow": 50 },
				"east": { "texture": "#crystal", "uv": [ 0.0, 0.0, 32.0, 32.0 ], "glow": 50 },
				"south": { "texture": "#crystal", "uv": [ 0.0, 0.0, 32.0, 32.0 ], "glow": 50 },
				"west": { "texture": "#crystal", "uv": [ 0.0, 0.0, 32.0, 32.0 ], "glow": 50 },
				"up": { "texture": "#crystal", "uv": [ 0.0, 0.0, 32.0, 32.0 ], "glow": 50 },
				"down": { "texture": "#crystal", "uv": [ 0.0, 0.0, 32.0, 32.0 ], "glow": 50 }
			},
			"children": [
				{
					"name": "Large_Crystal_3_Shell_Bottom",
					"from": [ -0.25, 1.0, -0.25 ], 
					"to": [ 1.75, 11.0, 1.75 ], 
					"shade": false,
					"renderPass": 3,
					"rotationOrigin": [ 0.0, 1.0, 0.0 ],
					"rotationX": -8.537735993741082E-7,
					"rotationY": -3.178292496466015E-8,
					"rotationZ": 8.565541673461604E-7,
					"faces": {
						"north": { "texture": "#crystal", "uv": [ 0.0, 0.0, 32.0, 32.0 ], "glow": 5 },
						"east": { "texture": "#crystal", "uv": [ 0.0, 0.0, 32.0, 32.0 ], "glow": 5 },
						"south": { "texture": "#crystal", "uv": [ 0.0, 0.0, 32.0, 32.0 ], "glow": 5 },
						"west": { "texture": "#crystal", "uv": [ 0.0, 0.0, 32.0, 32.0 ], "glow": 5 },
						"up": { "texture": "#crystal", "uv": [ 0.0, 0.0, 32.0, 32.0 ], "glow": 5 },
						"down": { "texture": "#crystal", "uv": [ 0.0, 0.0, 32.0, 32.0 ], "glow": 5 }
					},
					"children": [
						{
							"name": "Large_Crystal_3_Core_Top",
							"from": [ 0.625, 9.0, 0.625 ], 
							"to": [ 1.375, 16.0, 1.375 ], 
							"shade": false,
							"renderPass": 3,
							"rotationOrigin": [ -0.5, 9.0, -0.5 ],
							"rotationX": -1.2597940277192087E-6,
							"rotationY": 1.0927529080199017E-7,
							"rotationZ": 8.739628433837752E-7,
							"faces": {
								"north": { "texture": "#crystal", "uv": [ 0.0, 0.0, 32.0, 32.0 ], "glow": 50 },
								"east": { "texture": "#crystal", "uv": [ 0.0, 0.0, 32.0, 32.0 ], "glow": 50 },
								"south": { "texture": "#crystal", "uv": [ 0.0, 0.0, 32.0, 32.0 ], "glow": 50 },
								"west": { "texture": "#crystal", "uv": [ 0.0, 0.0, 32.0, 32.0 ], "glow": 50 },
								"up": { "texture": "#crystal", "uv": [ 0.0, 0.0, 32.0, 32.0 ], "glow": 50 },
								"down": { "texture": "#crystal", "uv": [ 0.0, 0.0, 32.0, 32.0 ], "glow": 50 }
							},
							"children": [
								{
									"name": "Large_Crystal_3_Shell_Top",
									"from": [ -0.125, 1.0, -0.125 ], 
									"to": [ 0.875, 8.0, 0.875 ], 
									"shade": false,
									"renderPass": 3,
									"rotationOrigin": [ 0.0, 1.0, 0.0 ],
									"rotationX": -8.537735993741082E-7,
									"rotationY": -3.178292496466015E-8,
									"rotationZ": 8.565541673461604E-7,
									"faces": {
										"north": { "texture": "#crystal", "uv": [ 0.0, 0.0, 32.0, 32.0 ], "glow": 5 },
										"east": { "texture": "#crystal", "uv": [ 0.0, 0.0, 32.0, 32.0 ], "glow": 5 },
										"south": { "texture": "#crystal", "uv": [ 0.0, 0.0, 32.0, 32.0 ], "glow": 5 },
										"west": { "texture": "#crystal", "uv": [ 0.0, 0.0, 32.0, 32.0 ], "glow": 5 },
										"up": { "texture": "#crystal", "uv": [ 0.0, 0.0, 32.0, 32.0 ], "glow": 5 },
										"down": { "texture": "#crystal", "uv": [ 0.0, 0.0, 32.0, 32.0 ], "glow": 5 }
									}
								}
							]
						}
					]
				}
			]
		},
		{
			"name": "Large_Crystal_2_Core_Bottom",
			"from": [ 12.517, -2.3674, 10.3852 ], 
			"to": [ 14.017, 8.6326, 11.8852 ], 
			"shade": false,
			"renderPass": 3,
			"rotationOrigin": [ 11.7784, -1.303, 9.6267 ],
			"rotationX": -5.0,
			"rotationY": 5.336084996088175E-7,
			"rotationZ": -10.0,
			"faces": {
				"north": { "texture": "#crystal", "uv": [ 0.0, 0.0, 32.0, 32.0 ], "glow": 50 },
				"east": { "texture": "#crystal", "uv": [ 0.0, 0.0, 32.0, 32.0 ], "glow": 50 },
				"south": { "texture": "#crystal", "uv": [ 0.0, 0.0, 32.0, 32.0 ], "glow": 50 },
				"west": { "texture": "#crystal", "uv": [ 0.0, 0.0, 32.0, 32.0 ], "glow": 50 },
				"up": { "texture": "#crystal", "uv": [ 0.0, 0.0, 32.0, 32.0 ], "glow": 50 },
				"down": { "texture": "#crystal", "uv": [ 0.0, 0.0, 32.0, 32.0 ], "glow": 50 }
			},
			"children": [
				{
					"name": "Large_Crystal_2_Shell_Bottom",
					"from": [ -0.25, 1.0, -0.25 ], 
					"to": [ 1.75, 11.0, 1.75 ], 
					"shade": false,
					"renderPass": 3,
					"rotationOrigin": [ 0.0, 1.0, 0.0 ],
					"rotationX": -8.537735993741082E-7,
					"rotationY": -3.178292496466015E-8,
					"rotationZ": 8.565541673461604E-7,
					"faces": {
						"north": { "texture": "#crystal", "uv": [ 0.0, 0.0, 32.0, 32.0 ], "glow": 5 },
						"east": { "texture": "#crystal", "uv": [ 0.0, 0.0, 32.0, 32.0 ], "glow": 5 },
						"south": { "texture": "#crystal", "uv": [ 0.0, 0.0, 32.0, 32.0 ], "glow": 5 },
						"west": { "texture": "#crystal", "uv": [ 0.0, 0.0, 32.0, 32.0 ], "glow": 5 },
						"up": { "texture": "#crystal", "uv": [ 0.0, 0.0, 32.0, 32.0 ], "glow": 5 },
						"down": { "texture": "#crystal", "uv": [ 0.0, 0.0, 32.0, 32.0 ], "glow": 5 }
					},
					"children": [
						{
							"name": "Large_Crystal_2_Core_Top",
							"from": [ 0.625, 9.0, 0.625 ], 
							"to": [ 1.375, 16.0, 1.375 ], 
							"shade": false,
							"renderPass": 3,
							"rotationOrigin": [ -0.5, 9.0, -0.5 ],
							"rotationX": -1.8862367558289063E-6,
							"rotationY": 9.085302293192037E-8,
							"rotationZ": 8.834322447058738E-7,
							"faces": {
								"north": { "texture": "#crystal", "uv": [ 0.0, 0.0, 32.0, 32.0 ], "glow": 50 },
								"east": { "texture": "#crystal", "uv": [ 0.0, 0.0, 32.0, 32.0 ], "glow": 50 },
								"south": { "texture": "#crystal", "uv": [ 0.0, 0.0, 32.0, 32.0 ], "glow": 50 },
								"west": { "texture": "#crystal", "uv": [ 0.0, 0.0, 32.0, 32.0 ], "glow": 50 },
								"up": { "texture": "#crystal", "uv": [ 0.0, 0.0, 32.0, 32.0 ], "glow": 50 },
								"down": { "texture": "#crystal", "uv": [ 0.0, 0.0, 32.0, 32.0 ], "glow": 50 }
							},
							"children": [
								{
									"name": "Large_Crystal_2_Shell_Top",
									"from": [ -0.125, 1.0, -0.125 ], 
									"to": [ 0.875, 8.0, 0.875 ], 
									"shade": false,
									"renderPass": 3,
									"rotationOrigin": [ 0.0, 1.0, 0.0 ],
									"rotationX": -8.537735993741082E-7,
									"rotationY": -3.178292496466015E-8,
									"rotationZ": 8.565541673461604E-7,
									"faces": {
										"north": { "texture": "#crystal", "uv": [ 0.0, 0.0, 32.0, 32.0 ], "glow": 5 },
										"east": { "texture": "#crystal", "uv": [ 0.0, 0.0, 32.0, 32.0 ], "glow": 5 },
										"south": { "texture": "#crystal", "uv": [ 0.0, 0.0, 32.0, 32.0 ], "glow": 5 },
										"west": { "texture": "#crystal", "uv": [ 0.0, 0.0, 32.0, 32.0 ], "glow": 5 },
										"up": { "texture": "#crystal", "uv": [ 0.0, 0.0, 32.0, 32.0 ], "glow": 5 },
										"down": { "texture": "#crystal", "uv": [ 0.0, 0.0, 32.0, 32.0 ], "glow": 5 }
									}
								}
							]
						}
					]
				}
			]
		},
		{
			"name": "Large_Crystal_1_Core_Bottom",
			"from": [ 10.517, -2.4805, 4.0251 ], 
			"to": [ 12.017, 8.5195, 5.5251 ], 
			"shade": false,
			"renderPass": 3,
			"rotationOrigin": [ 9.7784, -1.4825, 3.2638 ],
			"rotationX": -9.999996905856262,
			"rotationY": 1.0138561492567533E-6,
			"rotationZ": -10.000005564067246,
			"faces": {
				"north": { "texture": "#crystal", "uv": [ 0.0, 0.0, 32.0, 32.0 ], "glow": 50 },
				"east": { "texture": "#crystal", "uv": [ 0.0, 0.0, 32.0, 32.0 ], "glow": 50 },
				"south": { "texture": "#crystal", "uv": [ 0.0, 0.0, 32.0, 32.0 ], "glow": 50 },
				"west": { "texture": "#crystal", "uv": [ 0.0, 0.0, 32.0, 32.0 ], "glow": 50 },
				"up": { "texture": "#crystal", "uv": [ 0.0, 0.0, 32.0, 32.0 ], "glow": 50 },
				"down": { "texture": "#crystal", "uv": [ 0.0, 0.0, 32.0, 32.0 ], "glow": 50 }
			},
			"children": [
				{
					"name": "Large_Crystal_1_Shell_Bottom",
					"from": [ -0.25, 1.0, -0.25 ], 
					"to": [ 1.75, 11.0, 1.75 ], 
					"shade": false,
					"renderPass": 3,
					"rotationOrigin": [ 0.0, 1.0, 0.0 ],
					"rotationX": -8.537735993741082E-7,
					"rotationY": -3.178292496466015E-8,
					"rotationZ": 8.565541673461604E-7,
					"faces": {
						"north": { "texture": "#crystal", "uv": [ 0.0, 0.0, 32.0, 32.0 ], "glow": 5 },
						"east": { "texture": "#crystal", "uv": [ 0.0, 0.0, 32.0, 32.0 ], "glow": 5 },
						"south": { "texture": "#crystal", "uv": [ 0.0, 0.0, 32.0, 32.0 ], "glow": 5 },
						"west": { "texture": "#crystal", "uv": [ 0.0, 0.0, 32.0, 32.0 ], "glow": 5 },
						"up": { "texture": "#crystal", "uv": [ 0.0, 0.0, 32.0, 32.0 ], "glow": 5 },
						"down": { "texture": "#crystal", "uv": [ 0.0, 0.0, 32.0, 32.0 ], "glow": 5 }
					},
					"children": [
						{
							"name": "Large_Crystal_1_Core_Top",
							"from": [ 0.625, 9.0, 0.625 ], 
							"to": [ 1.375, 16.0, 1.375 ], 
							"shade": false,
							"renderPass": 3,
							"rotationOrigin": [ -0.5, 9.0, -0.5 ],
							"rotationX": -1.6788169699992128E-6,
							"rotationY": 2.8324517216112097E-8,
							"rotationZ": -3.740629291046696E-7,
							"faces": {
								"north": { "texture": "#crystal", "uv": [ 0.0, 0.0, 32.0, 32.0 ], "glow": 50 },
								"east": { "texture": "#crystal", "uv": [ 0.0, 0.0, 32.0, 32.0 ], "glow": 50 },
								"south": { "texture": "#crystal", "uv": [ 0.0, 0.0, 32.0, 32.0 ], "glow": 50 },
								"west": { "texture": "#crystal", "uv": [ 0.0, 0.0, 32.0, 32.0 ], "glow": 50 },
								"up": { "texture": "#crystal", "uv": [ 0.0, 0.0, 32.0, 32.0 ], "glow": 50 },
								"down": { "texture": "#crystal", "uv": [ 0.0, 0.0, 32.0, 32.0 ], "glow": 50 }
							},
							"children": [
								{
									"name": "Large_Crystal_1_Shell_Top",
									"from": [ -0.125, 1.0, -0.125 ], 
									"to": [ 0.875, 8.0, 0.875 ], 
									"shade": false,
									"renderPass": 3,
									"rotationOrigin": [ 0.0, 1.0, 0.0 ],
									"rotationX": -8.537735993741082E-7,
									"rotationY": -3.178292496466015E-8,
									"rotationZ": 8.565541673461604E-7,
									"faces": {
										"north": { "texture": "#crystal", "uv": [ 0.0, 0.0, 32.0, 32.0 ], "glow": 5 },
										"east": { "texture": "#crystal", "uv": [ 0.0, 0.0, 32.0, 32.0 ], "glow": 5 },
										"south": { "texture": "#crystal", "uv": [ 0.0, 0.0, 32.0, 32.0 ], "glow": 5 },
										"west": { "texture": "#crystal", "uv": [ 0.0, 0.0, 32.0, 32.0 ], "glow": 5 },
										"up": { "texture": "#crystal", "uv": [ 0.0, 0.0, 32.0, 32.0 ], "glow": 5 },
										"down": { "texture": "#crystal", "uv": [ 0.0, 0.0, 32.0, 32.0 ], "glow": 5 }
									}
								}
							]
						}
					]
				}
			]
		}
	]}