{
	code: "firebox",
  class: "BlockFireBox",
  entityClass: "FireBox",
	attributes: {
    fuelTypes: {
      "firewood" : 32,
			"charcoal" : 8,
			"ore-bituminouscoal" : 8,
			"ore-lignite" : 8,
			"peatbrick" : 16
    },
  multiblockStructure: {
	blockNumbers: {
		"air": 1,
		"mudbrick-*": 2,
		"usefulstuff:firebox-*": 3,
	},
	offsets: [
		{ x: 0, y: 3, z: 0, w: 1 },
		{ x: 0, y: 3, z: 2, w: 2 },
		{ x: 0, y: 3, z: -2, w: 2 },
		{ x: 0, y: 4, z: 0, w: 1 },
		{ x: 0, y: 4, z: 1, w: 2 },
		{ x: 0, y: 4, z: -1, w: 2 },
		{ x: 0, y: 2, z: 0, w: 1 },
		{ x: 0, y: 2, z: 2, w: 2 },
		{ x: 0, y: 2, z: -2, w: 2 },
		{ x: 0, y: 5, z: 0, w: 1 },
		{ x: 0, y: 5, z: 1, w: 2 },
		{ x: 0, y: 5, z: -1, w: 2 },
		{ x: 0, y: 1, z: 0, w: 1 },
		{ x: 0, y: 1, z: 1, w: 2 },
		{ x: 0, y: 1, z: -1, w: 2 },
		{ x: 0, y: 1, z: 2, w: 2 },
		{ x: 0, y: 1, z: -2, w: 2 },
		{ x: 0, y: 0, z: 0, w: 3 },
		{ x: 0, y: 0, z: 1, w: 1 },
		{ x: 0, y: 0, z: -1, w: 1 },
		{ x: 0, y: 0, z: 2, w: 1 },
		{ x: 0, y: 0, z: -2, w: 1 },
		{ x: 1, y: 3, z: 2, w: 2 },
		{ x: 1, y: 3, z: -2, w: 2 },
		{ x: 1, y: 4, z: 0, w: 2 },
		{ x: 1, y: 4, z: 1, w: 2 },
		{ x: 1, y: 4, z: -1, w: 2 },
		{ x: 1, y: 2, z: 2, w: 2 },
		{ x: 1, y: 2, z: -2, w: 2 },
		{ x: 1, y: 5, z: 0, w: 2 },
		{ x: 1, y: 1, z: 0, w: 2 },
		{ x: 1, y: 1, z: 1, w: 2 },
		{ x: 1, y: 1, z: -1, w: 2 },
		{ x: 1, y: 1, z: 2, w: 2 },
		{ x: 1, y: 1, z: -2, w: 2 },
		{ x: 1, y: 0, z: 0, w: 1 },
		{ x: 1, y: 0, z: 1, w: 2 },
		{ x: 1, y: 0, z: -1, w: 2 },
		{ x: 1, y: 0, z: 2, w: 2 },
		{ x: 1, y: 0, z: -2, w: 2 },
		{ x: -1, y: 3, z: 2, w: 2 },
		{ x: -1, y: 3, z: -2, w: 2 },
		{ x: -1, y: 4, z: 0, w: 2 },
		{ x: -1, y: 4, z: 1, w: 2 },
		{ x: -1, y: 4, z: -1, w: 2 },
		{ x: -1, y: 2, z: 2, w: 2 },
		{ x: -1, y: 2, z: -2, w: 2 },
		{ x: -1, y: 5, z: 0, w: 2 },
		{ x: -1, y: 1, z: 0, w: 2 },
		{ x: -1, y: 1, z: 1, w: 2 },
		{ x: -1, y: 1, z: -1, w: 2 },
		{ x: -1, y: 1, z: 2, w: 2 },
		{ x: -1, y: 1, z: -2, w: 2 },
		{ x: -1, y: 0, z: 0, w: 1 },
		{ x: -1, y: 0, z: 1, w: 2 },
		{ x: -1, y: 0, z: -1, w: 2 },
		{ x: -1, y: 0, z: 2, w: 2 },
		{ x: -1, y: 0, z: -2, w: 2 },
		{ x: 2, y: 3, z: 0, w: 2 },
		{ x: 2, y: 3, z: 1, w: 2 },
		{ x: 2, y: 3, z: -1, w: 2 },
		{ x: 2, y: 2, z: 0, w: 2 },
		{ x: 2, y: 2, z: 1, w: 2 },
		{ x: 2, y: 2, z: -1, w: 2 },
		{ x: 2, y: 1, z: 0, w: 2 },
		{ x: 2, y: 1, z: 1, w: 2 },
		{ x: 2, y: 1, z: -1, w: 2 },
		{ x: 2, y: 0, z: 0, w: 1 },
		{ x: 2, y: 0, z: 1, w: 2 },
		{ x: 2, y: 0, z: -1, w: 2 },
		{ x: -2, y: 3, z: 0, w: 2 },
		{ x: -2, y: 3, z: 1, w: 2 },
		{ x: -2, y: 3, z: -1, w: 2 },
		{ x: -2, y: 2, z: 0, w: 2 },
		{ x: -2, y: 2, z: 1, w: 2 },
		{ x: -2, y: 2, z: -1, w: 2 },
		{ x: -2, y: 1, z: 0, w: 2 },
		{ x: -2, y: 1, z: 1, w: 2 },
		{ x: -2, y: 1, z: -1, w: 2 },
		{ x: -2, y: 0, z: 0, w: 1 },
		{ x: -2, y: 0, z: 1, w: 2 },
		{ x: -2, y: 0, z: -1, w: 2 },
	]
}
	},
	variantgroups: [
		{ code:"type", states: ["light", "dark"] }
	],
	shape: { base: "usefulstuff:block/firebox/empty" },
	sidesolid: {
		all: false,
	},
	sideopaque: {
		all: false,
	},
	drawtype: "JSON",
	blockmaterial: "Soil",
	creativeinventory: { "general": ["*"], "construction": ["*"] },
	replaceable: 700,
	resistance: 1.2,
	lightAbsorption: 99,
	textures: {
		"brick": {
			base: "game:block/soil/mudbrick/{type}*"
		},
    "fuel": {
			base: "game:block/wood/firewood/side"
		},
	},
	sounds: {
		walk: "game:walk/stone",
		place: "game:block/dirt"
	},
	heldTpIdleAnimation: "holdbothhandslarge", heldTpUseAnimation: "twohandplaceblock",
	tpHandTransform: {
		translation: { x: -1.2, y: -1.1, z: -0.8 },
		rotation: { x: -2, y: 25, z: -78 },
		scale: 0.37
	}
}
