{
	code: "i_r_w_rw",
	class: "BlockGlassPane",
	variantgroups: [
		{ code: "glass", states: ["leaded"] },
		{ code: "wood", states: ["aged"], loadFromProperties: "block/wood" },
		{ code: "type", states: ["ns", "ew"] }
	],
	attributesByType: {
		"*-ns": {
			handbook: { exclude: true }
		},
		"*-ew": {
			handbook: { groupBy: ["i_r_w_rw-*"] }
		}
	},
	shapebytype: {
		"*-ew": { base: "block/glass/i_r_w_rw", rotateY: 0 },
		"*-ns": { base: "block/glass/i_r_w_rw", rotateY: 90 }
	},
	textures: {
		"frame": { base: "frame" },
		"glass": { base: "glass" },
		"wood1": { base: "wood/{wood}" }
	},
	drawtype: "json",
	creativeinventory: { "general": ["*-ew"], "construction": ["*-ew"] },
	blockmaterial: "Glass",
	replaceable: 900,
	lightAbsorption: 0,
	resistance: 1,
	sidesolid: {
		all: false
	},
	sideopaque: {
		all: false
	},
	sounds: {
		"place": "game:player/buildhigh",
		"break": "game:block/glass",
		"hit": "game:block/glass"
	},
	collisionselectionboxByType: {
		"*-ns": { x1: 0, y1: 0, z1: 0.375, x2: 1, y2: 1, z2: 0.625 },
		"*-ew": { x1: 0.375, y1: 0, z1: 0, x2: 0.625, y2: 1, z2: 1 }
	},
	groundTransform: {
		origin: { x: 0.5, y: -0.01, z: 0.5 },
	},
	heldTpIdleAnimation: "holdbothhandslarge", heldTpUseAnimation: "twohandplaceblock",
	tpHandTransform: {
		translation: { x: -1.2, y: -1.1, z: -0.8 },
		rotation: { x: -2, y: 25, z: -78 },
		scale: 0.37
	}
	

}