{
	code: "stone_fullwindow_cht_21",
	behaviors: [ {name: "HorizontalOrientable", properties: {  dropBlockFace: "north" }} ],
	variantgroups: [
		{ loadFromProperties: "block/rock" },
		{ code:"side", loadFromProperties: "abstract/horizontalorientation" }
	],
	attributes: {
		handbook: {
			groupBy: ["stone_fullwindow_cht_21-*"]
		}
		
	},
	shapebytype: {
		"*-north": { base: "block/glass/gothic/topless/one_topgw_left_tl", rotateY: 90 },
		"*-east": { base: "block/glass/gothic/topless/one_topgw_left_tl", rotateY: 0 },
		"*-south": { base: "block/glass/gothic/topless/one_topgw_left_tl", rotateY: 270 },
		"*-west": { base: "block/glass/gothic/topless/one_topgw_left_tl", rotateY: 180 }
	},
	textures: {
		"frame": { base: "frame" },
		"glass": { base: "glass" },
		"squareglass": { base: "squareglass" },
		"squareglass_big": { base: "squareglass_big" },
		"roseglass": { base: "roseglass" },
		"stone1": { base: "rock/{rock}" }
	},
	drawtype: "json",
	creativeinventory: { "general": ["stone_fullwindow_cht_21-*-north"], "construction": ["stone_fullwindow_cht_21-*-north"] },
	blockmaterial: "Glass",
	replaceable: 900,
	lightAbsorption: 0,
	resistance: 2,
	sidesolid: {
		all: false
	},
	sideopaque: {
		all: false
	},
	sounds: {
		"place": "game:player/buildhigh",
		"break": "game:block/glass",
		"hit": "game:block/glass"
	},
	collisionselectionboxByType: {
		"*-east": { x1: 0.1875, y1: 0, z1: 0, x2: 0.8125, y2: 1, z2: 1 },
		"*-north": { x1: 0, y1: 0, z1: 0.1875, x2: 1, y2: 1, z2: 0.8125 },
		"*-west": { x1: 0.1875, y1: 0, z1: 0, x2: 0.8125, y2: 1, z2: 1 },
		"*-south": { x1: 0, y1: 0, z1: 0.1875, x2: 1, y2: 1, z2: 0.8125 }	
		
	},
	groundTransform: {
		origin: { x: 0.5, y: -0.01, z: 0.5 },
	},
	heldTpIdleAnimation: "holdbothhandslarge", heldTpUseAnimation: "twohandplaceblock",
	tpHandTransform: {
		translation: { x: -1.2, y: -1.1, z: -0.8 },
		rotation: { x: -2, y: 25, z: -78 },
		scale: 0.37
	},
			fpHandTransform: {
		translation: { x: 0.08, y: -0.2, z: 0.6 },
		rotation: { x: 33, y: 134, z: -102 }
	},
	materialDensity: 400,

}