{
  "swordsman": {
    "requirements": [
      {
        "code": "ability",
        "minimumTier": 3,
        "skill": "combat",
        "ability": "warrior",
        "requiredTier": 1
      },
      {
        "code": "exclusiveAbility",
        "minimumTier": 3,
        "skill": "combat",
        "ability": "archer",
        "exclusiveTier": 3
      },
      {
        "code": "exclusiveAbility",
        "minimumTier": 3,
        "skill": "combat",
        "ability": "spearman",
        "exclusiveTier": 3
      }
    ]
  },
  "archer": {
    "requirements": [
      {
        "code": "ability",
        "minimumTier": 3,
        "skill": "combat",
        "ability": "warrior",
        "requiredTier": 1
      },
      {
        "code": "exclusiveAbility",
        "minimumTier": 3,
        "skill": "combat",
        "ability": "swordsman",
        "exclusiveTier": 3
      },
      {
        "code": "exclusiveAbility",
        "minimumTier": 3,
        "skill": "combat",
        "ability": "spearman",
        "exclusiveTier": 3
      }
    ]
  },
  "spearman": {
    "requirements": [
      {
        "code": "ability",
        "minimumTier": 3,
        "skill": "combat",
        "ability": "warrior",
        "requiredTier": 1
      },
      {
        "code": "exclusiveAbility",
        "minimumTier": 3,
        "skill": "combat",
        "ability": "swordsman",
        "exclusiveTier": 3
      },
      {
        "code": "exclusiveAbility",
        "minimumTier": 3,
        "skill": "combat",
        "ability": "archer",
        "exclusiveTier": 3
      }
    ]
  },
  "toolmastery": {
    "requirements": [
      {
        "code": "or",
        "minimumTier": 3,
        "requirements": [
          {
            "code": "ability",
            "skill": "farming",
            "ability": "farmer",
            "requiredTier": 1
          },
          {
            "code": "ability",
            "skill": "mining",
            "ability": "miner",
            "requiredTier": 1
          },
          {
            "code": "ability",
            "skill": "digging",
            "ability": "digger",
            "requiredTier": 1
          },
          {
            "code": "ability",
            "skill": "forestry",
            "ability": "forester",
            "requiredTier": 1
          },
          {
            "code": "ability",
            "skill": "metalworking",
            "ability": "metalworker",
            "requiredTier": 1
          }
        ]
      }
    ]
  },
  "ironfist": {
    "requirements": [
      {
        "code": "ability",
        "minimumTier": 3,
        "skill": "combat",
        "ability": "warrior",
        "requiredTier": 1
      }
    ]
  },
  "warrior": {
    "requirements": [
      {
        "code": "not",
        "minimumTier": 1,
        "requirement": {
          "code": "class",
          "classes": [
            "clockmaker"
          ]
        }
      }
    ]
  },
  "sniper": {
      "requirements": [
      {
        "code": "ability",
        "minimumTier": 1,
        "skill": "combat",
        "ability": "archer",
        "requiredTier": 1
      },
      {
        "code": "ability",
        "minimumTier": 2,
        "skill": "combat",
        "ability": "archer",
        "requiredTier": 2
      }
    ]
  },
  "shovelknight": {
    "requirements": [
      {
        "code": "skill",
        "minimumTier": 3,
        "skill": "digging",
        "requiredLevel": 5
      }
    ]
  },
  "vampire": {
    "requirements": [
      {
        "code": "ability",
        "minimumTier": 3,
        "skill": "combat",
        "ability": "warrior",
        "requiredTier": 1
      },
      {
        "code": "ability",
        "minimumTier": 1,
        "skill": "survival",
        "ability": "longlife",
        "requiredTier": 2
      },
      {
        "code": "daytime",
        "minimumTier": 1,
        "before": 0.1,
        "after": 0.9
      },
      {
        "code": "exclusiveAbility",
        "minimumTier": 1,
        "skill": "survival",
        "ability": "photosynthesis",
        "exclusiveTier": 1
      }
    ]
  },
  "bloodlust": {
    "requirements": [
      {
        "code": "ability",
        "minimumTier": 1,
        "skill": "combat",
        "ability": "warrior",
        "requiredTier": 1
      },
      {
        "code": "class",
        "minimumTier": 1,
        "classes": [
          "malefactor",
          "blackguard"
        ]
      }
    ]
  }
}
