{
	"editor": {
		"allAngles": false,
		"singleTexture": false
	},
	"textureWidth": 16,
	"textureHeight": 16,
	"textures": {
		"iron": "block/metal/plate/iron"
	},
	"elements": [
		{
			"name": "LeftBar",
			"from": [ 2.0, 0.0, 1.0 ], 
			"to": [ 4.0, 16.0, 1.5 ], 
			"rotationOrigin": [ 8.0, 8.0, 8.0 ],
			"rotationX": 90.0,
			"faces": {
				"north": { "texture": "#iron", "uv": [ 4.5, 0.0, 6.5, 16.0 ] },
				"east": { "texture": "#iron", "uv": [ 8.0, 0.0, 8.5, 16.0 ] },
				"south": { "texture": "#iron", "uv": [ 5.5, 0.0, 7.5, 16.0 ] },
				"west": { "texture": "#iron", "uv": [ 9.0, 0.0, 9.5, 16.0 ] },
				"up": { "texture": "#iron", "uv": [ 8.0, 6.5, 10.0, 7.0 ] },
				"down": { "texture": "#iron", "uv": [ 4.0, 7.5, 6.0, 8.0 ] }
			}
		},
		{
			"name": "RightBar",
			"from": [ 12.0, 0.0, 1.0 ], 
			"to": [ 14.0, 16.0, 1.5 ], 
			"rotationOrigin": [ 8.0, 8.0, 8.0 ],
			"rotationX": 90.0,
			"faces": {
				"north": { "texture": "#iron", "uv": [ 7.0, 0.0, 9.0, 16.0 ] },
				"east": { "texture": "#iron", "uv": [ 11.5, 0.0, 12.0, 16.0 ] },
				"south": { "texture": "#iron", "uv": [ 13.5, 0.0, 15.5, 16.0 ] },
				"west": { "texture": "#iron", "uv": [ 15.0, 0.0, 15.5, 16.0 ] },
				"up": { "texture": "#iron", "uv": [ 12.5, 11.5, 14.5, 12.0 ] },
				"down": { "texture": "#iron", "uv": [ 5.0, 4.5, 7.0, 5.0 ] }
			}
		},
		{
			"name": "LowerBar1",
			"from": [ 0.0, 12.0, 1.5 ], 
			"to": [ 16.0, 14.0, 2.0 ], 
			"rotationOrigin": [ 8.0, 8.0, 8.0 ],
			"rotationX": 90.0,
			"faces": {
				"north": { "texture": "#iron", "uv": [ 0.0, 6.5, 16.0, 8.5 ] },
				"east": { "texture": "#iron", "uv": [ 2.5, 12.0, 3.0, 14.0 ] },
				"south": { "texture": "#iron", "uv": [ 0.0, 5.5, 16.0, 7.5 ] },
				"west": { "texture": "#iron", "uv": [ 0.5, 5.5, 1.0, 7.5 ] },
				"up": { "texture": "#iron", "uv": [ 0.0, 3.0, 16.0, 3.5 ] },
				"down": { "texture": "#iron", "uv": [ 0.0, 5.0, 16.0, 5.5 ] }
			},
			"children": [
				{
					"name": "Rivet3",
					"from": [ 2.5, 0.5, -1.0 ], 
					"to": [ 3.5, 1.5, 0.75 ], 
					"rotationOrigin": [ 3.0, 1.0, -1.0 ],
					"rotationZ": 45.0,
					"faces": {
						"north": { "texture": "#iron", "uv": [ 10.5, 11.5, 11.5, 12.5 ] },
						"east": { "texture": "#iron", "uv": [ 9.5, 3.0, 11.0, 4.0 ] },
						"south": { "texture": "#iron", "uv": [ 8.0, 13.0, 9.0, 14.0 ] },
						"west": { "texture": "#iron", "uv": [ 7.0, 1.0, 8.5, 2.0 ] },
						"up": { "texture": "#iron", "uv": [ 6.5, 9.5, 7.5, 11.0 ] },
						"down": { "texture": "#iron", "uv": [ 5.0, 2.5, 6.0, 4.0 ] }
					}
				},
				{
					"name": "Rivet4",
					"from": [ 12.5, 0.5, -1.0 ], 
					"to": [ 13.5, 1.5, 1.0 ], 
					"rotationOrigin": [ 13.0, 1.0, -1.0 ],
					"rotationZ": 45.0,
					"faces": {
						"north": { "texture": "#iron", "uv": [ 10.0, 7.0, 11.0, 8.0 ] },
						"east": { "texture": "#iron", "uv": [ 4.0, 8.5, 6.0, 9.5 ] },
						"south": { "texture": "#iron", "uv": [ 6.0, 9.5, 7.0, 10.5 ] },
						"west": { "texture": "#iron", "uv": [ 4.0, 10.0, 6.0, 11.0 ] },
						"up": { "texture": "#iron", "uv": [ 8.0, 7.5, 9.0, 9.5 ] },
						"down": { "texture": "#iron", "uv": [ 5.5, 5.5, 6.5, 7.5 ] }
					}
				}
			]
		},
		{
			"name": "LowerBar2",
			"from": [ 0.0, 2.0, 1.5 ], 
			"to": [ 16.0, 4.0, 2.0 ], 
			"rotationOrigin": [ 8.0, 8.0, 8.0 ],
			"rotationX": 90.0,
			"faces": {
				"north": { "texture": "#iron", "uv": [ 0.0, 3.5, 16.0, 5.5 ] },
				"east": { "texture": "#iron", "uv": [ 3.0, 3.0, 3.5, 5.0 ] },
				"south": { "texture": "#iron", "uv": [ 0.0, 2.0, 16.0, 4.0 ] },
				"west": { "texture": "#iron", "uv": [ 0.0, 0.0, 0.5, 2.0 ] },
				"up": { "texture": "#iron", "uv": [ 0.0, 9.0, 16.0, 9.5 ] },
				"down": { "texture": "#iron", "uv": [ 0.0, 2.0, 16.0, 2.5 ] }
			},
			"children": [
				{
					"name": "Rivet1",
					"from": [ 2.75, 0.5, -1.0 ], 
					"to": [ 3.75, 1.5, 1.0 ], 
					"rotationOrigin": [ 3.25, 0.75, 0.0 ],
					"rotationZ": 45.0,
					"faces": {
						"north": { "texture": "#iron", "uv": [ 9.5, 7.0, 10.5, 8.0 ] },
						"east": { "texture": "#iron", "uv": [ 4.5, 8.0, 6.5, 9.0 ] },
						"south": { "texture": "#iron", "uv": [ 7.0, 12.5, 8.0, 13.5 ] },
						"west": { "texture": "#iron", "uv": [ 7.0, 13.5, 9.0, 14.5 ] },
						"up": { "texture": "#iron", "uv": [ 2.5, 11.0, 3.5, 13.0 ] },
						"down": { "texture": "#iron", "uv": [ 4.0, 3.5, 5.0, 5.5 ] }
					}
				},
				{
					"name": "Rivet2",
					"from": [ 12.75, 0.5, -1.0 ], 
					"to": [ 13.75, 1.5, 1.0 ], 
					"rotationOrigin": [ 13.25, 0.75, -1.0 ],
					"rotationZ": 45.0,
					"faces": {
						"north": { "texture": "#iron", "uv": [ 10.0, 4.0, 11.0, 5.0 ] },
						"east": { "texture": "#iron", "uv": [ 5.0, 14.0, 7.0, 15.0 ] },
						"south": { "texture": "#iron", "uv": [ 4.5, 4.5, 5.5, 5.5 ] },
						"west": { "texture": "#iron", "uv": [ 10.0, 10.5, 12.0, 11.5 ] },
						"up": { "texture": "#iron", "uv": [ 6.0, 5.0, 7.0, 7.0 ] },
						"down": { "texture": "#iron", "uv": [ 3.0, 10.5, 4.0, 12.5 ] }
					}
				}
			]
		},
		{
			"name": "MidBar",
			"from": [ 7.0, 0.0, 1.0 ], 
			"to": [ 9.0, 16.0, 1.5 ], 
			"rotationOrigin": [ 8.0, 8.0, 8.0 ],
			"rotationX": 90.0,
			"faces": {
				"north": { "texture": "#iron", "uv": [ 11.0, 0.0, 13.0, 16.0 ] },
				"east": { "texture": "#iron", "uv": [ 10.5, 0.0, 11.0, 16.0 ] },
				"south": { "texture": "#iron", "uv": [ 5.0, 0.0, 7.0, 16.0 ] },
				"west": { "texture": "#iron", "uv": [ 13.0, 0.0, 13.5, 16.0 ] },
				"up": { "texture": "#iron", "uv": [ 12.5, 12.0, 14.5, 12.5 ] },
				"down": { "texture": "#iron", "uv": [ 5.0, 5.0, 7.0, 5.5 ] }
			},
			"children": [
				{
					"name": "Rivet5",
					"from": [ 0.5, 2.5, -0.5 ], 
					"to": [ 1.5, 3.5, 1.5 ], 
					"rotationOrigin": [ 1.0, 3.0, 1.0 ],
					"rotationZ": -45.0,
					"faces": {
						"north": { "texture": "#iron", "uv": [ 6.5, 6.5, 7.5, 7.5 ] },
						"east": { "texture": "#iron", "uv": [ 5.0, 7.0, 7.0, 8.0 ] },
						"south": { "texture": "#iron", "uv": [ 11.0, 12.0, 12.0, 13.0 ] },
						"west": { "texture": "#iron", "uv": [ 8.5, 12.0, 10.5, 13.0 ] },
						"up": { "texture": "#iron", "uv": [ 4.0, 12.0, 5.0, 14.0 ] },
						"down": { "texture": "#iron", "uv": [ 4.0, 4.0, 5.0, 6.0 ] }
					}
				},
				{
					"name": "Rivet6",
					"from": [ 0.5, 12.5, -0.5 ], 
					"to": [ 1.5, 13.5, 1.5 ], 
					"rotationOrigin": [ 1.0, 13.0, 1.0 ],
					"rotationZ": 45.0,
					"faces": {
						"north": { "texture": "#iron", "uv": [ 12.5, 9.5, 13.5, 10.5 ] },
						"east": { "texture": "#iron", "uv": [ 11.0, 11.5, 13.0, 12.5 ] },
						"south": { "texture": "#iron", "uv": [ 8.0, 11.5, 9.0, 12.5 ] },
						"west": { "texture": "#iron", "uv": [ 6.0, 6.0, 8.0, 7.0 ] },
						"up": { "texture": "#iron", "uv": [ 8.5, 6.5, 9.5, 8.5 ] },
						"down": { "texture": "#iron", "uv": [ 13.0, 11.5, 14.0, 13.5 ] }
					}
				}
			]
		},
		{
			"name": "MidUnderBar",
			"from": [ 0.0, 2.0, 6.5 ], 
			"to": [ 16.0, 4.0, 7.0 ], 
			"rotationOrigin": [ 8.0, 8.0, 13.0 ],
			"rotationX": 90.0,
			"faces": {
				"north": { "texture": "#iron", "uv": [ 0.0, 10.5, 16.0, 12.5 ] },
				"east": { "texture": "#iron", "uv": [ 1.5, 13.5, 2.0, 15.5 ] },
				"south": { "texture": "#iron", "uv": [ 0.0, 13.0, 16.0, 15.0 ] },
				"west": { "texture": "#iron", "uv": [ 0.5, 2.0, 1.0, 4.0 ] },
				"up": { "texture": "#iron", "uv": [ 0.0, 10.5, 16.0, 11.0 ] },
				"down": { "texture": "#iron", "uv": [ 0.0, 3.0, 16.0, 3.5 ] }
			},
			"children": [
				{
					"name": "Rivet13",
					"from": [ 2.75, 0.5, -1.0 ], 
					"to": [ 3.75, 1.5, 1.0 ], 
					"rotationOrigin": [ 3.25, 0.75, 0.0 ],
					"rotationZ": 45.0,
					"faces": {
						"north": { "texture": "#iron", "uv": [ 9.5, 7.0, 10.5, 8.0 ] },
						"east": { "texture": "#iron", "uv": [ 4.5, 8.0, 6.5, 9.0 ] },
						"south": { "texture": "#iron", "uv": [ 7.0, 12.5, 8.0, 13.5 ] },
						"west": { "texture": "#iron", "uv": [ 7.0, 13.5, 9.0, 14.5 ] },
						"up": { "texture": "#iron", "uv": [ 2.5, 11.0, 3.5, 13.0 ] },
						"down": { "texture": "#iron", "uv": [ 4.0, 3.5, 5.0, 5.5 ] }
					}
				},
				{
					"name": "Rivet14",
					"from": [ 12.75, 0.5, -1.0 ], 
					"to": [ 13.75, 1.5, 1.0 ], 
					"rotationOrigin": [ 13.25, 0.75, -1.0 ],
					"rotationZ": 45.0,
					"faces": {
						"north": { "texture": "#iron", "uv": [ 10.0, 4.0, 11.0, 5.0 ] },
						"east": { "texture": "#iron", "uv": [ 5.0, 14.0, 7.0, 15.0 ] },
						"south": { "texture": "#iron", "uv": [ 4.5, 4.5, 5.5, 5.5 ] },
						"west": { "texture": "#iron", "uv": [ 10.0, 10.5, 12.0, 11.5 ] },
						"up": { "texture": "#iron", "uv": [ 6.0, 5.0, 7.0, 7.0 ] },
						"down": { "texture": "#iron", "uv": [ 3.0, 10.5, 4.0, 12.5 ] }
					}
				},
				{
					"name": "Rivet15",
					"from": [ 7.75, 0.5, -1.0 ], 
					"to": [ 8.75, 1.5, 1.0 ], 
					"rotationOrigin": [ 8.25, 0.75, 0.0 ],
					"rotationZ": 45.0,
					"faces": {
						"north": { "texture": "#iron", "uv": [ 9.5, 7.0, 10.5, 8.0 ] },
						"east": { "texture": "#iron", "uv": [ 4.5, 8.0, 6.5, 9.0 ] },
						"south": { "texture": "#iron", "uv": [ 7.0, 12.5, 8.0, 13.5 ] },
						"west": { "texture": "#iron", "uv": [ 7.0, 13.5, 9.0, 14.5 ] },
						"up": { "texture": "#iron", "uv": [ 2.5, 11.0, 3.5, 13.0 ] },
						"down": { "texture": "#iron", "uv": [ 4.0, 3.5, 5.0, 5.5 ] }
					}
				}
			]
		}
	]}