﻿[
	{
		//-- Potted Nugget Crystal --//

		ingredientPattern: "CCCCMC P ",
		width:3,
		height:3,
		ingredients: {
			"C": {
				type: "item",
				code: "orecrystals_crystalshard",
				quantity: 1
			},
			"M": {
				type: "item",
				name: "mineral",
				code: "game:nugget-*",
				allowedVariants: ["nativecopper", "limonite", "galena", "cassiterite", "chromite", "ilmenite", "sphalerite", "bismuthinite", "magnetite",
				"hematite", "malachite", "pentlandite", "uranium", "wolframite", "rhodochrosite"],
				quantity: 1
			},
			"P": {
				type: "block",
				name: "pot",
				code: "game:flowerpot-*",
				allowedVariants: ["burnt", "amber", "boneash", "celadon", "copper", "earthern", "moss", "ochre", "rutile", "seasalt", "tenmoku"],
				quantity: 1
			},
		},
		output: {
			type: "block",
			code: "orecrystals_pottedcrystal-{mineral}-{pot}",
			quantity: 1
		}
	},
	{
		//-- Potted Ore Crystal --//

		ingredientPattern: "CCCCMC P ",
		width:3,
		height:3,
		ingredients: {
			"C": {
				type: "item",
				code: "orecrystals_crystalshard",
				quantity: 1
			},
			"M": {
				type: "item",
				name: "mineral",
				code: "game:ore-*",
				allowedVariants: ["lapislazuli", "corundum", "anthracite", "borax", "cinnabar", "lignite", "bituminouscoal", "sylvite", "sulfur",
				"fluorite", "graphite", "kernite", "phosphorite", "olivine"],
				quantity: 1
			},
			"P": {
				type: "block",
				name: "pot",
				code: "game:flowerpot-*",
				allowedVariants: ["burnt", "amber", "boneash", "celadon", "copper", "earthern", "moss", "ochre", "rutile", "seasalt", "tenmoku"],
				quantity: 1
			},
		},
		output: {
			type: "block",
			code: "orecrystals_pottedcrystal-{mineral}-{pot}",
			quantity: 1
		}
	},
	{
		//-- Potted Gem Crystal --//

		ingredientPattern: "CCCCMC P ",
		width:3,
		height:3,
		ingredients: {
			"C": {
				type: "item",
				code: "orecrystals_crystalshard",
				quantity: 1
			},
			"M": {
				type: "item",
				name: "gem",
				code: "game:gem-*-rough",
				allowedVariants: ["diamond", "emerald", "olivine_peridot"],
				quantity: 1
			},
			"P": {
				type: "block",
				name: "pot",
				code: "game:flowerpot-*",
				allowedVariants: ["burnt", "amber", "boneash", "celadon", "copper", "earthern", "moss", "ochre", "rutile", "seasalt", "tenmoku"],
				quantity: 1
			},
		},
		output: {
			type: "block",
			code: "orecrystals_pottedcrystal-{gem}-{pot}",
			quantity: 1
		}
	},
	{
		//-- Potted Quartz Crystal --//

		ingredientPattern: "CCCCMC P ",
		width:3,
		height:3,
		ingredients: {
			"C": {
				type: "item",
				code: "orecrystals_crystalshard",
				quantity: 1
			},
			"M": {
				type: "item",
				name: "material",
				code: "game:*",
				allowedVariants: ["clearquartz", "ore-quartz"],
				quantity: 1
			},
			"P": {
				type: "block",
				name: "pot",
				code: "game:flowerpot-*",
				allowedVariants: ["burnt", "amber", "boneash", "celadon", "copper", "earthern", "moss", "ochre", "rutile", "seasalt", "tenmoku"],
				quantity: 1
			},
		},
		output: {
			type: "block",
			code: "orecrystals_pottedcrystal-quartz-{pot}",
			quantity: 1
		}
	},
	{
		//-- Potted Flint Crystal --//

		ingredientPattern: "CCCCMC P ",
		width:3,
		height:3,
		ingredients: {
			"C": {
				type: "item",
				code: "orecrystals_crystalshard",
				quantity: 1
			},
			"M": {
				type: "item",
				name: "material",
				code: "game:flint",
				quantity: 1
			},
			"P": {
				type: "block",
				name: "pot",
				code: "game:flowerpot-*",
				allowedVariants: ["burnt", "amber", "boneash", "celadon", "copper", "earthern", "moss", "ochre", "rutile", "seasalt", "tenmoku"],
				quantity: 1
			},
		},
		output: {
			type: "block",
			code: "orecrystals_pottedcrystal-flint-{pot}",
			quantity: 1
		}
	},
	{
		//-- Potted Silver/Gold Crystal --//

		ingredientPattern: "CCCCMC P ",
		width:3,
		height:3,
		ingredients: {
			"C": {
				type: "item",
				code: "orecrystals_crystalshard",
				quantity: 1
			},
			"M": {
				type: "item",
				name: "mineral",
				code: "game:nugget-*",
				allowedVariants: ["nativesilver", "nativegold"],
				quantity: 1
			},
			"P": {
				type: "block",
				name: "pot",
				code: "game:flowerpot-*",
				allowedVariants: ["burnt", "amber", "boneash", "celadon", "copper", "earthern", "moss", "ochre", "rutile", "seasalt", "tenmoku"],
				quantity: 1
			},
		},
		output: {
			type: "block",
			code: "orecrystals_pottedcrystal-quartz_{mineral}-{pot}",
			quantity: 1
		}
	},
]