[
  {
    "op": "add",
    "path": "/attributes",
    "value": {
      "maxSaturation": 8,
      "nutrition" : 4
    },
    "file": "game:entities/land/sheep-bighorn-lamb.json"
  },
  {
    "op": "add",
    "path": "/client/behaviors/-",
    "value": {
      "code": "consume"
    },
    "file": "game:entities/land/sheep-bighorn-lamb.json"
  },

  {
    "op": "add",
    "path": "/server/behaviors/-",
    "value": {
      "code": "consume",
      "poopCodes": [
        "farmlife:poop-grazer-small",
        "farmlife:poop-grazer-medium"
      ]
    },
    "file": "game:entities/land/sheep-bighorn-lamb.json"
  },
  {
    "op": "add",
    "path": "/server/behaviors/10/aitasks/-",
    "value": {
      "code": "seekfoodandeat",
      "movespeed": 0.01,
      "priority": 1.5,
      "eatLooseItems": true,
      "eatItemCategories": [
        "Grain"
      ],
      "eatItemCodes": [
        "game:drygrass",
        "farmlife:animalfeed"
      ],
      "eatSound": "player/eat",
      "eatTime": 1.5,
      "animationSpeed": 1.4,
      "animation": "Walk",
      "eatAnimation": "Eat",
      "mincooldownHours": 0,
      "maxcooldownHours": 0
    },
    "file": "game:entities/land/sheep-bighorn-lamb.json"
  },

  {
    "op": "replace",
    "path": "/server/behaviors/9/code",
    "value": "foodgrow",
    "file": "game:entities/land/sheep-bighorn-lamb.json"
  },
]
