﻿{
	code: "enclosed_candle",	
	storageFlags: 1,
    behaviors: [{name: "HorizontalAttachable", properties: {  dropBlockFace: "north" }}],
	variantgroups: [		
		{ code:"side", loadFromProperties: "abstract/horizontalorientation" }
	],   
    collisionbox: null,
    renderpass: "OpaqueNoCull",
	shapebytype: {		
		"*-north": { base: "block/ceramic/candle_wall-holder", rotateY: 0 },
        "*-south": { base: "block/ceramic/candle_wall-holder", rotateY: 180 },
		"*-east": { base: "block/ceramic/candle_wall-holder", rotateY: 270 },		
		"*-west": { base: "block/ceramic/candle_wall-holder", rotateY: 90 }
	},
	sidesolid: {
		all: false
	},
	sideopaque: {
		all: false
	},
  	textures: {
    	"candle": { base: "game:block/candle" },
        "smoky": { base: "game:block/glass/smoky" },
		"semi_t_cera": { base: "ceramic/semi_t_cera" },
		"brown1": { base: "game:block/clay/hardened/brown1"}       
    },
	creativeinventory: { "general": ["*-north"], "decorative": ["*-north"], "defensive": ["*-north"] },
	replaceable: 300,
	resistance: 0.25,
	maxStackSize: 4,
	lightAbsorption: 0,
	lightHsv: [6, 5, 9],		
	selectionboxbytype: {		
        "*-north": { x1: 0.36, y1: 0.54, z1: 0.745, x2: 0.63, y2: 0.97, z2: 0.999, rotateY: 180 },
        "*-south": { x1: 0.36, y1: 0.54, z1: 0.745, x2: 0.63, y2: 0.97, z2: 0.999 , rotateY: 0 },
		"*-east": { x1: 0.36, y1: 0.54, z1: 0.745, x2: 0.63, y2: 0.97, z2: 0.999, rotateY: 90 },		
		"*-west": { x1: 0.36, y1: 0.54, z1: 0.745, x2: 0.63, y2: 0.97, z2: 0.999, rotateY: 270 },		
	},
	blockmaterial: "Ceramic",
	fpHandTransform: {
		translation: { x: -4.85, y: -0.12, z: 0.3 },
		rotation: { x: 1, y: -18, z: 0 },
		origin: { x: 0.5, y: 0.45, z: 0.5 },
		scale: 2
	},
	guiTransform: {
		translation: { x: 8, y: 47.5, z: 0 },
		rotation: { x: -20, y: -179, z: 0 },
		origin: { x: 0.4, y: 0, z: 0 },
		scale: 2.75,
        rotate: false
	},
	groundTransform: {
		scale: 2.5
	},
	tpHandTransform: {
		translation: { x: -0.7, y: 0, z: -0.9 },
		rotation: { x: -43, y: 0, z: -89 },
		origin: { x: 0.5, y: 0.1, z: 0.5 },
		scale: 0.66
	},
	rainPermeable: true,	
}
