{
	"editor": {
		"allAngles": false,
		"entityTextureMode": false
	},
	"textureWidth": 16,
	"textureHeight": 16,
	"textureSizes": {
	},
	"textures": {
		"mat": "game:block/clay/ceramic",
		"oak-dark": "game:block/wood/oak-dark",
		"string": "game:item/tool/material/string",
		"content": "game:block/fire"
	},
	"elements": [
		{
			"name": "Stick1",
			"from": [ 6.5, 0.0, 3.5 ], 
			"to": [ 7.5, 16.0, 4.5 ], 
			"rotationOrigin": [ 7.0, 0.0, 4.0 ],
			"rotationX": 23.5,
			"rotationZ": -5.0,
			"faces": {
				"north": { "texture": "#oak-dark", "uv": [ 7.5, 0.0, 8.5, 16.0 ] },
				"east": { "texture": "#oak-dark", "uv": [ 12.5, 0.0, 13.5, 16.0 ] },
				"south": { "texture": "#oak-dark", "uv": [ 2.5, 0.0, 3.5, 16.0 ] },
				"west": { "texture": "#oak-dark", "uv": [ 3.5, 0.0, 4.5, 16.0 ] },
				"up": { "texture": "#oak-dark", "uv": [ 0.5, 14.5, 1.5, 15.5 ] },
				"down": { "texture": "#oak-dark", "uv": [ 0.0, 14.5, 1.0, 15.5 ] }
			}
		},
		{
			"name": "Stick2",
			"from": [ 11.5, 0.0, 8.5 ], 
			"to": [ 12.5, 16.0, 9.5 ], 
			"rotationOrigin": [ 12.0, 0.0, 9.0 ],
			"rotationX": -9.0,
			"rotationZ": 24.5,
			"faces": {
				"north": { "texture": "#oak-dark", "uv": [ 13.0, 0.0, 14.0, 16.0 ] },
				"east": { "texture": "#oak-dark", "uv": [ 11.0, 0.0, 12.0, 16.0 ] },
				"south": { "texture": "#oak-dark", "uv": [ 2.5, 0.0, 3.5, 16.0 ] },
				"west": { "texture": "#oak-dark", "uv": [ 11.0, 0.0, 12.0, 16.0 ] },
				"up": { "texture": "#oak-dark", "uv": [ 0.5, 14.5, 1.5, 15.5 ] },
				"down": { "texture": "#oak-dark", "uv": [ 0.5, 14.5, 1.5, 15.5 ] }
			}
		},
		{
			"name": "Stick3",
			"from": [ 4.5, 0.0, 10.5 ], 
			"to": [ 5.5, 16.0, 11.5 ], 
			"rotationOrigin": [ 5.0, 0.0, 11.0 ],
			"rotationX": -19.0,
			"rotationZ": -19.0,
			"faces": {
				"north": { "texture": "#oak-dark", "uv": [ 11.0, 0.0, 12.0, 16.0 ] },
				"east": { "texture": "#oak-dark", "uv": [ 9.5, 0.0, 10.5, 16.0 ] },
				"south": { "texture": "#oak-dark", "uv": [ 9.0, 0.0, 10.0, 16.0 ] },
				"west": { "texture": "#oak-dark", "uv": [ 4.0, 0.0, 5.0, 16.0 ] },
				"up": { "texture": "#oak-dark", "uv": [ 0.5, 14.5, 1.5, 15.5 ] },
				"down": { "texture": "#oak-dark", "uv": [ 0.5, 14.5, 1.5, 15.5 ] }
			}
		},
		{
			"name": "Rope",
			"from": [ 7.0, 8.5, 7.0 ], 
			"to": [ 7.5, 9.0, 8.7 ], 
			"rotationOrigin": [ 7.0, 8.5, 7.0 ],
			"faces": {
				"north": { "texture": "#string", "uv": [ 3.5, 5.0, 4.0, 5.5 ] },
				"east": { "texture": "#string", "uv": [ 7.5, 10.5, 9.0, 11.0 ] },
				"south": { "texture": "#string", "uv": [ 6.5, 14.5, 7.0, 15.0 ] },
				"west": { "texture": "#string", "uv": [ 13.0, 1.5, 14.5, 2.0 ] },
				"up": { "texture": "#string", "uv": [ 2.0, 5.0, 2.5, 6.5 ] },
				"down": { "texture": "#string", "uv": [ 0.5, 12.0, 1.0, 13.5 ] }
			},
			"children": [
				{
					"name": "Cube5",
					"from": [ 0.0, 0.0, 1.7 ], 
					"to": [ 0.5, 0.501, 2.7 ], 
					"rotationOrigin": [ 0.0, 0.0, 1.7 ],
					"rotationY": 67.5,
					"faces": {
						"north": { "texture": "#string", "uv": [ 13.0, 0.0, 13.5, 0.5 ] },
						"east": { "texture": "#string", "uv": [ 0.5, 3.0, 1.5, 3.5 ] },
						"south": { "texture": "#string", "uv": [ 11.5, 8.5, 12.0, 9.0 ] },
						"west": { "texture": "#string", "uv": [ 14.0, 13.0, 15.0, 13.5 ] },
						"up": { "texture": "#string", "uv": [ 10.0, 6.0, 10.5, 7.0 ] },
						"down": { "texture": "#string", "uv": [ 14.5, 14.5, 15.0, 15.5 ] }
					},
					"children": [
						{
							"name": "Cube6",
							"from": [ 0.0, 0.0, 1.0 ], 
							"to": [ 0.5, 0.5, 2.2 ], 
							"rotationOrigin": [ 0.0, 0.0, 1.0 ],
							"rotationY": 45.0,
							"faces": {
								"north": { "texture": "#string", "uv": [ 1.0, 11.5, 1.5, 12.0 ] },
								"east": { "texture": "#string", "uv": [ 14.0, 14.0, 15.0, 14.5 ] },
								"south": { "texture": "#string", "uv": [ 3.0, 2.5, 3.5, 3.0 ] },
								"west": { "texture": "#string", "uv": [ 0.5, 9.0, 1.5, 9.5 ] },
								"up": { "texture": "#string", "uv": [ 8.5, 9.5, 9.0, 10.5 ] },
								"down": { "texture": "#string", "uv": [ 0.5, 10.0, 1.0, 11.0 ] }
							},
							"children": [
								{
									"name": "Cube7",
									"from": [ 0.0, 0.0, 1.2 ], 
									"to": [ 0.5, 0.501, 2.8 ], 
									"rotationOrigin": [ 0.0, 0.0, 1.2 ],
									"rotationY": 67.5,
									"faces": {
										"north": { "texture": "#string", "uv": [ 12.5, 7.5, 13.0, 8.0 ] },
										"east": { "texture": "#string", "uv": [ 2.0, 5.5, 3.5, 6.0 ] },
										"south": { "texture": "#string", "uv": [ 8.5, 1.5, 9.0, 2.0 ] },
										"west": { "texture": "#string", "uv": [ 11.0, 13.5, 12.5, 14.0 ] },
										"up": { "texture": "#string", "uv": [ 13.5, 7.5, 14.0, 9.0 ] },
										"down": { "texture": "#string", "uv": [ 5.0, 8.5, 5.5, 10.0 ] }
									},
									"children": [
										{
											"name": "Cube8",
											"from": [ 0.0, 0.0, 1.6 ], 
											"to": [ 0.5, 0.5, 2.6 ], 
											"rotationOrigin": [ 0.0, 0.0, 1.6 ],
											"rotationY": 67.5,
											"faces": {
												"north": { "texture": "#string", "uv": [ 10.0, 6.0, 10.5, 6.5 ] },
												"east": { "texture": "#string", "uv": [ 1.5, 9.5, 2.5, 10.0 ] },
												"south": { "texture": "#string", "uv": [ 0.5, 10.5, 1.0, 11.0 ] },
												"west": { "texture": "#string", "uv": [ 7.5, 4.5, 8.5, 5.0 ] },
												"up": { "texture": "#string", "uv": [ 2.0, 2.5, 2.5, 3.5 ] },
												"down": { "texture": "#string", "uv": [ 6.5, 5.5, 7.0, 6.5 ] }
											},
											"children": [
												{
													"name": "Cube9",
													"from": [ 0.0, 0.0, 1.0 ], 
													"to": [ 0.5, 0.501, 2.165 ], 
													"rotationOrigin": [ 0.0, 0.0, 1.0 ],
													"rotationY": 40.4,
													"faces": {
														"north": { "texture": "#string", "uv": [ 8.0, 11.0, 8.5, 11.5 ] },
														"east": { "texture": "#string", "uv": [ 13.0, 12.5, 14.0, 13.0 ] },
														"south": { "texture": "#string", "uv": [ 1.5, 12.5, 2.0, 13.0 ] },
														"west": { "texture": "#string", "uv": [ 10.5, 12.0, 11.5, 12.5 ] },
														"up": { "texture": "#string", "uv": [ 13.5, 13.0, 14.0, 14.0 ] },
														"down": { "texture": "#string", "uv": [ 5.0, 5.0, 5.5, 6.0 ] }
													}
												}
											]
										}
									]
								}
							]
						}
					]
				}
			]
		},
		{
			"name": "Bowl 1 floor",
			"from": [ 6.5, 14.0, 6.5 ], 
			"to": [ 9.5, 15.0, 9.5 ], 
			"rotationOrigin": [ 0.0, 14.0, 0.0 ],
			"faces": {
				"north": { "texture": "#-1", "uv": [ 0.0, 0.0, 3.0, 1.0 ], "enabled": false },
				"east": { "texture": "#-1", "uv": [ 0.0, 0.0, 3.0, 1.0 ], "enabled": false },
				"south": { "texture": "#-1", "uv": [ 0.0, 0.0, 3.0, 1.0 ], "enabled": false },
				"west": { "texture": "#-1", "uv": [ 0.0, 0.0, 3.0, 1.0 ], "enabled": false },
				"up": { "texture": "#mat", "uv": [ 10.0, 2.0, 13.0, 5.0 ] },
				"down": { "texture": "#mat", "uv": [ 5.0, 5.0, 8.0, 8.0 ] }
			},
			"children": [
				{
					"name": "N 1",
					"from": [ -1.0, 0.0, -1.0 ], 
					"to": [ 4.0, 2.0, 0.0 ], 
					"faces": {
						"north": { "texture": "#mat", "uv": [ 6.0, 5.0, 11.0, 7.0 ] },
						"east": { "texture": "#mat", "uv": [ 9.0, 6.0, 10.0, 8.0 ] },
						"south": { "texture": "#mat", "uv": [ 4.0, 7.0, 9.0, 9.0 ] },
						"west": { "texture": "#mat", "uv": [ 12.0, 1.0, 13.0, 3.0 ] },
						"up": { "texture": "#mat", "uv": [ 3.0, 12.0, 8.0, 13.0 ] },
						"down": { "texture": "#mat", "uv": [ 2.0, 10.0, 7.0, 11.0 ] }
					}
				},
				{
					"name": "S 1",
					"from": [ -1.0, 0.0, 3.0 ], 
					"to": [ 4.0, 2.0, 4.0 ], 
					"faces": {
						"north": { "texture": "#mat", "uv": [ 6.0, 10.0, 11.0, 12.0 ] },
						"east": { "texture": "#mat", "uv": [ 6.0, 7.0, 7.0, 9.0 ] },
						"south": { "texture": "#mat", "uv": [ 10.0, 3.0, 15.0, 5.0 ] },
						"west": { "texture": "#mat", "uv": [ 11.0, 5.0, 12.0, 7.0 ] },
						"up": { "texture": "#mat", "uv": [ 7.0, 9.0, 12.0, 10.0 ] },
						"down": { "texture": "#mat", "uv": [ 7.0, 6.0, 12.0, 7.0 ] }
					}
				},
				{
					"name": "W 1",
					"from": [ -1.0, 0.0, 0.0 ], 
					"to": [ 0.0, 2.0, 3.0 ], 
					"faces": {
						"north": { "texture": "#-1", "uv": [ 1.0, 8.0, 2.0, 10.0 ], "enabled": false },
						"east": { "texture": "#mat", "uv": [ 10.0, 2.0, 13.0, 4.0 ] },
						"south": { "texture": "#-1", "uv": [ 9.0, 1.0, 10.0, 3.0 ], "enabled": false },
						"west": { "texture": "#mat", "uv": [ 4.0, 10.0, 7.0, 12.0 ] },
						"up": { "texture": "#mat", "uv": [ 9.0, 7.0, 10.0, 10.0 ] },
						"down": { "texture": "#mat", "uv": [ 14.0, 12.0, 15.0, 15.0 ] }
					}
				},
				{
					"name": "E 1",
					"from": [ 3.0, 0.0, 0.0 ], 
					"to": [ 4.0, 2.0, 3.0 ], 
					"faces": {
						"north": { "texture": "#-1", "uv": [ 8.0, 10.0, 9.0, 12.0 ], "enabled": false },
						"east": { "texture": "#mat", "uv": [ 1.0, 6.0, 4.0, 8.0 ] },
						"south": { "texture": "#-1", "uv": [ 13.0, 0.0, 14.0, 2.0 ], "enabled": false },
						"west": { "texture": "#mat", "uv": [ 6.0, 4.0, 9.0, 6.0 ] },
						"up": { "texture": "#mat", "uv": [ 2.0, 4.0, 3.0, 7.0 ] },
						"down": { "texture": "#mat", "uv": [ 1.0, 7.0, 2.0, 10.0 ] }
					}
				}
			]
		},
		{
			"name": "Content",
			"from": [ 6.5, 14.0, 6.5 ], 
			"to": [ 9.5, 15.9, 9.5 ], 
			"rotationOrigin": [ 8.0, 14.0, 8.0 ],
			"faces": {
				"north": { "texture": "#null", "uv": [ 0.0, 0.0, 3.0, 1.5 ], "enabled": false },
				"east": { "texture": "#null", "uv": [ 0.0, 0.0, 3.0, 1.5 ], "enabled": false },
				"south": { "texture": "#null", "uv": [ 0.0, 0.0, 3.0, 1.5 ], "enabled": false },
				"west": { "texture": "#null", "uv": [ 0.0, 0.0, 3.0, 1.5 ], "enabled": false },
				"up": { "texture": "#content", "uv": [ 0.0, 0.0, 3.0, 3.0 ], "glow": 128 },
				"down": { "texture": "#null", "uv": [ 0.0, 0.0, 3.0, 3.0 ], "enabled": false }
			}
		}
	]}