{
	"editor": {
		"allAngles": false,
		"entityTextureMode": false
	},
	"textureWidth": 16,
	"textureHeight": 16,

	"elements": [
		{
			"name": "es_mwindow",
			"from": [ 5.0, 0.0, 5.0 ], 
			"to": [ 11.0, 1.0, 16.0 ], 
			"rotationOrigin": [ 5.0, 0.0, 5.0 ],
			"faces": {
				"north": { "texture": "#wood1", "uv": [ 11.5, 5.0, 12.5, 11.0 ], "rotation": 90 },
				"east": { "texture": "#wood1", "uv": [ 8.5, 0.0, 9.5, 11.0 ], "rotation": 90 },
				"south": { "texture": "#wood1", "uv": [ 9.5, 14.0, 15.5, 15.0 ] },
				"west": { "texture": "#wood1", "uv": [ 3.5, 0.0, 4.5, 11.0 ], "rotation": 90 },
				"up": { "texture": "#wood1", "uv": [ 4.0, 0.0, 10.0, 11.0 ] },
				"down": { "texture": "#wood1", "uv": [ 2.0, 0.5, 8.0, 11.5 ] }
			},
			"children": [
				{
					"name": "frame519",
					"from": [ 2.0, 2.0, 4.5 ], 
					"to": [ 4.0, 2.3, 10.0 ], 
					"rotationOrigin": [ 2.0, 1.0, 5.0 ],
					"faces": {
						"north": { "texture": "#frame2", "uv": [ 13.0, 8.5, 15.0, 9.0 ] },
						"east": { "texture": "#frame2", "uv": [ 0.5, 1.0, 6.0, 1.5 ] },
						"south": { "texture": "#frame2", "uv": [ 12.0, 4.5, 14.0, 5.0 ] },
						"west": { "texture": "#frame2", "uv": [ 8.0, 14.0, 13.5, 14.5 ] },
						"up": { "texture": "#frame2", "uv": [ 13.0, 9.5, 15.0, 15.0 ] },
						"down": { "texture": "#frame2", "uv": [ 3.5, 4.5, 5.5, 10.0 ] }
					},
					"children": [
						{
							"name": "Cube520",
							"from": [ 0.0, 5.2, 0.0 ], 
							"to": [ 2.0, 5.5, 5.5 ], 
							"rotationOrigin": [ 0.0, 4.0, 0.0 ],
							"faces": {
								"north": { "texture": "#frame2", "uv": [ 0.0, 1.0, 2.0, 1.5 ] },
								"east": { "texture": "#frame2", "uv": [ 1.0, 12.0, 6.5, 12.5 ] },
								"south": { "texture": "#frame2", "uv": [ 2.0, 13.5, 4.0, 14.0 ] },
								"west": { "texture": "#frame2", "uv": [ 5.0, 13.5, 10.5, 14.0 ] },
								"up": { "texture": "#frame2", "uv": [ 10.0, 0.0, 12.0, 5.5 ] },
								"down": { "texture": "#frame2", "uv": [ 1.5, 2.5, 3.5, 8.0 ] }
							}
						},
						{
							"name": "Cube521",
							"from": [ 0.0, 0.3, 0.0 ], 
							"to": [ 2.0, 5.2, 0.3 ], 
							"rotationOrigin": [ 0.0, -1.0, 0.0 ],
							"faces": {
								"north": { "texture": "#frame2", "uv": [ 8.0, 9.5, 10.0, 14.0 ] },
								"east": { "texture": "#frame2", "uv": [ 13.0, 4.0, 13.5, 8.5 ] },
								"south": { "texture": "#frame2", "uv": [ 2.0, 5.0, 4.0, 9.5 ] },
								"west": { "texture": "#frame2", "uv": [ 9.0, 10.0, 9.5, 14.5 ] },
								"up": { "texture": "#frame2", "uv": [ 0.5, 2.0, 2.5, 2.5 ] },
								"down": { "texture": "#frame2", "uv": [ 4.0, 1.5, 6.0, 2.0 ] }
							}
						},
						{
							"name": "Cube522",
							"from": [ 0.0, 0.3, 5.2 ], 
							"to": [ 2.0, 5.2, 5.5 ], 
							"rotationOrigin": [ 0.0, -1.0, 5.0 ],
							"faces": {
								"north": { "texture": "#frame2", "uv": [ 1.5, 6.5, 3.5, 11.0 ] },
								"east": { "texture": "#frame2", "uv": [ 13.0, 9.0, 13.5, 13.5 ] },
								"south": { "texture": "#frame2", "uv": [ 0.0, 9.5, 2.0, 14.0 ] },
								"west": { "texture": "#frame2", "uv": [ 3.5, 2.0, 4.0, 6.5 ] },
								"up": { "texture": "#frame2", "uv": [ 1.0, 1.5, 3.0, 2.0 ] },
								"down": { "texture": "#frame2", "uv": [ 8.0, 12.5, 10.0, 13.0 ] }
							}
						},
						{
							"name": "Cube523",
							"from": [ 0.0, 6.5, 0.0 ], 
							"to": [ 2.0, 6.8, 5.5 ], 
							"rotationOrigin": [ 0.0, 6.0, 0.0 ],
							"faces": {
								"north": { "texture": "#frame2", "uv": [ 1.0, 13.0, 3.0, 13.5 ] },
								"east": { "texture": "#frame2", "uv": [ 5.5, 2.0, 11.0, 2.5 ] },
								"south": { "texture": "#frame2", "uv": [ 5.5, 5.5, 7.5, 6.0 ] },
								"west": { "texture": "#frame2", "uv": [ 2.0, 6.5, 7.5, 7.0 ] },
								"up": { "texture": "#frame2", "uv": [ 8.5, 2.0, 10.5, 7.5 ] },
								"down": { "texture": "#frame2", "uv": [ 4.5, 7.5, 6.5, 13.0 ] }
							},
							"children": [
								{
									"name": "Cube524",
									"from": [ 0.0, 5.2, 0.0 ], 
									"to": [ 2.0, 5.5, 5.5 ], 
									"rotationOrigin": [ 0.0, 4.0, 0.0 ],
									"faces": {
										"north": { "texture": "#frame2", "uv": [ 6.5, 6.5, 8.5, 7.0 ] },
										"east": { "texture": "#frame2", "uv": [ 4.0, 9.5, 9.5, 10.0 ] },
										"south": { "texture": "#frame2", "uv": [ 7.0, 8.0, 9.0, 8.5 ] },
										"west": { "texture": "#frame2", "uv": [ 4.5, 12.5, 10.0, 13.0 ] },
										"up": { "texture": "#frame2", "uv": [ 4.0, 3.5, 6.0, 9.0 ] },
										"down": { "texture": "#frame2", "uv": [ 8.0, 9.5, 10.0, 15.0 ] }
									}
								},
								{
									"name": "Cube525",
									"from": [ 0.0, 0.3, 0.0 ], 
									"to": [ 2.0, 5.2, 0.3 ], 
									"rotationOrigin": [ 0.0, -1.0, 0.0 ],
									"faces": {
										"north": { "texture": "#frame2", "uv": [ 0.5, 0.5, 2.5, 5.0 ] },
										"east": { "texture": "#frame2", "uv": [ 0.5, 10.0, 1.0, 14.5 ] },
										"south": { "texture": "#frame2", "uv": [ 10.5, 9.5, 12.5, 14.0 ] },
										"west": { "texture": "#frame2", "uv": [ 10.5, 4.0, 11.0, 8.5 ] },
										"up": { "texture": "#frame2", "uv": [ 9.5, 13.0, 11.5, 13.5 ] },
										"down": { "texture": "#frame2", "uv": [ 4.0, 0.5, 6.0, 1.0 ] }
									}
								},
								{
									"name": "Cube526",
									"from": [ 0.0, 0.3, 5.2 ], 
									"to": [ 2.0, 5.2, 5.5 ], 
									"rotationOrigin": [ 0.0, -1.0, 5.0 ],
									"faces": {
										"north": { "texture": "#frame2", "uv": [ 0.0, 4.5, 2.0, 9.0 ] },
										"east": { "texture": "#frame2", "uv": [ 11.0, 6.0, 11.5, 10.5 ] },
										"south": { "texture": "#frame2", "uv": [ 13.5, 7.5, 15.5, 12.0 ] },
										"west": { "texture": "#frame2", "uv": [ 15.0, 4.0, 15.5, 8.5 ] },
										"up": { "texture": "#frame2", "uv": [ 3.5, 6.5, 5.5, 7.0 ] },
										"down": { "texture": "#frame2", "uv": [ 7.0, 7.5, 9.0, 8.0 ] }
									}
								}
							]
						},
						{
							"name": "Cube527",
							"from": [ 0.0, 0.0, 6.2 ], 
							"to": [ 2.0, 12.0, 6.5 ], 
							"rotationOrigin": [ 0.0, -1.0, 6.5 ],
							"faces": {
								"north": { "texture": "#frame", "uv": [ 12.5, 2.0, 14.5, 14.0 ] },
								"east": { "texture": "#frame", "uv": [ 10.5, 1.5, 11.0, 13.5 ] },
								"south": { "texture": "#frame", "uv": [ 11.5, 2.0, 13.5, 14.0 ] },
								"west": { "texture": "#frame", "uv": [ 2.0, 1.5, 2.5, 13.5 ] },
								"up": { "texture": "#frame", "uv": [ 1.0, 5.0, 3.0, 5.5 ] },
								"down": { "texture": "#frame", "uv": [ 12.0, 8.0, 14.0, 8.5 ] }
							}
						},
						{
							"name": "Cube528",
							"from": [ -1.0, 0.0, 5.5 ], 
							"to": [ 3.0, 12.0, 6.2 ], 
							"rotationOrigin": [ -1.0, 0.0, 6.0 ],
							"faces": {
								"north": { "texture": "#wood1", "uv": [ 5.0, 1.0, 9.0, 13.0 ] },
								"east": { "texture": "#wood1", "uv": [ 8.0, 0.5, 8.5, 12.5 ] },
								"south": { "texture": "#wood1", "uv": [ 9.0, 1.5, 13.0, 13.5 ] },
								"west": { "texture": "#wood1", "uv": [ 11.5, 1.5, 12.0, 13.5 ] },
								"up": { "texture": "#wood1", "uv": [ 1.0, 11.5, 5.0, 12.0 ] },
								"down": { "texture": "#wood1", "uv": [ 2.5, 6.0, 6.5, 6.5 ] }
							}
						},
						{
							"name": "Cube529",
							"from": [ -1.0, 5.5, 0.0 ], 
							"to": [ 3.0, 6.5, 5.5 ], 
							"rotationOrigin": [ -1.0, 5.0, 0.0 ],
							"faces": {
								"north": { "texture": "#wood1", "uv": [ 1.5, 3.0, 5.5, 4.0 ] },
								"east": { "texture": "#wood1", "uv": [ 3.5, 5.0, 4.5, 10.5 ], "rotation": 90 },
								"south": { "texture": "#wood1", "uv": [ 9.5, 1.0, 13.5, 2.0 ] },
								"west": { "texture": "#wood1", "uv": [ 7.0, 8.0, 8.0, 13.5 ], "rotation": 90 },
								"up": { "texture": "#wood1", "uv": [ 5.5, 9.0, 9.5, 14.5 ] },
								"down": { "texture": "#wood1", "uv": [ 10.0, 9.0, 15.5, 13.0 ], "rotation": 90 }
							}
						},
						{
							"name": "Cube530",
							"from": [ -1.0, -1.0, 0.0 ], 
							"to": [ 3.0, 0.0, 6.5 ], 
							"rotationOrigin": [ -1.0, -1.0, 0.0 ],
							"faces": {
								"north": { "texture": "#wood1", "uv": [ 8.5, 1.0, 12.5, 2.0 ] },
								"east": { "texture": "#wood1", "uv": [ 11.5, 1.5, 12.5, 8.0 ], "rotation": 90 },
								"south": { "texture": "#wood1", "uv": [ 8.0, 3.5, 12.0, 4.5 ] },
								"west": { "texture": "#wood1", "uv": [ 11.0, 1.5, 12.0, 8.0 ], "rotation": 90 },
								"up": { "texture": "#wood1", "uv": [ 10.5, 1.0, 14.5, 7.5 ] },
								"down": { "texture": "#wood1", "uv": [ 8.5, 1.0, 12.5, 7.5 ] }
							}
						},
						{
							"name": "window531",
							"from": [ 0.0, 6.8, 0.3 ], 
							"to": [ 2.0, 11.7, 5.2 ], 
							"renderPass": 3,
							"rotationOrigin": [ 0.0, 5.5, 0.0 ],
							"faces": {
								"north": { "texture": "#null", "uv": [ 9.5, 9.0, 11.5, 13.5 ], "enabled": false },
								"east": { "texture": "#squareglass", "uv": [ 0.5, 0.5, 13.0, 16.0 ], "autoUv": false },
								"south": { "texture": "#null", "uv": [ 1.0, 5.0, 3.0, 9.5 ], "enabled": false },
								"west": { "texture": "#squareglass", "uv": [ 0.5, 0.5, 13.0, 16.0 ], "autoUv": false },
								"up": { "texture": "#null", "uv": [ 11.0, 4.5, 13.0, 9.0 ], "enabled": false },
								"down": { "texture": "#null", "uv": [ 9.0, 1.5, 11.0, 6.0 ], "enabled": false }
							}
						},
						{
							"name": "Cube532",
							"from": [ 0.0, 0.3, 0.3 ], 
							"to": [ 2.0, 5.2, 5.2 ], 
							"renderPass": 3,
							"rotationOrigin": [ 0.0, -0.5, 0.0 ],
							"faces": {
								"north": { "texture": "#null", "uv": [ 9.5, 1.0, 11.5, 5.5 ], "enabled": false },
								"east": { "texture": "#glass", "uv": [ 3.5, 3.5, 12.5, 13.0 ], "autoUv": false },
								"south": { "texture": "#null", "uv": [ 6.0, 10.0, 8.0, 14.5 ], "enabled": false },
								"west": { "texture": "#glass", "uv": [ 3.5, 3.5, 12.5, 13.0 ], "autoUv": false },
								"up": { "texture": "#null", "uv": [ 1.0, 8.0, 3.0, 12.5 ], "enabled": false },
								"down": { "texture": "#null", "uv": [ 2.0, 5.0, 4.0, 9.5 ], "enabled": false }
							}
						},
						{
							"name": "Cube582",
							"from": [ -1.0, 12.0, 0.0 ], 
							"to": [ 3.0, 13.0, 6.5 ], 
							"rotationOrigin": [ -1.0, 12.0, 0.0 ],
							"faces": {
								"north": { "texture": "#wood1", "uv": [ 8.5, 1.0, 12.5, 2.0 ] },
								"east": { "texture": "#wood1", "uv": [ 11.5, 1.5, 12.5, 8.0 ], "rotation": 90 },
								"south": { "texture": "#wood1", "uv": [ 8.0, 3.5, 12.0, 4.5 ] },
								"west": { "texture": "#wood1", "uv": [ 11.0, 1.5, 12.0, 8.0 ], "rotation": 90 },
								"up": { "texture": "#wood1", "uv": [ 10.5, 1.0, 14.5, 7.5 ] },
								"down": { "texture": "#wood1", "uv": [ 8.5, 1.0, 12.5, 7.5 ] }
							}
						},
						{
							"name": "Cube583",
							"from": [ -2.0, 13.0, -4.5 ], 
							"to": [ 4.0, 14.0, 6.5 ], 
							"rotationOrigin": [ -2.0, 13.0, -4.0 ],
							"faces": {
								"north": { "texture": "#wood1", "uv": [ 9.0, 6.0, 15.0, 7.0 ] },
								"east": { "texture": "#wood1", "uv": [ 7.5, 4.0, 8.5, 15.0 ], "rotation": 90 },
								"south": { "texture": "#wood1", "uv": [ 4.5, 8.0, 10.5, 9.0 ] },
								"west": { "texture": "#wood1", "uv": [ 7.0, 4.0, 8.0, 15.0 ], "rotation": 90 },
								"up": { "texture": "#wood1", "uv": [ 4.0, 3.0, 10.0, 14.0 ] },
								"down": { "texture": "#wood1", "uv": [ 2.0, 4.5, 8.0, 15.5 ] }
							}
						}
					]
				},
				{
					"name": "Cube533",
					"from": [ 1.0, 1.0, 1.0 ], 
					"to": [ 4.5, 15.0, 4.5 ], 
					"rotationOrigin": [ 1.0, 1.0, 1.0 ],
					"faces": {
						"north": { "texture": "#wood1", "uv": [ 1.0, 0.5, 4.5, 15.5 ] },
						"east": { "texture": "#wood1", "uv": [ 10.0, 0.5, 13.5, 15.5 ] },
						"south": { "texture": "#wood1", "uv": [ 0.5, 0.0, 4.0, 15.0 ] },
						"west": { "texture": "#wood1", "uv": [ 7.5, 1.0, 11.0, 16.0 ] },
						"up": { "texture": "#wood1", "uv": [ 6.5, 8.5, 10.0, 12.0 ] },
						"down": { "texture": "#wood1", "uv": [ 8.0, 13.0, 11.5, 16.5 ] }
					}
				},
				{
					"name": "dne_mwindow550",
					"from": [ 6.0038, 0.0, 5.9962 ], 
					"to": [ 12.0038, 1.0, 10.9962 ], 
					"rotationOrigin": [ 6.0, 0.0, 6.0 ],
					"rotationY": 89.9802127184967,
					"faces": {
						"north": { "texture": "#wood1", "uv": [ 1.0, 15.0, 7.0, 16.0 ] },
						"east": { "texture": "#wood1", "uv": [ 8.5, 0.0, 9.5, 5.0 ], "rotation": 90 },
						"south": { "texture": "#wood1", "uv": [ 9.0, 15.0, 15.0, 16.0 ] },
						"west": { "texture": "#wood1", "uv": [ 3.5, 0.0, 4.5, 5.0 ], "rotation": 90 },
						"up": { "texture": "#wood1", "uv": [ 5.0, 5.0, 11.0, 10.0 ] },
						"down": { "texture": "#wood1", "uv": [ 3.0, 3.0, 9.0, 8.0 ] }
					}
				},
				{
					"name": "frame537",
					"from": [ 5.0, 2.0, 3.5 ], 
					"to": [ 7.0, 2.3, 9.0 ], 
					"rotationOrigin": [ 5.0, 1.0, 4.0 ],
					"rotationY": 90.0,
					"faces": {
						"north": { "texture": "#frame2", "uv": [ 13.0, 8.5, 15.0, 9.0 ] },
						"east": { "texture": "#frame2", "uv": [ 0.5, 1.0, 6.0, 1.5 ] },
						"south": { "texture": "#frame2", "uv": [ 12.0, 4.5, 14.0, 5.0 ] },
						"west": { "texture": "#frame2", "uv": [ 8.0, 14.0, 13.5, 14.5 ] },
						"up": { "texture": "#frame2", "uv": [ 13.0, 9.5, 15.0, 15.0 ] },
						"down": { "texture": "#frame2", "uv": [ 3.5, 4.5, 5.5, 10.0 ] }
					},
					"children": [
						{
							"name": "Cube538",
							"from": [ 0.0, 5.2, 0.0 ], 
							"to": [ 2.0, 5.5, 5.5 ], 
							"rotationOrigin": [ 0.0, 4.0, 0.0 ],
							"faces": {
								"north": { "texture": "#frame2", "uv": [ 0.0, 1.0, 2.0, 1.5 ] },
								"east": { "texture": "#frame2", "uv": [ 1.0, 12.0, 6.5, 12.5 ] },
								"south": { "texture": "#frame2", "uv": [ 2.0, 13.5, 4.0, 14.0 ] },
								"west": { "texture": "#frame2", "uv": [ 5.0, 13.5, 10.5, 14.0 ] },
								"up": { "texture": "#frame2", "uv": [ 10.0, 0.0, 12.0, 5.5 ] },
								"down": { "texture": "#frame2", "uv": [ 1.5, 2.5, 3.5, 8.0 ] }
							}
						},
						{
							"name": "Cube539",
							"from": [ 0.0, 0.3, 0.0 ], 
							"to": [ 2.0, 5.2, 0.3 ], 
							"rotationOrigin": [ 0.0, -1.0, 0.0 ],
							"faces": {
								"north": { "texture": "#frame2", "uv": [ 8.0, 9.5, 10.0, 14.0 ] },
								"east": { "texture": "#frame2", "uv": [ 13.0, 4.0, 13.5, 8.5 ] },
								"south": { "texture": "#frame2", "uv": [ 2.0, 5.0, 4.0, 9.5 ] },
								"west": { "texture": "#frame2", "uv": [ 9.0, 10.0, 9.5, 14.5 ] },
								"up": { "texture": "#frame2", "uv": [ 0.5, 2.0, 2.5, 2.5 ] },
								"down": { "texture": "#frame2", "uv": [ 4.0, 1.5, 6.0, 2.0 ] }
							}
						},
						{
							"name": "Cube540",
							"from": [ 0.0, 0.3, 5.2 ], 
							"to": [ 2.0, 5.2, 5.5 ], 
							"rotationOrigin": [ 0.0, -1.0, 5.0 ],
							"faces": {
								"north": { "texture": "#frame2", "uv": [ 1.5, 6.5, 3.5, 11.0 ] },
								"east": { "texture": "#frame2", "uv": [ 13.0, 9.0, 13.5, 13.5 ] },
								"south": { "texture": "#frame2", "uv": [ 0.0, 9.5, 2.0, 14.0 ] },
								"west": { "texture": "#frame2", "uv": [ 3.5, 2.0, 4.0, 6.5 ] },
								"up": { "texture": "#frame2", "uv": [ 1.0, 1.5, 3.0, 2.0 ] },
								"down": { "texture": "#frame2", "uv": [ 8.0, 12.5, 10.0, 13.0 ] }
							}
						},
						{
							"name": "Cube541",
							"from": [ 0.0, 6.5, 0.0 ], 
							"to": [ 2.0, 6.8, 5.5 ], 
							"rotationOrigin": [ 0.0, 6.0, 0.0 ],
							"faces": {
								"north": { "texture": "#frame2", "uv": [ 1.0, 13.0, 3.0, 13.5 ] },
								"east": { "texture": "#frame2", "uv": [ 5.5, 2.0, 11.0, 2.5 ] },
								"south": { "texture": "#frame2", "uv": [ 5.5, 5.5, 7.5, 6.0 ] },
								"west": { "texture": "#frame2", "uv": [ 2.0, 6.5, 7.5, 7.0 ] },
								"up": { "texture": "#frame2", "uv": [ 8.5, 2.0, 10.5, 7.5 ] },
								"down": { "texture": "#frame2", "uv": [ 4.5, 7.5, 6.5, 13.0 ] }
							},
							"children": [
								{
									"name": "Cube542",
									"from": [ 0.0, 5.2, 0.0 ], 
									"to": [ 2.0, 5.5, 5.5 ], 
									"rotationOrigin": [ 0.0, 4.0, 0.0 ],
									"faces": {
										"north": { "texture": "#frame2", "uv": [ 6.5, 6.5, 8.5, 7.0 ] },
										"east": { "texture": "#frame2", "uv": [ 4.0, 9.5, 9.5, 10.0 ] },
										"south": { "texture": "#frame2", "uv": [ 7.0, 8.0, 9.0, 8.5 ] },
										"west": { "texture": "#frame2", "uv": [ 4.5, 12.5, 10.0, 13.0 ] },
										"up": { "texture": "#frame2", "uv": [ 4.0, 3.5, 6.0, 9.0 ] },
										"down": { "texture": "#frame2", "uv": [ 8.0, 9.5, 10.0, 15.0 ] }
									}
								},
								{
									"name": "Cube543",
									"from": [ 0.0, 0.3, 0.0 ], 
									"to": [ 2.0, 5.2, 0.3 ], 
									"rotationOrigin": [ 0.0, -1.0, 0.0 ],
									"faces": {
										"north": { "texture": "#frame2", "uv": [ 0.5, 0.5, 2.5, 5.0 ] },
										"east": { "texture": "#frame2", "uv": [ 0.5, 10.0, 1.0, 14.5 ] },
										"south": { "texture": "#frame2", "uv": [ 10.5, 9.5, 12.5, 14.0 ] },
										"west": { "texture": "#frame2", "uv": [ 10.5, 4.0, 11.0, 8.5 ] },
										"up": { "texture": "#frame2", "uv": [ 9.5, 13.0, 11.5, 13.5 ] },
										"down": { "texture": "#frame2", "uv": [ 4.0, 0.5, 6.0, 1.0 ] }
									}
								},
								{
									"name": "Cube544",
									"from": [ 0.0, 0.3, 5.2 ], 
									"to": [ 2.0, 5.2, 5.5 ], 
									"rotationOrigin": [ 0.0, -1.0, 5.0 ],
									"faces": {
										"north": { "texture": "#frame2", "uv": [ 0.0, 4.5, 2.0, 9.0 ] },
										"east": { "texture": "#frame2", "uv": [ 11.0, 6.0, 11.5, 10.5 ] },
										"south": { "texture": "#frame2", "uv": [ 13.5, 7.5, 15.5, 12.0 ] },
										"west": { "texture": "#frame2", "uv": [ 15.0, 4.0, 15.5, 8.5 ] },
										"up": { "texture": "#frame2", "uv": [ 3.5, 6.5, 5.5, 7.0 ] },
										"down": { "texture": "#frame2", "uv": [ 7.0, 7.5, 9.0, 8.0 ] }
									}
								}
							]
						},
						{
							"name": "Cube545",
							"from": [ 0.0, 0.0, 6.2 ], 
							"to": [ 2.0, 12.0, 6.5 ], 
							"rotationOrigin": [ 0.0, -1.0, 6.5 ],
							"faces": {
								"north": { "texture": "#frame", "uv": [ 12.5, 2.0, 14.5, 14.0 ] },
								"east": { "texture": "#frame", "uv": [ 10.5, 1.5, 11.0, 13.5 ] },
								"south": { "texture": "#frame", "uv": [ 11.5, 2.0, 13.5, 14.0 ] },
								"west": { "texture": "#frame", "uv": [ 2.0, 1.5, 2.5, 13.5 ] },
								"up": { "texture": "#frame", "uv": [ 1.0, 5.0, 3.0, 5.5 ] },
								"down": { "texture": "#frame", "uv": [ 12.0, 8.0, 14.0, 8.5 ] }
							}
						},
						{
							"name": "Cube546",
							"from": [ -1.0, 0.0, 5.5 ], 
							"to": [ 3.0, 12.0, 6.2 ], 
							"rotationOrigin": [ -1.0, 0.0, 6.0 ],
							"faces": {
								"north": { "texture": "#wood1", "uv": [ 5.0, 1.0, 9.0, 13.0 ] },
								"east": { "texture": "#wood1", "uv": [ 8.0, 0.5, 8.5, 12.5 ] },
								"south": { "texture": "#wood1", "uv": [ 9.0, 1.5, 13.0, 13.5 ] },
								"west": { "texture": "#wood1", "uv": [ 11.5, 1.5, 12.0, 13.5 ] },
								"up": { "texture": "#wood1", "uv": [ 1.0, 11.5, 5.0, 12.0 ] },
								"down": { "texture": "#wood1", "uv": [ 2.5, 6.0, 6.5, 6.5 ] }
							}
						},
						{
							"name": "Cube547",
							"from": [ -0.5, 5.5, 0.0 ], 
							"to": [ 3.0, 6.5, 5.5 ], 
							"rotationOrigin": [ -1.0, 5.0, 0.0 ],
							"faces": {
								"north": { "texture": "#wood1", "uv": [ 1.5, 3.0, 5.0, 4.0 ] },
								"east": { "texture": "#wood1", "uv": [ 3.5, 5.0, 4.5, 10.5 ], "rotation": 90 },
								"south": { "texture": "#wood1", "uv": [ 9.5, 1.0, 13.0, 2.0 ] },
								"west": { "texture": "#wood1", "uv": [ 7.0, 8.0, 8.0, 13.5 ], "rotation": 90 },
								"up": { "texture": "#wood1", "uv": [ 5.5, 9.0, 9.0, 14.5 ] },
								"down": { "texture": "#wood1", "uv": [ 10.0, 9.0, 15.5, 12.5 ], "rotation": 90 }
							}
						},
						{
							"name": "Cube548",
							"from": [ -0.5, -1.0, 0.0 ], 
							"to": [ 3.0, 0.0, 6.5 ], 
							"rotationOrigin": [ -1.0, -1.0, 0.0 ],
							"faces": {
								"north": { "texture": "#wood1", "uv": [ 8.5, 1.0, 12.0, 2.0 ] },
								"east": { "texture": "#wood1", "uv": [ 11.5, 1.5, 12.5, 8.0 ], "rotation": 90 },
								"south": { "texture": "#wood1", "uv": [ 8.0, 3.5, 11.5, 4.5 ] },
								"west": { "texture": "#wood1", "uv": [ 11.0, 1.5, 12.0, 8.0 ], "rotation": 90 },
								"up": { "texture": "#wood1", "uv": [ 10.5, 1.0, 14.0, 7.5 ] },
								"down": { "texture": "#wood1", "uv": [ 8.5, 1.0, 12.0, 7.5 ] }
							}
						},
						{
							"name": "window549",
							"from": [ 0.0, 6.8, 0.3 ], 
							"to": [ 2.0, 11.7, 5.2 ], 
							"renderPass": 3,
							"rotationOrigin": [ 0.0, 5.5, 0.0 ],
							"faces": {
								"north": { "texture": "#null", "uv": [ 9.5, 9.0, 11.5, 13.5 ], "enabled": false },
								"east": { "texture": "#squareglass", "uv": [ 0.5, 0.5, 13.0, 16.0 ], "autoUv": false },
								"south": { "texture": "#null", "uv": [ 1.0, 5.0, 3.0, 9.5 ], "enabled": false },
								"west": { "texture": "#squareglass", "uv": [ 0.5, 0.5, 13.0, 16.0 ], "autoUv": false },
								"up": { "texture": "#null", "uv": [ 11.0, 4.5, 13.0, 9.0 ], "enabled": false },
								"down": { "texture": "#null", "uv": [ 9.0, 1.5, 11.0, 6.0 ], "enabled": false }
							}
						},
						{
							"name": "Cube550",
							"from": [ 0.0, 0.3, 0.3 ], 
							"to": [ 2.0, 5.2, 5.2 ], 
							"renderPass": 3,
							"rotationOrigin": [ 0.0, -0.5, 0.0 ],
							"faces": {
								"north": { "texture": "#null", "uv": [ 9.5, 1.0, 11.5, 5.5 ], "enabled": false },
								"east": { "texture": "#glass", "uv": [ 3.5, 3.5, 12.5, 13.0 ], "autoUv": false },
								"south": { "texture": "#null", "uv": [ 6.0, 10.0, 8.0, 14.5 ], "enabled": false },
								"west": { "texture": "#glass", "uv": [ 3.5, 3.5, 12.5, 13.0 ], "autoUv": false },
								"up": { "texture": "#null", "uv": [ 1.0, 8.0, 3.0, 12.5 ], "enabled": false },
								"down": { "texture": "#null", "uv": [ 2.0, 5.0, 4.0, 9.5 ], "enabled": false }
							}
						},
						{
							"name": "Cube551",
							"from": [ -0.5, 12.0, 0.0 ], 
							"to": [ 3.0, 13.0, 6.5 ], 
							"rotationOrigin": [ -1.0, 12.0, 0.0 ],
							"faces": {
								"north": { "texture": "#wood1", "uv": [ 8.5, 1.0, 12.0, 2.0 ] },
								"east": { "texture": "#wood1", "uv": [ 11.5, 1.5, 12.5, 8.0 ], "rotation": 90 },
								"south": { "texture": "#wood1", "uv": [ 8.0, 3.5, 11.5, 4.5 ] },
								"west": { "texture": "#wood1", "uv": [ 11.0, 1.5, 12.0, 8.0 ], "rotation": 90 },
								"up": { "texture": "#wood1", "uv": [ 10.5, 1.0, 14.0, 7.5 ] },
								"down": { "texture": "#wood1", "uv": [ 8.5, 1.0, 12.0, 7.5 ] }
							}
						},
						{
							"name": "Cube552",
							"from": [ -2.0, 13.0, 1.5 ], 
							"to": [ 4.0, 14.0, 6.5 ], 
							"rotationOrigin": [ -2.0, 13.0, 2.0 ],
							"faces": {
								"north": { "texture": "#wood1", "uv": [ 9.0, 6.0, 15.0, 7.0 ] },
								"east": { "texture": "#wood1", "uv": [ 7.5, 4.0, 8.5, 9.0 ], "rotation": 90 },
								"south": { "texture": "#wood1", "uv": [ 4.5, 8.0, 10.5, 9.0 ] },
								"west": { "texture": "#wood1", "uv": [ 7.0, 4.0, 8.0, 9.0 ], "rotation": 90 },
								"up": { "texture": "#wood1", "uv": [ 4.0, 3.0, 10.0, 8.0 ] },
								"down": { "texture": "#wood1", "uv": [ 2.5, 6.0, 8.5, 11.0 ] }
							}
						},
						{
							"name": "Cube553",
							"from": [ -1.0, 5.5, 0.5 ], 
							"to": [ -0.5, 6.5, 5.5 ], 
							"rotationOrigin": [ -1.0, 5.0, 0.0 ],
							"faces": {
								"north": { "texture": "#wood1", "uv": [ 1.5, 3.0, 2.0, 4.0 ] },
								"east": { "texture": "#wood1", "uv": [ 3.5, 5.0, 4.5, 10.0 ], "rotation": 90 },
								"south": { "texture": "#wood1", "uv": [ 9.5, 1.0, 10.0, 2.0 ] },
								"west": { "texture": "#wood1", "uv": [ 7.0, 8.0, 8.0, 13.0 ], "rotation": 90 },
								"up": { "texture": "#wood1", "uv": [ 5.5, 9.0, 6.0, 14.0 ] },
								"down": { "texture": "#wood1", "uv": [ 10.0, 9.0, 15.0, 9.5 ], "rotation": 90 }
							}
						},
						{
							"name": "Cube554",
							"from": [ -1.0, -1.0, 0.5 ], 
							"to": [ -0.5, 0.0, 6.5 ], 
							"rotationOrigin": [ -1.0, -2.0, 0.0 ],
							"faces": {
								"north": { "texture": "#wood1", "uv": [ 1.5, 3.0, 2.0, 4.0 ] },
								"east": { "texture": "#wood1", "uv": [ 3.5, 5.0, 4.5, 11.0 ], "rotation": 90 },
								"south": { "texture": "#wood1", "uv": [ 9.5, 1.0, 10.0, 2.0 ] },
								"west": { "texture": "#wood1", "uv": [ 7.0, 8.0, 8.0, 14.0 ], "rotation": 90 },
								"up": { "texture": "#wood1", "uv": [ 5.5, 9.0, 6.0, 15.0 ] },
								"down": { "texture": "#wood1", "uv": [ 10.0, 9.0, 16.0, 9.5 ], "rotation": 90 }
							}
						},
						{
							"name": "Cube694",
							"from": [ -1.0, 12.0, 0.5 ], 
							"to": [ -0.5, 13.0, 6.5 ], 
							"rotationOrigin": [ -1.0, 11.0, 0.0 ],
							"faces": {
								"north": { "texture": "#wood1", "uv": [ 1.5, 3.0, 2.0, 4.0 ] },
								"east": { "texture": "#wood1", "uv": [ 3.5, 5.0, 4.5, 11.0 ], "rotation": 90 },
								"south": { "texture": "#wood1", "uv": [ 9.5, 1.0, 10.0, 2.0 ] },
								"west": { "texture": "#wood1", "uv": [ 7.0, 8.0, 8.0, 14.0 ], "rotation": 90 },
								"up": { "texture": "#wood1", "uv": [ 5.5, 9.0, 6.0, 15.0 ] },
								"down": { "texture": "#wood1", "uv": [ 10.0, 9.0, 16.0, 9.5 ], "rotation": 90 }
							}
						}
					]
				}
			]
		}
	]}