{
	"editor": {
		"allAngles": false,
		"entityTextureMode": false
	},
	"textureWidth": 16,
	"textureHeight": 16,

	"elements": [
		{
			"name": "esud_mwindow",
			"from": [ 6.0, 0.0, 6.0 ], 
			"to": [ 9.5, 16.0, 9.5 ], 
			"rotationOrigin": [ 6.0, 0.0, 5.5 ],
			"faces": {
				"north": { "texture": "#wood1", "uv": [ 0.0, 0.0, 3.5, 16.0 ] },
				"east": { "texture": "#wood1", "uv": [ 10.0, 0.0, 13.5, 16.0 ] },
				"south": { "texture": "#wood1", "uv": [ 0.0, 0.0, 3.5, 16.0 ] },
				"west": { "texture": "#wood1", "uv": [ 2.0, 0.0, 5.5, 16.0 ] },
				"up": { "texture": "#wood1", "uv": [ 0.0, 0.0, 3.5, 3.5 ] },
				"down": { "texture": "#wood1", "uv": [ 0.0, 0.0, 3.5, 3.5 ] }
			},
			"children": [
				{
					"name": "esu",
					"from": [ 0.0, 7.5, 3.5 ], 
					"to": [ 4.0, 8.5, 9.0 ], 
					"rotationOrigin": [ 0.0, 7.0, 3.0 ],
					"faces": {
						"north": { "texture": "#wood1", "uv": [ 0.0, 0.0, 4.0, 1.0 ] },
						"east": { "texture": "#wood1", "uv": [ 10.5, 2.0, 11.5, 7.5 ], "rotation": 90 },
						"south": { "texture": "#wood1", "uv": [ 0.0, 0.0, 4.0, 1.0 ] },
						"west": { "texture": "#wood1", "uv": [ 9.5, 5.5, 10.5, 11.0 ], "rotation": 90 },
						"up": { "texture": "#wood1", "uv": [ 2.5, 3.5, 6.5, 9.0 ] },
						"down": { "texture": "#wood1", "uv": [ 0.0, 0.0, 4.0, 5.5 ] }
					},
					"children": [
						{
							"name": "Cube252",
							"from": [ 1.0, -7.5, 6.2 ], 
							"to": [ 3.0, 8.5, 6.5 ], 
							"rotationOrigin": [ 1.0, -8.5, 7.0 ],
							"faces": {
								"north": { "texture": "#frame", "uv": [ 12.0, 0.0, 14.0, 16.0 ] },
								"east": { "texture": "#frame", "uv": [ 10.5, 0.0, 11.0, 16.0 ] },
								"south": { "texture": "#frame", "uv": [ 12.0, 0.0, 14.0, 16.0 ] },
								"west": { "texture": "#frame", "uv": [ 6.5, 0.0, 7.0, 16.0 ] },
								"up": { "texture": "#frame", "uv": [ 1.0, 5.0, 3.0, 5.5 ] },
								"down": { "texture": "#frame", "uv": [ 12.0, 8.0, 14.0, 8.5 ] }
							},
							"children": [
								{
									"name": "frame",
									"from": [ 0.0, 0.0, -6.2 ], 
									"to": [ 2.0, 0.3, -0.7 ], 
									"rotationOrigin": [ 0.0, -1.0, -6.2 ],
									"faces": {
										"north": { "texture": "#frame", "uv": [ 12.0, 13.5, 14.0, 14.0 ] },
										"east": { "texture": "#frame", "uv": [ 2.0, 13.0, 7.5, 13.5 ] },
										"south": { "texture": "#frame", "uv": [ 12.5, 8.0, 14.5, 8.5 ] },
										"west": { "texture": "#frame", "uv": [ 2.5, 10.5, 8.0, 11.0 ] },
										"up": { "texture": "#frame", "uv": [ 1.0, 6.5, 3.0, 12.0 ] },
										"down": { "texture": "#frame", "uv": [ 2.0, 9.5, 4.0, 15.0 ] }
									},
									"children": [
										{
											"name": "Cube14",
											"from": [ 0.0, 0.3, 5.2 ], 
											"to": [ 2.0, 7.2, 5.5 ], 
											"rotationOrigin": [ 0.0, -1.0, 5.0 ],
											"faces": {
												"north": { "texture": "#frame", "uv": [ 1.0, 7.0, 3.0, 13.5 ] },
												"east": { "texture": "#frame", "uv": [ 15.0, 0.0, 15.5, 6.5 ] },
												"south": { "texture": "#frame", "uv": [ 1.0, 6.0, 3.0, 12.5 ] },
												"west": { "texture": "#frame", "uv": [ 3.0, 7.0, 3.5, 13.5 ] },
												"up": { "texture": "#frame", "uv": [ 12.5, 1.5, 14.5, 2.0 ] },
												"down": { "texture": "#frame", "uv": [ 10.0, 14.5, 12.0, 15.0 ] }
											}
										},
										{
											"name": "Cube13",
											"from": [ 0.0, 0.3, 0.0 ], 
											"to": [ 2.0, 7.2, 0.3 ], 
											"rotationOrigin": [ 0.0, -1.0, 0.0 ],
											"faces": {
												"north": { "texture": "#frame", "uv": [ 2.5, 1.5, 4.5, 8.0 ] },
												"east": { "texture": "#frame", "uv": [ 15.0, 0.0, 15.5, 6.5 ] },
												"south": { "texture": "#frame", "uv": [ 5.0, 0.5, 7.0, 7.0 ] },
												"west": { "texture": "#frame", "uv": [ 6.0, 8.5, 6.5, 15.0 ] },
												"up": { "texture": "#frame", "uv": [ 10.5, 15.0, 12.5, 15.5 ] },
												"down": { "texture": "#frame", "uv": [ 6.5, 5.0, 8.5, 5.5 ] }
											}
										},
										{
											"name": "Cube12",
											"from": [ 0.0, 7.2, 0.0 ], 
											"to": [ 2.0, 7.5, 5.5 ], 
											"rotationOrigin": [ 0.0, 6.0, 0.0 ],
											"faces": {
												"north": { "texture": "#frame", "uv": [ 4.0, 9.5, 6.0, 10.0 ] },
												"east": { "texture": "#frame", "uv": [ 3.0, 10.0, 8.5, 10.5 ] },
												"south": { "texture": "#frame", "uv": [ 3.0, 9.0, 5.0, 9.5 ] },
												"west": { "texture": "#frame", "uv": [ 2.0, 9.0, 7.5, 9.5 ] },
												"up": { "texture": "#frame", "uv": [ 12.0, 1.5, 14.0, 7.0 ] },
												"down": { "texture": "#frame", "uv": [ 2.0, 2.0, 4.0, 7.5 ] }
											}
										},
										{
											"name": "frame24",
											"from": [ 0.0, 8.5, 0.0 ], 
											"to": [ 2.0, 8.8, 5.5 ], 
											"rotationOrigin": [ 0.0, 8.0, -1.0 ],
											"faces": {
												"north": { "texture": "#frame", "uv": [ 10.5, 15.0, 12.5, 15.5 ] },
												"east": { "texture": "#frame", "uv": [ 6.0, 3.0, 11.5, 3.5 ] },
												"south": { "texture": "#frame", "uv": [ 9.5, 5.5, 11.5, 6.0 ] },
												"west": { "texture": "#frame", "uv": [ 9.0, 6.0, 14.5, 6.5 ] },
												"up": { "texture": "#frame", "uv": [ 3.0, 8.5, 5.0, 14.0 ] },
												"down": { "texture": "#frame", "uv": [ 2.5, 3.5, 4.5, 9.0 ] }
											},
											"children": [
												{
													"name": "Cube25",
													"from": [ 0.0, 0.3, 5.2 ], 
													"to": [ 2.0, 7.2, 5.5 ], 
													"rotationOrigin": [ 0.0, -1.0, 5.0 ],
													"faces": {
														"north": { "texture": "#frame", "uv": [ 6.5, 4.5, 8.5, 11.0 ] },
														"east": { "texture": "#frame", "uv": [ 10.0, 1.5, 10.5, 8.0 ] },
														"south": { "texture": "#frame", "uv": [ 1.5, 2.0, 3.5, 8.5 ] },
														"west": { "texture": "#frame", "uv": [ 4.0, 0.0, 4.5, 6.5 ] },
														"up": { "texture": "#frame", "uv": [ 3.0, 0.0, 5.0, 0.5 ] },
														"down": { "texture": "#frame", "uv": [ 0.5, 8.0, 2.5, 8.5 ] }
													}
												},
												{
													"name": "Cube26",
													"from": [ 0.0, 0.3, 0.0 ], 
													"to": [ 2.0, 7.2, 0.3 ], 
													"rotationOrigin": [ 0.0, -1.0, 0.0 ],
													"faces": {
														"north": { "texture": "#frame", "uv": [ 6.5, 8.0, 8.5, 14.5 ] },
														"east": { "texture": "#frame", "uv": [ 4.5, 5.0, 5.0, 11.5 ] },
														"south": { "texture": "#frame", "uv": [ 2.5, 2.0, 4.5, 8.5 ] },
														"west": { "texture": "#frame", "uv": [ 9.5, 5.0, 10.0, 11.5 ] },
														"up": { "texture": "#frame", "uv": [ 7.0, 10.5, 9.0, 11.0 ] },
														"down": { "texture": "#frame", "uv": [ 8.5, 9.5, 10.5, 10.0 ] }
													}
												},
												{
													"name": "Cube30",
													"from": [ 0.0, 7.2, 0.0 ], 
													"to": [ 2.0, 7.5, 5.5 ], 
													"rotationOrigin": [ 0.0, 6.0, 0.0 ],
													"faces": {
														"north": { "texture": "#frame", "uv": [ 3.0, 8.5, 5.0, 9.0 ] },
														"east": { "texture": "#frame", "uv": [ 5.0, 8.0, 10.5, 8.5 ] },
														"south": { "texture": "#frame", "uv": [ 13.0, 3.5, 15.0, 4.0 ] },
														"west": { "texture": "#frame", "uv": [ 8.5, 3.5, 14.0, 4.0 ] },
														"up": { "texture": "#frame", "uv": [ 6.5, 1.0, 8.5, 6.5 ] },
														"down": { "texture": "#frame", "uv": [ 2.5, 2.5, 4.5, 8.0 ] }
													}
												}
											]
										},
										{
											"name": "window",
											"from": [ 0.0, 8.8, 0.3 ], 
											"to": [ 2.0, 15.7, 5.2 ], 
											"renderPass": 3,
											"rotationOrigin": [ 0.0, 7.5, 0.0 ],
											"faces": {
												"north": { "texture": "#null", "uv": [ 0.0, 0.0, 2.0, 6.5 ], "enabled": false },
												"east": { "texture": "#squareglass", "uv": [ 0.5, 0.5, 13.0, 16.0 ], "autoUv": false },
												"south": { "texture": "#null", "uv": [ 0.0, 0.0, 2.0, 6.5 ], "enabled": false },
												"west": { "texture": "#squareglass", "uv": [ 0.5, 0.5, 13.0, 16.0 ], "autoUv": false },
												"up": { "texture": "#null", "uv": [ 0.0, 0.0, 2.0, 4.5 ], "enabled": false },
												"down": { "texture": "#null", "uv": [ 0.0, 0.0, 2.0, 4.5 ], "enabled": false }
											},
											"children": [
												{
													"name": "Cube27",
													"from": [ 0.0, -8.5, 0.0 ], 
													"to": [ 2.0, -1.6, 4.9 ], 
													"renderPass": 3,
													"rotationOrigin": [ 0.0, -9.3, -0.3 ],
													"faces": {
														"north": { "texture": "#null", "uv": [ 0.0, 0.0, 2.0, 6.5 ], "enabled": false },
														"east": { "texture": "#squareglass", "uv": [ 0.5, 0.5, 13.0, 16.0 ], "autoUv": false },
														"south": { "texture": "#null", "uv": [ 0.0, 0.0, 2.0, 6.5 ], "enabled": false },
														"west": { "texture": "#squareglass", "uv": [ 0.5, 0.5, 13.0, 16.0 ], "autoUv": false },
														"up": { "texture": "#null", "uv": [ 0.0, 0.0, 2.0, 4.5 ], "enabled": false },
														"down": { "texture": "#null", "uv": [ 0.0, 0.0, 2.0, 4.5 ], "enabled": false }
													}
												}
											]
										}
									]
								},
								{
									"name": "Cube8",
									"from": [ -1.0, 0.0, -0.7 ], 
									"to": [ 3.0, 16.0, 0.0 ], 
									"rotationOrigin": [ -1.0, 0.0, -0.2 ],
									"faces": {
										"north": { "texture": "#wood1", "uv": [ 0.0, 0.0, 4.0, 16.0 ] },
										"east": { "texture": "#wood1", "uv": [ 0.0, 0.0, 0.5, 16.0 ] },
										"south": { "texture": "#wood1", "uv": [ 0.0, 0.0, 4.0, 16.0 ] },
										"west": { "texture": "#wood1", "uv": [ 0.0, 0.0, 0.5, 16.0 ] },
										"up": { "texture": "#wood1", "uv": [ 9.5, 4.0, 13.5, 4.5 ] },
										"down": { "texture": "#wood1", "uv": [ 9.0, 3.0, 13.0, 3.5 ] }
									}
								}
							]
						}
					]
				},
				{
					"name": "Cube254",
					"from": [ 10.5019, 0.0, 2.1997 ], 
					"to": [ 12.5019, 16.0, 2.4997 ], 
					"rotationOrigin": [ 10.5, -1.0, 3.0 ],
					"rotationY": 89.9802127184967,
					"faces": {
						"north": { "texture": "#frame", "uv": [ 12.0, 0.0, 14.0, 16.0 ] },
						"east": { "texture": "#frame", "uv": [ 10.5, 0.0, 11.0, 16.0 ] },
						"south": { "texture": "#frame", "uv": [ 12.0, 0.0, 14.0, 16.0 ] },
						"west": { "texture": "#frame", "uv": [ 6.5, 0.0, 7.0, 16.0 ] },
						"up": { "texture": "#frame", "uv": [ 1.0, 5.0, 3.0, 5.5 ] },
						"down": { "texture": "#frame", "uv": [ 12.0, 8.0, 14.0, 8.5 ] }
					},
					"children": [
						{
							"name": "frame255",
							"from": [ 0.0, 0.0, -6.2 ], 
							"to": [ 2.0, 0.3, -0.7 ], 
							"rotationOrigin": [ 0.0, -1.0, -6.2 ],
							"faces": {
								"north": { "texture": "#frame", "uv": [ 12.0, 13.5, 14.0, 14.0 ] },
								"east": { "texture": "#frame", "uv": [ 2.0, 13.0, 7.5, 13.5 ] },
								"south": { "texture": "#frame", "uv": [ 12.5, 8.0, 14.5, 8.5 ] },
								"west": { "texture": "#frame", "uv": [ 2.5, 10.5, 8.0, 11.0 ] },
								"up": { "texture": "#frame", "uv": [ 1.0, 6.5, 3.0, 12.0 ] },
								"down": { "texture": "#frame", "uv": [ 2.0, 9.5, 4.0, 15.0 ] }
							},
							"children": [
								{
									"name": "Cube256",
									"from": [ 0.0, 0.3, 5.2 ], 
									"to": [ 2.0, 7.2, 5.5 ], 
									"rotationOrigin": [ 0.0, -1.0, 5.0 ],
									"faces": {
										"north": { "texture": "#frame", "uv": [ 1.0, 7.0, 3.0, 13.5 ] },
										"east": { "texture": "#frame", "uv": [ 15.0, 0.0, 15.5, 6.5 ] },
										"south": { "texture": "#frame", "uv": [ 1.0, 6.0, 3.0, 12.5 ] },
										"west": { "texture": "#frame", "uv": [ 3.0, 7.0, 3.5, 13.5 ] },
										"up": { "texture": "#frame", "uv": [ 12.5, 1.5, 14.5, 2.0 ] },
										"down": { "texture": "#frame", "uv": [ 10.0, 14.5, 12.0, 15.0 ] }
									}
								},
								{
									"name": "Cube257",
									"from": [ 0.0, 0.3, 0.0 ], 
									"to": [ 2.0, 7.2, 0.3 ], 
									"rotationOrigin": [ 0.0, -1.0, 0.0 ],
									"faces": {
										"north": { "texture": "#frame", "uv": [ 2.5, 1.5, 4.5, 8.0 ] },
										"east": { "texture": "#frame", "uv": [ 15.0, 0.0, 15.5, 6.5 ] },
										"south": { "texture": "#frame", "uv": [ 5.0, 0.5, 7.0, 7.0 ] },
										"west": { "texture": "#frame", "uv": [ 6.0, 8.5, 6.5, 15.0 ] },
										"up": { "texture": "#frame", "uv": [ 10.5, 15.0, 12.5, 15.5 ] },
										"down": { "texture": "#frame", "uv": [ 6.5, 5.0, 8.5, 5.5 ] }
									}
								},
								{
									"name": "Cube258",
									"from": [ 0.0, 7.2, 0.0 ], 
									"to": [ 2.0, 7.5, 5.5 ], 
									"rotationOrigin": [ 0.0, 6.0, 0.0 ],
									"faces": {
										"north": { "texture": "#frame", "uv": [ 4.0, 9.5, 6.0, 10.0 ] },
										"east": { "texture": "#frame", "uv": [ 3.0, 10.0, 8.5, 10.5 ] },
										"south": { "texture": "#frame", "uv": [ 3.0, 9.0, 5.0, 9.5 ] },
										"west": { "texture": "#frame", "uv": [ 2.0, 9.0, 7.5, 9.5 ] },
										"up": { "texture": "#frame", "uv": [ 12.0, 1.5, 14.0, 7.0 ] },
										"down": { "texture": "#frame", "uv": [ 2.0, 2.0, 4.0, 7.5 ] }
									}
								},
								{
									"name": "frame259",
									"from": [ 0.0, 8.5, 0.0 ], 
									"to": [ 2.0, 8.8, 5.5 ], 
									"rotationOrigin": [ 0.0, 8.0, -1.0 ],
									"faces": {
										"north": { "texture": "#frame", "uv": [ 10.5, 15.0, 12.5, 15.5 ] },
										"east": { "texture": "#frame", "uv": [ 6.0, 3.0, 11.5, 3.5 ] },
										"south": { "texture": "#frame", "uv": [ 9.5, 5.5, 11.5, 6.0 ] },
										"west": { "texture": "#frame", "uv": [ 9.0, 6.0, 14.5, 6.5 ] },
										"up": { "texture": "#frame", "uv": [ 3.0, 8.5, 5.0, 14.0 ] },
										"down": { "texture": "#frame", "uv": [ 2.5, 3.5, 4.5, 9.0 ] }
									},
									"children": [
										{
											"name": "Cube260",
											"from": [ 0.0, 0.3, 5.2 ], 
											"to": [ 2.0, 7.2, 5.5 ], 
											"rotationOrigin": [ 0.0, -1.0, 5.0 ],
											"faces": {
												"north": { "texture": "#frame", "uv": [ 6.5, 4.5, 8.5, 11.0 ] },
												"east": { "texture": "#frame", "uv": [ 10.0, 1.5, 10.5, 8.0 ] },
												"south": { "texture": "#frame", "uv": [ 1.5, 2.0, 3.5, 8.5 ] },
												"west": { "texture": "#frame", "uv": [ 4.0, 0.0, 4.5, 6.5 ] },
												"up": { "texture": "#frame", "uv": [ 3.0, 0.0, 5.0, 0.5 ] },
												"down": { "texture": "#frame", "uv": [ 0.5, 8.0, 2.5, 8.5 ] }
											}
										},
										{
											"name": "Cube261",
											"from": [ 0.0, 0.3, 0.0 ], 
											"to": [ 2.0, 7.2, 0.3 ], 
											"rotationOrigin": [ 0.0, -1.0, 0.0 ],
											"faces": {
												"north": { "texture": "#frame", "uv": [ 6.5, 8.0, 8.5, 14.5 ] },
												"east": { "texture": "#frame", "uv": [ 4.5, 5.0, 5.0, 11.5 ] },
												"south": { "texture": "#frame", "uv": [ 2.5, 2.0, 4.5, 8.5 ] },
												"west": { "texture": "#frame", "uv": [ 9.5, 5.0, 10.0, 11.5 ] },
												"up": { "texture": "#frame", "uv": [ 7.0, 10.5, 9.0, 11.0 ] },
												"down": { "texture": "#frame", "uv": [ 8.5, 9.5, 10.5, 10.0 ] }
											}
										},
										{
											"name": "Cube262",
											"from": [ 0.0, 7.2, 0.0 ], 
											"to": [ 2.0, 7.5, 5.5 ], 
											"rotationOrigin": [ 0.0, 6.0, 0.0 ],
											"faces": {
												"north": { "texture": "#frame", "uv": [ 3.0, 8.5, 5.0, 9.0 ] },
												"east": { "texture": "#frame", "uv": [ 5.0, 8.0, 10.5, 8.5 ] },
												"south": { "texture": "#frame", "uv": [ 13.0, 3.5, 15.0, 4.0 ] },
												"west": { "texture": "#frame", "uv": [ 8.5, 3.5, 14.0, 4.0 ] },
												"up": { "texture": "#frame", "uv": [ 6.5, 1.0, 8.5, 6.5 ] },
												"down": { "texture": "#frame", "uv": [ 2.5, 2.5, 4.5, 8.0 ] }
											}
										}
									]
								},
								{
									"name": "window263",
									"from": [ 0.0, 8.8, 0.3 ], 
									"to": [ 2.0, 15.7, 5.2 ], 
									"renderPass": 3,
									"rotationOrigin": [ 0.0, 7.5, 0.0 ],
									"faces": {
										"north": { "texture": "#null", "uv": [ 0.0, 0.0, 2.0, 6.5 ], "enabled": false },
										"east": { "texture": "#squareglass", "uv": [ 0.5, 0.5, 13.0, 16.0 ], "autoUv": false },
										"south": { "texture": "#null", "uv": [ 0.0, 0.0, 2.0, 6.5 ], "enabled": false },
										"west": { "texture": "#squareglass", "uv": [ 0.5, 0.5, 13.0, 16.0 ], "autoUv": false },
										"up": { "texture": "#null", "uv": [ 0.0, 0.0, 2.0, 4.5 ], "enabled": false },
										"down": { "texture": "#null", "uv": [ 0.0, 0.0, 2.0, 4.5 ], "enabled": false }
									},
									"children": [
										{
											"name": "Cube264",
											"from": [ 0.0, -8.5, 0.0 ], 
											"to": [ 2.0, -1.6, 4.9 ], 
											"renderPass": 3,
											"rotationOrigin": [ 0.0, -9.3, -0.3 ],
											"faces": {
												"north": { "texture": "#null", "uv": [ 0.0, 0.0, 2.0, 6.5 ], "enabled": false },
												"east": { "texture": "#squareglass", "uv": [ 0.5, 0.5, 13.0, 16.0 ], "autoUv": false },
												"south": { "texture": "#null", "uv": [ 0.0, 0.0, 2.0, 6.5 ], "enabled": false },
												"west": { "texture": "#squareglass", "uv": [ 0.5, 0.5, 13.0, 16.0 ], "autoUv": false },
												"up": { "texture": "#null", "uv": [ 0.0, 0.0, 2.0, 4.5 ], "enabled": false },
												"down": { "texture": "#null", "uv": [ 0.0, 0.0, 2.0, 4.5 ], "enabled": false }
											}
										}
									]
								}
							]
						},
						{
							"name": "Cube265",
							"from": [ -1.0, 0.0, -0.7 ], 
							"to": [ 3.0, 16.0, 0.0 ], 
							"rotationOrigin": [ -1.0, 0.0, -0.2 ],
							"faces": {
								"north": { "texture": "#wood1", "uv": [ 0.0, 0.0, 4.0, 16.0 ] },
								"east": { "texture": "#wood1", "uv": [ 0.0, 0.0, 0.5, 16.0 ] },
								"south": { "texture": "#wood1", "uv": [ 0.0, 0.0, 4.0, 16.0 ] },
								"west": { "texture": "#wood1", "uv": [ 0.0, 0.0, 0.5, 16.0 ] },
								"up": { "texture": "#wood1", "uv": [ 8.5, 3.0, 12.5, 3.5 ] },
								"down": { "texture": "#wood1", "uv": [ 8.5, 8.0, 12.5, 8.5 ] }
							}
						},
						{
							"name": "esu253",
							"from": [ -0.5, 7.5, -6.1993 ], 
							"to": [ 3.0, 8.5, -0.6993 ], 
							"rotationOrigin": [ -1.0045, 7.0, -6.6993 ],
							"rotationY": 0.019793887521617794,
							"faces": {
								"north": { "texture": "#wood1", "uv": [ 0.0, 0.0, 3.5, 1.0 ] },
								"east": { "texture": "#wood1", "uv": [ 10.5, 2.0, 11.5, 7.5 ], "rotation": 90 },
								"south": { "texture": "#wood1", "uv": [ 0.0, 0.0, 3.5, 1.0 ] },
								"west": { "texture": "#wood1", "uv": [ 9.5, 5.5, 10.5, 11.0 ], "rotation": 90 },
								"up": { "texture": "#wood1", "uv": [ 0.0, 0.0, 3.5, 5.5 ] },
								"down": { "texture": "#wood1", "uv": [ 0.0, 0.0, 3.5, 5.5 ] }
							}
						},
						{
							"name": "esu266",
							"from": [ -1.0, 7.5, -5.7 ], 
							"to": [ -0.5, 8.5, -0.7 ], 
							"rotationOrigin": [ -1.0045, 7.0, -6.6993 ],
							"rotationY": 0.019793887521617794,
							"faces": {
								"north": { "texture": "#wood1", "uv": [ 0.0, 0.0, 0.5, 1.0 ] },
								"east": { "texture": "#wood1", "uv": [ 10.5, 2.0, 11.5, 7.0 ], "rotation": 90 },
								"south": { "texture": "#wood1", "uv": [ 0.0, 0.0, 0.5, 1.0 ] },
								"west": { "texture": "#wood1", "uv": [ 9.5, 5.5, 10.5, 10.5 ], "rotation": 90 },
								"up": { "texture": "#wood1", "uv": [ 0.0, 0.0, 0.5, 5.0 ] },
								"down": { "texture": "#wood1", "uv": [ 0.0, 0.0, 0.5, 5.0 ] }
							}
						}
					]
				}
			]
		}
	]}