{
	"editor": {
		"allAngles": false,
		"entityTextureMode": false
	},
	"textureWidth": 16,
	"textureHeight": 16,

	"elements": [
		{
			"name": "nesd_mwindow",
			"from": [ 5.0, 0.0, 5.0 ], 
			"to": [ 11.0, 1.0, 16.0 ], 
			"rotationOrigin": [ 5.0, 0.0, 5.0 ],
			"faces": {
				"north": { "texture": "#wood1", "uv": [ 11.5, 5.0, 12.5, 11.0 ], "rotation": 90 },
				"east": { "texture": "#wood1", "uv": [ 8.5, 0.0, 9.5, 11.0 ], "rotation": 90 },
				"south": { "texture": "#wood1", "uv": [ 9.5, 14.0, 15.5, 15.0 ] },
				"west": { "texture": "#wood1", "uv": [ 3.5, 0.0, 4.5, 11.0 ], "rotation": 90 },
				"up": { "texture": "#wood1", "uv": [ 4.0, 0.0, 10.0, 11.0 ] },
				"down": { "texture": "#wood1", "uv": [ 2.0, 1.0, 8.0, 12.0 ] }
			},
			"children": [
				{
					"name": "frame121",
					"from": [ 2.0, 2.0, 4.5 ], 
					"to": [ 4.0, 2.3, 10.0 ], 
					"rotationOrigin": [ 2.0, 1.0, 5.0 ],
					"faces": {
						"north": { "texture": "#frame2", "uv": [ 13.0, 8.5, 15.0, 9.0 ] },
						"east": { "texture": "#frame2", "uv": [ 0.5, 1.0, 6.0, 1.5 ] },
						"south": { "texture": "#frame2", "uv": [ 12.0, 4.5, 14.0, 5.0 ] },
						"west": { "texture": "#frame2", "uv": [ 8.0, 14.0, 13.5, 14.5 ] },
						"up": { "texture": "#frame2", "uv": [ 13.0, 9.5, 15.0, 15.0 ] },
						"down": { "texture": "#frame2", "uv": [ 3.5, 4.5, 5.5, 10.0 ] }
					},
					"children": [
						{
							"name": "Cube122",
							"from": [ 0.0, 6.2, 0.0 ], 
							"to": [ 2.0, 6.5, 5.5 ], 
							"rotationOrigin": [ 0.0, 5.0, 0.0 ],
							"faces": {
								"north": { "texture": "#frame2", "uv": [ 0.0, 1.0, 2.0, 1.5 ] },
								"east": { "texture": "#frame2", "uv": [ 1.0, 12.0, 6.5, 12.5 ] },
								"south": { "texture": "#frame2", "uv": [ 2.0, 13.5, 4.0, 14.0 ] },
								"west": { "texture": "#frame2", "uv": [ 5.0, 13.5, 10.5, 14.0 ] },
								"up": { "texture": "#frame2", "uv": [ 10.0, 0.0, 12.0, 5.5 ] },
								"down": { "texture": "#frame2", "uv": [ 1.5, 2.5, 3.5, 8.0 ] }
							}
						},
						{
							"name": "Cube123",
							"from": [ 0.0, 0.3, 0.0 ], 
							"to": [ 2.0, 6.2, 0.3 ], 
							"rotationOrigin": [ 0.0, -1.0, 0.0 ],
							"faces": {
								"north": { "texture": "#frame2", "uv": [ 8.0, 9.5, 10.0, 15.0 ] },
								"east": { "texture": "#frame2", "uv": [ 13.0, 4.0, 13.5, 9.5 ] },
								"south": { "texture": "#frame2", "uv": [ 2.0, 5.0, 4.0, 10.5 ] },
								"west": { "texture": "#frame2", "uv": [ 9.0, 10.0, 9.5, 15.5 ] },
								"up": { "texture": "#frame2", "uv": [ 0.5, 2.0, 2.5, 2.5 ] },
								"down": { "texture": "#frame2", "uv": [ 4.0, 1.5, 6.0, 2.0 ] }
							}
						},
						{
							"name": "Cube124",
							"from": [ 0.0, 0.3, 5.2 ], 
							"to": [ 2.0, 6.2, 5.5 ], 
							"rotationOrigin": [ 0.0, -1.0, 5.0 ],
							"faces": {
								"north": { "texture": "#frame2", "uv": [ 1.5, 6.5, 3.5, 12.0 ] },
								"east": { "texture": "#frame2", "uv": [ 13.0, 9.0, 13.5, 14.5 ] },
								"south": { "texture": "#frame2", "uv": [ 0.0, 9.5, 2.0, 15.0 ] },
								"west": { "texture": "#frame2", "uv": [ 3.5, 2.0, 4.0, 7.5 ] },
								"up": { "texture": "#frame2", "uv": [ 1.0, 1.5, 3.0, 2.0 ] },
								"down": { "texture": "#frame2", "uv": [ 8.0, 12.5, 10.0, 13.0 ] }
							}
						},
						{
							"name": "Cube125",
							"from": [ 0.0, 7.5, 0.0 ], 
							"to": [ 2.0, 7.8, 5.5 ], 
							"rotationOrigin": [ 0.0, 7.0, 0.0 ],
							"faces": {
								"north": { "texture": "#frame2", "uv": [ 1.0, 13.0, 3.0, 13.5 ] },
								"east": { "texture": "#frame2", "uv": [ 5.5, 2.0, 11.0, 2.5 ] },
								"south": { "texture": "#frame2", "uv": [ 5.5, 5.5, 7.5, 6.0 ] },
								"west": { "texture": "#frame2", "uv": [ 2.0, 6.5, 7.5, 7.0 ] },
								"up": { "texture": "#frame2", "uv": [ 8.5, 2.0, 10.5, 7.5 ] },
								"down": { "texture": "#frame2", "uv": [ 4.5, 7.5, 6.5, 13.0 ] }
							},
							"children": [
								{
									"name": "Cube126",
									"from": [ 0.0, 6.2, 0.0 ], 
									"to": [ 2.0, 6.5, 5.5 ], 
									"rotationOrigin": [ 0.0, 5.0, 0.0 ],
									"faces": {
										"north": { "texture": "#frame2", "uv": [ 6.5, 6.5, 8.5, 7.0 ] },
										"east": { "texture": "#frame2", "uv": [ 4.0, 9.5, 9.5, 10.0 ] },
										"south": { "texture": "#frame2", "uv": [ 7.0, 8.0, 9.0, 8.5 ] },
										"west": { "texture": "#frame2", "uv": [ 4.5, 12.5, 10.0, 13.0 ] },
										"up": { "texture": "#frame2", "uv": [ 4.0, 3.5, 6.0, 9.0 ] },
										"down": { "texture": "#frame2", "uv": [ 8.0, 9.5, 10.0, 15.0 ] }
									}
								},
								{
									"name": "Cube127",
									"from": [ 0.0, 0.3, 0.0 ], 
									"to": [ 2.0, 6.2, 0.3 ], 
									"rotationOrigin": [ 0.0, -1.0, 0.0 ],
									"faces": {
										"north": { "texture": "#frame2", "uv": [ 0.5, 0.5, 2.5, 6.0 ] },
										"east": { "texture": "#frame2", "uv": [ 0.5, 10.0, 1.0, 15.5 ] },
										"south": { "texture": "#frame2", "uv": [ 10.5, 9.5, 12.5, 15.0 ] },
										"west": { "texture": "#frame2", "uv": [ 10.5, 4.0, 11.0, 9.5 ] },
										"up": { "texture": "#frame2", "uv": [ 9.5, 13.0, 11.5, 13.5 ] },
										"down": { "texture": "#frame2", "uv": [ 4.0, 0.5, 6.0, 1.0 ] }
									}
								},
								{
									"name": "Cube128",
									"from": [ 0.0, 0.3, 5.2 ], 
									"to": [ 2.0, 6.2, 5.5 ], 
									"rotationOrigin": [ 0.0, -1.0, 5.0 ],
									"faces": {
										"north": { "texture": "#frame2", "uv": [ 0.0, 4.5, 2.0, 10.0 ] },
										"east": { "texture": "#frame2", "uv": [ 11.0, 6.0, 11.5, 11.5 ] },
										"south": { "texture": "#frame2", "uv": [ 13.5, 7.5, 15.5, 13.0 ] },
										"west": { "texture": "#frame2", "uv": [ 15.0, 4.0, 15.5, 9.5 ] },
										"up": { "texture": "#frame2", "uv": [ 3.5, 6.5, 5.5, 7.0 ] },
										"down": { "texture": "#frame2", "uv": [ 7.0, 7.5, 9.0, 8.0 ] }
									}
								}
							]
						},
						{
							"name": "Cube129",
							"from": [ 0.0, 0.0, 6.2 ], 
							"to": [ 2.0, 14.0, 6.5 ], 
							"rotationOrigin": [ 0.0, -1.0, 6.5 ],
							"faces": {
								"north": { "texture": "#frame", "uv": [ 12.5, 2.0, 14.5, 16.0 ] },
								"east": { "texture": "#frame", "uv": [ 10.5, 1.5, 11.0, 15.5 ] },
								"south": { "texture": "#frame", "uv": [ 11.5, 2.0, 13.5, 16.0 ] },
								"west": { "texture": "#frame", "uv": [ 2.0, 1.5, 2.5, 15.5 ] },
								"up": { "texture": "#frame", "uv": [ 1.0, 5.0, 3.0, 5.5 ] },
								"down": { "texture": "#frame", "uv": [ 12.0, 8.0, 14.0, 8.5 ] }
							}
						},
						{
							"name": "Cube130",
							"from": [ -1.0, 0.0, 5.5 ], 
							"to": [ 3.0, 14.0, 6.2 ], 
							"rotationOrigin": [ -1.0, 0.0, 6.0 ],
							"faces": {
								"north": { "texture": "#wood1", "uv": [ 5.0, 1.0, 9.0, 15.0 ] },
								"east": { "texture": "#wood1", "uv": [ 8.0, 0.5, 8.5, 14.5 ] },
								"south": { "texture": "#wood1", "uv": [ 9.0, 1.5, 13.0, 15.5 ] },
								"west": { "texture": "#wood1", "uv": [ 11.5, 1.5, 12.0, 15.5 ] },
								"up": { "texture": "#wood1", "uv": [ 1.0, 11.5, 5.0, 12.0 ] },
								"down": { "texture": "#wood1", "uv": [ 2.5, 6.0, 6.5, 6.5 ] }
							}
						},
						{
							"name": "Cube131",
							"from": [ -1.0, 6.5, 0.0 ], 
							"to": [ 3.0, 7.5, 5.5 ], 
							"rotationOrigin": [ -1.0, 6.0, 0.0 ],
							"faces": {
								"north": { "texture": "#wood1", "uv": [ 1.5, 3.0, 5.5, 4.0 ] },
								"east": { "texture": "#wood1", "uv": [ 3.5, 5.0, 4.5, 10.5 ], "rotation": 90 },
								"south": { "texture": "#wood1", "uv": [ 9.5, 1.0, 13.5, 2.0 ] },
								"west": { "texture": "#wood1", "uv": [ 7.0, 8.0, 8.0, 13.5 ], "rotation": 90 },
								"up": { "texture": "#wood1", "uv": [ 5.5, 9.0, 9.5, 14.5 ] },
								"down": { "texture": "#wood1", "uv": [ 10.0, 9.0, 15.5, 13.0 ], "rotation": 90 }
							}
						},
						{
							"name": "Cube132",
							"from": [ -1.0, -1.0, 0.0 ], 
							"to": [ 3.0, 0.0, 6.5 ], 
							"rotationOrigin": [ -1.0, -1.0, 0.0 ],
							"faces": {
								"north": { "texture": "#wood1", "uv": [ 8.5, 1.0, 12.5, 2.0 ] },
								"east": { "texture": "#wood1", "uv": [ 11.5, 1.5, 12.5, 8.0 ], "rotation": 90 },
								"south": { "texture": "#wood1", "uv": [ 8.0, 3.5, 12.0, 4.5 ] },
								"west": { "texture": "#wood1", "uv": [ 11.0, 1.5, 12.0, 8.0 ], "rotation": 90 },
								"up": { "texture": "#wood1", "uv": [ 10.5, 1.0, 14.5, 7.5 ] },
								"down": { "texture": "#wood1", "uv": [ 8.5, 1.0, 12.5, 7.5 ] }
							}
						},
						{
							"name": "window133",
							"from": [ 0.0, 7.8, 0.3 ], 
							"to": [ 2.0, 13.7, 5.2 ], 
							"renderPass": 3,
							"rotationOrigin": [ 0.0, 6.5, 0.0 ],
							"faces": {
								"north": { "texture": "#null", "uv": [ 9.5, 9.0, 11.5, 14.5 ], "enabled": false },
								"east": { "texture": "#squareglass", "uv": [ 0.5, 0.5, 13.0, 16.0 ], "autoUv": false },
								"south": { "texture": "#null", "uv": [ 1.0, 5.0, 3.0, 10.5 ], "enabled": false },
								"west": { "texture": "#squareglass", "uv": [ 0.5, 0.5, 13.0, 16.0 ], "autoUv": false },
								"up": { "texture": "#null", "uv": [ 11.0, 4.5, 13.0, 9.0 ], "enabled": false },
								"down": { "texture": "#null", "uv": [ 9.0, 1.5, 11.0, 6.0 ], "enabled": false }
							},
							"children": [
								{
									"name": "Cube134",
									"from": [ 0.0, -7.5, 0.0 ], 
									"to": [ 2.0, -1.6, 4.9 ], 
									"renderPass": 3,
									"rotationOrigin": [ 0.0, -8.3, -0.3 ],
									"faces": {
										"north": { "texture": "#null", "uv": [ 9.5, 1.0, 11.5, 6.5 ], "enabled": false },
										"east": { "texture": "#glass", "uv": [ 3.5, 4.0, 12.5, 12.0 ], "autoUv": false },
										"south": { "texture": "#null", "uv": [ 6.0, 10.0, 8.0, 15.5 ], "enabled": false },
										"west": { "texture": "#glass", "uv": [ 3.5, 4.0, 12.5, 12.0 ], "autoUv": false },
										"up": { "texture": "#null", "uv": [ 1.0, 8.0, 3.0, 12.5 ], "enabled": false },
										"down": { "texture": "#null", "uv": [ 2.0, 5.0, 4.0, 9.5 ], "enabled": false }
									}
								}
							]
						}
					]
				},
				{
					"name": "Cube135",
					"from": [ 1.0, 1.0, 1.5 ], 
					"to": [ 4.5, 16.0, 4.5 ], 
					"rotationOrigin": [ 1.0, 1.0, 1.0 ],
					"faces": {
						"north": { "texture": "#wood1", "uv": [ 1.0, 0.5, 4.5, 15.5 ] },
						"east": { "texture": "#wood1", "uv": [ 10.0, 0.5, 13.0, 15.5 ] },
						"south": { "texture": "#wood1", "uv": [ 0.5, 0.0, 4.0, 15.0 ] },
						"west": { "texture": "#wood1", "uv": [ 7.5, 1.0, 10.5, 16.0 ] },
						"up": { "texture": "#wood1", "uv": [ 6.5, 8.5, 10.0, 11.5 ] },
						"down": { "texture": "#wood1", "uv": [ 8.0, 13.0, 11.5, 16.0 ] }
					}
				},
				{
					"name": "frame136",
					"from": [ 4.4997, 2.0, 3.9993 ], 
					"to": [ 6.4997, 2.3, 9.4993 ], 
					"rotationOrigin": [ 4.5, 1.0, 4.0 ],
					"rotationY": 89.9802127184967,
					"faces": {
						"north": { "texture": "#frame2", "uv": [ 13.0, 8.5, 15.0, 9.0 ] },
						"east": { "texture": "#frame2", "uv": [ 0.5, 1.0, 6.0, 1.5 ] },
						"south": { "texture": "#frame2", "uv": [ 12.0, 4.5, 14.0, 5.0 ] },
						"west": { "texture": "#frame2", "uv": [ 8.0, 14.0, 13.5, 14.5 ] },
						"up": { "texture": "#frame2", "uv": [ 13.0, 9.5, 15.0, 15.0 ] },
						"down": { "texture": "#frame2", "uv": [ 3.5, 4.5, 5.5, 10.0 ] }
					},
					"children": [
						{
							"name": "Cube137",
							"from": [ 0.0, 6.2, 0.0 ], 
							"to": [ 2.0, 6.5, 5.5 ], 
							"rotationOrigin": [ 0.0, 5.0, 0.0 ],
							"faces": {
								"north": { "texture": "#frame2", "uv": [ 0.0, 1.0, 2.0, 1.5 ] },
								"east": { "texture": "#frame2", "uv": [ 1.0, 12.0, 6.5, 12.5 ] },
								"south": { "texture": "#frame2", "uv": [ 2.0, 13.5, 4.0, 14.0 ] },
								"west": { "texture": "#frame2", "uv": [ 5.0, 13.5, 10.5, 14.0 ] },
								"up": { "texture": "#frame2", "uv": [ 10.0, 0.0, 12.0, 5.5 ] },
								"down": { "texture": "#frame2", "uv": [ 1.5, 2.5, 3.5, 8.0 ] }
							}
						},
						{
							"name": "Cube138",
							"from": [ 0.0, 0.3, 0.0 ], 
							"to": [ 2.0, 6.2, 0.3 ], 
							"rotationOrigin": [ 0.0, -1.0, 0.0 ],
							"faces": {
								"north": { "texture": "#frame2", "uv": [ 8.0, 9.5, 10.0, 15.0 ] },
								"east": { "texture": "#frame2", "uv": [ 13.0, 4.0, 13.5, 9.5 ] },
								"south": { "texture": "#frame2", "uv": [ 2.0, 5.0, 4.0, 10.5 ] },
								"west": { "texture": "#frame2", "uv": [ 9.0, 10.0, 9.5, 15.5 ] },
								"up": { "texture": "#frame2", "uv": [ 0.5, 2.0, 2.5, 2.5 ] },
								"down": { "texture": "#frame2", "uv": [ 4.0, 1.5, 6.0, 2.0 ] }
							}
						},
						{
							"name": "Cube139",
							"from": [ 0.0, 0.3, 5.2 ], 
							"to": [ 2.0, 6.2, 5.5 ], 
							"rotationOrigin": [ 0.0, -1.0, 5.0 ],
							"faces": {
								"north": { "texture": "#frame2", "uv": [ 1.5, 6.5, 3.5, 12.0 ] },
								"east": { "texture": "#frame2", "uv": [ 13.0, 9.0, 13.5, 14.5 ] },
								"south": { "texture": "#frame2", "uv": [ 0.0, 9.5, 2.0, 15.0 ] },
								"west": { "texture": "#frame2", "uv": [ 3.5, 2.0, 4.0, 7.5 ] },
								"up": { "texture": "#frame2", "uv": [ 1.0, 1.5, 3.0, 2.0 ] },
								"down": { "texture": "#frame2", "uv": [ 8.0, 12.5, 10.0, 13.0 ] }
							}
						},
						{
							"name": "Cube140",
							"from": [ 0.0, 7.5, 0.0 ], 
							"to": [ 2.0, 7.8, 5.5 ], 
							"rotationOrigin": [ 0.0, 7.0, 0.0 ],
							"faces": {
								"north": { "texture": "#frame2", "uv": [ 1.0, 13.0, 3.0, 13.5 ] },
								"east": { "texture": "#frame2", "uv": [ 5.5, 2.0, 11.0, 2.5 ] },
								"south": { "texture": "#frame2", "uv": [ 5.5, 5.5, 7.5, 6.0 ] },
								"west": { "texture": "#frame2", "uv": [ 2.0, 6.5, 7.5, 7.0 ] },
								"up": { "texture": "#frame2", "uv": [ 8.5, 2.0, 10.5, 7.5 ] },
								"down": { "texture": "#frame2", "uv": [ 4.5, 7.5, 6.5, 13.0 ] }
							},
							"children": [
								{
									"name": "Cube141",
									"from": [ 0.0, 6.2, 0.0 ], 
									"to": [ 2.0, 6.5, 5.5 ], 
									"rotationOrigin": [ 0.0, 5.0, 0.0 ],
									"faces": {
										"north": { "texture": "#frame2", "uv": [ 6.5, 6.5, 8.5, 7.0 ] },
										"east": { "texture": "#frame2", "uv": [ 4.0, 9.5, 9.5, 10.0 ] },
										"south": { "texture": "#frame2", "uv": [ 7.0, 8.0, 9.0, 8.5 ] },
										"west": { "texture": "#frame2", "uv": [ 4.5, 12.5, 10.0, 13.0 ] },
										"up": { "texture": "#frame2", "uv": [ 4.0, 3.5, 6.0, 9.0 ] },
										"down": { "texture": "#frame2", "uv": [ 8.0, 9.5, 10.0, 15.0 ] }
									}
								},
								{
									"name": "Cube142",
									"from": [ 0.0, 0.3, 0.0 ], 
									"to": [ 2.0, 6.2, 0.3 ], 
									"rotationOrigin": [ 0.0, -1.0, 0.0 ],
									"faces": {
										"north": { "texture": "#frame2", "uv": [ 0.5, 0.5, 2.5, 6.0 ] },
										"east": { "texture": "#frame2", "uv": [ 0.5, 10.0, 1.0, 15.5 ] },
										"south": { "texture": "#frame2", "uv": [ 10.5, 9.5, 12.5, 15.0 ] },
										"west": { "texture": "#frame2", "uv": [ 10.5, 4.0, 11.0, 9.5 ] },
										"up": { "texture": "#frame2", "uv": [ 9.5, 13.0, 11.5, 13.5 ] },
										"down": { "texture": "#frame2", "uv": [ 4.0, 0.5, 6.0, 1.0 ] }
									}
								},
								{
									"name": "Cube143",
									"from": [ 0.0, 0.3, 5.2 ], 
									"to": [ 2.0, 6.2, 5.5 ], 
									"rotationOrigin": [ 0.0, -1.0, 5.0 ],
									"faces": {
										"north": { "texture": "#frame2", "uv": [ 0.0, 4.5, 2.0, 10.0 ] },
										"east": { "texture": "#frame2", "uv": [ 11.0, 6.0, 11.5, 11.5 ] },
										"south": { "texture": "#frame2", "uv": [ 13.5, 7.5, 15.5, 13.0 ] },
										"west": { "texture": "#frame2", "uv": [ 15.0, 4.0, 15.5, 9.5 ] },
										"up": { "texture": "#frame2", "uv": [ 3.5, 6.5, 5.5, 7.0 ] },
										"down": { "texture": "#frame2", "uv": [ 7.0, 7.5, 9.0, 8.0 ] }
									}
								}
							]
						},
						{
							"name": "Cube144",
							"from": [ 0.0, 0.0, 6.2 ], 
							"to": [ 2.0, 14.0, 6.5 ], 
							"rotationOrigin": [ 0.0, -1.0, 6.5 ],
							"faces": {
								"north": { "texture": "#frame", "uv": [ 12.5, 2.0, 14.5, 16.0 ] },
								"east": { "texture": "#frame", "uv": [ 10.5, 1.5, 11.0, 15.5 ] },
								"south": { "texture": "#frame", "uv": [ 11.5, 2.0, 13.5, 16.0 ] },
								"west": { "texture": "#frame", "uv": [ 2.0, 1.5, 2.5, 15.5 ] },
								"up": { "texture": "#frame", "uv": [ 1.0, 5.0, 3.0, 5.5 ] },
								"down": { "texture": "#frame", "uv": [ 12.0, 8.0, 14.0, 8.5 ] }
							}
						},
						{
							"name": "Cube145",
							"from": [ -1.0, 0.0, 5.5 ], 
							"to": [ 3.0, 14.0, 6.2 ], 
							"rotationOrigin": [ -1.0, 0.0, 6.0 ],
							"faces": {
								"north": { "texture": "#wood1", "uv": [ 5.0, 1.0, 9.0, 15.0 ] },
								"east": { "texture": "#wood1", "uv": [ 8.0, 0.5, 8.5, 14.5 ] },
								"south": { "texture": "#wood1", "uv": [ 9.0, 1.5, 13.0, 15.5 ] },
								"west": { "texture": "#wood1", "uv": [ 11.5, 1.5, 12.0, 15.5 ] },
								"up": { "texture": "#wood1", "uv": [ 1.0, 11.5, 5.0, 12.0 ] },
								"down": { "texture": "#wood1", "uv": [ 2.5, 6.0, 6.5, 6.5 ] }
							}
						},
						{
							"name": "Cube146",
							"from": [ -0.5, 6.5, 0.0 ], 
							"to": [ 3.0, 7.5, 5.5 ], 
							"rotationOrigin": [ -1.0, 6.0, 0.0 ],
							"faces": {
								"north": { "texture": "#wood1", "uv": [ 1.5, 3.0, 5.0, 4.0 ] },
								"east": { "texture": "#wood1", "uv": [ 3.5, 5.0, 4.5, 10.5 ], "rotation": 90 },
								"south": { "texture": "#wood1", "uv": [ 9.5, 1.0, 13.0, 2.0 ] },
								"west": { "texture": "#wood1", "uv": [ 7.0, 8.0, 8.0, 13.5 ], "rotation": 90 },
								"up": { "texture": "#wood1", "uv": [ 5.5, 9.0, 9.0, 14.5 ] },
								"down": { "texture": "#wood1", "uv": [ 10.0, 9.0, 15.5, 12.5 ], "rotation": 90 }
							}
						},
						{
							"name": "Cube147",
							"from": [ -0.5, -1.0, 0.0 ], 
							"to": [ 3.0, 0.0, 6.5 ], 
							"rotationOrigin": [ -1.0, -1.0, 0.0 ],
							"faces": {
								"north": { "texture": "#wood1", "uv": [ 8.5, 1.0, 12.0, 2.0 ] },
								"east": { "texture": "#wood1", "uv": [ 11.5, 1.5, 12.5, 8.0 ], "rotation": 90 },
								"south": { "texture": "#wood1", "uv": [ 8.0, 3.5, 11.5, 4.5 ] },
								"west": { "texture": "#wood1", "uv": [ 11.0, 1.5, 12.0, 8.0 ], "rotation": 90 },
								"up": { "texture": "#wood1", "uv": [ 10.5, 1.0, 14.0, 7.5 ] },
								"down": { "texture": "#wood1", "uv": [ 8.5, 1.0, 12.0, 7.5 ] }
							}
						},
						{
							"name": "window148",
							"from": [ 0.0, 7.8, 0.3 ], 
							"to": [ 2.0, 13.7, 5.2 ], 
							"renderPass": 3,
							"rotationOrigin": [ 0.0, 6.5, 0.0 ],
							"faces": {
								"north": { "texture": "#null", "uv": [ 9.5, 9.0, 11.5, 14.5 ], "enabled": false },
								"east": { "texture": "#squareglass", "uv": [ 0.5, 0.5, 13.0, 16.0 ], "autoUv": false },
								"south": { "texture": "#null", "uv": [ 1.0, 5.0, 3.0, 10.5 ], "enabled": false },
								"west": { "texture": "#squareglass", "uv": [ 0.5, 0.5, 13.0, 16.0 ], "autoUv": false },
								"up": { "texture": "#null", "uv": [ 11.0, 4.5, 13.0, 9.0 ], "enabled": false },
								"down": { "texture": "#null", "uv": [ 9.0, 1.5, 11.0, 6.0 ], "enabled": false }
							},
							"children": [
								{
									"name": "Cube149",
									"from": [ 0.0, -7.5, 0.0 ], 
									"to": [ 2.0, -1.6, 4.9 ], 
									"renderPass": 3,
									"rotationOrigin": [ 0.0, -8.3, -0.3 ],
									"faces": {
										"north": { "texture": "#null", "uv": [ 9.5, 1.0, 11.5, 6.5 ], "enabled": false },
										"east": { "texture": "#glass", "uv": [ 3.5, 4.0, 12.5, 12.0 ], "autoUv": false },
										"south": { "texture": "#null", "uv": [ 6.0, 10.0, 8.0, 15.5 ], "enabled": false },
										"west": { "texture": "#glass", "uv": [ 3.5, 4.0, 12.5, 12.0 ], "autoUv": false },
										"up": { "texture": "#null", "uv": [ 1.0, 8.0, 3.0, 12.5 ], "enabled": false },
										"down": { "texture": "#null", "uv": [ 2.0, 5.0, 4.0, 9.5 ], "enabled": false }
									}
								}
							]
						},
						{
							"name": "Cube150",
							"from": [ -1.0, -1.0, 0.5 ], 
							"to": [ -0.5, 0.0, 6.5 ], 
							"rotationOrigin": [ -1.0, -1.0, 0.0 ],
							"faces": {
								"north": { "texture": "#wood1", "uv": [ 8.5, 1.0, 9.0, 2.0 ] },
								"east": { "texture": "#wood1", "uv": [ 11.5, 1.5, 12.5, 7.5 ], "rotation": 90 },
								"south": { "texture": "#wood1", "uv": [ 8.0, 3.5, 8.5, 4.5 ] },
								"west": { "texture": "#wood1", "uv": [ 10.0, 2.5, 11.0, 8.5 ], "rotation": 90 },
								"up": { "texture": "#wood1", "uv": [ 10.5, 5.0, 11.0, 11.0 ] },
								"down": { "texture": "#wood1", "uv": [ 8.5, 2.5, 9.0, 8.5 ] }
							}
						},
						{
							"name": "Cube151",
							"from": [ -1.0, 6.5, 0.5 ], 
							"to": [ -0.5, 7.5, 5.5 ], 
							"rotationOrigin": [ -1.0, 6.0, 0.0 ],
							"faces": {
								"north": { "texture": "#wood1", "uv": [ 8.5, 1.0, 9.0, 2.0 ] },
								"east": { "texture": "#wood1", "uv": [ 11.5, 1.5, 12.5, 6.5 ], "rotation": 90 },
								"south": { "texture": "#wood1", "uv": [ 8.0, 3.5, 8.5, 4.5 ] },
								"west": { "texture": "#wood1", "uv": [ 10.0, 2.5, 11.0, 7.5 ], "rotation": 90 },
								"up": { "texture": "#wood1", "uv": [ 10.5, 5.0, 11.0, 10.0 ] },
								"down": { "texture": "#wood1", "uv": [ 8.5, 2.5, 9.0, 7.5 ] }
							}
						},
						{
							"name": "dne_mwindow152",
							"from": [ -1.9953, -2.0, 1.4976 ], 
							"to": [ 4.0047, -1.0, 6.4976 ], 
							"rotationOrigin": [ -1.9991, -2.0, 1.5014 ],
							"faces": {
								"north": { "texture": "#wood1", "uv": [ 1.0, 15.0, 7.0, 16.0 ] },
								"east": { "texture": "#wood1", "uv": [ 8.5, 0.0, 9.5, 5.0 ], "rotation": 90 },
								"south": { "texture": "#wood1", "uv": [ 9.0, 15.0, 15.0, 16.0 ] },
								"west": { "texture": "#wood1", "uv": [ 3.5, 0.0, 4.5, 5.0 ], "rotation": 90 },
								"up": { "texture": "#wood1", "uv": [ 5.0, 5.0, 11.0, 10.0 ] },
								"down": { "texture": "#wood1", "uv": [ 3.0, 3.0, 9.0, 8.0 ] }
							}
						}
					]
				},
				{
					"name": "frame153",
					"from": [ 3.0, 2.0, 0.5 ], 
					"to": [ 5.0, 2.3, 6.0 ], 
					"rotationOrigin": [ 3.5, 1.0, 1.0 ],
					"rotationY": 180.0,
					"faces": {
						"north": { "texture": "#frame2", "uv": [ 13.0, 8.5, 15.0, 9.0 ] },
						"east": { "texture": "#frame2", "uv": [ 0.5, 1.0, 6.0, 1.5 ] },
						"south": { "texture": "#frame2", "uv": [ 12.0, 4.5, 14.0, 5.0 ] },
						"west": { "texture": "#frame2", "uv": [ 8.0, 14.0, 13.5, 14.5 ] },
						"up": { "texture": "#frame2", "uv": [ 13.0, 9.5, 15.0, 15.0 ] },
						"down": { "texture": "#frame2", "uv": [ 3.5, 4.5, 5.5, 10.0 ] }
					},
					"children": [
						{
							"name": "Cube154",
							"from": [ 0.0, 6.2, 0.0 ], 
							"to": [ 2.0, 6.5, 5.5 ], 
							"rotationOrigin": [ 0.0, 5.0, 0.0 ],
							"faces": {
								"north": { "texture": "#frame2", "uv": [ 0.0, 1.0, 2.0, 1.5 ] },
								"east": { "texture": "#frame2", "uv": [ 1.0, 12.0, 6.5, 12.5 ] },
								"south": { "texture": "#frame2", "uv": [ 2.0, 13.5, 4.0, 14.0 ] },
								"west": { "texture": "#frame2", "uv": [ 5.0, 13.5, 10.5, 14.0 ] },
								"up": { "texture": "#frame2", "uv": [ 10.0, 0.0, 12.0, 5.5 ] },
								"down": { "texture": "#frame2", "uv": [ 1.5, 2.5, 3.5, 8.0 ] }
							}
						},
						{
							"name": "Cube155",
							"from": [ 0.0, 0.3, 0.0 ], 
							"to": [ 2.0, 6.2, 0.3 ], 
							"rotationOrigin": [ 0.0, -1.0, 0.0 ],
							"faces": {
								"north": { "texture": "#frame2", "uv": [ 8.0, 9.5, 10.0, 15.0 ] },
								"east": { "texture": "#frame2", "uv": [ 13.0, 4.0, 13.5, 9.5 ] },
								"south": { "texture": "#frame2", "uv": [ 2.0, 5.0, 4.0, 10.5 ] },
								"west": { "texture": "#frame2", "uv": [ 9.0, 10.0, 9.5, 15.5 ] },
								"up": { "texture": "#frame2", "uv": [ 0.5, 2.0, 2.5, 2.5 ] },
								"down": { "texture": "#frame2", "uv": [ 4.0, 1.5, 6.0, 2.0 ] }
							}
						},
						{
							"name": "Cube156",
							"from": [ 0.0, 0.3, 5.2 ], 
							"to": [ 2.0, 6.2, 5.5 ], 
							"rotationOrigin": [ 0.0, -1.0, 5.0 ],
							"faces": {
								"north": { "texture": "#frame2", "uv": [ 1.5, 6.5, 3.5, 12.0 ] },
								"east": { "texture": "#frame2", "uv": [ 13.0, 9.0, 13.5, 14.5 ] },
								"south": { "texture": "#frame2", "uv": [ 0.0, 9.5, 2.0, 15.0 ] },
								"west": { "texture": "#frame2", "uv": [ 3.5, 2.0, 4.0, 7.5 ] },
								"up": { "texture": "#frame2", "uv": [ 1.0, 1.5, 3.0, 2.0 ] },
								"down": { "texture": "#frame2", "uv": [ 8.0, 12.5, 10.0, 13.0 ] }
							}
						},
						{
							"name": "Cube157",
							"from": [ 0.0, 7.5, 0.0 ], 
							"to": [ 2.0, 7.8, 5.5 ], 
							"rotationOrigin": [ 0.0, 7.0, 0.0 ],
							"faces": {
								"north": { "texture": "#frame2", "uv": [ 1.0, 13.0, 3.0, 13.5 ] },
								"east": { "texture": "#frame2", "uv": [ 5.5, 2.0, 11.0, 2.5 ] },
								"south": { "texture": "#frame2", "uv": [ 5.5, 5.5, 7.5, 6.0 ] },
								"west": { "texture": "#frame2", "uv": [ 2.0, 6.5, 7.5, 7.0 ] },
								"up": { "texture": "#frame2", "uv": [ 8.5, 2.0, 10.5, 7.5 ] },
								"down": { "texture": "#frame2", "uv": [ 4.5, 7.5, 6.5, 13.0 ] }
							},
							"children": [
								{
									"name": "Cube158",
									"from": [ 0.0, 6.2, 0.0 ], 
									"to": [ 2.0, 6.5, 5.5 ], 
									"rotationOrigin": [ 0.0, 5.0, 0.0 ],
									"faces": {
										"north": { "texture": "#frame2", "uv": [ 6.5, 6.5, 8.5, 7.0 ] },
										"east": { "texture": "#frame2", "uv": [ 4.0, 9.5, 9.5, 10.0 ] },
										"south": { "texture": "#frame2", "uv": [ 7.0, 8.0, 9.0, 8.5 ] },
										"west": { "texture": "#frame2", "uv": [ 4.5, 12.5, 10.0, 13.0 ] },
										"up": { "texture": "#frame2", "uv": [ 4.0, 3.5, 6.0, 9.0 ] },
										"down": { "texture": "#frame2", "uv": [ 8.0, 9.5, 10.0, 15.0 ] }
									}
								},
								{
									"name": "Cube159",
									"from": [ 0.0, 0.3, 0.0 ], 
									"to": [ 2.0, 6.2, 0.3 ], 
									"rotationOrigin": [ 0.0, -1.0, 0.0 ],
									"faces": {
										"north": { "texture": "#frame2", "uv": [ 0.5, 0.5, 2.5, 6.0 ] },
										"east": { "texture": "#frame2", "uv": [ 0.5, 10.0, 1.0, 15.5 ] },
										"south": { "texture": "#frame2", "uv": [ 10.5, 9.5, 12.5, 15.0 ] },
										"west": { "texture": "#frame2", "uv": [ 10.5, 4.0, 11.0, 9.5 ] },
										"up": { "texture": "#frame2", "uv": [ 9.5, 13.0, 11.5, 13.5 ] },
										"down": { "texture": "#frame2", "uv": [ 4.0, 0.5, 6.0, 1.0 ] }
									}
								},
								{
									"name": "Cube160",
									"from": [ 0.0, 0.3, 5.2 ], 
									"to": [ 2.0, 6.2, 5.5 ], 
									"rotationOrigin": [ 0.0, -1.0, 5.0 ],
									"faces": {
										"north": { "texture": "#frame2", "uv": [ 0.0, 4.5, 2.0, 10.0 ] },
										"east": { "texture": "#frame2", "uv": [ 11.0, 6.0, 11.5, 11.5 ] },
										"south": { "texture": "#frame2", "uv": [ 13.5, 7.5, 15.5, 13.0 ] },
										"west": { "texture": "#frame2", "uv": [ 15.0, 4.0, 15.5, 9.5 ] },
										"up": { "texture": "#frame2", "uv": [ 3.5, 6.5, 5.5, 7.0 ] },
										"down": { "texture": "#frame2", "uv": [ 7.0, 7.5, 9.0, 8.0 ] }
									}
								}
							]
						},
						{
							"name": "Cube161",
							"from": [ 0.0, 0.0, 6.2 ], 
							"to": [ 2.0, 14.0, 6.5 ], 
							"rotationOrigin": [ 0.0, -1.0, 6.5 ],
							"faces": {
								"north": { "texture": "#frame", "uv": [ 12.5, 2.0, 14.5, 16.0 ] },
								"east": { "texture": "#frame", "uv": [ 10.5, 1.5, 11.0, 15.5 ] },
								"south": { "texture": "#frame", "uv": [ 11.5, 2.0, 13.5, 16.0 ] },
								"west": { "texture": "#frame", "uv": [ 2.0, 1.5, 2.5, 15.5 ] },
								"up": { "texture": "#frame", "uv": [ 1.0, 5.0, 3.0, 5.5 ] },
								"down": { "texture": "#frame", "uv": [ 12.0, 8.0, 14.0, 8.5 ] }
							}
						},
						{
							"name": "Cube162",
							"from": [ -1.0, 0.0, 5.5 ], 
							"to": [ 3.0, 14.0, 6.2 ], 
							"rotationOrigin": [ -1.0, 0.0, 6.0 ],
							"faces": {
								"north": { "texture": "#wood1", "uv": [ 5.0, 1.0, 9.0, 15.0 ] },
								"east": { "texture": "#wood1", "uv": [ 8.0, 0.5, 8.5, 14.5 ] },
								"south": { "texture": "#wood1", "uv": [ 9.0, 1.5, 13.0, 15.5 ] },
								"west": { "texture": "#wood1", "uv": [ 11.5, 1.5, 12.0, 15.5 ] },
								"up": { "texture": "#wood1", "uv": [ 1.0, 11.5, 5.0, 12.0 ] },
								"down": { "texture": "#wood1", "uv": [ 2.5, 6.0, 6.5, 6.5 ] }
							}
						},
						{
							"name": "Cube163",
							"from": [ -0.5, 6.5, 0.0 ], 
							"to": [ 3.0, 7.5, 5.5 ], 
							"rotationOrigin": [ -1.0, 6.0, 0.0 ],
							"faces": {
								"north": { "texture": "#wood1", "uv": [ 1.5, 3.0, 5.0, 4.0 ] },
								"east": { "texture": "#wood1", "uv": [ 3.5, 5.0, 4.5, 10.5 ], "rotation": 90 },
								"south": { "texture": "#wood1", "uv": [ 9.5, 1.0, 13.0, 2.0 ] },
								"west": { "texture": "#wood1", "uv": [ 7.0, 8.0, 8.0, 13.5 ], "rotation": 90 },
								"up": { "texture": "#wood1", "uv": [ 5.5, 9.0, 9.0, 14.5 ] },
								"down": { "texture": "#wood1", "uv": [ 10.0, 9.0, 15.5, 12.5 ], "rotation": 90 }
							}
						},
						{
							"name": "Cube164",
							"from": [ -0.5, -1.0, 0.0 ], 
							"to": [ 3.0, 0.0, 6.5 ], 
							"rotationOrigin": [ -1.0, -1.0, 0.0 ],
							"faces": {
								"north": { "texture": "#wood1", "uv": [ 8.5, 1.0, 12.0, 2.0 ] },
								"east": { "texture": "#wood1", "uv": [ 11.5, 1.5, 12.5, 8.0 ], "rotation": 90 },
								"south": { "texture": "#wood1", "uv": [ 8.0, 3.5, 11.5, 4.5 ] },
								"west": { "texture": "#wood1", "uv": [ 11.0, 1.5, 12.0, 8.0 ], "rotation": 90 },
								"up": { "texture": "#wood1", "uv": [ 10.5, 1.0, 14.0, 7.5 ] },
								"down": { "texture": "#wood1", "uv": [ 8.5, 1.0, 12.0, 7.5 ] }
							}
						},
						{
							"name": "window165",
							"from": [ 0.0, 7.8, 0.3 ], 
							"to": [ 2.0, 13.7, 5.2 ], 
							"renderPass": 3,
							"rotationOrigin": [ 0.0, 6.5, 0.0 ],
							"faces": {
								"north": { "texture": "#null", "uv": [ 9.5, 9.0, 11.5, 14.5 ], "enabled": false },
								"east": { "texture": "#squareglass", "uv": [ 0.5, 0.5, 13.0, 16.0 ], "autoUv": false },
								"south": { "texture": "#null", "uv": [ 1.0, 5.0, 3.0, 10.5 ], "enabled": false },
								"west": { "texture": "#squareglass", "uv": [ 0.5, 0.5, 13.0, 16.0 ], "autoUv": false },
								"up": { "texture": "#null", "uv": [ 11.0, 4.5, 13.0, 9.0 ], "enabled": false },
								"down": { "texture": "#null", "uv": [ 9.0, 1.5, 11.0, 6.0 ], "enabled": false }
							},
							"children": [
								{
									"name": "Cube166",
									"from": [ 0.0, -7.5, 0.0 ], 
									"to": [ 2.0, -1.6, 4.9 ], 
									"renderPass": 3,
									"rotationOrigin": [ 0.0, -8.3, -0.3 ],
									"faces": {
										"north": { "texture": "#null", "uv": [ 9.5, 1.0, 11.5, 6.5 ], "enabled": false },
										"east": { "texture": "#glass", "uv": [ 3.5, 4.0, 12.5, 12.0 ], "autoUv": false },
										"south": { "texture": "#null", "uv": [ 6.0, 10.0, 8.0, 15.5 ], "enabled": false },
										"west": { "texture": "#glass", "uv": [ 3.5, 4.0, 12.5, 12.0 ], "autoUv": false },
										"up": { "texture": "#null", "uv": [ 1.0, 8.0, 3.0, 12.5 ], "enabled": false },
										"down": { "texture": "#null", "uv": [ 2.0, 5.0, 4.0, 9.5 ], "enabled": false }
									}
								}
							]
						},
						{
							"name": "Cube167",
							"from": [ -1.0, -1.0, 0.5 ], 
							"to": [ -0.5, 0.0, 6.5 ], 
							"rotationOrigin": [ -1.0, -1.0, 0.0 ],
							"faces": {
								"north": { "texture": "#wood1", "uv": [ 8.5, 1.0, 9.0, 2.0 ] },
								"east": { "texture": "#wood1", "uv": [ 11.5, 1.5, 12.5, 7.5 ], "rotation": 90 },
								"south": { "texture": "#wood1", "uv": [ 8.0, 3.5, 8.5, 4.5 ] },
								"west": { "texture": "#wood1", "uv": [ 10.0, 2.5, 11.0, 8.5 ], "rotation": 90 },
								"up": { "texture": "#wood1", "uv": [ 10.5, 5.0, 11.0, 11.0 ] },
								"down": { "texture": "#wood1", "uv": [ 8.5, 2.5, 9.0, 8.5 ] }
							}
						},
						{
							"name": "Cube168",
							"from": [ -1.0, 6.5, 0.5 ], 
							"to": [ -0.5, 7.5, 5.5 ], 
							"rotationOrigin": [ -1.0, 6.0, 0.0 ],
							"faces": {
								"north": { "texture": "#wood1", "uv": [ 8.5, 1.0, 9.0, 2.0 ] },
								"east": { "texture": "#wood1", "uv": [ 11.5, 1.5, 12.5, 6.5 ], "rotation": 90 },
								"south": { "texture": "#wood1", "uv": [ 8.0, 3.5, 8.5, 4.5 ] },
								"west": { "texture": "#wood1", "uv": [ 10.0, 2.5, 11.0, 7.5 ], "rotation": 90 },
								"up": { "texture": "#wood1", "uv": [ 10.5, 5.0, 11.0, 10.0 ] },
								"down": { "texture": "#wood1", "uv": [ 8.5, 2.5, 9.0, 7.5 ] }
							}
						},
						{
							"name": "dne_mwindow169",
							"from": [ -1.9953, -2.0, 1.4976 ], 
							"to": [ 4.0047, -1.0, 6.4976 ], 
							"rotationOrigin": [ -1.9991, -2.0, 1.5014 ],
							"faces": {
								"north": { "texture": "#wood1", "uv": [ 1.0, 15.0, 7.0, 16.0 ] },
								"east": { "texture": "#wood1", "uv": [ 8.5, 0.0, 9.5, 5.0 ], "rotation": 90 },
								"south": { "texture": "#wood1", "uv": [ 9.0, 15.0, 15.0, 16.0 ] },
								"west": { "texture": "#wood1", "uv": [ 3.5, 0.0, 4.5, 5.0 ], "rotation": 90 },
								"up": { "texture": "#wood1", "uv": [ 5.0, 5.0, 11.0, 10.0 ] },
								"down": { "texture": "#wood1", "uv": [ 3.0, 3.0, 9.0, 8.0 ] }
							}
						}
					]
				}
			]
		}
	]}