{
	"editor": {
		"allAngles": false,
		"entityTextureMode": false
	},
	"textureWidth": 16,
	"textureHeight": 16,

	"elements": [
		{
			"name": "nsu_mwindow",
			"from": [ 11.0, 16.0, 0.0 ], 
			"to": [ 17.0, 17.0, 16.0 ], 
			"rotationOrigin": [ 11.0, 16.0, 0.0 ],
			"rotationZ": 179.9999678050814,
			"faces": {
				"north": { "texture": "#wood1", "uv": [ 1.0, 15.0, 7.0, 16.0 ] },
				"east": { "texture": "#wood1", "uv": [ 8.5, 0.0, 9.5, 16.0 ], "rotation": 90 },
				"south": { "texture": "#wood1", "uv": [ 9.0, 15.0, 15.0, 16.0 ] },
				"west": { "texture": "#wood1", "uv": [ 3.5, 0.0, 4.5, 16.0 ], "rotation": 90 },
				"up": { "texture": "#wood1", "uv": [ 4.0, 0.0, 10.0, 16.0 ] },
				"down": { "texture": "#wood1", "uv": [ 2.0, 0.0, 8.0, 16.0 ] }
			},
			"children": [
				{
					"name": "Cube78",
					"from": [ 1.0, 1.0, 0.0 ], 
					"to": [ 5.0, 2.0, 16.0 ], 
					"rotationOrigin": [ 1.0, 1.0, 0.0 ],
					"faces": {
						"north": { "texture": "#wood1", "uv": [ 8.5, 1.0, 12.5, 2.0 ] },
						"east": { "texture": "#wood1", "uv": [ 11.0, 0.0, 12.0, 16.0 ], "rotation": 90 },
						"south": { "texture": "#wood1", "uv": [ 8.0, 3.5, 12.0, 4.5 ] },
						"west": { "texture": "#wood1", "uv": [ 11.0, 0.0, 12.0, 16.0 ], "rotation": 90 },
						"up": { "texture": "#wood1", "uv": [ 10.5, 0.0, 14.5, 16.0 ] },
						"down": { "texture": "#wood1", "uv": [ 8.5, 0.0, 12.5, 16.0 ] }
					}
				},
				{
					"name": "frame79",
					"from": [ 2.0, 2.0, 0.0 ], 
					"to": [ 4.0, 2.3, 8.0 ], 
					"rotationOrigin": [ 2.0, 1.0, 0.0 ],
					"faces": {
						"north": { "texture": "#frame", "uv": [ 7.5, 6.0, 9.5, 6.5 ] },
						"east": { "texture": "#frame", "uv": [ 0.0, 9.0, 8.0, 9.5 ] },
						"south": { "texture": "#frame", "uv": [ 4.0, 0.0, 6.0, 0.5 ] },
						"west": { "texture": "#frame", "uv": [ 0.5, 5.0, 8.5, 5.5 ] },
						"up": { "texture": "#frame", "uv": [ 8.5, 0.0, 10.5, 8.0 ] },
						"down": { "texture": "#frame", "uv": [ 12.5, 0.5, 14.5, 8.5 ] }
					},
					"children": [
						{
							"name": "Cube80",
							"from": [ 0.0, 13.7, 0.0 ], 
							"to": [ 2.0, 14.0, 8.0 ], 
							"rotationOrigin": [ 0.0, 13.0, 0.0 ],
							"faces": {
								"north": { "texture": "#frame", "uv": [ 8.0, 4.0, 10.0, 4.5 ] },
								"east": { "texture": "#frame", "uv": [ 0.0, 4.0, 8.0, 4.5 ] },
								"south": { "texture": "#frame", "uv": [ 5.0, 6.0, 7.0, 6.5 ] },
								"west": { "texture": "#frame", "uv": [ 0.5, 3.0, 8.5, 3.5 ] },
								"up": { "texture": "#frame", "uv": [ 12.5, 0.0, 14.5, 8.0 ] },
								"down": { "texture": "#frame", "uv": [ 13.0, 0.0, 15.0, 8.0 ] }
							}
						},
						{
							"name": "Cube81",
							"from": [ 0.0, 0.3, 7.7 ], 
							"to": [ 2.0, 13.7, 8.0 ], 
							"rotationOrigin": [ 0.0, -1.0, 8.0 ],
							"faces": {
								"north": { "texture": "#frame", "uv": [ 12.5, 2.0, 14.5, 15.0 ] },
								"east": { "texture": "#frame", "uv": [ 10.5, 1.5, 11.0, 14.5 ] },
								"south": { "texture": "#frame", "uv": [ 11.5, 2.0, 13.5, 15.0 ] },
								"west": { "texture": "#frame", "uv": [ 2.0, 1.5, 2.5, 14.5 ] },
								"up": { "texture": "#frame", "uv": [ 1.0, 5.0, 3.0, 5.5 ] },
								"down": { "texture": "#frame", "uv": [ 12.0, 8.0, 14.0, 8.5 ] }
							}
						},
						{
							"name": "Window82",
							"from": [ 0.0, 0.3, 0.0 ], 
							"to": [ 2.0, 13.7, 7.7 ], 
							"renderPass": 3,
							"rotationOrigin": [ 0.0, -0.5, 0.0 ],
							"faces": {
								"north": { "texture": "#glass", "uv": [ 0.0, 0.0, 2.0, 13.0 ], "enabled": false },
								"east": { "texture": "#glass", "uv": [ 0.0, 0.0, 7.7, 13.5 ], "autoUv": false },
								"south": { "texture": "#glass", "uv": [ 0.0, 0.0, 2.0, 13.0 ], "enabled": false },
								"west": { "texture": "#glass", "uv": [ 8.3, 0.0, 16.0, 13.5 ], "autoUv": false },
								"up": { "texture": "#glass", "uv": [ 0.0, 0.0, 2.0, 7.5 ], "enabled": false },
								"down": { "texture": "#glass", "uv": [ 0.0, 0.0, 2.0, 7.5 ], "enabled": false }
							}
						}
					]
				},
				{
					"name": "frame83",
					"from": [ 4.0, 2.0, 16.0 ], 
					"to": [ 6.0, 2.3, 24.0 ], 
					"rotationOrigin": [ 4.0, 1.0, 16.0 ],
					"rotationY": 180.0,
					"faces": {
						"north": { "texture": "#frame", "uv": [ 7.5, 6.0, 9.5, 6.5 ] },
						"east": { "texture": "#frame", "uv": [ 0.0, 9.0, 8.0, 9.5 ] },
						"south": { "texture": "#frame", "uv": [ 4.0, 0.0, 6.0, 0.5 ] },
						"west": { "texture": "#frame", "uv": [ 0.5, 5.0, 8.5, 5.5 ] },
						"up": { "texture": "#frame", "uv": [ 8.5, 0.0, 10.5, 8.0 ] },
						"down": { "texture": "#frame", "uv": [ 12.5, 0.5, 14.5, 8.5 ] }
					},
					"children": [
						{
							"name": "Cube84",
							"from": [ 0.0, 13.7, 0.0 ], 
							"to": [ 2.0, 14.0, 8.0 ], 
							"rotationOrigin": [ 0.0, 13.0, 0.0 ],
							"faces": {
								"north": { "texture": "#frame", "uv": [ 8.0, 4.0, 10.0, 4.5 ] },
								"east": { "texture": "#frame", "uv": [ 0.0, 4.0, 8.0, 4.5 ] },
								"south": { "texture": "#frame", "uv": [ 5.0, 6.0, 7.0, 6.5 ] },
								"west": { "texture": "#frame", "uv": [ 0.5, 3.0, 8.5, 3.5 ] },
								"up": { "texture": "#frame", "uv": [ 12.5, 0.0, 14.5, 8.0 ] },
								"down": { "texture": "#frame", "uv": [ 13.0, 0.0, 15.0, 8.0 ] }
							}
						},
						{
							"name": "Cube85",
							"from": [ 0.0, 0.3, 7.7 ], 
							"to": [ 2.0, 13.7, 8.0 ], 
							"rotationOrigin": [ 0.0, -1.0, 8.0 ],
							"faces": {
								"north": { "texture": "#frame", "uv": [ 12.5, 2.0, 14.5, 15.0 ] },
								"east": { "texture": "#frame", "uv": [ 10.5, 1.5, 11.0, 14.5 ] },
								"south": { "texture": "#frame", "uv": [ 11.5, 2.0, 13.5, 15.0 ] },
								"west": { "texture": "#frame", "uv": [ 2.0, 1.5, 2.5, 14.5 ] },
								"up": { "texture": "#frame", "uv": [ 1.0, 5.0, 3.0, 5.5 ] },
								"down": { "texture": "#frame", "uv": [ 12.0, 8.0, 14.0, 8.5 ] }
							}
						},
						{
							"name": "Window86",
							"from": [ 0.0, 0.3, 0.0 ], 
							"to": [ 2.0, 13.7, 7.7 ], 
							"renderPass": 3,
							"rotationOrigin": [ 0.0, -0.5, 0.0 ],
							"faces": {
								"north": { "texture": "#glass", "uv": [ 0.0, 0.0, 2.0, 13.0 ], "enabled": false },
								"east": { "texture": "#glass", "uv": [ 0.0, 0.0, 7.7, 13.5 ], "autoUv": false },
								"south": { "texture": "#glass", "uv": [ 0.0, 0.0, 2.0, 13.0 ], "enabled": false },
								"west": { "texture": "#glass", "uv": [ 8.3, 0.0, 16.0, 13.5 ], "autoUv": false },
								"up": { "texture": "#glass", "uv": [ 0.0, 0.0, 2.0, 7.5 ], "enabled": false },
								"down": { "texture": "#glass", "uv": [ 0.0, 0.0, 2.0, 7.5 ], "enabled": false }
							}
						}
					]
				}
			]
		}
	]}