{
	"editor": {
		"allAngles": false,
		"entityTextureMode": false
	},
	"textureWidth": 16,
	"textureHeight": 16,

	"elements": [
		{
			"name": "nsud_mwindow",
			"from": [ 9.0, 0.0, 16.0 ], 
			"to": [ 11.0, 0.3, 24.0 ], 
			"rotationOrigin": [ 9.0, -1.0, 16.0 ],
			"rotationX": -179.99995414470382,
			"rotationY": -5.008955041730523E-6,
			"rotationZ": -179.99995414470382,
			"faces": {
				"north": { "texture": "#frame", "uv": [ 7.5, 6.0, 9.5, 6.5 ] },
				"east": { "texture": "#frame", "uv": [ 0.0, 9.0, 8.0, 9.5 ] },
				"south": { "texture": "#frame", "uv": [ 4.0, 0.0, 6.0, 0.5 ] },
				"west": { "texture": "#frame", "uv": [ 0.5, 5.0, 8.5, 5.5 ] },
				"up": { "texture": "#frame", "uv": [ 8.5, 0.0, 10.5, 8.0 ] },
				"down": { "texture": "#frame", "uv": [ 12.5, 0.5, 14.5, 8.5 ] }
			},
			"children": [
				{
					"name": "Cube50",
					"from": [ 0.0, 15.7, 0.0 ], 
					"to": [ 2.0, 16.0, 8.0 ], 
					"rotationOrigin": [ 0.0, 15.0, 0.0 ],
					"faces": {
						"north": { "texture": "#frame", "uv": [ 8.0, 4.0, 10.0, 4.5 ] },
						"east": { "texture": "#frame", "uv": [ 0.0, 4.0, 8.0, 4.5 ] },
						"south": { "texture": "#frame", "uv": [ 5.0, 6.0, 7.0, 6.5 ] },
						"west": { "texture": "#frame", "uv": [ 0.5, 3.0, 8.5, 3.5 ] },
						"up": { "texture": "#frame", "uv": [ 12.5, 0.0, 14.5, 8.0 ] },
						"down": { "texture": "#frame", "uv": [ 13.0, 0.0, 15.0, 8.0 ] }
					}
				},
				{
					"name": "Cube51",
					"from": [ 0.0, 0.3, 7.7 ], 
					"to": [ 2.0, 15.7, 8.0 ], 
					"rotationOrigin": [ 0.0, -1.0, 8.0 ],
					"faces": {
						"north": { "texture": "#frame", "uv": [ 12.5, 1.0, 14.5, 16.0 ] },
						"east": { "texture": "#frame", "uv": [ 10.5, 0.5, 11.0, 15.5 ] },
						"south": { "texture": "#frame", "uv": [ 11.5, 0.5, 13.5, 15.5 ] },
						"west": { "texture": "#frame", "uv": [ 2.0, 0.0, 2.5, 15.0 ] },
						"up": { "texture": "#frame", "uv": [ 1.0, 5.0, 3.0, 5.5 ] },
						"down": { "texture": "#frame", "uv": [ 12.0, 8.0, 14.0, 8.5 ] }
					}
				},
				{
					"name": "Window52",
					"from": [ 0.0, 0.3, 0.0 ], 
					"to": [ 2.0, 15.7, 7.7 ], 
					"renderPass": 3,
					"rotationOrigin": [ 0.0, -0.5, 0.0 ],
					"faces": {
						"north": { "texture": "#glass", "uv": [ 0.0, 0.0, 2.0, 15.0 ], "enabled": false },
						"east": { "texture": "#glass", "uv": [ 0.0, 0.0, 7.7, 16.0 ], "autoUv": false },
						"south": { "texture": "#glass", "uv": [ 0.0, 0.0, 2.0, 15.0 ], "enabled": false },
						"west": { "texture": "#glass", "uv": [ 8.3, 0.0, 16.0, 16.0 ], "autoUv": false },
						"up": { "texture": "#glass", "uv": [ 0.0, 0.0, 2.0, 7.5 ], "enabled": false },
						"down": { "texture": "#glass", "uv": [ 0.0, 0.0, 2.0, 7.5 ], "enabled": false }
					}
				},
				{
					"name": "frame53",
					"from": [ 2.0, 0.0, 16.0 ], 
					"to": [ 4.0, 0.3, 24.0 ], 
					"rotationOrigin": [ 2.0, -1.0, 16.0 ],
					"rotationX": -179.99996780508306,
					"rotationY": 5.008964405282991E-6,
					"rotationZ": -179.99996780508306,
					"faces": {
						"north": { "texture": "#frame", "uv": [ 7.5, 6.0, 9.5, 6.5 ] },
						"east": { "texture": "#frame", "uv": [ 0.0, 9.0, 8.0, 9.5 ] },
						"south": { "texture": "#frame", "uv": [ 4.0, 0.0, 6.0, 0.5 ] },
						"west": { "texture": "#frame", "uv": [ 0.5, 5.0, 8.5, 5.5 ] },
						"up": { "texture": "#frame", "uv": [ 8.5, 0.0, 10.5, 8.0 ] },
						"down": { "texture": "#frame", "uv": [ 12.5, 0.5, 14.5, 8.5 ] }
					},
					"children": [
						{
							"name": "Cube54",
							"from": [ 0.0, 15.7, 0.0 ], 
							"to": [ 2.0, 16.0, 8.0 ], 
							"rotationOrigin": [ 0.0, 15.0, 0.0 ],
							"faces": {
								"north": { "texture": "#frame", "uv": [ 8.0, 4.0, 10.0, 4.5 ] },
								"east": { "texture": "#frame", "uv": [ 0.0, 4.0, 8.0, 4.5 ] },
								"south": { "texture": "#frame", "uv": [ 5.0, 6.0, 7.0, 6.5 ] },
								"west": { "texture": "#frame", "uv": [ 0.5, 3.0, 8.5, 3.5 ] },
								"up": { "texture": "#frame", "uv": [ 12.5, 0.0, 14.5, 8.0 ] },
								"down": { "texture": "#frame", "uv": [ 13.0, 0.0, 15.0, 8.0 ] }
							}
						},
						{
							"name": "Cube55",
							"from": [ 0.0, 0.3, 7.7 ], 
							"to": [ 2.0, 15.7, 8.0 ], 
							"rotationOrigin": [ 0.0, -1.0, 8.0 ],
							"faces": {
								"north": { "texture": "#frame", "uv": [ 12.5, 1.0, 14.5, 16.0 ] },
								"east": { "texture": "#frame", "uv": [ 10.5, 0.0, 11.0, 15.0 ] },
								"south": { "texture": "#frame", "uv": [ 11.5, 0.5, 13.5, 15.5 ] },
								"west": { "texture": "#frame", "uv": [ 2.0, 1.0, 2.5, 16.0 ] },
								"up": { "texture": "#frame", "uv": [ 1.0, 5.0, 3.0, 5.5 ] },
								"down": { "texture": "#frame", "uv": [ 12.0, 8.0, 14.0, 8.5 ] }
							}
						},
						{
							"name": "Window56",
							"from": [ 0.0, 0.3, 0.0 ], 
							"to": [ 2.0, 15.7, 7.7 ], 
							"renderPass": 3,
							"rotationOrigin": [ 0.0, -0.5, 0.0 ],
							"faces": {
								"north": { "texture": "#glass", "uv": [ 0.0, 0.0, 2.0, 15.0 ], "enabled": false },
								"east": { "texture": "#glass", "uv": [ 0.0, 0.0, 7.7, 16.0 ], "autoUv": false },
								"south": { "texture": "#glass", "uv": [ 0.0, 0.0, 2.0, 15.0 ], "enabled": false },
								"west": { "texture": "#glass", "uv": [ 8.3, 0.0, 16.0, 16.0 ], "autoUv": false },
								"up": { "texture": "#glass", "uv": [ 0.0, 0.0, 2.0, 7.5 ], "enabled": false },
								"down": { "texture": "#glass", "uv": [ 0.0, 0.0, 2.0, 7.5 ], "enabled": false }
							}
						}
					]
				}
			]
		}
	]}