{
	"editor": {
		"allAngles": false,
		"entityTextureMode": false
	},
	"textureWidth": 16,
	"textureHeight": 16,

	"elements": [
		{
			"name": "nd_mwindow",
			"from": [ 5.0, 0.0, 0.0 ], 
			"to": [ 11.0, 1.0, 16.0 ], 
			"rotationOrigin": [ 5.0, 0.0, 0.0 ],
			"faces": {
				"north": { "texture": "#wood1", "uv": [ 1.0, 15.0, 7.0, 16.0 ] },
				"east": { "texture": "#wood1", "uv": [ 8.5, 0.0, 9.5, 16.0 ], "rotation": 90 },
				"south": { "texture": "#wood1", "uv": [ 9.0, 15.0, 15.0, 16.0 ] },
				"west": { "texture": "#wood1", "uv": [ 3.5, 0.0, 4.5, 16.0 ], "rotation": 90 },
				"up": { "texture": "#wood1", "uv": [ 4.0, 0.0, 10.0, 16.0 ] },
				"down": { "texture": "#wood1", "uv": [ 2.0, 0.0, 8.0, 16.0 ] }
			},
			"children": [
				{
					"name": "Cube7",
					"from": [ 1.0, 1.0, 2.0 ], 
					"to": [ 5.0, 2.0, 16.0 ], 
					"rotationOrigin": [ 1.0, 1.0, 2.0 ],
					"faces": {
						"north": { "texture": "#wood1", "uv": [ 8.5, 1.0, 12.5, 2.0 ] },
						"east": { "texture": "#wood1", "uv": [ 11.5, 1.5, 12.5, 15.5 ], "rotation": 90 },
						"south": { "texture": "#wood1", "uv": [ 8.0, 3.5, 12.0, 4.5 ] },
						"west": { "texture": "#wood1", "uv": [ 11.0, 1.5, 12.0, 15.5 ], "rotation": 90 },
						"up": { "texture": "#wood1", "uv": [ 10.5, 1.0, 14.5, 15.0 ] },
						"down": { "texture": "#wood1", "uv": [ 8.5, 1.0, 12.5, 15.0 ] }
					},
					"children": [
						{
							"name": "Cube10",
							"from": [ 0.0, 7.5, 0.0 ], 
							"to": [ 4.0, 8.5, 5.5 ], 
							"rotationOrigin": [ 0.0, 7.0, 0.0 ],
							"faces": {
								"north": { "texture": "#wood1", "uv": [ 1.5, 3.0, 5.5, 4.0 ] },
								"east": { "texture": "#wood1", "uv": [ 3.5, 5.0, 4.5, 10.5 ], "rotation": 90 },
								"south": { "texture": "#wood1", "uv": [ 9.5, 1.0, 13.5, 2.0 ] },
								"west": { "texture": "#wood1", "uv": [ 7.0, 8.0, 8.0, 13.5 ], "rotation": 90 },
								"up": { "texture": "#wood1", "uv": [ 5.5, 9.0, 9.5, 14.5 ] },
								"down": { "texture": "#wood1", "uv": [ 10.0, 9.0, 15.5, 13.0 ], "rotation": 90 }
							}
						},
						{
							"name": "Cube8",
							"from": [ 0.0, 1.0, 5.5 ], 
							"to": [ 4.0, 15.0, 6.5 ], 
							"rotationOrigin": [ 0.0, 1.0, 6.0 ],
							"faces": {
								"north": { "texture": "#wood1", "uv": [ 5.0, 1.0, 9.0, 15.0 ] },
								"east": { "texture": "#wood1", "uv": [ 8.0, 0.5, 9.0, 14.5 ] },
								"south": { "texture": "#wood1", "uv": [ 9.0, 1.5, 13.0, 15.5 ] },
								"west": { "texture": "#wood1", "uv": [ 11.5, 1.5, 12.5, 15.5 ] },
								"up": { "texture": "#wood1", "uv": [ 1.0, 11.5, 5.0, 12.5 ] },
								"down": { "texture": "#wood1", "uv": [ 2.5, 6.0, 6.5, 7.0 ] }
							}
						},
						{
							"name": "Cube5",
							"from": [ 0.0, 0.0, -1.0 ], 
							"to": [ 4.0, 15.0, 0.0 ], 
							"rotationOrigin": [ 0.0, 0.0, -1.0 ],
							"faces": {
								"north": { "texture": "#wood1", "uv": [ 2.0, 0.5, 6.0, 15.5 ] },
								"east": { "texture": "#wood1", "uv": [ 9.5, 0.0, 10.5, 15.0 ] },
								"south": { "texture": "#wood1", "uv": [ 9.5, 0.0, 13.5, 15.0 ] },
								"west": { "texture": "#wood1", "uv": [ 7.5, 0.5, 8.5, 15.5 ] },
								"up": { "texture": "#wood1", "uv": [ 7.5, 11.0, 11.5, 12.0 ] },
								"down": { "texture": "#wood1", "uv": [ 6.5, 7.0, 10.5, 8.0 ] }
							}
						},
						{
							"name": "Cube2",
							"from": [ -1.0, 0.0, -2.0 ], 
							"to": [ 5.0, 15.0, -1.0 ], 
							"rotationOrigin": [ -1.0, 0.0, -2.0 ],
							"faces": {
								"north": { "texture": "#wood1", "uv": [ 1.0, 0.5, 7.0, 15.5 ] },
								"east": { "texture": "#wood1", "uv": [ 10.0, 0.5, 11.0, 15.5 ] },
								"south": { "texture": "#wood1", "uv": [ 0.5, 0.0, 6.5, 15.0 ] },
								"west": { "texture": "#wood1", "uv": [ 12.5, 0.0, 13.5, 15.0 ] },
								"up": { "texture": "#wood1", "uv": [ 6.5, 8.5, 12.5, 9.5 ] },
								"down": { "texture": "#wood1", "uv": [ 8.0, 13.0, 14.0, 14.0 ] }
							}
						}
					]
				},
				{
					"name": "frame",
					"from": [ 2.0, 2.0, 2.0 ], 
					"to": [ 4.0, 2.3, 7.5 ], 
					"rotationOrigin": [ 2.0, 1.0, 2.0 ],
					"faces": {
						"north": { "texture": "#frame2", "uv": [ 13.0, 8.5, 15.0, 9.0 ] },
						"east": { "texture": "#frame2", "uv": [ 0.5, 1.0, 6.0, 1.5 ] },
						"south": { "texture": "#frame2", "uv": [ 12.0, 4.5, 14.0, 5.0 ] },
						"west": { "texture": "#frame2", "uv": [ 8.0, 14.0, 13.5, 14.5 ] },
						"up": { "texture": "#frame2", "uv": [ 13.0, 9.5, 15.0, 15.0 ] },
						"down": { "texture": "#frame2", "uv": [ 3.5, 4.5, 5.5, 10.0 ] }
					},
					"children": [
						{
							"name": "Cube12",
							"from": [ 0.0, 6.2, 0.0 ], 
							"to": [ 2.0, 6.5, 5.5 ], 
							"rotationOrigin": [ 0.0, 5.0, 0.0 ],
							"faces": {
								"north": { "texture": "#frame2", "uv": [ 0.0, 1.0, 2.0, 1.5 ] },
								"east": { "texture": "#frame2", "uv": [ 1.0, 12.0, 6.5, 12.5 ] },
								"south": { "texture": "#frame2", "uv": [ 2.0, 13.5, 4.0, 14.0 ] },
								"west": { "texture": "#frame2", "uv": [ 5.0, 13.5, 10.5, 14.0 ] },
								"up": { "texture": "#frame2", "uv": [ 10.0, 0.0, 12.0, 5.5 ] },
								"down": { "texture": "#frame2", "uv": [ 1.5, 2.5, 3.5, 8.0 ] }
							}
						},
						{
							"name": "Cube13",
							"from": [ 0.0, 0.3, 0.0 ], 
							"to": [ 2.0, 6.2, 0.3 ], 
							"rotationOrigin": [ 0.0, -1.0, 0.0 ],
							"faces": {
								"north": { "texture": "#frame2", "uv": [ 8.0, 9.5, 10.0, 15.0 ] },
								"east": { "texture": "#frame2", "uv": [ 13.0, 4.0, 13.5, 9.5 ] },
								"south": { "texture": "#frame2", "uv": [ 2.0, 5.0, 4.0, 10.5 ] },
								"west": { "texture": "#frame2", "uv": [ 9.0, 10.0, 9.5, 15.5 ] },
								"up": { "texture": "#frame2", "uv": [ 0.5, 2.0, 2.5, 2.5 ] },
								"down": { "texture": "#frame2", "uv": [ 4.0, 1.5, 6.0, 2.0 ] }
							}
						},
						{
							"name": "Cube14",
							"from": [ 0.0, 0.3, 5.2 ], 
							"to": [ 2.0, 6.2, 5.5 ], 
							"rotationOrigin": [ 0.0, -1.0, 5.0 ],
							"faces": {
								"north": { "texture": "#frame2", "uv": [ 1.5, 6.5, 3.5, 12.0 ] },
								"east": { "texture": "#frame2", "uv": [ 13.0, 9.0, 13.5, 14.5 ] },
								"south": { "texture": "#frame2", "uv": [ 0.0, 9.5, 2.0, 15.0 ] },
								"west": { "texture": "#frame2", "uv": [ 3.5, 2.0, 4.0, 7.5 ] },
								"up": { "texture": "#frame2", "uv": [ 1.0, 1.5, 3.0, 2.0 ] },
								"down": { "texture": "#frame2", "uv": [ 8.0, 12.5, 10.0, 13.0 ] }
							}
						},
						{
							"name": "Cube15",
							"from": [ 0.0, 7.5, 0.0 ], 
							"to": [ 2.0, 7.8, 5.5 ], 
							"rotationOrigin": [ 0.0, 7.0, 0.0 ],
							"faces": {
								"north": { "texture": "#frame2", "uv": [ 1.0, 13.0, 3.0, 13.5 ] },
								"east": { "texture": "#frame2", "uv": [ 5.5, 2.0, 11.0, 2.5 ] },
								"south": { "texture": "#frame2", "uv": [ 5.5, 5.5, 7.5, 6.0 ] },
								"west": { "texture": "#frame2", "uv": [ 2.0, 6.5, 7.5, 7.0 ] },
								"up": { "texture": "#frame2", "uv": [ 8.5, 2.0, 10.5, 7.5 ] },
								"down": { "texture": "#frame2", "uv": [ 4.5, 7.5, 6.5, 13.0 ] }
							},
							"children": [
								{
									"name": "Cube15",
									"from": [ 0.0, 6.2, 0.0 ], 
									"to": [ 2.0, 6.5, 5.5 ], 
									"rotationOrigin": [ 0.0, 5.0, 0.0 ],
									"faces": {
										"north": { "texture": "#frame2", "uv": [ 6.5, 6.5, 8.5, 7.0 ] },
										"east": { "texture": "#frame2", "uv": [ 4.0, 9.5, 9.5, 10.0 ] },
										"south": { "texture": "#frame2", "uv": [ 7.0, 8.0, 9.0, 8.5 ] },
										"west": { "texture": "#frame2", "uv": [ 4.5, 12.5, 10.0, 13.0 ] },
										"up": { "texture": "#frame2", "uv": [ 4.0, 3.5, 6.0, 9.0 ] },
										"down": { "texture": "#frame2", "uv": [ 8.0, 9.5, 10.0, 15.0 ] }
									}
								},
								{
									"name": "Cube16",
									"from": [ 0.0, 0.3, 0.0 ], 
									"to": [ 2.0, 6.2, 0.3 ], 
									"rotationOrigin": [ 0.0, -1.0, 0.0 ],
									"faces": {
										"north": { "texture": "#frame2", "uv": [ 0.5, 0.5, 2.5, 6.0 ] },
										"east": { "texture": "#frame2", "uv": [ 0.5, 10.0, 1.0, 15.5 ] },
										"south": { "texture": "#frame2", "uv": [ 10.5, 9.5, 12.5, 15.0 ] },
										"west": { "texture": "#frame2", "uv": [ 10.5, 4.0, 11.0, 9.5 ] },
										"up": { "texture": "#frame2", "uv": [ 9.5, 13.0, 11.5, 13.5 ] },
										"down": { "texture": "#frame2", "uv": [ 4.0, 0.5, 6.0, 1.0 ] }
									}
								},
								{
									"name": "Cube17",
									"from": [ 0.0, 0.3, 5.2 ], 
									"to": [ 2.0, 6.2, 5.5 ], 
									"rotationOrigin": [ 0.0, -1.0, 5.0 ],
									"faces": {
										"north": { "texture": "#frame2", "uv": [ 0.0, 4.5, 2.0, 10.0 ] },
										"east": { "texture": "#frame2", "uv": [ 11.0, 6.0, 11.5, 11.5 ] },
										"south": { "texture": "#frame2", "uv": [ 13.5, 7.5, 15.5, 13.0 ] },
										"west": { "texture": "#frame2", "uv": [ 15.0, 4.0, 15.5, 9.5 ] },
										"up": { "texture": "#frame2", "uv": [ 3.5, 6.5, 5.5, 7.0 ] },
										"down": { "texture": "#frame2", "uv": [ 7.0, 7.5, 9.0, 8.0 ] }
									}
								}
							]
						},
						{
							"name": "frame24",
							"from": [ 0.0, 0.0, 6.5 ], 
							"to": [ 2.0, 0.3, 14.0 ], 
							"rotationOrigin": [ 0.0, -1.0, 7.0 ],
							"faces": {
								"north": { "texture": "#frame", "uv": [ 7.5, 6.0, 9.5, 6.5 ] },
								"east": { "texture": "#frame", "uv": [ 0.0, 9.0, 7.5, 9.5 ] },
								"south": { "texture": "#frame", "uv": [ 4.0, 0.0, 6.0, 0.5 ] },
								"west": { "texture": "#frame", "uv": [ 0.5, 5.0, 8.0, 5.5 ] },
								"up": { "texture": "#frame", "uv": [ 8.5, 0.0, 10.5, 7.5 ] },
								"down": { "texture": "#frame", "uv": [ 12.5, 0.5, 14.5, 8.0 ] }
							},
							"children": [
								{
									"name": "Cube25",
									"from": [ 0.0, 13.7, 0.0 ], 
									"to": [ 2.0, 14.0, 7.5 ], 
									"rotationOrigin": [ 0.0, 13.0, 0.0 ],
									"faces": {
										"north": { "texture": "#frame", "uv": [ 8.0, 4.0, 10.0, 4.5 ] },
										"east": { "texture": "#frame", "uv": [ 0.0, 4.0, 7.5, 4.5 ] },
										"south": { "texture": "#frame", "uv": [ 5.0, 6.0, 7.0, 6.5 ] },
										"west": { "texture": "#frame", "uv": [ 0.5, 3.0, 8.0, 3.5 ] },
										"up": { "texture": "#frame", "uv": [ 12.5, 0.0, 14.5, 7.5 ] },
										"down": { "texture": "#frame", "uv": [ 13.0, 0.0, 15.0, 7.5 ] }
									}
								},
								{
									"name": "Cube26",
									"from": [ 0.0, 0.3, 0.0 ], 
									"to": [ 2.0, 13.7, 0.3 ], 
									"rotationOrigin": [ 0.0, -1.0, 0.0 ],
									"faces": {
										"north": { "texture": "#frame", "uv": [ 12.5, 2.0, 14.5, 15.0 ] },
										"east": { "texture": "#frame", "uv": [ 10.5, 1.5, 11.0, 14.5 ] },
										"south": { "texture": "#frame", "uv": [ 11.5, 2.0, 13.5, 15.0 ] },
										"west": { "texture": "#frame", "uv": [ 2.0, 1.5, 2.5, 14.5 ] },
										"up": { "texture": "#frame", "uv": [ 1.0, 5.0, 3.0, 5.5 ] },
										"down": { "texture": "#frame", "uv": [ 12.0, 8.0, 14.0, 8.5 ] }
									}
								},
								{
									"name": "Window28",
									"from": [ 0.0, 0.3, 0.3 ], 
									"to": [ 2.0, 13.7, 7.5 ], 
									"renderPass": 3,
									"rotationOrigin": [ 0.0, -0.5, 0.0 ],
									"faces": {
										"north": { "texture": "#glass", "uv": [ 0.0, 0.0, 2.0, 13.0 ], "enabled": false },
										"east": { "texture": "#glass", "uv": [ 7.7, 0.0, 16.0, 13.5 ], "autoUv": false },
										"south": { "texture": "#glass", "uv": [ 0.0, 0.0, 2.0, 13.0 ], "enabled": false },
										"west": { "texture": "#glass", "uv": [ 0.0, 0.0, 8.3, 13.5 ], "autoUv": false },
										"up": { "texture": "#glass", "uv": [ 0.0, 0.0, 2.0, 7.0 ], "enabled": false },
										"down": { "texture": "#glass", "uv": [ 0.0, 0.0, 2.0, 7.0 ], "enabled": false }
									}
								}
							]
						}
					]
				},
				{
					"name": "window",
					"from": [ 2.0, 9.8, 2.3 ], 
					"to": [ 4.0, 15.7, 7.2 ], 
					"renderPass": 3,
					"rotationOrigin": [ 2.0, 8.5, 2.0 ],
					"faces": {
						"north": { "texture": "#null", "uv": [ 9.5, 9.0, 11.5, 14.5 ], "enabled": false },
						"east": { "texture": "#squareglass", "uv": [ 0.5, 0.5, 13.0, 16.0 ], "autoUv": false },
						"south": { "texture": "#null", "uv": [ 1.0, 5.0, 3.0, 10.5 ], "enabled": false },
						"west": { "texture": "#squareglass", "uv": [ 0.5, 0.5, 13.0, 16.0 ], "autoUv": false },
						"up": { "texture": "#null", "uv": [ 11.0, 4.5, 13.0, 9.0 ], "enabled": false },
						"down": { "texture": "#null", "uv": [ 9.0, 1.5, 11.0, 6.0 ], "enabled": false }
					},
					"children": [
						{
							"name": "Cube27",
							"from": [ 0.0, -7.5, 0.0 ], 
							"to": [ 2.0, -1.6, 4.9 ], 
							"renderPass": 3,
							"rotationOrigin": [ 0.0, -8.3, -0.3 ],
							"faces": {
								"north": { "texture": "#null", "uv": [ 9.5, 1.0, 11.5, 6.5 ], "enabled": false },
								"east": { "texture": "#glass", "uv": [ 3.5, 4.0, 12.5, 12.0 ], "autoUv": false },
								"south": { "texture": "#null", "uv": [ 6.0, 10.0, 8.0, 15.5 ], "enabled": false },
								"west": { "texture": "#glass", "uv": [ 3.5, 4.0, 12.5, 12.0 ], "autoUv": false },
								"up": { "texture": "#null", "uv": [ 1.0, 8.0, 3.0, 12.5 ], "enabled": false },
								"down": { "texture": "#null", "uv": [ 2.0, 5.0, 4.0, 9.5 ], "enabled": false }
							}
						}
					]
				}
			]
		}
	]}