[
  {
    "op": "add",
    "path": "/attributes/breakChanceOnImpactByType/arrow-antler",
    "value": 0.5,
    "file": "game:itemtypes/tool/arrow.json"
  },
  {
    "op": "add",
    "path": "/attributes/damageByType/arrow-antler",
    "value": -0.5,
    "file": "game:itemtypes/tool/arrow.json"
  },
  {
    "op": "add",
    "path": "/shapeByType/arrow-antler",
    "value": {
      "base": "item/tool/arrow-stone"
    },
    "file": "game:itemtypes/tool/arrow.json"
  },
  {
    "op": "add",
    "path": "/texturesByType/arrow-antler",
    "value": {
      "material": {
        "base": "game:block/bonesrotten"
      }
    },
    "file": "game:itemtypes/tool/arrow.json"
  },
  {
    "op": "add",
    "path": "/variantgroups/0/states/11",
    "value": "antler",
    "file": "game:itemtypes/tool/arrow.json"
  },
  
  {
    "op": "move",
    "frompath": "/shapeByType/*",
	 "path": "/hax",
    "file": "game:itemtypes/tool/arrow.json"
  },
  {
    "op": "move",
    "frompath": "/hax",
	 "path": "/shapeByType/*",
    "file": "game:itemtypes/tool/arrow.json"
  },
  
    {
    "op": "move",
    "frompath": "/texturesByType/*",
	 "path": "/hax",
    "file": "game:itemtypes/tool/arrow.json"
  },
  {
    "op": "move",
    "frompath": "/hax",
	 "path": "/texturesByType/*",
    "file": "game:itemtypes/tool/arrow.json"
  }
]