{
	"editor": {
		"allAngles": false,
		"entityTextureMode": false
	},
	"textureWidth": 16,
	"textureHeight": 16,

	"elements": [
		{
			"name": "i_r_w_w",
			"from": [ 5.0, 15.0, 0.0 ], 
			"to": [ 11.0, 16.0, 16.0 ], 
			"rotationOrigin": [ 5.0, 15.0, 0.0 ],
			"faces": {
				"north": { "texture": "#wood1", "uv": [ 9.0, 6.0, 15.0, 7.0 ] },
				"east": { "texture": "#wood1", "uv": [ 11.0, 0.0, 12.0, 16.0 ], "rotation": 90 },
				"south": { "texture": "#wood1", "uv": [ 0.0, 14.0, 6.0, 15.0 ] },
				"west": { "texture": "#wood1", "uv": [ 2.5, 0.0, 3.5, 16.0 ], "rotation": 90 },
				"up": { "texture": "#wood1", "uv": [ 6.0, 0.0, 12.0, 16.0 ] },
				"down": { "texture": "#wood1", "uv": [ 4.0, 0.0, 10.0, 16.0 ] }
			},
			"children": [
				{
					"name": "b_r_w_w",
					"from": [ 0.0, -15.0, 0.0 ], 
					"to": [ 6.0, -14.0, 16.0 ], 
					"rotationOrigin": [ 0.0, -15.0, 0.0 ],
					"faces": {
						"north": { "texture": "#wood1", "uv": [ 5.5, 11.5, 11.5, 12.5 ] },
						"east": { "texture": "#wood1", "uv": [ 3.0, 0.0, 4.0, 16.0 ], "rotation": 90 },
						"south": { "texture": "#wood1", "uv": [ 7.5, 6.0, 13.5, 7.0 ] },
						"west": { "texture": "#wood1", "uv": [ 14.5, 0.0, 15.5, 16.0 ], "rotation": 90 },
						"up": { "texture": "#wood1", "uv": [ 6.0, 0.0, 12.0, 16.0 ] },
						"down": { "texture": "#wood1", "uv": [ 4.5, 0.0, 10.5, 16.0 ] }
					}
				},
				{
					"name": "Cube9",
					"from": [ 1.0, -7.5, 8.5 ], 
					"to": [ 5.0, -6.5, 14.0 ], 
					"rotationOrigin": [ 1.0, -8.0, 9.0 ],
					"faces": {
						"north": { "texture": "#wood1", "uv": [ 4.5, 4.0, 8.5, 5.0 ] },
						"east": { "texture": "#wood1", "uv": [ 14.5, 0.5, 15.5, 6.0 ], "rotation": 90 },
						"south": { "texture": "#wood1", "uv": [ 7.0, 10.5, 11.0, 11.5 ] },
						"west": { "texture": "#wood1", "uv": [ 1.0, 9.0, 2.0, 14.5 ], "rotation": 90 },
						"up": { "texture": "#wood1", "uv": [ 10.0, 6.0, 14.0, 11.5 ] },
						"down": { "texture": "#wood1", "uv": [ 0.0, 5.0, 4.0, 10.5 ] }
					}
				},
				{
					"name": "Cube8",
					"from": [ 1.0, -13.0, 7.5 ], 
					"to": [ 5.0, -1.0, 8.5 ], 
					"rotationOrigin": [ 1.0, -13.0, 8.0 ],
					"faces": {
						"north": { "texture": "#wood1", "uv": [ 2.5, 1.0, 6.5, 13.0 ] },
						"east": { "texture": "#wood1", "uv": [ 5.0, 1.0, 6.0, 13.0 ] },
						"south": { "texture": "#wood1", "uv": [ 8.0, 1.0, 12.0, 13.0 ] },
						"west": { "texture": "#wood1", "uv": [ 2.0, 0.5, 3.0, 12.5 ] },
						"up": { "texture": "#wood1", "uv": [ 6.0, 6.0, 10.0, 7.0 ] },
						"down": { "texture": "#wood1", "uv": [ 4.0, 0.5, 8.0, 1.5 ] }
					}
				},
				{
					"name": "Cube7",
					"from": [ 1.0, -14.0, 2.0 ], 
					"to": [ 5.0, -13.0, 14.0 ], 
					"rotationOrigin": [ 1.0, -14.0, 2.0 ],
					"faces": {
						"north": { "texture": "#wood1", "uv": [ 7.0, 1.0, 11.0, 2.0 ] },
						"east": { "texture": "#wood1", "uv": [ 7.0, 2.0, 8.0, 14.0 ], "rotation": 90 },
						"south": { "texture": "#wood1", "uv": [ 0.0, 8.5, 4.0, 9.5 ] },
						"west": { "texture": "#wood1", "uv": [ 12.0, 0.5, 13.0, 12.5 ], "rotation": 90 },
						"up": { "texture": "#wood1", "uv": [ 3.5, 3.5, 7.5, 15.5 ] },
						"down": { "texture": "#wood1", "uv": [ 4.5, 3.5, 8.5, 15.5 ] }
					}
				},
				{
					"name": "Cube6",
					"from": [ 1.0, -14.0, 14.0 ], 
					"to": [ 5.0, 0.0, 15.0 ], 
					"rotationOrigin": [ 1.0, -14.0, 14.0 ],
					"faces": {
						"north": { "texture": "#wood1", "uv": [ 7.0, 1.0, 11.0, 15.0 ] },
						"east": { "texture": "#wood1", "uv": [ 10.5, 1.0, 11.5, 15.0 ] },
						"south": { "texture": "#wood1", "uv": [ 6.0, 1.0, 10.0, 15.0 ] },
						"west": { "texture": "#wood1", "uv": [ 12.0, 1.0, 13.0, 15.0 ] },
						"up": { "texture": "#wood1", "uv": [ 4.0, 14.0, 8.0, 15.0 ] },
						"down": { "texture": "#wood1", "uv": [ 8.5, 3.0, 12.5, 4.0 ] }
					}
				},
				{
					"name": "Cube10",
					"from": [ 1.0, -7.5, 2.0 ], 
					"to": [ 5.0, -6.5, 7.5 ], 
					"rotationOrigin": [ 1.0, -8.0, 2.0 ],
					"faces": {
						"north": { "texture": "#wood1", "uv": [ 11.5, 2.0, 15.5, 3.0 ] },
						"east": { "texture": "#wood1", "uv": [ 12.0, 2.5, 13.0, 8.0 ], "rotation": 90 },
						"south": { "texture": "#wood1", "uv": [ 9.5, 7.5, 13.5, 8.5 ] },
						"west": { "texture": "#wood1", "uv": [ 0.0, 6.5, 1.0, 12.0 ], "rotation": 90 },
						"up": { "texture": "#wood1", "uv": [ 0.0, 6.5, 4.0, 12.0 ] },
						"down": { "texture": "#wood1", "uv": [ 1.5, 2.5, 5.5, 8.0 ] }
					}
				},
				{
					"name": "Cube30",
					"from": [ 1.0, -1.0, 2.0 ], 
					"to": [ 5.0, 0.0, 14.0 ], 
					"rotationOrigin": [ 1.0, -1.0, 2.0 ],
					"faces": {
						"north": { "texture": "#wood1", "uv": [ 4.5, 9.5, 8.5, 10.5 ] },
						"east": { "texture": "#wood1", "uv": [ 3.0, 1.5, 4.0, 13.5 ], "rotation": 90 },
						"south": { "texture": "#wood1", "uv": [ 5.5, 13.5, 9.5, 14.5 ] },
						"west": { "texture": "#wood1", "uv": [ 1.0, 2.0, 2.0, 14.0 ], "rotation": 90 },
						"up": { "texture": "#wood1", "uv": [ 0.5, 1.5, 4.5, 13.5 ] },
						"down": { "texture": "#wood1", "uv": [ 3.5, 1.5, 7.5, 13.5 ] }
					}
				},
				{
					"name": "Cube5",
					"from": [ 1.0, -14.0, 1.0 ], 
					"to": [ 5.0, 0.0, 2.0 ], 
					"rotationOrigin": [ 1.0, -14.0, 1.0 ],
					"faces": {
						"north": { "texture": "#wood1", "uv": [ 6.0, 1.0, 10.0, 15.0 ] },
						"east": { "texture": "#wood1", "uv": [ 3.0, 1.5, 4.0, 15.5 ] },
						"south": { "texture": "#wood1", "uv": [ 8.0, 1.0, 12.0, 15.0 ] },
						"west": { "texture": "#wood1", "uv": [ 7.5, 0.0, 8.5, 14.0 ] },
						"up": { "texture": "#wood1", "uv": [ 10.0, 5.0, 14.0, 6.0 ] },
						"down": { "texture": "#wood1", "uv": [ 1.0, 6.5, 5.0, 7.5 ] }
					}
				},
				{
					"name": "Cube3",
					"from": [ 0.0, -14.0, 15.0 ], 
					"to": [ 6.0, 0.0, 16.0 ], 
					"rotationOrigin": [ 0.0, -14.0, 15.0 ],
					"faces": {
						"north": { "texture": "#wood1", "uv": [ 1.5, 0.0, 7.5, 14.0 ] },
						"east": { "texture": "#wood1", "uv": [ 13.5, 1.0, 14.5, 15.0 ] },
						"south": { "texture": "#wood1", "uv": [ 0.5, 1.0, 6.5, 15.0 ] },
						"west": { "texture": "#wood1", "uv": [ 5.5, 0.5, 6.5, 14.5 ] },
						"up": { "texture": "#wood1", "uv": [ 7.5, 2.5, 13.5, 3.5 ] },
						"down": { "texture": "#wood1", "uv": [ 8.0, 9.5, 14.0, 10.5 ] }
					}
				},
				{
					"name": "Cube2",
					"from": [ 0.0, -14.0, 0.0 ], 
					"to": [ 6.0, 0.0, 1.0 ], 
					"rotationOrigin": [ 0.0, -14.0, 0.0 ],
					"faces": {
						"north": { "texture": "#wood1", "uv": [ 5.5, 1.0, 11.5, 15.0 ] },
						"east": { "texture": "#wood1", "uv": [ 5.5, 1.0, 6.5, 15.0 ] },
						"south": { "texture": "#wood1", "uv": [ 1.5, 0.5, 7.5, 14.5 ] },
						"west": { "texture": "#wood1", "uv": [ 8.0, 1.5, 9.0, 15.5 ] },
						"up": { "texture": "#wood1", "uv": [ 2.5, 4.5, 8.5, 5.5 ] },
						"down": { "texture": "#wood1", "uv": [ 3.5, 5.0, 9.5, 6.0 ] }
					}
				}
			]
		},
		{
			"name": "Window",
			"from": [ 7.0, 2.3, 2.3 ], 
			"to": [ 9.0, 7.2, 7.2 ], 
			"renderPass": 3,
			"rotationOrigin": [ 7.0, 1.5, 2.0 ],
			"faces": {
				"north": { "texture": "#glass", "uv": [ 0.0, 0.0, 2.0, 4.5 ], "enabled": false },
				"east": { "texture": "#glass", "uv": [ 3.5, 3.5, 12.5, 13.0 ], "autoUv": false },
				"south": { "texture": "#glass", "uv": [ 0.0, 0.0, 2.0, 4.5 ], "enabled": false },
				"west": { "texture": "#glass", "uv": [ 3.5, 3.5, 12.5, 13.0 ], "autoUv": false },
				"up": { "texture": "#glass", "uv": [ 0.0, 0.0, 2.0, 4.5 ], "enabled": false },
				"down": { "texture": "#glass", "uv": [ 0.0, 0.0, 2.0, 4.5 ], "enabled": false }
			},
			"children": [
				{
					"name": "Cube28",
					"from": [ 0.0, 6.5, 6.5 ], 
					"to": [ 2.0, 11.4, 11.4 ], 
					"renderPass": 3,
					"rotationOrigin": [ 0.0, 5.2, 6.7 ],
					"faces": {
						"north": { "texture": "#glass", "uv": [ 0.0, 0.0, 2.0, 4.5 ], "enabled": false },
						"east": { "texture": "#glass", "uv": [ 3.5, 3.5, 12.5, 13.0 ], "autoUv": false },
						"south": { "texture": "#glass", "uv": [ 0.0, 0.0, 2.0, 4.5 ], "enabled": false },
						"west": { "texture": "#glass", "uv": [ 3.5, 3.5, 12.5, 13.0 ], "autoUv": false },
						"up": { "texture": "#glass", "uv": [ 0.0, 0.0, 2.0, 4.5 ], "enabled": false },
						"down": { "texture": "#glass", "uv": [ 0.0, 0.0, 2.0, 4.5 ], "enabled": false }
					}
				},
				{
					"name": "window",
					"from": [ 0.0, 6.5, 0.0 ], 
					"to": [ 2.0, 11.4, 4.9 ], 
					"renderPass": 3,
					"rotationOrigin": [ 0.0, 5.2, -0.3 ],
					"faces": {
						"north": { "texture": "#glass", "uv": [ 0.0, 0.0, 2.0, 4.5 ], "enabled": false },
						"east": { "texture": "#glass", "uv": [ 3.5, 3.5, 12.5, 13.0 ], "autoUv": false },
						"south": { "texture": "#glass", "uv": [ 0.0, 0.0, 2.0, 4.5 ], "enabled": false },
						"west": { "texture": "#glass", "uv": [ 3.5, 3.5, 12.5, 13.0 ], "autoUv": false },
						"up": { "texture": "#glass", "uv": [ 0.0, 0.0, 2.0, 4.5 ], "enabled": false },
						"down": { "texture": "#glass", "uv": [ 0.0, 0.0, 2.0, 4.5 ], "enabled": false }
					}
				},
				{
					"name": "Cube29",
					"from": [ 0.0, 0.0, 6.5 ], 
					"to": [ 2.0, 4.9, 11.4 ], 
					"renderPass": 3,
					"rotationOrigin": [ 0.0, -0.8, 6.2 ],
					"faces": {
						"north": { "texture": "#glass", "uv": [ 0.0, 0.0, 2.0, 4.5 ], "enabled": false },
						"east": { "texture": "#glass", "uv": [ 3.5, 3.5, 12.5, 13.0 ], "autoUv": false },
						"south": { "texture": "#glass", "uv": [ 0.0, 0.0, 2.0, 4.5 ], "enabled": false },
						"west": { "texture": "#glass", "uv": [ 3.5, 3.5, 12.5, 13.0 ], "autoUv": false },
						"up": { "texture": "#glass", "uv": [ 0.0, 0.0, 2.0, 4.5 ], "enabled": false },
						"down": { "texture": "#glass", "uv": [ 0.0, 0.0, 2.0, 4.5 ], "enabled": false }
					}
				}
			]
		},
		{
			"name": "frame",
			"from": [ 7.0, 2.0, 2.0 ], 
			"to": [ 9.0, 2.3, 7.5 ], 
			"rotationOrigin": [ 7.0, 1.0, 2.0 ],
			"faces": {
				"north": { "texture": "#frame", "uv": [ 7.5, 6.0, 9.5, 6.5 ] },
				"east": { "texture": "#frame", "uv": [ 4.5, 6.5, 10.0, 7.0 ] },
				"south": { "texture": "#frame", "uv": [ 4.0, 0.0, 6.0, 0.5 ] },
				"west": { "texture": "#frame", "uv": [ 0.0, 4.5, 5.5, 5.0 ] },
				"up": { "texture": "#frame", "uv": [ 3.0, 9.0, 5.0, 14.5 ] },
				"down": { "texture": "#frame", "uv": [ 3.5, 6.0, 5.5, 11.5 ] }
			},
			"children": [
				{
					"name": "Cube12",
					"from": [ 0.0, 5.2, 0.0 ], 
					"to": [ 2.0, 5.5, 5.5 ], 
					"rotationOrigin": [ 0.0, 4.0, 0.0 ],
					"faces": {
						"north": { "texture": "#frame", "uv": [ 8.0, 4.0, 10.0, 4.5 ] },
						"east": { "texture": "#frame", "uv": [ 5.0, 0.0, 10.5, 0.5 ] },
						"south": { "texture": "#frame", "uv": [ 5.0, 6.0, 7.0, 6.5 ] },
						"west": { "texture": "#frame", "uv": [ 4.0, 0.5, 9.5, 1.0 ] },
						"up": { "texture": "#frame", "uv": [ 10.5, 8.0, 12.5, 13.5 ] },
						"down": { "texture": "#frame", "uv": [ 10.5, 8.0, 12.5, 13.5 ] }
					}
				},
				{
					"name": "Cube13",
					"from": [ 0.0, 0.3, 0.0 ], 
					"to": [ 2.0, 5.5, 0.3 ], 
					"rotationOrigin": [ 0.0, -1.0, 0.0 ],
					"faces": {
						"north": { "texture": "#frame", "uv": [ 12.0, 6.5, 14.0, 11.5 ] },
						"east": { "texture": "#frame", "uv": [ 2.5, 7.0, 3.0, 12.0 ] },
						"south": { "texture": "#frame", "uv": [ 13.5, 3.0, 15.5, 8.0 ] },
						"west": { "texture": "#frame", "uv": [ 2.0, 1.5, 2.5, 6.5 ] },
						"up": { "texture": "#frame", "uv": [ 1.0, 5.0, 3.0, 5.5 ] },
						"down": { "texture": "#frame", "uv": [ 12.0, 8.0, 14.0, 8.5 ] }
					}
				},
				{
					"name": "Cube14",
					"from": [ 0.0, 0.3, 5.2 ], 
					"to": [ 2.0, 5.5, 5.5 ], 
					"rotationOrigin": [ 0.0, -1.0, 5.0 ],
					"faces": {
						"north": { "texture": "#frame", "uv": [ 0.0, 6.0, 2.0, 11.0 ] },
						"east": { "texture": "#frame", "uv": [ 4.5, 10.0, 5.0, 15.0 ] },
						"south": { "texture": "#frame", "uv": [ 9.0, 7.0, 11.0, 12.0 ] },
						"west": { "texture": "#frame", "uv": [ 3.5, 3.0, 4.0, 8.0 ] },
						"up": { "texture": "#frame", "uv": [ 10.5, 13.5, 12.5, 14.0 ] },
						"down": { "texture": "#frame", "uv": [ 7.0, 10.5, 9.0, 11.0 ] }
					}
				},
				{
					"name": "Cube15",
					"from": [ 0.0, 6.5, 0.0 ], 
					"to": [ 2.0, 6.8, 5.5 ], 
					"rotationOrigin": [ 0.0, 6.0, 0.0 ],
					"faces": {
						"north": { "texture": "#frame", "uv": [ 12.0, 13.0, 14.0, 13.5 ] },
						"east": { "texture": "#frame", "uv": [ 1.0, 1.5, 6.5, 2.0 ] },
						"south": { "texture": "#frame", "uv": [ 5.5, 5.0, 7.5, 5.5 ] },
						"west": { "texture": "#frame", "uv": [ 4.0, 3.5, 9.5, 4.0 ] },
						"up": { "texture": "#frame", "uv": [ 2.0, 5.0, 4.0, 10.5 ] },
						"down": { "texture": "#frame", "uv": [ 7.0, 1.5, 9.0, 7.0 ] }
					},
					"children": [
						{
							"name": "Cube15",
							"from": [ 0.0, 5.2, 0.0 ], 
							"to": [ 2.0, 5.5, 5.5 ], 
							"rotationOrigin": [ 0.0, 4.0, 0.0 ],
							"faces": {
								"north": { "texture": "#frame", "uv": [ 0.5, 15.0, 2.5, 15.5 ] },
								"east": { "texture": "#frame", "uv": [ 5.5, 9.5, 11.0, 10.0 ] },
								"south": { "texture": "#frame", "uv": [ 1.5, 2.5, 3.5, 3.0 ] },
								"west": { "texture": "#frame", "uv": [ 0.0, 3.5, 5.5, 4.0 ] },
								"up": { "texture": "#frame", "uv": [ 12.0, 7.0, 14.0, 12.5 ] },
								"down": { "texture": "#frame", "uv": [ 7.5, 7.0, 9.5, 12.5 ] }
							}
						},
						{
							"name": "Cube16",
							"from": [ 0.0, 0.3, 0.0 ], 
							"to": [ 2.0, 5.5, 0.3 ], 
							"rotationOrigin": [ 0.0, -1.0, 0.0 ],
							"faces": {
								"north": { "texture": "#frame", "uv": [ 4.5, 6.0, 6.5, 11.0 ] },
								"east": { "texture": "#frame", "uv": [ 1.0, 1.0, 1.5, 6.0 ] },
								"south": { "texture": "#frame", "uv": [ 10.5, 2.5, 12.5, 7.5 ] },
								"west": { "texture": "#frame", "uv": [ 11.5, 9.5, 12.0, 14.5 ] },
								"up": { "texture": "#frame", "uv": [ 3.0, 10.5, 5.0, 11.0 ] },
								"down": { "texture": "#frame", "uv": [ 2.0, 8.5, 4.0, 9.0 ] }
							}
						},
						{
							"name": "Cube17",
							"from": [ 0.0, 0.3, 5.2 ], 
							"to": [ 2.0, 5.5, 5.5 ], 
							"rotationOrigin": [ 0.0, -1.0, 5.0 ],
							"faces": {
								"north": { "texture": "#frame", "uv": [ 7.0, 3.0, 9.0, 8.0 ] },
								"east": { "texture": "#frame", "uv": [ 8.5, 0.0, 9.0, 5.0 ] },
								"south": { "texture": "#frame", "uv": [ 6.0, 1.5, 8.0, 6.5 ] },
								"west": { "texture": "#frame", "uv": [ 14.0, 5.5, 14.5, 10.5 ] },
								"up": { "texture": "#frame", "uv": [ 9.5, 13.5, 11.5, 14.0 ] },
								"down": { "texture": "#frame", "uv": [ 0.0, 7.5, 2.0, 8.0 ] }
							}
						}
					]
				},
				{
					"name": "Cube18",
					"from": [ 0.0, 0.0, 6.5 ], 
					"to": [ 2.0, 0.3, 12.0 ], 
					"rotationOrigin": [ 0.0, -1.0, 7.0 ],
					"faces": {
						"north": { "texture": "#frame", "uv": [ 11.5, 13.0, 13.5, 13.5 ] },
						"east": { "texture": "#frame", "uv": [ 3.0, 11.5, 8.5, 12.0 ] },
						"south": { "texture": "#frame", "uv": [ 9.0, 3.5, 11.0, 4.0 ] },
						"west": { "texture": "#frame", "uv": [ 1.0, 9.5, 6.5, 10.0 ] },
						"up": { "texture": "#frame", "uv": [ 2.0, 3.0, 4.0, 8.5 ] },
						"down": { "texture": "#frame", "uv": [ 6.0, 4.5, 8.0, 10.0 ] }
					},
					"children": [
						{
							"name": "Cube19",
							"from": [ 0.0, 5.2, 0.0 ], 
							"to": [ 2.0, 5.5, 5.5 ], 
							"rotationOrigin": [ 0.0, 4.0, 0.0 ],
							"faces": {
								"north": { "texture": "#frame", "uv": [ 0.0, 5.5, 2.0, 6.0 ] },
								"east": { "texture": "#frame", "uv": [ 2.5, 9.5, 8.0, 10.0 ] },
								"south": { "texture": "#frame", "uv": [ 0.0, 8.5, 2.0, 9.0 ] },
								"west": { "texture": "#frame", "uv": [ 10.0, 8.0, 15.5, 8.5 ] },
								"up": { "texture": "#frame", "uv": [ 10.0, 7.0, 12.0, 12.5 ] },
								"down": { "texture": "#frame", "uv": [ 0.0, 6.5, 2.0, 12.0 ] }
							}
						},
						{
							"name": "Cube20",
							"from": [ 0.0, 0.3, 0.0 ], 
							"to": [ 2.0, 5.5, 0.3 ], 
							"rotationOrigin": [ 0.0, -1.0, 0.0 ],
							"faces": {
								"north": { "texture": "#frame", "uv": [ 5.5, 9.0, 7.5, 14.0 ] },
								"east": { "texture": "#frame", "uv": [ 4.0, 3.5, 4.5, 8.5 ] },
								"south": { "texture": "#frame", "uv": [ 7.5, 8.5, 9.5, 13.5 ] },
								"west": { "texture": "#frame", "uv": [ 8.0, 6.5, 8.5, 11.5 ] },
								"up": { "texture": "#frame", "uv": [ 9.0, 0.0, 11.0, 0.5 ] },
								"down": { "texture": "#frame", "uv": [ 13.5, 3.5, 15.5, 4.0 ] }
							}
						},
						{
							"name": "Cube21",
							"from": [ 0.0, 0.3, 5.2 ], 
							"to": [ 2.0, 5.5, 5.5 ], 
							"rotationOrigin": [ 0.0, -1.0, 5.0 ],
							"faces": {
								"north": { "texture": "#frame", "uv": [ 3.0, 9.0, 5.0, 14.0 ] },
								"east": { "texture": "#frame", "uv": [ 6.0, 10.0, 6.5, 15.0 ] },
								"south": { "texture": "#frame", "uv": [ 9.5, 7.5, 11.5, 12.5 ] },
								"west": { "texture": "#frame", "uv": [ 3.0, 6.5, 3.5, 11.5 ] },
								"up": { "texture": "#frame", "uv": [ 8.5, 1.0, 10.5, 1.5 ] },
								"down": { "texture": "#frame", "uv": [ 13.0, 15.0, 15.0, 15.5 ] }
							}
						},
						{
							"name": "Cube22",
							"from": [ 0.0, 6.5, 0.0 ], 
							"to": [ 2.0, 6.8, 5.5 ], 
							"rotationOrigin": [ 0.0, 6.0, 0.0 ],
							"faces": {
								"north": { "texture": "#frame", "uv": [ 6.0, 12.5, 8.0, 13.0 ] },
								"east": { "texture": "#frame", "uv": [ 8.0, 1.5, 13.5, 2.0 ] },
								"south": { "texture": "#frame", "uv": [ 13.0, 13.0, 15.0, 13.5 ] },
								"west": { "texture": "#frame", "uv": [ 4.5, 10.0, 10.0, 10.5 ] },
								"up": { "texture": "#frame", "uv": [ 10.5, 4.5, 12.5, 10.0 ] },
								"down": { "texture": "#frame", "uv": [ 10.0, 5.5, 12.0, 11.0 ] }
							},
							"children": [
								{
									"name": "Cube23",
									"from": [ 0.0, 5.2, 0.0 ], 
									"to": [ 2.0, 5.5, 5.5 ], 
									"rotationOrigin": [ 0.0, 4.0, 0.0 ],
									"faces": {
										"north": { "texture": "#frame", "uv": [ 11.0, 15.0, 13.0, 15.5 ] },
										"east": { "texture": "#frame", "uv": [ 1.5, 5.5, 7.0, 6.0 ] },
										"south": { "texture": "#frame", "uv": [ 11.0, 6.0, 13.0, 6.5 ] },
										"west": { "texture": "#frame", "uv": [ 0.5, 2.0, 6.0, 2.5 ] },
										"up": { "texture": "#frame", "uv": [ 4.0, 6.0, 6.0, 11.5 ] },
										"down": { "texture": "#frame", "uv": [ 9.5, 0.0, 11.5, 5.5 ] }
									}
								},
								{
									"name": "Cube24",
									"from": [ 0.0, 0.3, 0.0 ], 
									"to": [ 2.0, 5.5, 0.3 ], 
									"rotationOrigin": [ 0.0, -1.0, 0.0 ],
									"faces": {
										"north": { "texture": "#frame", "uv": [ 12.0, 1.5, 14.0, 6.5 ] },
										"east": { "texture": "#frame", "uv": [ 3.5, 8.0, 4.0, 13.0 ] },
										"south": { "texture": "#frame", "uv": [ 0.0, 3.5, 2.0, 8.5 ] },
										"west": { "texture": "#frame", "uv": [ 13.0, 4.0, 13.5, 9.0 ] },
										"up": { "texture": "#frame", "uv": [ 12.0, 10.0, 14.0, 10.5 ] },
										"down": { "texture": "#frame", "uv": [ 0.0, 1.5, 2.0, 2.0 ] }
									}
								},
								{
									"name": "Cube25",
									"from": [ 0.0, 0.3, 5.2 ], 
									"to": [ 2.0, 5.5, 5.5 ], 
									"rotationOrigin": [ 0.0, -1.0, 5.0 ],
									"faces": {
										"north": { "texture": "#frame", "uv": [ 2.0, 4.5, 4.0, 9.5 ] },
										"east": { "texture": "#frame", "uv": [ 13.5, 10.0, 14.0, 15.0 ] },
										"south": { "texture": "#frame", "uv": [ 1.5, 7.5, 3.5, 12.5 ] },
										"west": { "texture": "#frame", "uv": [ 9.0, 9.0, 9.5, 14.0 ] },
										"up": { "texture": "#frame", "uv": [ 13.0, 8.5, 15.0, 9.0 ] },
										"down": { "texture": "#frame", "uv": [ 9.5, 12.5, 11.5, 13.0 ] }
									}
								}
							]
						}
					]
				}
			]
		}
	]}