{
	"editor": {
		"allAngles": false,
		"entityTextureMode": false
	},
	"textureWidth": 16,
	"textureHeight": 16,

	"elements": [
		{
			"name": "i_r_w_w",
			"from": [ 5.0, 15.0, 0.0 ], 
			"to": [ 11.0, 16.0, 16.0 ], 
			"rotationOrigin": [ 5.0, 15.0, 0.0 ],
			"faces": {
				"north": { "texture": "#wood1", "uv": [ 5.5, 10.0, 11.5, 11.0 ] },
				"east": { "texture": "#wood1", "uv": [ 5.0, 0.0, 6.0, 16.0 ], "rotation": 90 },
				"south": { "texture": "#wood1", "uv": [ 6.5, 7.0, 12.5, 8.0 ] },
				"west": { "texture": "#wood1", "uv": [ 9.0, 0.0, 10.0, 16.0 ], "rotation": 90 },
				"up": { "texture": "#wood1", "uv": [ 4.0, 0.0, 10.0, 16.0 ] },
				"down": { "texture": "#wood1", "uv": [ 5.0, 0.0, 11.0, 16.0 ] }
			},
			"children": [
				{
					"name": "b_r_w_w",
					"from": [ 0.0, -15.0, 0.0 ], 
					"to": [ 6.0, -14.0, 16.0 ], 
					"rotationOrigin": [ 0.0, -15.0, 0.0 ],
					"faces": {
						"north": { "texture": "#wood1", "uv": [ 5.5, 10.5, 11.5, 11.5 ] },
						"east": { "texture": "#wood1", "uv": [ 0.5, 0.0, 1.5, 16.0 ], "rotation": 90 },
						"south": { "texture": "#wood1", "uv": [ 1.5, 13.0, 7.5, 14.0 ] },
						"west": { "texture": "#wood1", "uv": [ 6.0, 0.0, 7.0, 16.0 ], "rotation": 90 },
						"up": { "texture": "#wood1", "uv": [ 1.5, 0.0, 7.5, 16.0 ] },
						"down": { "texture": "#wood1", "uv": [ 9.0, 0.0, 15.0, 16.0 ] }
					}
				},
				{
					"name": "Cube7",
					"from": [ 1.0, -14.0, 2.0 ], 
					"to": [ 5.0, -13.0, 14.0 ], 
					"rotationOrigin": [ 1.0, -14.0, 2.0 ],
					"faces": {
						"north": { "texture": "#wood1", "uv": [ 3.0, 1.5, 7.0, 2.5 ] },
						"east": { "texture": "#wood1", "uv": [ 8.0, 0.5, 9.0, 12.5 ], "rotation": 90 },
						"south": { "texture": "#wood1", "uv": [ 4.5, 0.5, 8.5, 1.5 ] },
						"west": { "texture": "#wood1", "uv": [ 9.5, 1.5, 10.5, 13.5 ], "rotation": 90 },
						"up": { "texture": "#wood1", "uv": [ 3.5, 2.0, 7.5, 14.0 ] },
						"down": { "texture": "#wood1", "uv": [ 8.5, 0.5, 12.5, 12.5 ] }
					}
				},
				{
					"name": "Cube6",
					"from": [ 1.0, -14.0, 14.0 ], 
					"to": [ 5.0, 0.0, 15.0 ], 
					"rotationOrigin": [ 1.0, -14.0, 14.0 ],
					"faces": {
						"north": { "texture": "#wood1", "uv": [ 9.5, 0.5, 13.5, 14.5 ] },
						"east": { "texture": "#wood1", "uv": [ 5.5, 0.0, 6.5, 14.0 ] },
						"south": { "texture": "#wood1", "uv": [ 11.5, 0.0, 15.5, 14.0 ] },
						"west": { "texture": "#wood1", "uv": [ 9.5, 0.5, 10.5, 14.5 ] },
						"up": { "texture": "#wood1", "uv": [ 5.0, 10.5, 9.0, 11.5 ] },
						"down": { "texture": "#wood1", "uv": [ 6.0, 13.5, 10.0, 14.5 ] }
					}
				},
				{
					"name": "Cube30",
					"from": [ 1.0, -1.0, 2.0 ], 
					"to": [ 5.0, 0.0, 14.0 ], 
					"rotationOrigin": [ 1.0, -1.0, 2.0 ],
					"faces": {
						"north": { "texture": "#wood1", "uv": [ 9.0, 6.5, 13.0, 7.5 ] },
						"east": { "texture": "#wood1", "uv": [ 0.0, 3.0, 1.0, 15.0 ], "rotation": 90 },
						"south": { "texture": "#wood1", "uv": [ 0.5, 8.0, 4.5, 9.0 ] },
						"west": { "texture": "#wood1", "uv": [ 9.0, 1.0, 10.0, 13.0 ], "rotation": 90 },
						"up": { "texture": "#wood1", "uv": [ 6.0, 2.5, 10.0, 14.5 ] },
						"down": { "texture": "#wood1", "uv": [ 0.5, 1.5, 4.5, 13.5 ] }
					}
				},
				{
					"name": "Cube5",
					"from": [ 1.0, -14.0, 1.0 ], 
					"to": [ 5.0, 0.0, 2.0 ], 
					"rotationOrigin": [ 1.0, -14.0, 1.0 ],
					"faces": {
						"north": { "texture": "#wood1", "uv": [ 9.0, 0.0, 13.0, 14.0 ] },
						"east": { "texture": "#wood1", "uv": [ 9.0, 1.0, 10.0, 15.0 ] },
						"south": { "texture": "#wood1", "uv": [ 7.0, 1.0, 11.0, 15.0 ] },
						"west": { "texture": "#wood1", "uv": [ 9.5, 0.0, 10.5, 14.0 ] },
						"up": { "texture": "#wood1", "uv": [ 5.5, 5.0, 9.5, 6.0 ] },
						"down": { "texture": "#wood1", "uv": [ 8.0, 7.5, 12.0, 8.5 ] }
					}
				},
				{
					"name": "Cube3",
					"from": [ 0.0, -14.0, 15.0 ], 
					"to": [ 6.0, 0.0, 16.0 ], 
					"rotationOrigin": [ 0.0, -14.0, 15.0 ],
					"faces": {
						"north": { "texture": "#wood1", "uv": [ 5.5, 0.0, 11.5, 14.0 ] },
						"east": { "texture": "#wood1", "uv": [ 10.0, 0.0, 11.0, 14.0 ] },
						"south": { "texture": "#wood1", "uv": [ 1.5, 0.5, 7.5, 14.5 ] },
						"west": { "texture": "#wood1", "uv": [ 9.0, 1.0, 10.0, 15.0 ] },
						"up": { "texture": "#wood1", "uv": [ 1.5, 5.0, 7.5, 6.0 ] },
						"down": { "texture": "#wood1", "uv": [ 1.5, 3.5, 7.5, 4.5 ] }
					}
				},
				{
					"name": "Cube2",
					"from": [ 0.0, -14.0, 0.0 ], 
					"to": [ 6.0, 0.0, 1.0 ], 
					"rotationOrigin": [ 0.0, -14.0, 0.0 ],
					"faces": {
						"north": { "texture": "#wood1", "uv": [ 3.5, 1.0, 9.5, 15.0 ] },
						"east": { "texture": "#wood1", "uv": [ 5.5, 1.5, 6.5, 15.5 ] },
						"south": { "texture": "#wood1", "uv": [ 5.0, 0.5, 11.0, 14.5 ] },
						"west": { "texture": "#wood1", "uv": [ 13.5, 0.0, 14.5, 14.0 ] },
						"up": { "texture": "#wood1", "uv": [ 7.0, 13.0, 13.0, 14.0 ] },
						"down": { "texture": "#wood1", "uv": [ 6.0, 11.0, 12.0, 12.0 ] }
					}
				},
				{
					"name": "Cube26",
					"from": [ 5.0, -1.0, 2.0 ], 
					"to": [ 9.0, -0.5, 6.5 ], 
					"rotationOrigin": [ 5.0, -1.0, 2.0 ],
					"rotationZ": -180.0,
					"faces": {
						"north": { "texture": "#wood1", "uv": [ 3.0, 1.5, 7.0, 2.0 ] },
						"east": { "texture": "#wood1", "uv": [ 8.0, 0.5, 8.5, 5.0 ], "rotation": 90 },
						"south": { "texture": "#wood1", "uv": [ 4.5, 0.5, 8.5, 1.0 ] },
						"west": { "texture": "#wood1", "uv": [ 12.5, 1.5, 13.0, 6.0 ], "rotation": 90 },
						"up": { "texture": "#wood1", "uv": [ 3.5, 2.0, 7.5, 6.5 ] },
						"down": { "texture": "#wood1", "uv": [ 8.5, 0.5, 12.5, 5.0 ] }
					},
					"children": [
						{
							"name": "Cube27",
							"from": [ 0.0, 0.5, 0.0 ], 
							"to": [ 4.0, 1.0, 3.0 ], 
							"faces": {
								"north": { "texture": "#wood1", "uv": [ 3.0, 1.5, 7.0, 2.0 ] },
								"east": { "texture": "#wood1", "uv": [ 6.0, 3.5, 6.5, 6.5 ], "rotation": 90 },
								"south": { "texture": "#wood1", "uv": [ 4.5, 0.5, 8.5, 1.0 ] },
								"west": { "texture": "#wood1", "uv": [ 12.5, 1.5, 13.0, 4.5 ], "rotation": 90 },
								"up": { "texture": "#wood1", "uv": [ 3.5, 2.0, 7.5, 5.0 ] },
								"down": { "texture": "#wood1", "uv": [ 8.5, 0.5, 12.5, 3.5 ] }
							}
						},
						{
							"name": "Cube28",
							"from": [ 0.0, 1.0, 0.0 ], 
							"to": [ 4.0, 1.5, 2.5 ], 
							"rotationOrigin": [ 0.0, 1.0, 0.0 ],
							"faces": {
								"north": { "texture": "#wood1", "uv": [ 3.0, 1.5, 7.0, 2.0 ] },
								"east": { "texture": "#wood1", "uv": [ 5.5, 3.0, 6.0, 5.5 ], "rotation": 90 },
								"south": { "texture": "#wood1", "uv": [ 4.5, 0.5, 8.5, 1.0 ] },
								"west": { "texture": "#wood1", "uv": [ 12.5, 1.5, 13.0, 4.0 ], "rotation": 90 },
								"up": { "texture": "#wood1", "uv": [ 3.5, 2.0, 7.5, 4.5 ] },
								"down": { "texture": "#wood1", "uv": [ 8.5, 0.5, 12.5, 3.0 ] }
							}
						},
						{
							"name": "Cube29",
							"from": [ 0.0, 1.5, 0.0 ], 
							"to": [ 4.0, 2.5, 1.5 ], 
							"rotationOrigin": [ 0.0, 1.0, 0.0 ],
							"faces": {
								"north": { "texture": "#wood1", "uv": [ 3.0, 1.5, 7.0, 2.5 ] },
								"east": { "texture": "#wood1", "uv": [ 5.5, 4.0, 6.5, 5.5 ], "rotation": 90 },
								"south": { "texture": "#wood1", "uv": [ 4.5, 0.5, 8.5, 1.5 ] },
								"west": { "texture": "#wood1", "uv": [ 12.5, 1.5, 13.5, 3.0 ], "rotation": 90 },
								"up": { "texture": "#wood1", "uv": [ 3.5, 2.0, 7.5, 3.5 ] },
								"down": { "texture": "#wood1", "uv": [ 8.5, 0.5, 12.5, 2.0 ] }
							}
						},
						{
							"name": "Cube31",
							"from": [ 0.0, 2.5, 0.0 ], 
							"to": [ 4.0, 3.0, 1.0 ], 
							"rotationOrigin": [ 0.0, 1.0, 0.0 ],
							"faces": {
								"north": { "texture": "#wood1", "uv": [ 3.0, 1.5, 7.0, 2.0 ] },
								"east": { "texture": "#wood1", "uv": [ 8.0, 0.5, 8.5, 1.5 ], "rotation": 90 },
								"south": { "texture": "#wood1", "uv": [ 4.5, 0.5, 8.5, 1.0 ] },
								"west": { "texture": "#wood1", "uv": [ 12.5, 1.5, 13.0, 2.5 ], "rotation": 90 },
								"up": { "texture": "#wood1", "uv": [ 3.5, 2.0, 7.5, 3.0 ] },
								"down": { "texture": "#wood1", "uv": [ 8.5, 0.5, 12.5, 1.5 ] }
							}
						},
						{
							"name": "Cube31",
							"from": [ 0.0, 3.0, 0.0 ], 
							"to": [ 4.0, 4.5, 0.5 ], 
							"rotationOrigin": [ 0.0, 1.0, 0.0 ],
							"faces": {
								"north": { "texture": "#wood1", "uv": [ 3.0, 1.5, 7.0, 3.0 ] },
								"east": { "texture": "#wood1", "uv": [ 4.5, 4.0, 6.0, 4.5 ], "rotation": 90 },
								"south": { "texture": "#wood1", "uv": [ 4.5, 0.5, 8.5, 2.0 ] },
								"west": { "texture": "#wood1", "uv": [ 12.5, 1.5, 14.0, 2.0 ], "rotation": 90 },
								"up": { "texture": "#wood1", "uv": [ 3.5, 2.0, 7.5, 2.5 ] },
								"down": { "texture": "#wood1", "uv": [ 8.5, 0.5, 12.5, 1.0 ] }
							}
						},
						{
							"name": "Cube32",
							"from": [ 4.0, 0.0, 12.0 ], 
							"to": [ 8.0, 0.5, 16.5 ], 
							"rotationOrigin": [ 4.0, 0.0, 12.0 ],
							"rotationX": -179.99999011687993,
							"rotationY": 5.008955855952477E-6,
							"rotationZ": -179.99999011687993,
							"faces": {
								"north": { "texture": "#wood1", "uv": [ 3.0, 1.5, 7.0, 2.0 ] },
								"east": { "texture": "#wood1", "uv": [ 8.5, 0.0, 9.0, 4.5 ], "rotation": 90 },
								"south": { "texture": "#wood1", "uv": [ 4.5, 0.5, 8.5, 1.0 ] },
								"west": { "texture": "#wood1", "uv": [ 6.0, 4.0, 6.5, 8.5 ], "rotation": 90 },
								"up": { "texture": "#wood1", "uv": [ 3.5, 2.0, 7.5, 6.5 ] },
								"down": { "texture": "#wood1", "uv": [ 8.5, 0.5, 12.5, 5.0 ] }
							},
							"children": [
								{
									"name": "Cube33",
									"from": [ 0.0, 0.5, 0.0 ], 
									"to": [ 4.0, 1.0, 3.0 ], 
									"faces": {
										"north": { "texture": "#wood1", "uv": [ 3.0, 1.5, 7.0, 2.0 ] },
										"east": { "texture": "#wood1", "uv": [ 8.0, 0.5, 8.5, 3.5 ], "rotation": 90 },
										"south": { "texture": "#wood1", "uv": [ 4.5, 0.5, 8.5, 1.0 ] },
										"west": { "texture": "#wood1", "uv": [ 12.5, 1.5, 13.0, 4.5 ], "rotation": 90 },
										"up": { "texture": "#wood1", "uv": [ 3.5, 2.0, 7.5, 5.0 ] },
										"down": { "texture": "#wood1", "uv": [ 8.5, 0.5, 12.5, 3.5 ] }
									}
								},
								{
									"name": "Cube34",
									"from": [ 0.0, 1.0, 0.0 ], 
									"to": [ 4.0, 1.5, 2.5 ], 
									"rotationOrigin": [ 0.0, 1.0, 0.0 ],
									"faces": {
										"north": { "texture": "#wood1", "uv": [ 3.0, 1.5, 7.0, 2.0 ] },
										"east": { "texture": "#wood1", "uv": [ 8.0, 0.5, 8.5, 3.0 ], "rotation": 90 },
										"south": { "texture": "#wood1", "uv": [ 4.5, 0.5, 8.5, 1.0 ] },
										"west": { "texture": "#wood1", "uv": [ 12.5, 1.5, 13.0, 4.0 ], "rotation": 90 },
										"up": { "texture": "#wood1", "uv": [ 3.5, 2.0, 7.5, 4.5 ] },
										"down": { "texture": "#wood1", "uv": [ 8.5, 0.5, 12.5, 3.0 ] }
									}
								},
								{
									"name": "Cube35",
									"from": [ 0.0, 1.5, 0.0 ], 
									"to": [ 4.0, 2.5, 1.5 ], 
									"rotationOrigin": [ 0.0, 1.0, 0.0 ],
									"faces": {
										"north": { "texture": "#wood1", "uv": [ 3.0, 1.5, 7.0, 2.5 ] },
										"east": { "texture": "#wood1", "uv": [ 8.0, 0.5, 9.0, 2.0 ], "rotation": 90 },
										"south": { "texture": "#wood1", "uv": [ 4.5, 0.5, 8.5, 1.5 ] },
										"west": { "texture": "#wood1", "uv": [ 12.5, 1.5, 13.5, 3.0 ], "rotation": 90 },
										"up": { "texture": "#wood1", "uv": [ 3.5, 2.0, 7.5, 3.5 ] },
										"down": { "texture": "#wood1", "uv": [ 8.5, 0.5, 12.5, 2.0 ] }
									}
								},
								{
									"name": "Cube36",
									"from": [ 0.0, 2.5, 0.0 ], 
									"to": [ 4.0, 3.0, 1.0 ], 
									"rotationOrigin": [ 0.0, 1.0, 0.0 ],
									"faces": {
										"north": { "texture": "#wood1", "uv": [ 3.0, 1.5, 7.0, 2.0 ] },
										"east": { "texture": "#wood1", "uv": [ 8.0, 0.5, 8.5, 1.5 ], "rotation": 90 },
										"south": { "texture": "#wood1", "uv": [ 4.5, 0.5, 8.5, 1.0 ] },
										"west": { "texture": "#wood1", "uv": [ 12.5, 1.5, 13.0, 2.5 ], "rotation": 90 },
										"up": { "texture": "#wood1", "uv": [ 3.5, 2.0, 7.5, 3.0 ] },
										"down": { "texture": "#wood1", "uv": [ 8.5, 0.5, 12.5, 1.5 ] }
									}
								},
								{
									"name": "Cube37",
									"from": [ 0.0, 3.0, 0.0 ], 
									"to": [ 4.0, 4.5, 0.5 ], 
									"rotationOrigin": [ 0.0, 1.0, 0.0 ],
									"faces": {
										"north": { "texture": "#wood1", "uv": [ 3.0, 1.5, 7.0, 3.0 ] },
										"east": { "texture": "#wood1", "uv": [ 8.0, 0.5, 9.5, 1.0 ], "rotation": 90 },
										"south": { "texture": "#wood1", "uv": [ 4.5, 0.5, 8.5, 2.0 ] },
										"west": { "texture": "#wood1", "uv": [ 12.5, 1.5, 14.0, 2.0 ], "rotation": 90 },
										"up": { "texture": "#wood1", "uv": [ 3.5, 2.0, 7.5, 2.5 ] },
										"down": { "texture": "#wood1", "uv": [ 8.5, 0.5, 12.5, 1.0 ] }
									}
								}
							]
						},
						{
							"name": "Cube15",
							"from": [ 4.0, 12.0, 0.0 ], 
							"to": [ 8.0, 12.5, 4.5 ], 
							"rotationOrigin": [ 4.0, 12.0, 0.0 ],
							"rotationZ": -179.9999851079241,
							"faces": {
								"north": { "texture": "#wood1", "uv": [ 3.5, 4.0, 7.5, 4.5 ] },
								"east": { "texture": "#wood1", "uv": [ 9.5, 2.0, 10.0, 6.5 ], "rotation": 90 },
								"south": { "texture": "#wood1", "uv": [ 4.5, 0.5, 8.5, 1.0 ] },
								"west": { "texture": "#wood1", "uv": [ 5.5, 6.0, 6.0, 10.5 ], "rotation": 90 },
								"up": { "texture": "#wood1", "uv": [ 6.5, 2.5, 10.5, 7.0 ] },
								"down": { "texture": "#wood1", "uv": [ 5.0, 4.0, 9.0, 8.5 ] }
							},
							"children": [
								{
									"name": "Cube16",
									"from": [ 0.0, 0.5, 0.0 ], 
									"to": [ 4.0, 1.0, 3.0 ], 
									"faces": {
										"north": { "texture": "#wood1", "uv": [ 3.0, 1.5, 7.0, 2.0 ] },
										"east": { "texture": "#wood1", "uv": [ 8.0, 0.5, 8.5, 3.5 ], "rotation": 90 },
										"south": { "texture": "#wood1", "uv": [ 4.5, 0.5, 8.5, 1.0 ] },
										"west": { "texture": "#wood1", "uv": [ 12.5, 1.5, 13.0, 4.5 ], "rotation": 90 },
										"up": { "texture": "#wood1", "uv": [ 3.5, 2.0, 7.5, 5.0 ] },
										"down": { "texture": "#wood1", "uv": [ 8.5, 0.5, 12.5, 3.5 ] }
									}
								},
								{
									"name": "Cube17",
									"from": [ 0.0, 1.0, 0.0 ], 
									"to": [ 4.0, 1.5, 2.5 ], 
									"rotationOrigin": [ 0.0, 1.0, 0.0 ],
									"faces": {
										"north": { "texture": "#wood1", "uv": [ 3.0, 1.5, 7.0, 2.0 ] },
										"east": { "texture": "#wood1", "uv": [ 8.0, 0.5, 8.5, 3.0 ], "rotation": 90 },
										"south": { "texture": "#wood1", "uv": [ 4.5, 0.5, 8.5, 1.0 ] },
										"west": { "texture": "#wood1", "uv": [ 12.5, 1.5, 13.0, 4.0 ], "rotation": 90 },
										"up": { "texture": "#wood1", "uv": [ 3.5, 2.0, 7.5, 4.5 ] },
										"down": { "texture": "#wood1", "uv": [ 8.5, 0.5, 12.5, 3.0 ] }
									}
								},
								{
									"name": "Cube18",
									"from": [ 0.0, 1.5, 0.0 ], 
									"to": [ 4.0, 2.5, 1.5 ], 
									"rotationOrigin": [ 0.0, 1.0, 0.0 ],
									"faces": {
										"north": { "texture": "#wood1", "uv": [ 3.0, 1.5, 7.0, 2.5 ] },
										"east": { "texture": "#wood1", "uv": [ 10.5, 1.0, 11.5, 2.5 ], "rotation": 90 },
										"south": { "texture": "#wood1", "uv": [ 4.5, 0.5, 8.5, 1.5 ] },
										"west": { "texture": "#wood1", "uv": [ 11.5, 1.0, 12.5, 2.5 ], "rotation": 90 },
										"up": { "texture": "#wood1", "uv": [ 3.5, 2.0, 7.5, 3.5 ] },
										"down": { "texture": "#wood1", "uv": [ 8.5, 0.5, 12.5, 2.0 ] }
									}
								},
								{
									"name": "Cube19",
									"from": [ 0.0, 2.5, 0.0 ], 
									"to": [ 4.0, 3.0, 1.0 ], 
									"rotationOrigin": [ 0.0, 1.0, 0.0 ],
									"faces": {
										"north": { "texture": "#wood1", "uv": [ 3.0, 1.5, 7.0, 2.0 ] },
										"east": { "texture": "#wood1", "uv": [ 8.0, 0.5, 8.5, 1.5 ], "rotation": 90 },
										"south": { "texture": "#wood1", "uv": [ 4.5, 0.5, 8.5, 1.0 ] },
										"west": { "texture": "#wood1", "uv": [ 12.5, 1.5, 13.0, 2.5 ], "rotation": 90 },
										"up": { "texture": "#wood1", "uv": [ 3.5, 2.0, 7.5, 3.0 ] },
										"down": { "texture": "#wood1", "uv": [ 8.5, 0.5, 12.5, 1.5 ] }
									}
								},
								{
									"name": "Cube20",
									"from": [ 0.0, 3.0, 0.0 ], 
									"to": [ 4.0, 4.5, 0.5 ], 
									"rotationOrigin": [ 0.0, 1.0, 0.0 ],
									"faces": {
										"north": { "texture": "#wood1", "uv": [ 3.0, 1.5, 7.0, 3.0 ] },
										"east": { "texture": "#wood1", "uv": [ 11.0, 1.5, 12.5, 2.0 ], "rotation": 90 },
										"south": { "texture": "#wood1", "uv": [ 4.5, 0.5, 8.5, 2.0 ] },
										"west": { "texture": "#wood1", "uv": [ 12.5, 1.5, 14.0, 2.0 ], "rotation": 90 },
										"up": { "texture": "#wood1", "uv": [ 3.5, 2.0, 7.5, 2.5 ] },
										"down": { "texture": "#wood1", "uv": [ 8.5, 0.5, 12.5, 1.0 ] }
									}
								},
								{
									"name": "Cube21",
									"from": [ 4.0, 0.0, 12.0 ], 
									"to": [ 8.0, 0.5, 16.5 ], 
									"rotationOrigin": [ 4.0, 0.0, 12.0 ],
									"rotationX": -179.99999011687993,
									"rotationY": 5.008955855952477E-6,
									"rotationZ": -179.99999011687993,
									"faces": {
										"north": { "texture": "#wood1", "uv": [ 3.0, 1.5, 7.0, 2.0 ] },
										"east": { "texture": "#wood1", "uv": [ 8.0, 0.5, 8.5, 5.0 ], "rotation": 90 },
										"south": { "texture": "#wood1", "uv": [ 4.5, 0.5, 8.5, 1.0 ] },
										"west": { "texture": "#wood1", "uv": [ 12.5, 1.5, 13.0, 6.0 ], "rotation": 90 },
										"up": { "texture": "#wood1", "uv": [ 3.5, 2.0, 7.5, 6.5 ] },
										"down": { "texture": "#wood1", "uv": [ 8.5, 0.5, 12.5, 5.0 ] }
									},
									"children": [
										{
											"name": "Cube21",
											"from": [ 0.0, 0.5, 0.0 ], 
											"to": [ 4.0, 1.0, 3.0 ], 
											"faces": {
												"north": { "texture": "#wood1", "uv": [ 3.0, 1.5, 7.0, 2.0 ] },
												"east": { "texture": "#wood1", "uv": [ 8.0, 0.5, 8.5, 3.5 ], "rotation": 90 },
												"south": { "texture": "#wood1", "uv": [ 4.5, 0.5, 8.5, 1.0 ] },
												"west": { "texture": "#wood1", "uv": [ 12.5, 1.5, 13.0, 4.5 ], "rotation": 90 },
												"up": { "texture": "#wood1", "uv": [ 3.5, 2.0, 7.5, 5.0 ] },
												"down": { "texture": "#wood1", "uv": [ 8.5, 0.5, 12.5, 3.5 ] }
											}
										},
										{
											"name": "Cube22",
											"from": [ 0.0, 1.0, 0.0 ], 
											"to": [ 4.0, 1.5, 2.5 ], 
											"rotationOrigin": [ 0.0, 1.0, 0.0 ],
											"faces": {
												"north": { "texture": "#wood1", "uv": [ 3.0, 1.5, 7.0, 2.0 ] },
												"east": { "texture": "#wood1", "uv": [ 10.0, 3.5, 10.5, 6.0 ], "rotation": 90 },
												"south": { "texture": "#wood1", "uv": [ 5.5, 6.0, 9.5, 6.5 ] },
												"west": { "texture": "#wood1", "uv": [ 10.0, 3.5, 10.5, 6.0 ], "rotation": 90 },
												"up": { "texture": "#wood1", "uv": [ 5.5, 4.0, 9.5, 6.5 ] },
												"down": { "texture": "#wood1", "uv": [ 8.5, 0.5, 12.5, 3.0 ] }
											}
										},
										{
											"name": "Cube23",
											"from": [ 0.0, 1.5, 0.0 ], 
											"to": [ 4.0, 2.5, 1.5 ], 
											"rotationOrigin": [ 0.0, 1.0, 0.0 ],
											"faces": {
												"north": { "texture": "#wood1", "uv": [ 3.0, 1.5, 7.0, 2.5 ] },
												"east": { "texture": "#wood1", "uv": [ 10.0, 2.5, 11.0, 4.0 ], "rotation": 90 },
												"south": { "texture": "#wood1", "uv": [ 4.5, 0.5, 8.5, 1.5 ] },
												"west": { "texture": "#wood1", "uv": [ 12.5, 1.5, 13.5, 3.0 ], "rotation": 90 },
												"up": { "texture": "#wood1", "uv": [ 3.5, 2.0, 7.5, 3.5 ] },
												"down": { "texture": "#wood1", "uv": [ 8.5, 0.5, 12.5, 2.0 ] }
											}
										},
										{
											"name": "Cube24",
											"from": [ 0.0, 2.5, 0.0 ], 
											"to": [ 4.0, 3.0, 1.0 ], 
											"rotationOrigin": [ 0.0, 1.0, 0.0 ],
											"faces": {
												"north": { "texture": "#wood1", "uv": [ 3.0, 1.5, 7.0, 2.0 ] },
												"east": { "texture": "#wood1", "uv": [ 10.5, 3.0, 11.0, 4.0 ], "rotation": 90 },
												"south": { "texture": "#wood1", "uv": [ 4.5, 0.5, 8.5, 1.0 ] },
												"west": { "texture": "#wood1", "uv": [ 12.5, 1.5, 13.0, 2.5 ], "rotation": 90 },
												"up": { "texture": "#wood1", "uv": [ 3.5, 2.0, 7.5, 3.0 ] },
												"down": { "texture": "#wood1", "uv": [ 8.5, 0.5, 12.5, 1.5 ] }
											}
										},
										{
											"name": "Cube25",
											"from": [ 0.0, 3.0, 0.0 ], 
											"to": [ 4.0, 4.5, 0.5 ], 
											"rotationOrigin": [ 0.0, 1.0, 0.0 ],
											"faces": {
												"north": { "texture": "#wood1", "uv": [ 3.0, 1.5, 7.0, 3.0 ] },
												"east": { "texture": "#wood1", "uv": [ 11.0, 2.0, 12.5, 2.5 ], "rotation": 90 },
												"south": { "texture": "#wood1", "uv": [ 4.5, 0.5, 8.5, 2.0 ] },
												"west": { "texture": "#wood1", "uv": [ 10.5, 1.5, 12.0, 2.0 ], "rotation": 90 },
												"up": { "texture": "#wood1", "uv": [ 3.5, 2.0, 7.5, 2.5 ] },
												"down": { "texture": "#wood1", "uv": [ 8.5, 0.5, 12.5, 1.0 ] }
											}
										}
									]
								},
								{
									"name": "Cube44",
									"from": [ 5.0, -1.0, 13.0 ], 
									"to": [ 6.0, -0.5, 18.0 ], 
									"rotationOrigin": [ 5.0, 0.0, 13.0 ],
									"rotationX": -179.99996780508306,
									"rotationY": 5.0089554488415E-6,
									"rotationZ": -179.99996780508306,
									"faces": {
										"north": { "texture": "#wood1", "uv": [ 3.0, 1.5, 4.0, 2.0 ] },
										"east": { "texture": "#wood1", "uv": [ 8.0, 0.5, 8.5, 5.5 ], "rotation": 90 },
										"south": { "texture": "#wood1", "uv": [ 11.0, 4.5, 12.0, 5.0 ] },
										"west": { "texture": "#wood1", "uv": [ 12.5, 1.5, 13.0, 6.5 ], "rotation": 90 },
										"up": { "texture": "#wood1", "uv": [ 3.5, 2.0, 4.5, 7.0 ] },
										"down": { "texture": "#wood1", "uv": [ 8.5, 0.5, 9.5, 5.5 ] }
									},
									"children": [
										{
											"name": "Cube45",
											"from": [ 0.0, 0.5, 0.0 ], 
											"to": [ 1.0, 1.0, 3.5 ], 
											"faces": {
												"north": { "texture": "#wood1", "uv": [ 3.0, 1.5, 4.0, 2.0 ] },
												"east": { "texture": "#wood1", "uv": [ 8.0, 0.5, 8.5, 4.0 ], "rotation": 90 },
												"south": { "texture": "#wood1", "uv": [ 11.0, 3.5, 12.0, 4.0 ] },
												"west": { "texture": "#wood1", "uv": [ 12.5, 1.5, 13.0, 5.0 ], "rotation": 90 },
												"up": { "texture": "#wood1", "uv": [ 3.5, 2.0, 4.5, 5.5 ] },
												"down": { "texture": "#wood1", "uv": [ 8.5, 0.5, 9.5, 4.0 ] }
											}
										},
										{
											"name": "Cube46",
											"from": [ 0.0, 1.0, 0.0 ], 
											"to": [ 1.0, 1.5, 2.5 ], 
											"rotationOrigin": [ 0.0, 1.0, 0.0 ],
											"faces": {
												"north": { "texture": "#wood1", "uv": [ 3.0, 1.5, 4.0, 2.0 ] },
												"east": { "texture": "#wood1", "uv": [ 8.0, 0.5, 8.5, 3.0 ], "rotation": 90 },
												"south": { "texture": "#wood1", "uv": [ 10.0, 6.0, 11.0, 6.5 ] },
												"west": { "texture": "#wood1", "uv": [ 12.5, 1.5, 13.0, 4.0 ], "rotation": 90 },
												"up": { "texture": "#wood1", "uv": [ 3.5, 2.0, 4.5, 4.5 ] },
												"down": { "texture": "#wood1", "uv": [ 8.5, 0.5, 9.5, 3.0 ] }
											}
										},
										{
											"name": "Cube47",
											"from": [ 0.0, 1.5, 0.0 ], 
											"to": [ 1.0, 2.5, 1.5 ], 
											"rotationOrigin": [ 0.0, 1.0, 0.0 ],
											"faces": {
												"north": { "texture": "#wood1", "uv": [ 3.0, 1.5, 4.0, 2.5 ] },
												"east": { "texture": "#wood1", "uv": [ 9.0, 1.5, 10.0, 3.0 ], "rotation": 90 },
												"south": { "texture": "#wood1", "uv": [ 9.0, 7.0, 10.0, 8.0 ] },
												"west": { "texture": "#wood1", "uv": [ 12.5, 1.5, 13.5, 3.0 ], "rotation": 90 },
												"up": { "texture": "#wood1", "uv": [ 3.5, 2.0, 4.5, 3.5 ] },
												"down": { "texture": "#wood1", "uv": [ 8.5, 0.5, 9.5, 2.0 ] }
											}
										},
										{
											"name": "Cube48",
											"from": [ 0.0, 2.5, 0.0 ], 
											"to": [ 1.0, 3.5, 1.0 ], 
											"rotationOrigin": [ 0.0, 1.0, 0.0 ],
											"faces": {
												"north": { "texture": "#wood1", "uv": [ 3.0, 1.5, 4.0, 2.5 ] },
												"east": { "texture": "#wood1", "uv": [ 10.0, 2.5, 11.0, 3.5 ], "rotation": 90 },
												"south": { "texture": "#wood1", "uv": [ 9.5, 6.5, 10.5, 7.5 ] },
												"west": { "texture": "#wood1", "uv": [ 12.5, 1.5, 13.5, 2.5 ], "rotation": 90 },
												"up": { "texture": "#wood1", "uv": [ 3.5, 2.0, 4.5, 3.0 ] },
												"down": { "texture": "#wood1", "uv": [ 8.5, 0.5, 9.5, 1.5 ] }
											}
										},
										{
											"name": "Cube49",
											"from": [ 0.0, 3.5, 0.0 ], 
											"to": [ 1.0, 5.0, 0.5 ], 
											"rotationOrigin": [ 0.0, 1.0, 0.0 ],
											"faces": {
												"north": { "texture": "#wood1", "uv": [ 3.0, 1.5, 4.0, 3.0 ] },
												"east": { "texture": "#wood1", "uv": [ 9.0, 8.0, 10.5, 8.5 ], "rotation": 90 },
												"south": { "texture": "#wood1", "uv": [ 6.0, 0.5, 7.0, 2.0 ] },
												"west": { "texture": "#wood1", "uv": [ 12.5, 1.5, 14.0, 2.0 ], "rotation": 90 },
												"up": { "texture": "#wood1", "uv": [ 3.5, 2.0, 4.5, 2.5 ] },
												"down": { "texture": "#wood1", "uv": [ 8.5, 0.5, 9.5, 1.0 ] }
											}
										},
										{
											"name": "Cube38",
											"from": [ 5.0, 0.0, 0.0 ], 
											"to": [ 6.0, 0.5, 5.0 ], 
											"rotationOrigin": [ 5.0, 1.0, 0.0 ],
											"rotationX": 1.366037596154195E-5,
											"rotationY": -8.766437525566564E-12,
											"rotationZ": -1.3660377589985859E-5,
											"faces": {
												"north": { "texture": "#wood1", "uv": [ 3.0, 1.5, 4.0, 2.0 ] },
												"east": { "texture": "#wood1", "uv": [ 4.5, 4.0, 5.0, 9.0 ], "rotation": 90 },
												"south": { "texture": "#wood1", "uv": [ 11.0, 4.5, 12.0, 5.0 ] },
												"west": { "texture": "#wood1", "uv": [ 12.0, 2.0, 12.5, 7.0 ], "rotation": 90 },
												"up": { "texture": "#wood1", "uv": [ 3.5, 2.0, 4.5, 7.0 ] },
												"down": { "texture": "#wood1", "uv": [ 8.5, 0.5, 9.5, 5.5 ] }
											},
											"children": [
												{
													"name": "Cube39",
													"from": [ 0.0, 0.5, 0.0 ], 
													"to": [ 1.0, 1.0, 3.5 ], 
													"faces": {
														"north": { "texture": "#wood1", "uv": [ 3.0, 1.5, 4.0, 2.0 ] },
														"east": { "texture": "#wood1", "uv": [ 6.5, 3.5, 7.0, 7.0 ], "rotation": 90 },
														"south": { "texture": "#wood1", "uv": [ 11.0, 3.5, 12.0, 4.0 ] },
														"west": { "texture": "#wood1", "uv": [ 12.5, 1.5, 13.0, 5.0 ], "rotation": 90 },
														"up": { "texture": "#wood1", "uv": [ 3.5, 2.0, 4.5, 5.5 ] },
														"down": { "texture": "#wood1", "uv": [ 8.5, 0.5, 9.5, 4.0 ] }
													}
												},
												{
													"name": "Cube40",
													"from": [ 0.0, 1.0, 0.0 ], 
													"to": [ 1.0, 1.5, 2.5 ], 
													"rotationOrigin": [ 0.0, 1.0, 0.0 ],
													"faces": {
														"north": { "texture": "#wood1", "uv": [ 3.0, 1.5, 4.0, 2.0 ] },
														"east": { "texture": "#wood1", "uv": [ 6.0, 3.0, 6.5, 5.5 ], "rotation": 90 },
														"south": { "texture": "#wood1", "uv": [ 10.0, 6.0, 11.0, 6.5 ] },
														"west": { "texture": "#wood1", "uv": [ 12.5, 1.5, 13.0, 4.0 ], "rotation": 90 },
														"up": { "texture": "#wood1", "uv": [ 3.5, 2.0, 4.5, 4.5 ] },
														"down": { "texture": "#wood1", "uv": [ 8.5, 0.5, 9.5, 3.0 ] }
													}
												},
												{
													"name": "Cube41",
													"from": [ 0.0, 1.5, 0.0 ], 
													"to": [ 1.0, 2.5, 1.5 ], 
													"rotationOrigin": [ 0.0, 1.0, 0.0 ],
													"faces": {
														"north": { "texture": "#wood1", "uv": [ 3.0, 1.5, 4.0, 2.5 ] },
														"east": { "texture": "#wood1", "uv": [ 6.5, 4.0, 7.5, 5.5 ], "rotation": 90 },
														"south": { "texture": "#wood1", "uv": [ 9.0, 7.0, 10.0, 8.0 ] },
														"west": { "texture": "#wood1", "uv": [ 12.5, 1.5, 13.5, 3.0 ], "rotation": 90 },
														"up": { "texture": "#wood1", "uv": [ 3.5, 2.0, 4.5, 3.5 ] },
														"down": { "texture": "#wood1", "uv": [ 8.5, 0.5, 9.5, 2.0 ] }
													}
												},
												{
													"name": "Cube42",
													"from": [ 0.0, 2.5, 0.0 ], 
													"to": [ 1.0, 3.5, 1.0 ], 
													"rotationOrigin": [ 0.0, 1.0, 0.0 ],
													"faces": {
														"north": { "texture": "#wood1", "uv": [ 3.0, 1.5, 4.0, 2.5 ] },
														"east": { "texture": "#wood1", "uv": [ 7.0, 3.0, 8.0, 4.0 ], "rotation": 90 },
														"south": { "texture": "#wood1", "uv": [ 9.5, 6.5, 10.5, 7.5 ] },
														"west": { "texture": "#wood1", "uv": [ 12.5, 1.5, 13.5, 2.5 ], "rotation": 90 },
														"up": { "texture": "#wood1", "uv": [ 3.5, 2.0, 4.5, 3.0 ] },
														"down": { "texture": "#wood1", "uv": [ 8.5, 0.5, 9.5, 1.5 ] }
													}
												},
												{
													"name": "Cube43",
													"from": [ 0.0, 3.5, 0.0 ], 
													"to": [ 1.0, 5.0, 0.5 ], 
													"rotationOrigin": [ 0.0, 1.0, 0.0 ],
													"faces": {
														"north": { "texture": "#wood1", "uv": [ 3.0, 1.5, 4.0, 3.0 ] },
														"east": { "texture": "#wood1", "uv": [ 9.0, 8.0, 10.5, 8.5 ], "rotation": 90 },
														"south": { "texture": "#wood1", "uv": [ 6.0, 0.5, 7.0, 2.0 ] },
														"west": { "texture": "#wood1", "uv": [ 12.5, 1.5, 14.0, 2.0 ], "rotation": 90 },
														"up": { "texture": "#wood1", "uv": [ 3.5, 2.0, 4.5, 2.5 ] },
														"down": { "texture": "#wood1", "uv": [ 8.5, 0.5, 9.5, 1.0 ] }
													}
												},
												{
													"name": "Cube50",
													"from": [ 1.0, 0.0, 14.0 ], 
													"to": [ 2.0, 0.5, 19.0 ], 
													"rotationOrigin": [ 1.0, 1.0, 14.0 ],
													"rotationX": -179.999981465459,
													"rotationY": -1.0017921482568438E-5,
													"rotationZ": -179.99992682394864,
													"faces": {
														"north": { "texture": "#wood1", "uv": [ 3.0, 1.5, 4.0, 2.0 ] },
														"east": { "texture": "#wood1", "uv": [ 8.0, 0.5, 8.5, 5.5 ], "rotation": 90 },
														"south": { "texture": "#wood1", "uv": [ 11.0, 4.5, 12.0, 5.0 ] },
														"west": { "texture": "#wood1", "uv": [ 5.5, 3.5, 6.0, 8.5 ], "rotation": 90 },
														"up": { "texture": "#wood1", "uv": [ 4.5, 2.0, 5.5, 7.0 ] },
														"down": { "texture": "#wood1", "uv": [ 8.5, 0.5, 9.5, 5.5 ] }
													},
													"children": [
														{
															"name": "Cube51",
															"from": [ 0.0, 0.5, 0.0 ], 
															"to": [ 1.0, 1.0, 3.5 ], 
															"faces": {
																"north": { "texture": "#wood1", "uv": [ 3.0, 1.5, 4.0, 2.0 ] },
																"east": { "texture": "#wood1", "uv": [ 8.0, 0.5, 8.5, 4.0 ], "rotation": 90 },
																"south": { "texture": "#wood1", "uv": [ 11.0, 3.5, 12.0, 4.0 ] },
																"west": { "texture": "#wood1", "uv": [ 12.5, 1.5, 13.0, 5.0 ], "rotation": 90 },
																"up": { "texture": "#wood1", "uv": [ 3.5, 2.0, 4.5, 5.5 ] },
																"down": { "texture": "#wood1", "uv": [ 8.5, 0.5, 9.5, 4.0 ] }
															}
														},
														{
															"name": "Cube52",
															"from": [ 0.0, 1.0, 0.0 ], 
															"to": [ 1.0, 1.5, 2.5 ], 
															"rotationOrigin": [ 0.0, 1.0, 0.0 ],
															"faces": {
																"north": { "texture": "#wood1", "uv": [ 3.0, 1.5, 4.0, 2.0 ] },
																"east": { "texture": "#wood1", "uv": [ 8.0, 0.5, 8.5, 3.0 ], "rotation": 90 },
																"south": { "texture": "#wood1", "uv": [ 10.0, 6.0, 11.0, 6.5 ] },
																"west": { "texture": "#wood1", "uv": [ 12.5, 1.5, 13.0, 4.0 ], "rotation": 90 },
																"up": { "texture": "#wood1", "uv": [ 3.5, 2.0, 4.5, 4.5 ] },
																"down": { "texture": "#wood1", "uv": [ 8.5, 0.5, 9.5, 3.0 ] }
															}
														},
														{
															"name": "Cube53",
															"from": [ 0.0, 1.5, 0.0 ], 
															"to": [ 1.0, 2.5, 1.5 ], 
															"rotationOrigin": [ 0.0, 1.0, 0.0 ],
															"faces": {
																"north": { "texture": "#wood1", "uv": [ 3.0, 1.5, 4.0, 2.5 ] },
																"east": { "texture": "#wood1", "uv": [ 9.0, 1.5, 10.0, 3.0 ], "rotation": 90 },
																"south": { "texture": "#wood1", "uv": [ 9.0, 7.0, 10.0, 8.0 ] },
																"west": { "texture": "#wood1", "uv": [ 12.5, 1.5, 13.5, 3.0 ], "rotation": 90 },
																"up": { "texture": "#wood1", "uv": [ 3.5, 2.0, 4.5, 3.5 ] },
																"down": { "texture": "#wood1", "uv": [ 8.5, 0.5, 9.5, 2.0 ] }
															}
														},
														{
															"name": "Cube54",
															"from": [ 0.0, 2.5, 0.0 ], 
															"to": [ 1.0, 3.5, 1.0 ], 
															"rotationOrigin": [ 0.0, 1.0, 0.0 ],
															"faces": {
																"north": { "texture": "#wood1", "uv": [ 3.0, 1.5, 4.0, 2.5 ] },
																"east": { "texture": "#wood1", "uv": [ 10.0, 2.5, 11.0, 3.5 ], "rotation": 90 },
																"south": { "texture": "#wood1", "uv": [ 9.5, 6.5, 10.5, 7.5 ] },
																"west": { "texture": "#wood1", "uv": [ 12.5, 1.5, 13.5, 2.5 ], "rotation": 90 },
																"up": { "texture": "#wood1", "uv": [ 3.5, 2.0, 4.5, 3.0 ] },
																"down": { "texture": "#wood1", "uv": [ 8.5, 0.5, 9.5, 1.5 ] }
															}
														},
														{
															"name": "Cube55",
															"from": [ 0.0, 3.5, 0.0 ], 
															"to": [ 1.0, 5.0, 0.5 ], 
															"rotationOrigin": [ 0.0, 1.0, 0.0 ],
															"faces": {
																"north": { "texture": "#wood1", "uv": [ 3.0, 1.5, 4.0, 3.0 ] },
																"east": { "texture": "#wood1", "uv": [ 9.0, 8.0, 10.5, 8.5 ], "rotation": 90 },
																"south": { "texture": "#wood1", "uv": [ 6.0, 0.5, 7.0, 2.0 ] },
																"west": { "texture": "#wood1", "uv": [ 12.5, 1.5, 14.0, 2.0 ], "rotation": 90 },
																"up": { "texture": "#wood1", "uv": [ 3.5, 2.0, 4.5, 2.5 ] },
																"down": { "texture": "#wood1", "uv": [ 8.5, 0.5, 9.5, 1.0 ] }
															}
														},
														{
															"name": "Cube56",
															"from": [ 5.0, 0.0, 0.0 ], 
															"to": [ 6.0, 0.5, 5.0 ], 
															"rotationOrigin": [ 5.0, 1.0, 0.0 ],
															"rotationX": 1.366037596154195E-5,
															"rotationY": -8.766437525566564E-12,
															"rotationZ": -1.3660377589985859E-5,
															"faces": {
																"north": { "texture": "#wood1", "uv": [ 3.0, 1.5, 4.0, 2.0 ] },
																"east": { "texture": "#wood1", "uv": [ 8.0, 0.5, 8.5, 5.5 ], "rotation": 90 },
																"south": { "texture": "#wood1", "uv": [ 11.0, 4.5, 12.0, 5.0 ] },
																"west": { "texture": "#wood1", "uv": [ 12.5, 1.5, 13.0, 6.5 ], "rotation": 90 },
																"up": { "texture": "#wood1", "uv": [ 3.5, 2.0, 4.5, 7.0 ] },
																"down": { "texture": "#wood1", "uv": [ 8.5, 0.5, 9.5, 5.5 ] }
															},
															"children": [
																{
																	"name": "Cube57",
																	"from": [ 0.0, 0.5, 0.0 ], 
																	"to": [ 1.0, 1.0, 3.5 ], 
																	"faces": {
																		"north": { "texture": "#wood1", "uv": [ 3.0, 1.5, 4.0, 2.0 ] },
																		"east": { "texture": "#wood1", "uv": [ 8.0, 0.5, 8.5, 4.0 ], "rotation": 90 },
																		"south": { "texture": "#wood1", "uv": [ 11.0, 3.5, 12.0, 4.0 ] },
																		"west": { "texture": "#wood1", "uv": [ 12.5, 1.5, 13.0, 5.0 ], "rotation": 90 },
																		"up": { "texture": "#wood1", "uv": [ 3.5, 2.0, 4.5, 5.5 ] },
																		"down": { "texture": "#wood1", "uv": [ 8.5, 0.5, 9.5, 4.0 ] }
																	}
																},
																{
																	"name": "Cube58",
																	"from": [ 0.0, 1.0, 0.0 ], 
																	"to": [ 1.0, 1.5, 2.5 ], 
																	"rotationOrigin": [ 0.0, 1.0, 0.0 ],
																	"faces": {
																		"north": { "texture": "#wood1", "uv": [ 3.0, 1.5, 4.0, 2.0 ] },
																		"east": { "texture": "#wood1", "uv": [ 8.0, 0.5, 8.5, 3.0 ], "rotation": 90 },
																		"south": { "texture": "#wood1", "uv": [ 10.0, 6.0, 11.0, 6.5 ] },
																		"west": { "texture": "#wood1", "uv": [ 12.5, 1.5, 13.0, 4.0 ], "rotation": 90 },
																		"up": { "texture": "#wood1", "uv": [ 3.5, 2.0, 4.5, 4.5 ] },
																		"down": { "texture": "#wood1", "uv": [ 8.5, 0.5, 9.5, 3.0 ] }
																	}
																},
																{
																	"name": "Cube59",
																	"from": [ 0.0, 1.5, 0.0 ], 
																	"to": [ 1.0, 2.5, 1.5 ], 
																	"rotationOrigin": [ 0.0, 1.0, 0.0 ],
																	"faces": {
																		"north": { "texture": "#wood1", "uv": [ 3.0, 1.5, 4.0, 2.5 ] },
																		"east": { "texture": "#wood1", "uv": [ 9.0, 1.5, 10.0, 3.0 ], "rotation": 90 },
																		"south": { "texture": "#wood1", "uv": [ 9.0, 7.0, 10.0, 8.0 ] },
																		"west": { "texture": "#wood1", "uv": [ 12.5, 1.5, 13.5, 3.0 ], "rotation": 90 },
																		"up": { "texture": "#wood1", "uv": [ 3.5, 2.0, 4.5, 3.5 ] },
																		"down": { "texture": "#wood1", "uv": [ 8.5, 0.5, 9.5, 2.0 ] }
																	}
																},
																{
																	"name": "Cube60",
																	"from": [ 0.0, 2.5, 0.0 ], 
																	"to": [ 1.0, 3.5, 1.0 ], 
																	"rotationOrigin": [ 0.0, 1.0, 0.0 ],
																	"faces": {
																		"north": { "texture": "#wood1", "uv": [ 3.0, 1.5, 4.0, 2.5 ] },
																		"east": { "texture": "#wood1", "uv": [ 10.0, 2.5, 11.0, 3.5 ], "rotation": 90 },
																		"south": { "texture": "#wood1", "uv": [ 9.5, 6.5, 10.5, 7.5 ] },
																		"west": { "texture": "#wood1", "uv": [ 12.5, 1.5, 13.5, 2.5 ], "rotation": 90 },
																		"up": { "texture": "#wood1", "uv": [ 3.5, 2.0, 4.5, 3.0 ] },
																		"down": { "texture": "#wood1", "uv": [ 8.5, 0.5, 9.5, 1.5 ] }
																	}
																},
																{
																	"name": "Cube61",
																	"from": [ 0.0, 3.5, 0.0 ], 
																	"to": [ 1.0, 5.0, 0.5 ], 
																	"rotationOrigin": [ 0.0, 1.0, 0.0 ],
																	"faces": {
																		"north": { "texture": "#wood1", "uv": [ 3.0, 1.5, 4.0, 3.0 ] },
																		"east": { "texture": "#wood1", "uv": [ 9.0, 8.0, 10.5, 8.5 ], "rotation": 90 },
																		"south": { "texture": "#wood1", "uv": [ 6.0, 0.5, 7.0, 2.0 ] },
																		"west": { "texture": "#wood1", "uv": [ 12.5, 1.5, 14.0, 2.0 ], "rotation": 90 },
																		"up": { "texture": "#wood1", "uv": [ 3.5, 2.0, 4.5, 2.5 ] },
																		"down": { "texture": "#wood1", "uv": [ 8.5, 0.5, 9.5, 1.0 ] }
																	}
																}
															]
														}
													]
												}
											]
										}
									]
								},
								{
									"name": "Cube62",
									"from": [ -1.0, 11.0, 13.0 ], 
									"to": [ 0.0, 11.5, 18.0 ], 
									"rotationOrigin": [ -1.0, 12.0, 13.0 ],
									"rotationX": -179.99996780508306,
									"faces": {
										"north": { "texture": "#wood1", "uv": [ 3.0, 1.5, 4.0, 2.0 ] },
										"east": { "texture": "#wood1", "uv": [ 8.0, 0.5, 8.5, 5.5 ], "rotation": 90 },
										"south": { "texture": "#wood1", "uv": [ 11.0, 4.5, 12.0, 5.0 ] },
										"west": { "texture": "#wood1", "uv": [ 12.5, 1.5, 13.0, 6.5 ], "rotation": 90 },
										"up": { "texture": "#wood1", "uv": [ 3.5, 2.0, 4.5, 7.0 ] },
										"down": { "texture": "#wood1", "uv": [ 8.5, 0.5, 9.5, 5.5 ] }
									},
									"children": [
										{
											"name": "Cube63",
											"from": [ 0.0, 0.5, 0.0 ], 
											"to": [ 1.0, 1.0, 3.5 ], 
											"faces": {
												"north": { "texture": "#wood1", "uv": [ 3.0, 1.5, 4.0, 2.0 ] },
												"east": { "texture": "#wood1", "uv": [ 8.0, 0.5, 8.5, 4.0 ], "rotation": 90 },
												"south": { "texture": "#wood1", "uv": [ 11.0, 3.5, 12.0, 4.0 ] },
												"west": { "texture": "#wood1", "uv": [ 12.5, 1.5, 13.0, 5.0 ], "rotation": 90 },
												"up": { "texture": "#wood1", "uv": [ 3.5, 2.0, 4.5, 5.5 ] },
												"down": { "texture": "#wood1", "uv": [ 8.5, 0.5, 9.5, 4.0 ] }
											}
										},
										{
											"name": "Cube64",
											"from": [ 0.0, 1.0, 0.0 ], 
											"to": [ 1.0, 1.5, 2.5 ], 
											"rotationOrigin": [ 0.0, 1.0, 0.0 ],
											"faces": {
												"north": { "texture": "#wood1", "uv": [ 3.0, 1.5, 4.0, 2.0 ] },
												"east": { "texture": "#wood1", "uv": [ 8.0, 0.5, 8.5, 3.0 ], "rotation": 90 },
												"south": { "texture": "#wood1", "uv": [ 10.0, 6.0, 11.0, 6.5 ] },
												"west": { "texture": "#wood1", "uv": [ 12.5, 1.5, 13.0, 4.0 ], "rotation": 90 },
												"up": { "texture": "#wood1", "uv": [ 3.5, 2.0, 4.5, 4.5 ] },
												"down": { "texture": "#wood1", "uv": [ 8.5, 0.5, 9.5, 3.0 ] }
											}
										},
										{
											"name": "Cube65",
											"from": [ 0.0, 1.5, 0.0 ], 
											"to": [ 1.0, 2.5, 1.5 ], 
											"rotationOrigin": [ 0.0, 1.0, 0.0 ],
											"faces": {
												"north": { "texture": "#wood1", "uv": [ 3.0, 1.5, 4.0, 2.5 ] },
												"east": { "texture": "#wood1", "uv": [ 9.0, 1.5, 10.0, 3.0 ], "rotation": 90 },
												"south": { "texture": "#wood1", "uv": [ 9.0, 7.0, 10.0, 8.0 ] },
												"west": { "texture": "#wood1", "uv": [ 12.5, 1.5, 13.5, 3.0 ], "rotation": 90 },
												"up": { "texture": "#wood1", "uv": [ 3.5, 2.0, 4.5, 3.5 ] },
												"down": { "texture": "#wood1", "uv": [ 8.5, 0.5, 9.5, 2.0 ] }
											}
										},
										{
											"name": "Cube66",
											"from": [ 0.0, 2.5, 0.0 ], 
											"to": [ 1.0, 3.5, 1.0 ], 
											"rotationOrigin": [ 0.0, 1.0, 0.0 ],
											"faces": {
												"north": { "texture": "#wood1", "uv": [ 3.0, 1.5, 4.0, 2.5 ] },
												"east": { "texture": "#wood1", "uv": [ 10.0, 2.5, 11.0, 3.5 ], "rotation": 90 },
												"south": { "texture": "#wood1", "uv": [ 9.5, 6.5, 10.5, 7.5 ] },
												"west": { "texture": "#wood1", "uv": [ 12.5, 1.5, 13.5, 2.5 ], "rotation": 90 },
												"up": { "texture": "#wood1", "uv": [ 3.5, 2.0, 4.5, 3.0 ] },
												"down": { "texture": "#wood1", "uv": [ 8.5, 0.5, 9.5, 1.5 ] }
											}
										},
										{
											"name": "Cube67",
											"from": [ 0.0, 3.5, 0.0 ], 
											"to": [ 1.0, 5.0, 0.5 ], 
											"rotationOrigin": [ 0.0, 1.0, 0.0 ],
											"faces": {
												"north": { "texture": "#wood1", "uv": [ 3.0, 1.5, 4.0, 3.0 ] },
												"east": { "texture": "#wood1", "uv": [ 9.0, 8.0, 10.5, 8.5 ], "rotation": 90 },
												"south": { "texture": "#wood1", "uv": [ 6.0, 0.5, 7.0, 2.0 ] },
												"west": { "texture": "#wood1", "uv": [ 12.5, 1.5, 14.0, 2.0 ], "rotation": 90 },
												"up": { "texture": "#wood1", "uv": [ 3.5, 2.0, 4.5, 2.5 ] },
												"down": { "texture": "#wood1", "uv": [ 8.5, 0.5, 9.5, 1.0 ] }
											}
										},
										{
											"name": "Cube68",
											"from": [ 5.0, 0.0, 0.0 ], 
											"to": [ 6.0, 0.5, 5.0 ], 
											"rotationOrigin": [ 5.0, 1.0, 0.0 ],
											"rotationX": 1.366037596154195E-5,
											"rotationY": -8.766437525566564E-12,
											"rotationZ": -1.3660377589985859E-5,
											"faces": {
												"north": { "texture": "#wood1", "uv": [ 3.0, 1.5, 4.0, 2.0 ] },
												"east": { "texture": "#wood1", "uv": [ 8.0, 0.5, 8.5, 5.5 ], "rotation": 90 },
												"south": { "texture": "#wood1", "uv": [ 11.0, 4.5, 12.0, 5.0 ] },
												"west": { "texture": "#wood1", "uv": [ 12.5, 1.5, 13.0, 6.5 ], "rotation": 90 },
												"up": { "texture": "#wood1", "uv": [ 3.5, 2.0, 4.5, 7.0 ] },
												"down": { "texture": "#wood1", "uv": [ 8.5, 0.5, 9.5, 5.5 ] }
											},
											"children": [
												{
													"name": "Cube69",
													"from": [ 0.0, 0.5, 0.0 ], 
													"to": [ 1.0, 1.0, 3.5 ], 
													"faces": {
														"north": { "texture": "#wood1", "uv": [ 3.0, 1.5, 4.0, 2.0 ] },
														"east": { "texture": "#wood1", "uv": [ 8.0, 0.5, 8.5, 4.0 ], "rotation": 90 },
														"south": { "texture": "#wood1", "uv": [ 11.0, 3.5, 12.0, 4.0 ] },
														"west": { "texture": "#wood1", "uv": [ 12.5, 1.5, 13.0, 5.0 ], "rotation": 90 },
														"up": { "texture": "#wood1", "uv": [ 3.5, 2.0, 4.5, 5.5 ] },
														"down": { "texture": "#wood1", "uv": [ 8.5, 0.5, 9.5, 4.0 ] }
													}
												},
												{
													"name": "Cube70",
													"from": [ 0.0, 1.0, 0.0 ], 
													"to": [ 1.0, 1.5, 2.5 ], 
													"rotationOrigin": [ 0.0, 1.0, 0.0 ],
													"faces": {
														"north": { "texture": "#wood1", "uv": [ 3.0, 1.5, 4.0, 2.0 ] },
														"east": { "texture": "#wood1", "uv": [ 8.0, 0.5, 8.5, 3.0 ], "rotation": 90 },
														"south": { "texture": "#wood1", "uv": [ 10.0, 6.0, 11.0, 6.5 ] },
														"west": { "texture": "#wood1", "uv": [ 12.5, 1.5, 13.0, 4.0 ], "rotation": 90 },
														"up": { "texture": "#wood1", "uv": [ 3.5, 2.0, 4.5, 4.5 ] },
														"down": { "texture": "#wood1", "uv": [ 8.5, 0.5, 9.5, 3.0 ] }
													}
												},
												{
													"name": "Cube71",
													"from": [ 0.0, 1.5, 0.0 ], 
													"to": [ 1.0, 2.5, 1.5 ], 
													"rotationOrigin": [ 0.0, 1.0, 0.0 ],
													"faces": {
														"north": { "texture": "#wood1", "uv": [ 3.0, 1.5, 4.0, 2.5 ] },
														"east": { "texture": "#wood1", "uv": [ 9.0, 1.5, 10.0, 3.0 ], "rotation": 90 },
														"south": { "texture": "#wood1", "uv": [ 9.0, 7.0, 10.0, 8.0 ] },
														"west": { "texture": "#wood1", "uv": [ 12.5, 1.5, 13.5, 3.0 ], "rotation": 90 },
														"up": { "texture": "#wood1", "uv": [ 3.5, 2.0, 4.5, 3.5 ] },
														"down": { "texture": "#wood1", "uv": [ 8.5, 0.5, 9.5, 2.0 ] }
													}
												},
												{
													"name": "Cube72",
													"from": [ 0.0, 2.5, 0.0 ], 
													"to": [ 1.0, 3.5, 1.0 ], 
													"rotationOrigin": [ 0.0, 1.0, 0.0 ],
													"faces": {
														"north": { "texture": "#wood1", "uv": [ 3.0, 1.5, 4.0, 2.5 ] },
														"east": { "texture": "#wood1", "uv": [ 10.0, 2.5, 11.0, 3.5 ], "rotation": 90 },
														"south": { "texture": "#wood1", "uv": [ 9.5, 6.5, 10.5, 7.5 ] },
														"west": { "texture": "#wood1", "uv": [ 12.5, 1.5, 13.5, 2.5 ], "rotation": 90 },
														"up": { "texture": "#wood1", "uv": [ 3.5, 2.0, 4.5, 3.0 ] },
														"down": { "texture": "#wood1", "uv": [ 8.5, 0.5, 9.5, 1.5 ] }
													}
												},
												{
													"name": "Cube73",
													"from": [ 0.0, 3.5, 0.0 ], 
													"to": [ 1.0, 5.0, 0.5 ], 
													"rotationOrigin": [ 0.0, 1.0, 0.0 ],
													"faces": {
														"north": { "texture": "#wood1", "uv": [ 3.0, 1.5, 4.0, 3.0 ] },
														"east": { "texture": "#wood1", "uv": [ 9.0, 8.0, 10.5, 8.5 ], "rotation": 90 },
														"south": { "texture": "#wood1", "uv": [ 6.0, 0.5, 7.0, 2.0 ] },
														"west": { "texture": "#wood1", "uv": [ 12.5, 1.5, 14.0, 2.0 ], "rotation": 90 },
														"up": { "texture": "#wood1", "uv": [ 3.5, 2.0, 4.5, 2.5 ] },
														"down": { "texture": "#wood1", "uv": [ 8.5, 0.5, 9.5, 1.0 ] }
													}
												},
												{
													"name": "Cube74",
													"from": [ 1.0, 0.0, 14.0 ], 
													"to": [ 2.0, 0.5, 19.0 ], 
													"rotationOrigin": [ 1.0, 1.0, 14.0 ],
													"rotationX": -179.999981465459,
													"rotationY": -1.0017921482568438E-5,
													"rotationZ": -179.99992682394864,
													"faces": {
														"north": { "texture": "#wood1", "uv": [ 3.0, 1.5, 4.0, 2.0 ] },
														"east": { "texture": "#wood1", "uv": [ 8.0, 0.5, 8.5, 5.5 ], "rotation": 90 },
														"south": { "texture": "#wood1", "uv": [ 11.0, 4.5, 12.0, 5.0 ] },
														"west": { "texture": "#wood1", "uv": [ 12.5, 1.5, 13.0, 6.5 ], "rotation": 90 },
														"up": { "texture": "#wood1", "uv": [ 3.5, 2.0, 4.5, 7.0 ] },
														"down": { "texture": "#wood1", "uv": [ 8.5, 0.5, 9.5, 5.5 ] }
													},
													"children": [
														{
															"name": "Cube75",
															"from": [ 0.0, 0.5, 0.0 ], 
															"to": [ 1.0, 1.0, 3.5 ], 
															"faces": {
																"north": { "texture": "#wood1", "uv": [ 3.0, 1.5, 4.0, 2.0 ] },
																"east": { "texture": "#wood1", "uv": [ 8.0, 0.5, 8.5, 4.0 ], "rotation": 90 },
																"south": { "texture": "#wood1", "uv": [ 11.0, 3.5, 12.0, 4.0 ] },
																"west": { "texture": "#wood1", "uv": [ 12.5, 1.5, 13.0, 5.0 ], "rotation": 90 },
																"up": { "texture": "#wood1", "uv": [ 3.5, 2.0, 4.5, 5.5 ] },
																"down": { "texture": "#wood1", "uv": [ 8.5, 0.5, 9.5, 4.0 ] }
															}
														},
														{
															"name": "Cube76",
															"from": [ 0.0, 1.0, 0.0 ], 
															"to": [ 1.0, 1.5, 2.5 ], 
															"rotationOrigin": [ 0.0, 1.0, 0.0 ],
															"faces": {
																"north": { "texture": "#wood1", "uv": [ 3.0, 1.5, 4.0, 2.0 ] },
																"east": { "texture": "#wood1", "uv": [ 8.0, 0.5, 8.5, 3.0 ], "rotation": 90 },
																"south": { "texture": "#wood1", "uv": [ 10.0, 6.0, 11.0, 6.5 ] },
																"west": { "texture": "#wood1", "uv": [ 12.5, 1.5, 13.0, 4.0 ], "rotation": 90 },
																"up": { "texture": "#wood1", "uv": [ 3.5, 2.0, 4.5, 4.5 ] },
																"down": { "texture": "#wood1", "uv": [ 8.5, 0.5, 9.5, 3.0 ] }
															}
														},
														{
															"name": "Cube77",
															"from": [ 0.0, 1.5, 0.0 ], 
															"to": [ 1.0, 2.5, 1.5 ], 
															"rotationOrigin": [ 0.0, 1.0, 0.0 ],
															"faces": {
																"north": { "texture": "#wood1", "uv": [ 3.0, 1.5, 4.0, 2.5 ] },
																"east": { "texture": "#wood1", "uv": [ 9.0, 1.5, 10.0, 3.0 ], "rotation": 90 },
																"south": { "texture": "#wood1", "uv": [ 9.0, 7.0, 10.0, 8.0 ] },
																"west": { "texture": "#wood1", "uv": [ 12.5, 1.5, 13.5, 3.0 ], "rotation": 90 },
																"up": { "texture": "#wood1", "uv": [ 3.5, 2.0, 4.5, 3.5 ] },
																"down": { "texture": "#wood1", "uv": [ 8.5, 0.5, 9.5, 2.0 ] }
															}
														},
														{
															"name": "Cube78",
															"from": [ 0.0, 2.5, 0.0 ], 
															"to": [ 1.0, 3.5, 1.0 ], 
															"rotationOrigin": [ 0.0, 1.0, 0.0 ],
															"faces": {
																"north": { "texture": "#wood1", "uv": [ 3.0, 1.5, 4.0, 2.5 ] },
																"east": { "texture": "#wood1", "uv": [ 10.0, 2.5, 11.0, 3.5 ], "rotation": 90 },
																"south": { "texture": "#wood1", "uv": [ 9.5, 6.5, 10.5, 7.5 ] },
																"west": { "texture": "#wood1", "uv": [ 12.5, 1.5, 13.5, 2.5 ], "rotation": 90 },
																"up": { "texture": "#wood1", "uv": [ 3.5, 2.0, 4.5, 3.0 ] },
																"down": { "texture": "#wood1", "uv": [ 8.5, 0.5, 9.5, 1.5 ] }
															}
														},
														{
															"name": "Cube79",
															"from": [ 0.0, 3.5, 0.0 ], 
															"to": [ 1.0, 5.0, 0.5 ], 
															"rotationOrigin": [ 0.0, 1.0, 0.0 ],
															"faces": {
																"north": { "texture": "#wood1", "uv": [ 3.0, 1.5, 4.0, 3.0 ] },
																"east": { "texture": "#wood1", "uv": [ 9.0, 8.0, 10.5, 8.5 ], "rotation": 90 },
																"south": { "texture": "#wood1", "uv": [ 6.0, 0.5, 7.0, 2.0 ] },
																"west": { "texture": "#wood1", "uv": [ 12.5, 1.5, 14.0, 2.0 ], "rotation": 90 },
																"up": { "texture": "#wood1", "uv": [ 3.5, 2.0, 4.5, 2.5 ] },
																"down": { "texture": "#wood1", "uv": [ 8.5, 0.5, 9.5, 1.0 ] }
															}
														},
														{
															"name": "Cube80",
															"from": [ 5.0, 0.0, 0.0 ], 
															"to": [ 6.0, 0.5, 5.0 ], 
															"rotationOrigin": [ 5.0, 1.0, 0.0 ],
															"rotationX": 1.366037596154195E-5,
															"rotationY": -8.766437525566564E-12,
															"rotationZ": -1.3660377589985859E-5,
															"faces": {
																"north": { "texture": "#wood1", "uv": [ 3.0, 1.5, 4.0, 2.0 ] },
																"east": { "texture": "#wood1", "uv": [ 8.5, 0.5, 9.0, 5.5 ], "rotation": 90 },
																"south": { "texture": "#wood1", "uv": [ 11.0, 4.5, 12.0, 5.0 ] },
																"west": { "texture": "#wood1", "uv": [ 12.5, 1.5, 13.0, 6.5 ], "rotation": 90 },
																"up": { "texture": "#wood1", "uv": [ 3.5, 2.0, 4.5, 7.0 ] },
																"down": { "texture": "#wood1", "uv": [ 8.5, 0.5, 9.5, 5.5 ] }
															},
															"children": [
																{
																	"name": "Cube81",
																	"from": [ 0.0, 0.5, 0.0 ], 
																	"to": [ 1.0, 1.0, 3.5 ], 
																	"faces": {
																		"north": { "texture": "#wood1", "uv": [ 3.0, 1.5, 4.0, 2.0 ] },
																		"east": { "texture": "#wood1", "uv": [ 5.0, 4.0, 5.5, 7.5 ], "rotation": 90 },
																		"south": { "texture": "#wood1", "uv": [ 11.0, 3.5, 12.0, 4.0 ] },
																		"west": { "texture": "#wood1", "uv": [ 12.5, 1.5, 13.0, 5.0 ], "rotation": 90 },
																		"up": { "texture": "#wood1", "uv": [ 3.5, 2.0, 4.5, 5.5 ] },
																		"down": { "texture": "#wood1", "uv": [ 8.5, 0.5, 9.5, 4.0 ] }
																	}
																},
																{
																	"name": "Cube82",
																	"from": [ 0.0, 1.0, 0.0 ], 
																	"to": [ 1.0, 1.5, 2.5 ], 
																	"rotationOrigin": [ 0.0, 1.0, 0.0 ],
																	"faces": {
																		"north": { "texture": "#wood1", "uv": [ 3.0, 1.5, 4.0, 2.0 ] },
																		"east": { "texture": "#wood1", "uv": [ 6.0, 5.0, 6.5, 7.5 ], "rotation": 90 },
																		"south": { "texture": "#wood1", "uv": [ 10.0, 6.0, 11.0, 6.5 ] },
																		"west": { "texture": "#wood1", "uv": [ 12.5, 1.5, 13.0, 4.0 ], "rotation": 90 },
																		"up": { "texture": "#wood1", "uv": [ 3.5, 2.0, 4.5, 4.5 ] },
																		"down": { "texture": "#wood1", "uv": [ 8.5, 0.5, 9.5, 3.0 ] }
																	}
																},
																{
																	"name": "Cube83",
																	"from": [ 0.0, 1.5, 0.0 ], 
																	"to": [ 1.0, 2.5, 1.5 ], 
																	"rotationOrigin": [ 0.0, 1.0, 0.0 ],
																	"faces": {
																		"north": { "texture": "#wood1", "uv": [ 3.0, 1.5, 4.0, 2.5 ] },
																		"east": { "texture": "#wood1", "uv": [ 5.0, 4.5, 6.0, 6.0 ], "rotation": 90 },
																		"south": { "texture": "#wood1", "uv": [ 9.0, 7.0, 10.0, 8.0 ] },
																		"west": { "texture": "#wood1", "uv": [ 12.5, 1.5, 13.5, 3.0 ], "rotation": 90 },
																		"up": { "texture": "#wood1", "uv": [ 3.5, 2.0, 4.5, 3.5 ] },
																		"down": { "texture": "#wood1", "uv": [ 8.5, 0.5, 9.5, 2.0 ] }
																	}
																},
																{
																	"name": "Cube84",
																	"from": [ 0.0, 2.5, 0.0 ], 
																	"to": [ 1.0, 3.5, 1.0 ], 
																	"rotationOrigin": [ 0.0, 1.0, 0.0 ],
																	"faces": {
																		"north": { "texture": "#wood1", "uv": [ 3.0, 1.5, 4.0, 2.5 ] },
																		"east": { "texture": "#wood1", "uv": [ 4.5, 4.0, 5.5, 5.0 ], "rotation": 90 },
																		"south": { "texture": "#wood1", "uv": [ 9.5, 6.5, 10.5, 7.5 ] },
																		"west": { "texture": "#wood1", "uv": [ 12.5, 1.5, 13.5, 2.5 ], "rotation": 90 },
																		"up": { "texture": "#wood1", "uv": [ 3.5, 2.0, 4.5, 3.0 ] },
																		"down": { "texture": "#wood1", "uv": [ 8.5, 0.5, 9.5, 1.5 ] }
																	}
																},
																{
																	"name": "Cube85",
																	"from": [ 0.0, 3.5, 0.0 ], 
																	"to": [ 1.0, 5.0, 0.5 ], 
																	"rotationOrigin": [ 0.0, 1.0, 0.0 ],
																	"faces": {
																		"north": { "texture": "#wood1", "uv": [ 3.0, 1.5, 4.0, 3.0 ] },
																		"east": { "texture": "#wood1", "uv": [ 5.0, 4.5, 6.5, 5.0 ], "rotation": 90 },
																		"south": { "texture": "#wood1", "uv": [ 6.0, 0.5, 7.0, 2.0 ] },
																		"west": { "texture": "#wood1", "uv": [ 12.5, 1.5, 14.0, 2.0 ], "rotation": 90 },
																		"up": { "texture": "#wood1", "uv": [ 3.5, 2.0, 4.5, 2.5 ] },
																		"down": { "texture": "#wood1", "uv": [ 8.5, 0.5, 9.5, 1.0 ] }
																	}
																}
															]
														}
													]
												}
											]
										}
									]
								}
							]
						}
					]
				}
			]
		},
		{
			"name": "frame",
			"from": [ 7.0, 2.0, 6.8 ], 
			"to": [ 9.0, 2.3, 9.2 ], 
			"rotationOrigin": [ 7.0, 1.0, 7.0 ],
			"faces": {
				"north": { "texture": "#frame", "uv": [ 7.5, 6.0, 9.5, 6.5 ] },
				"east": { "texture": "#frame", "uv": [ 2.0, 6.5, 4.0, 7.0 ] },
				"south": { "texture": "#frame", "uv": [ 4.0, 0.0, 6.0, 0.5 ] },
				"west": { "texture": "#frame", "uv": [ 1.5, 4.5, 3.5, 5.0 ] },
				"up": { "texture": "#frame", "uv": [ 8.0, 2.5, 10.0, 4.5 ] },
				"down": { "texture": "#frame", "uv": [ 13.0, 1.0, 15.0, 3.0 ] }
			}
		},
		{
			"name": "Window86",
			"from": [ 7.0, 2.8, 5.3 ], 
			"to": [ 9.0, 3.3, 10.7 ], 
			"renderPass": 3,
			"rotationOrigin": [ 7.0, 1.5, 5.0 ],
			"faces": {
				"north": { "texture": "#glass", "uv": [ 0.0, 0.0, 2.0, 0.5 ], "enabled": false },
				"east": { "texture": "#glass", "uv": [ 4.5, 12.5, 11.5, 12.0 ], "autoUv": false },
				"south": { "texture": "#glass", "uv": [ 0.0, 0.0, 2.0, 0.5 ], "enabled": false },
				"west": { "texture": "#glass", "uv": [ 4.5, 12.5, 11.5, 12.0 ], "autoUv": false },
				"up": { "texture": "#glass", "uv": [ 0.0, 0.0, 2.0, 5.0 ], "enabled": false },
				"down": { "texture": "#glass", "uv": [ 0.0, 0.0, 2.0, 5.0 ], "enabled": false }
			},
			"children": [
				{
					"name": "Window87",
					"from": [ 0.0, 0.5, -0.5 ], 
					"to": [ 2.0, 1.0, 5.9 ], 
					"renderPass": 3,
					"rotationOrigin": [ 0.0, -1.3, -0.2 ],
					"faces": {
						"north": { "texture": "#glass", "uv": [ 0.0, 0.0, 2.0, 0.5 ], "enabled": false },
						"east": { "texture": "#glass", "uv": [ 4.5, 12.0, 11.5, 11.5 ], "autoUv": false },
						"south": { "texture": "#glass", "uv": [ 0.0, 0.0, 2.0, 0.5 ], "enabled": false },
						"west": { "texture": "#glass", "uv": [ 4.5, 12.0, 11.5, 11.5 ], "autoUv": false },
						"up": { "texture": "#glass", "uv": [ 0.0, 0.0, 2.0, 6.0 ], "enabled": false },
						"down": { "texture": "#glass", "uv": [ 0.0, 0.0, 2.0, 6.0 ], "enabled": false }
					}
				},
				{
					"name": "Window88",
					"from": [ 0.0, 1.0, -1.5 ], 
					"to": [ 2.0, 2.0, 6.9 ], 
					"renderPass": 3,
					"rotationOrigin": [ 0.0, -1.3, -0.2 ],
					"faces": {
						"north": { "texture": "#glass", "uv": [ 0.0, 0.0, 2.0, 1.0 ], "enabled": false },
						"east": { "texture": "#glass", "uv": [ 4.5, 13.0, 11.5, 12.0 ], "autoUv": false },
						"south": { "texture": "#glass", "uv": [ 0.0, 0.0, 2.0, 1.0 ], "enabled": false },
						"west": { "texture": "#glass", "uv": [ 4.5, 13.0, 11.5, 12.0 ], "autoUv": false },
						"up": { "texture": "#glass", "uv": [ 0.0, 0.0, 2.0, 8.0 ], "enabled": false },
						"down": { "texture": "#glass", "uv": [ 0.0, 0.0, 2.0, 8.0 ], "enabled": false }
					}
				},
				{
					"name": "Window89",
					"from": [ 0.0, 2.0, -2.0 ], 
					"to": [ 2.0, 2.5, 7.4 ], 
					"renderPass": 3,
					"rotationOrigin": [ 0.0, -1.3, -0.2 ],
					"faces": {
						"north": { "texture": "#glass", "uv": [ 0.0, 0.0, 2.0, 0.5 ], "enabled": false },
						"east": { "texture": "#glass", "uv": [ 4.0, 13.5, 12.0, 13.0 ], "autoUv": false },
						"south": { "texture": "#glass", "uv": [ 0.0, 0.0, 2.0, 0.5 ], "enabled": false },
						"west": { "texture": "#glass", "uv": [ 4.0, 13.5, 12.0, 13.0 ], "autoUv": false },
						"up": { "texture": "#glass", "uv": [ 0.0, 0.0, 2.0, 9.0 ], "enabled": false },
						"down": { "texture": "#glass", "uv": [ 0.0, 0.0, 2.0, 9.0 ], "enabled": false }
					}
				},
				{
					"name": "Window90",
					"from": [ 0.0, 2.5, -2.5 ], 
					"to": [ 2.0, 4.0, 7.9 ], 
					"renderPass": 3,
					"rotationOrigin": [ 0.0, -1.3, -0.2 ],
					"faces": {
						"north": { "texture": "#glass", "uv": [ 0.0, 0.0, 2.0, 1.5 ], "enabled": false },
						"east": { "texture": "#glass", "uv": [ 3.5, 12.5, 12.5, 14.0 ], "autoUv": false },
						"south": { "texture": "#glass", "uv": [ 0.0, 0.0, 2.0, 1.5 ], "enabled": false },
						"west": { "texture": "#glass", "uv": [ 3.5, 12.5, 12.5, 14.0 ], "autoUv": false },
						"up": { "texture": "#glass", "uv": [ 0.0, 0.0, 2.0, 10.0 ], "enabled": false },
						"down": { "texture": "#glass", "uv": [ 0.0, 0.0, 2.0, 10.0 ], "enabled": false }
					}
				},
				{
					"name": "Window91",
					"from": [ 0.0, 4.0, -3.0 ], 
					"to": [ 2.0, 6.4, 8.4 ], 
					"renderPass": 3,
					"rotationOrigin": [ 0.0, 0.7, -0.2 ],
					"faces": {
						"north": { "texture": "#glass", "uv": [ 0.0, 0.0, 2.0, 2.0 ], "enabled": false },
						"east": { "texture": "#glass", "uv": [ 3.0, 10.0, 13.0, 12.5 ], "autoUv": false },
						"south": { "texture": "#glass", "uv": [ 0.0, 0.0, 2.0, 2.0 ], "enabled": false },
						"west": { "texture": "#glass", "uv": [ 3.0, 10.0, 13.0, 12.5 ], "autoUv": false },
						"up": { "texture": "#glass", "uv": [ 0.0, 0.0, 2.0, 11.0 ], "enabled": false },
						"down": { "texture": "#glass", "uv": [ 0.0, 0.0, 2.0, 11.0 ], "enabled": false }
					}
				},
				{
					"name": "Window92",
					"from": [ 0.0, 6.4, -2.5 ], 
					"to": [ 2.0, 7.9, 7.9 ], 
					"renderPass": 3,
					"rotationOrigin": [ 0.0, 2.7, -0.2 ],
					"faces": {
						"north": { "texture": "#glass", "uv": [ 0.0, 0.0, 2.0, 1.5 ], "enabled": false },
						"east": { "texture": "#glass", "uv": [ 3.5, 12.5, 12.5, 14.0 ], "rotation": 180, "autoUv": false },
						"south": { "texture": "#glass", "uv": [ 0.0, 0.0, 2.0, 1.5 ], "enabled": false },
						"west": { "texture": "#glass", "uv": [ 3.5, 12.5, 12.5, 14.0 ], "rotation": 180, "autoUv": false },
						"up": { "texture": "#glass", "uv": [ 0.0, 0.0, 2.0, 10.0 ], "enabled": false },
						"down": { "texture": "#glass", "uv": [ 0.0, 0.0, 2.0, 10.0 ], "enabled": false }
					}
				},
				{
					"name": "Window93",
					"from": [ 0.0, 7.9, -2.0 ], 
					"to": [ 2.0, 8.4, 7.4 ], 
					"renderPass": 3,
					"rotationOrigin": [ 0.0, 4.7, -0.2 ],
					"faces": {
						"north": { "texture": "#glass", "uv": [ 0.0, 0.0, 2.0, 0.5 ], "enabled": false },
						"east": { "texture": "#glass", "uv": [ 4.0, 13.5, 12.0, 13.0 ], "rotation": 180, "autoUv": false },
						"south": { "texture": "#glass", "uv": [ 0.0, 0.0, 2.0, 0.5 ], "enabled": false },
						"west": { "texture": "#glass", "uv": [ 4.0, 13.5, 12.0, 13.0 ], "autoUv": false },
						"up": { "texture": "#glass", "uv": [ 0.0, 0.0, 2.0, 9.0 ], "enabled": false },
						"down": { "texture": "#glass", "uv": [ 0.0, 0.0, 2.0, 9.0 ], "enabled": false }
					}
				},
				{
					"name": "Window94",
					"from": [ 0.0, 8.4, -1.5 ], 
					"to": [ 2.0, 9.4, 6.9 ], 
					"renderPass": 3,
					"rotationOrigin": [ 0.0, 6.7, -0.2 ],
					"faces": {
						"north": { "texture": "#glass", "uv": [ 0.0, 0.0, 2.0, 1.0 ], "enabled": false },
						"east": { "texture": "#glass", "uv": [ 4.5, 13.0, 11.5, 12.0 ], "rotation": 180, "autoUv": false },
						"south": { "texture": "#glass", "uv": [ 0.0, 0.0, 2.0, 1.0 ], "enabled": false },
						"west": { "texture": "#glass", "uv": [ 4.5, 13.0, 11.5, 12.0 ], "rotation": 180, "autoUv": false },
						"up": { "texture": "#glass", "uv": [ 0.0, 0.0, 2.0, 8.0 ], "enabled": false },
						"down": { "texture": "#glass", "uv": [ 0.0, 0.0, 2.0, 8.0 ], "enabled": false }
					}
				},
				{
					"name": "Window95",
					"from": [ 0.0, 9.4, -0.5 ], 
					"to": [ 2.0, 9.9, 5.9 ], 
					"renderPass": 3,
					"rotationOrigin": [ 0.0, 7.7, -0.2 ],
					"faces": {
						"north": { "texture": "#glass", "uv": [ 0.0, 0.0, 2.0, 0.5 ], "enabled": false },
						"east": { "texture": "#glass", "uv": [ 4.5, 12.0, 11.5, 11.5 ], "autoUv": false },
						"south": { "texture": "#glass", "uv": [ 0.0, 0.0, 2.0, 0.5 ], "enabled": false },
						"west": { "texture": "#glass", "uv": [ 4.5, 12.0, 11.5, 11.5 ], "autoUv": false },
						"up": { "texture": "#glass", "uv": [ 0.0, 0.0, 2.0, 6.0 ], "enabled": false },
						"down": { "texture": "#glass", "uv": [ 0.0, 0.0, 2.0, 6.0 ], "enabled": false }
					}
				},
				{
					"name": "Window96",
					"from": [ 0.0, 9.9, 0.0 ], 
					"to": [ 2.0, 10.4, 5.4 ], 
					"renderPass": 3,
					"rotationOrigin": [ 0.0, 8.7, -0.2 ],
					"faces": {
						"north": { "texture": "#glass", "uv": [ 0.0, 0.0, 2.0, 0.5 ], "enabled": false },
						"east": { "texture": "#glass", "uv": [ 4.5, 12.5, 11.5, 12.0 ], "autoUv": false },
						"south": { "texture": "#glass", "uv": [ 0.0, 0.0, 2.0, 0.5 ], "enabled": false },
						"west": { "texture": "#glass", "uv": [ 4.5, 12.5, 11.5, 12.0 ], "autoUv": false },
						"up": { "texture": "#glass", "uv": [ 0.0, 0.0, 2.0, 5.0 ], "enabled": false },
						"down": { "texture": "#glass", "uv": [ 0.0, 0.0, 2.0, 5.0 ], "enabled": false }
					}
				},
				{
					"name": "Window",
					"from": [ 0.0, -0.5, 1.5 ], 
					"to": [ 2.0, 0.0, 3.9 ], 
					"renderPass": 3,
					"rotationOrigin": [ 0.0, -1.3, 1.8 ],
					"faces": {
						"north": { "texture": "#glass", "uv": [ 0.0, 0.0, 2.0, 0.5 ], "enabled": false },
						"east": { "texture": "#glass", "uv": [ 6.5, 13.0, 9.5, 12.5 ], "autoUv": false },
						"south": { "texture": "#glass", "uv": [ 0.0, 0.0, 2.0, 0.5 ], "enabled": false },
						"west": { "texture": "#glass", "uv": [ 6.5, 13.0, 9.5, 12.5 ], "autoUv": false },
						"up": { "texture": "#glass", "uv": [ 0.0, 0.0, 2.0, 2.0 ], "enabled": false },
						"down": { "texture": "#glass", "uv": [ 0.0, 0.0, 2.0, 2.0 ], "enabled": false }
					}
				},
				{
					"name": "Window97",
					"from": [ 0.0, 10.4, 1.5 ], 
					"to": [ 2.0, 10.9, 3.9 ], 
					"renderPass": 3,
					"rotationOrigin": [ 0.0, 9.7, 1.8 ],
					"faces": {
						"north": { "texture": "#glass", "uv": [ 0.0, 0.0, 2.0, 0.5 ], "enabled": false },
						"east": { "texture": "#glass", "uv": [ 6.5, 13.0, 9.5, 12.5 ], "rotation": 180, "autoUv": false },
						"south": { "texture": "#glass", "uv": [ 0.0, 0.0, 2.0, 0.5 ], "enabled": false },
						"west": { "texture": "#glass", "uv": [ 6.5, 13.0, 9.5, 12.5 ], "autoUv": false },
						"up": { "texture": "#glass", "uv": [ 0.0, 0.0, 2.0, 2.0 ], "enabled": false },
						"down": { "texture": "#glass", "uv": [ 0.0, 0.0, 2.0, 2.0 ], "enabled": false }
					}
				}
			]
		},
		{
			"name": "frame95",
			"from": [ 7.0, 2.5, 5.0 ], 
			"to": [ 9.0, 2.8, 6.5 ], 
			"rotationOrigin": [ 7.0, 1.0, 5.0 ],
			"faces": {
				"north": { "texture": "#frame", "uv": [ 7.5, 6.0, 9.5, 6.5 ] },
				"east": { "texture": "#frame", "uv": [ 2.0, 6.5, 3.5, 7.0 ] },
				"south": { "texture": "#frame", "uv": [ 4.0, 0.0, 6.0, 0.5 ] },
				"west": { "texture": "#frame", "uv": [ 1.5, 4.5, 3.0, 5.0 ] },
				"up": { "texture": "#frame", "uv": [ 8.0, 2.5, 10.0, 4.0 ] },
				"down": { "texture": "#frame", "uv": [ 13.0, 1.0, 15.0, 2.5 ] }
			}
		},
		{
			"name": "frame96",
			"from": [ 7.0, 3.0, 4.5 ], 
			"to": [ 9.0, 3.3, 5.0 ], 
			"rotationOrigin": [ 7.0, 2.0, 5.0 ],
			"faces": {
				"north": { "texture": "#frame", "uv": [ 7.5, 6.0, 9.5, 6.5 ] },
				"east": { "texture": "#frame", "uv": [ 2.0, 6.5, 2.5, 7.0 ] },
				"south": { "texture": "#frame", "uv": [ 4.0, 0.0, 6.0, 0.5 ] },
				"west": { "texture": "#frame", "uv": [ 1.5, 4.5, 2.0, 5.0 ] },
				"up": { "texture": "#frame", "uv": [ 8.0, 2.5, 10.0, 3.0 ] },
				"down": { "texture": "#frame", "uv": [ 13.0, 1.0, 15.0, 1.5 ] }
			}
		},
		{
			"name": "frame97",
			"from": [ 7.0, 3.5, 3.5 ], 
			"to": [ 9.0, 3.8, 4.5 ], 
			"rotationOrigin": [ 7.0, 2.0, 4.0 ],
			"faces": {
				"north": { "texture": "#frame", "uv": [ 7.5, 6.0, 9.5, 6.5 ] },
				"east": { "texture": "#frame", "uv": [ 2.0, 6.5, 3.0, 7.0 ] },
				"south": { "texture": "#frame", "uv": [ 4.0, 0.0, 6.0, 0.5 ] },
				"west": { "texture": "#frame", "uv": [ 1.5, 4.5, 2.5, 5.0 ] },
				"up": { "texture": "#frame", "uv": [ 8.0, 2.5, 10.0, 3.5 ] },
				"down": { "texture": "#frame", "uv": [ 13.0, 1.0, 15.0, 2.0 ] }
			}
		},
		{
			"name": "frame98",
			"from": [ 7.0, 4.5, 3.0 ], 
			"to": [ 9.0, 4.8, 3.5 ], 
			"rotationOrigin": [ 7.0, 3.0, 4.0 ],
			"faces": {
				"north": { "texture": "#frame", "uv": [ 7.5, 6.0, 9.5, 6.5 ] },
				"east": { "texture": "#frame", "uv": [ 2.0, 6.5, 2.5, 7.0 ] },
				"south": { "texture": "#frame", "uv": [ 4.0, 0.0, 6.0, 0.5 ] },
				"west": { "texture": "#frame", "uv": [ 1.5, 4.5, 2.0, 5.0 ] },
				"up": { "texture": "#frame", "uv": [ 8.0, 2.5, 10.0, 3.0 ] },
				"down": { "texture": "#frame", "uv": [ 13.0, 1.0, 15.0, 1.5 ] }
			}
		},
		{
			"name": "frame99",
			"from": [ 7.0, 5.0, 2.5 ], 
			"to": [ 9.0, 5.3, 3.0 ], 
			"rotationOrigin": [ 7.0, 3.0, 4.0 ],
			"faces": {
				"north": { "texture": "#frame", "uv": [ 7.5, 6.0, 9.5, 6.5 ] },
				"east": { "texture": "#frame", "uv": [ 2.0, 6.5, 2.5, 7.0 ] },
				"south": { "texture": "#frame", "uv": [ 4.0, 0.0, 6.0, 0.5 ] },
				"west": { "texture": "#frame", "uv": [ 1.5, 4.5, 2.0, 5.0 ] },
				"up": { "texture": "#frame", "uv": [ 8.0, 2.5, 10.0, 3.0 ] },
				"down": { "texture": "#frame", "uv": [ 13.0, 1.0, 15.0, 1.5 ] }
			}
		},
		{
			"name": "frame100",
			"from": [ 7.0, 6.5, 2.0 ], 
			"to": [ 9.0, 6.8, 2.5 ], 
			"rotationOrigin": [ 7.0, 4.0, 4.0 ],
			"faces": {
				"north": { "texture": "#frame", "uv": [ 7.5, 6.0, 9.5, 6.5 ] },
				"east": { "texture": "#frame", "uv": [ 2.0, 6.5, 2.5, 7.0 ] },
				"south": { "texture": "#frame", "uv": [ 4.0, 0.0, 6.0, 0.5 ] },
				"west": { "texture": "#frame", "uv": [ 1.5, 4.5, 2.0, 5.0 ] },
				"up": { "texture": "#frame", "uv": [ 8.0, 2.5, 10.0, 3.0 ] },
				"down": { "texture": "#frame", "uv": [ 13.0, 1.0, 15.0, 1.5 ] }
			}
		},
		{
			"name": "frame101",
			"from": [ 7.0, 5.3, 2.5 ], 
			"to": [ 9.0, 6.8, 2.8 ], 
			"rotationOrigin": [ 7.0, 3.0, 4.0 ],
			"faces": {
				"north": { "texture": "#frame", "uv": [ 7.5, 6.0, 9.5, 7.5 ] },
				"east": { "texture": "#frame", "uv": [ 2.0, 6.5, 2.5, 8.0 ] },
				"south": { "texture": "#frame", "uv": [ 4.0, 0.0, 6.0, 1.5 ] },
				"west": { "texture": "#frame", "uv": [ 1.5, 4.5, 2.0, 6.0 ] },
				"up": { "texture": "#frame", "uv": [ 8.0, 2.5, 10.0, 3.0 ] },
				"down": { "texture": "#frame", "uv": [ 13.0, 1.0, 15.0, 1.5 ] }
			}
		},
		{
			"name": "frame102",
			"from": [ 7.0, 4.8, 3.0 ], 
			"to": [ 9.0, 5.3, 3.3 ], 
			"rotationOrigin": [ 7.0, 3.0, 4.0 ],
			"faces": {
				"north": { "texture": "#frame", "uv": [ 7.5, 6.0, 9.5, 6.5 ] },
				"east": { "texture": "#frame", "uv": [ 2.0, 6.5, 2.5, 7.0 ] },
				"south": { "texture": "#frame", "uv": [ 4.0, 0.0, 6.0, 0.5 ] },
				"west": { "texture": "#frame", "uv": [ 1.5, 4.5, 2.0, 5.0 ] },
				"up": { "texture": "#frame", "uv": [ 8.0, 2.5, 10.0, 3.0 ] },
				"down": { "texture": "#frame", "uv": [ 13.0, 1.0, 15.0, 1.5 ] }
			}
		},
		{
			"name": "frame103",
			"from": [ 7.0, 3.8, 3.5 ], 
			"to": [ 9.0, 4.8, 3.8 ], 
			"rotationOrigin": [ 7.0, 3.0, 4.0 ],
			"faces": {
				"north": { "texture": "#frame", "uv": [ 7.5, 6.0, 9.5, 7.0 ] },
				"east": { "texture": "#frame", "uv": [ 2.0, 6.5, 2.5, 7.5 ] },
				"south": { "texture": "#frame", "uv": [ 4.0, 0.0, 6.0, 1.0 ] },
				"west": { "texture": "#frame", "uv": [ 1.5, 4.5, 2.0, 5.5 ] },
				"up": { "texture": "#frame", "uv": [ 8.0, 2.5, 10.0, 3.0 ] },
				"down": { "texture": "#frame", "uv": [ 13.0, 1.0, 15.0, 1.5 ] }
			}
		},
		{
			"name": "frame104",
			"from": [ 7.0, 3.3, 4.5 ], 
			"to": [ 9.0, 3.8, 4.8 ], 
			"rotationOrigin": [ 7.0, 2.0, 6.0 ],
			"faces": {
				"north": { "texture": "#frame", "uv": [ 7.5, 6.0, 9.5, 6.5 ] },
				"east": { "texture": "#frame", "uv": [ 2.0, 6.5, 2.5, 7.0 ] },
				"south": { "texture": "#frame", "uv": [ 4.0, 0.0, 6.0, 0.5 ] },
				"west": { "texture": "#frame", "uv": [ 1.5, 4.5, 2.0, 5.0 ] },
				"up": { "texture": "#frame", "uv": [ 8.0, 2.5, 10.0, 3.0 ] },
				"down": { "texture": "#frame", "uv": [ 13.0, 1.0, 15.0, 1.5 ] }
			}
		},
		{
			"name": "frame105",
			"from": [ 7.0, 2.8, 5.0 ], 
			"to": [ 9.0, 3.3, 5.3 ], 
			"rotationOrigin": [ 7.0, 2.0, 6.0 ],
			"faces": {
				"north": { "texture": "#frame", "uv": [ 7.5, 6.0, 9.5, 6.5 ] },
				"east": { "texture": "#frame", "uv": [ 2.0, 6.5, 2.5, 7.0 ] },
				"south": { "texture": "#frame", "uv": [ 4.0, 0.0, 6.0, 0.5 ] },
				"west": { "texture": "#frame", "uv": [ 1.5, 4.5, 2.0, 5.0 ] },
				"up": { "texture": "#frame", "uv": [ 8.0, 2.5, 10.0, 3.0 ] },
				"down": { "texture": "#frame", "uv": [ 13.0, 1.0, 15.0, 1.5 ] }
			}
		},
		{
			"name": "frame106",
			"from": [ 7.0, 2.0, 6.5 ], 
			"to": [ 9.0, 2.8, 6.8 ], 
			"rotationOrigin": [ 7.0, 2.0, 7.0 ],
			"faces": {
				"north": { "texture": "#frame", "uv": [ 7.5, 6.0, 9.5, 6.5 ] },
				"east": { "texture": "#frame", "uv": [ 2.0, 6.5, 2.5, 7.0 ] },
				"south": { "texture": "#frame", "uv": [ 4.0, 0.0, 6.0, 0.5 ] },
				"west": { "texture": "#frame", "uv": [ 1.5, 4.5, 2.0, 5.0 ] },
				"up": { "texture": "#frame", "uv": [ 8.0, 2.5, 10.0, 3.0 ] },
				"down": { "texture": "#frame", "uv": [ 13.0, 1.0, 15.0, 1.5 ] }
			}
		},
		{
			"name": "frame107",
			"from": [ 7.0, 2.0, 9.2 ], 
			"to": [ 9.0, 2.8, 9.5 ], 
			"rotationOrigin": [ 7.0, 2.0, 10.0 ],
			"faces": {
				"north": { "texture": "#frame", "uv": [ 7.5, 6.0, 9.5, 6.5 ] },
				"east": { "texture": "#frame", "uv": [ 2.0, 6.5, 2.5, 7.0 ] },
				"south": { "texture": "#frame", "uv": [ 4.0, 0.0, 6.0, 0.5 ] },
				"west": { "texture": "#frame", "uv": [ 1.5, 4.5, 2.0, 5.0 ] },
				"up": { "texture": "#frame", "uv": [ 8.0, 2.5, 10.0, 3.0 ] },
				"down": { "texture": "#frame", "uv": [ 13.0, 1.0, 15.0, 1.5 ] }
			}
		},
		{
			"name": "frame108",
			"from": [ 7.0, 2.5, 9.5 ], 
			"to": [ 9.0, 2.8, 11.0 ], 
			"rotationOrigin": [ 7.0, 1.0, 9.0 ],
			"faces": {
				"north": { "texture": "#frame", "uv": [ 7.5, 6.0, 9.5, 6.5 ] },
				"east": { "texture": "#frame", "uv": [ 2.0, 6.5, 3.5, 7.0 ] },
				"south": { "texture": "#frame", "uv": [ 4.0, 0.0, 6.0, 0.5 ] },
				"west": { "texture": "#frame", "uv": [ 1.5, 4.5, 3.0, 5.0 ] },
				"up": { "texture": "#frame", "uv": [ 8.0, 2.5, 10.0, 4.0 ] },
				"down": { "texture": "#frame", "uv": [ 13.0, 1.0, 15.0, 2.5 ] }
			}
		},
		{
			"name": "frame109",
			"from": [ 7.0, 3.3, 11.2 ], 
			"to": [ 9.0, 3.8, 11.5 ], 
			"rotationOrigin": [ 7.0, 2.0, 13.0 ],
			"faces": {
				"north": { "texture": "#frame", "uv": [ 7.5, 6.0, 9.5, 6.5 ] },
				"east": { "texture": "#frame", "uv": [ 2.0, 6.5, 2.5, 7.0 ] },
				"south": { "texture": "#frame", "uv": [ 4.0, 0.0, 6.0, 0.5 ] },
				"west": { "texture": "#frame", "uv": [ 1.5, 4.5, 2.0, 5.0 ] },
				"up": { "texture": "#frame", "uv": [ 8.0, 2.5, 10.0, 3.0 ] },
				"down": { "texture": "#frame", "uv": [ 13.0, 1.0, 15.0, 1.5 ] }
			}
		},
		{
			"name": "frame110",
			"from": [ 7.0, 3.0, 11.0 ], 
			"to": [ 9.0, 3.3, 11.5 ], 
			"rotationOrigin": [ 7.0, 2.0, 11.0 ],
			"faces": {
				"north": { "texture": "#frame", "uv": [ 7.5, 6.0, 9.5, 6.5 ] },
				"east": { "texture": "#frame", "uv": [ 2.0, 6.5, 2.5, 7.0 ] },
				"south": { "texture": "#frame", "uv": [ 4.0, 0.0, 6.0, 0.5 ] },
				"west": { "texture": "#frame", "uv": [ 1.5, 4.5, 2.0, 5.0 ] },
				"up": { "texture": "#frame", "uv": [ 8.0, 2.5, 10.0, 3.0 ] },
				"down": { "texture": "#frame", "uv": [ 13.0, 1.0, 15.0, 1.5 ] }
			}
		},
		{
			"name": "frame111",
			"from": [ 7.0, 2.8, 10.7 ], 
			"to": [ 9.0, 3.3, 11.0 ], 
			"rotationOrigin": [ 7.0, 2.0, 12.0 ],
			"faces": {
				"north": { "texture": "#frame", "uv": [ 7.5, 6.0, 9.5, 6.5 ] },
				"east": { "texture": "#frame", "uv": [ 2.0, 6.5, 2.5, 7.0 ] },
				"south": { "texture": "#frame", "uv": [ 4.0, 0.0, 6.0, 0.5 ] },
				"west": { "texture": "#frame", "uv": [ 1.5, 4.5, 2.0, 5.0 ] },
				"up": { "texture": "#frame", "uv": [ 8.0, 2.5, 10.0, 3.0 ] },
				"down": { "texture": "#frame", "uv": [ 13.0, 1.0, 15.0, 1.5 ] }
			}
		},
		{
			"name": "frame112",
			"from": [ 7.0, 3.5, 11.5 ], 
			"to": [ 9.0, 3.8, 12.5 ], 
			"rotationOrigin": [ 7.0, 2.0, 12.0 ],
			"faces": {
				"north": { "texture": "#frame", "uv": [ 7.5, 6.0, 9.5, 6.5 ] },
				"east": { "texture": "#frame", "uv": [ 2.0, 6.5, 3.0, 7.0 ] },
				"south": { "texture": "#frame", "uv": [ 4.0, 0.0, 6.0, 0.5 ] },
				"west": { "texture": "#frame", "uv": [ 1.5, 4.5, 2.5, 5.0 ] },
				"up": { "texture": "#frame", "uv": [ 8.0, 2.5, 10.0, 3.5 ] },
				"down": { "texture": "#frame", "uv": [ 13.0, 1.0, 15.0, 2.0 ] }
			}
		},
		{
			"name": "frame113",
			"from": [ 7.0, 3.8, 12.2 ], 
			"to": [ 9.0, 4.8, 12.5 ], 
			"rotationOrigin": [ 7.0, 3.0, 13.0 ],
			"faces": {
				"north": { "texture": "#frame", "uv": [ 7.5, 6.0, 9.5, 7.0 ] },
				"east": { "texture": "#frame", "uv": [ 2.0, 6.5, 2.5, 7.5 ] },
				"south": { "texture": "#frame", "uv": [ 4.0, 0.0, 6.0, 1.0 ] },
				"west": { "texture": "#frame", "uv": [ 1.5, 4.5, 2.0, 5.5 ] },
				"up": { "texture": "#frame", "uv": [ 8.0, 2.5, 10.0, 3.0 ] },
				"down": { "texture": "#frame", "uv": [ 13.0, 1.0, 15.0, 1.5 ] }
			}
		},
		{
			"name": "frame114",
			"from": [ 7.0, 4.5, 12.5 ], 
			"to": [ 9.0, 4.8, 13.0 ], 
			"rotationOrigin": [ 7.0, 3.0, 13.0 ],
			"faces": {
				"north": { "texture": "#frame", "uv": [ 7.5, 6.0, 9.5, 6.5 ] },
				"east": { "texture": "#frame", "uv": [ 2.0, 6.5, 2.5, 7.0 ] },
				"south": { "texture": "#frame", "uv": [ 4.0, 0.0, 6.0, 0.5 ] },
				"west": { "texture": "#frame", "uv": [ 1.5, 4.5, 2.0, 5.0 ] },
				"up": { "texture": "#frame", "uv": [ 8.0, 2.5, 10.0, 3.0 ] },
				"down": { "texture": "#frame", "uv": [ 13.0, 1.0, 15.0, 1.5 ] }
			}
		},
		{
			"name": "frame115",
			"from": [ 7.0, 4.8, 12.7 ], 
			"to": [ 9.0, 5.3, 13.0 ], 
			"rotationOrigin": [ 7.0, 3.0, 14.0 ],
			"faces": {
				"north": { "texture": "#frame", "uv": [ 7.5, 6.0, 9.5, 6.5 ] },
				"east": { "texture": "#frame", "uv": [ 2.0, 6.5, 2.5, 7.0 ] },
				"south": { "texture": "#frame", "uv": [ 4.0, 0.0, 6.0, 0.5 ] },
				"west": { "texture": "#frame", "uv": [ 1.5, 4.5, 2.0, 5.0 ] },
				"up": { "texture": "#frame", "uv": [ 8.0, 2.5, 10.0, 3.0 ] },
				"down": { "texture": "#frame", "uv": [ 13.0, 1.0, 15.0, 1.5 ] }
			}
		},
		{
			"name": "frame116",
			"from": [ 7.0, 5.0, 13.0 ], 
			"to": [ 9.0, 5.3, 13.5 ], 
			"rotationOrigin": [ 7.0, 3.0, 15.0 ],
			"faces": {
				"north": { "texture": "#frame", "uv": [ 7.5, 6.0, 9.5, 6.5 ] },
				"east": { "texture": "#frame", "uv": [ 2.0, 6.5, 2.5, 7.0 ] },
				"south": { "texture": "#frame", "uv": [ 4.0, 0.0, 6.0, 0.5 ] },
				"west": { "texture": "#frame", "uv": [ 1.5, 4.5, 2.0, 5.0 ] },
				"up": { "texture": "#frame", "uv": [ 8.0, 2.5, 10.0, 3.0 ] },
				"down": { "texture": "#frame", "uv": [ 13.0, 1.0, 15.0, 1.5 ] }
			}
		},
		{
			"name": "frame117",
			"from": [ 7.0, 5.3, 13.2 ], 
			"to": [ 9.0, 6.8, 13.5 ], 
			"rotationOrigin": [ 7.0, 3.0, 15.0 ],
			"faces": {
				"north": { "texture": "#frame", "uv": [ 7.5, 6.0, 9.5, 7.5 ] },
				"east": { "texture": "#frame", "uv": [ 2.0, 6.5, 2.5, 8.0 ] },
				"south": { "texture": "#frame", "uv": [ 4.0, 0.0, 6.0, 1.5 ] },
				"west": { "texture": "#frame", "uv": [ 1.5, 4.5, 2.0, 6.0 ] },
				"up": { "texture": "#frame", "uv": [ 8.0, 2.5, 10.0, 3.0 ] },
				"down": { "texture": "#frame", "uv": [ 13.0, 1.0, 15.0, 1.5 ] }
			}
		},
		{
			"name": "frame118",
			"from": [ 7.0, 6.5, 13.5 ], 
			"to": [ 9.0, 6.8, 14.0 ], 
			"rotationOrigin": [ 7.0, 4.0, 16.0 ],
			"faces": {
				"north": { "texture": "#frame", "uv": [ 7.5, 6.0, 9.5, 6.5 ] },
				"east": { "texture": "#frame", "uv": [ 2.0, 6.5, 2.5, 7.0 ] },
				"south": { "texture": "#frame", "uv": [ 4.0, 0.0, 6.0, 0.5 ] },
				"west": { "texture": "#frame", "uv": [ 1.5, 4.5, 2.0, 5.0 ] },
				"up": { "texture": "#frame", "uv": [ 8.0, 2.5, 10.0, 3.0 ] },
				"down": { "texture": "#frame", "uv": [ 13.0, 1.0, 15.0, 1.5 ] }
			}
		},
		{
			"name": "frame119",
			"from": [ 7.0, 6.8, 2.0 ], 
			"to": [ 9.0, 9.3, 2.3 ], 
			"rotationOrigin": [ 7.0, 4.0, 4.0 ],
			"faces": {
				"north": { "texture": "#frame", "uv": [ 7.5, 6.0, 9.5, 8.5 ] },
				"east": { "texture": "#frame", "uv": [ 2.0, 6.5, 2.5, 9.0 ] },
				"south": { "texture": "#frame", "uv": [ 4.0, 0.0, 6.0, 2.5 ] },
				"west": { "texture": "#frame", "uv": [ 1.5, 4.5, 2.0, 7.0 ] },
				"up": { "texture": "#frame", "uv": [ 8.0, 2.5, 10.0, 3.0 ] },
				"down": { "texture": "#frame", "uv": [ 13.0, 1.0, 15.0, 1.5 ] }
			}
		},
		{
			"name": "frame120",
			"from": [ 7.0, 9.2, 2.0 ], 
			"to": [ 9.0, 9.5, 2.5 ], 
			"rotationOrigin": [ 7.0, 7.0, 4.0 ],
			"faces": {
				"north": { "texture": "#frame", "uv": [ 7.5, 6.0, 9.5, 6.5 ] },
				"east": { "texture": "#frame", "uv": [ 2.0, 6.5, 2.5, 7.0 ] },
				"south": { "texture": "#frame", "uv": [ 4.0, 0.0, 6.0, 0.5 ] },
				"west": { "texture": "#frame", "uv": [ 1.5, 4.5, 2.0, 5.0 ] },
				"up": { "texture": "#frame", "uv": [ 8.0, 2.5, 10.0, 3.0 ] },
				"down": { "texture": "#frame", "uv": [ 13.0, 1.0, 15.0, 1.5 ] }
			}
		},
		{
			"name": "frame121",
			"from": [ 7.0, 9.2, 2.5 ], 
			"to": [ 9.0, 10.7, 2.8 ], 
			"rotationOrigin": [ 7.0, 7.0, 4.0 ],
			"faces": {
				"north": { "texture": "#frame", "uv": [ 7.5, 6.0, 9.5, 7.5 ] },
				"east": { "texture": "#frame", "uv": [ 2.0, 6.5, 2.5, 8.0 ] },
				"south": { "texture": "#frame", "uv": [ 4.0, 0.0, 6.0, 1.5 ] },
				"west": { "texture": "#frame", "uv": [ 1.5, 4.5, 2.0, 6.0 ] },
				"up": { "texture": "#frame", "uv": [ 8.0, 2.5, 10.0, 3.0 ] },
				"down": { "texture": "#frame", "uv": [ 13.0, 1.0, 15.0, 1.5 ] }
			}
		},
		{
			"name": "frame122",
			"from": [ 7.0, 10.7, 2.5 ], 
			"to": [ 9.0, 11.0, 3.0 ], 
			"rotationOrigin": [ 7.0, 9.0, 4.0 ],
			"faces": {
				"north": { "texture": "#frame", "uv": [ 7.5, 6.0, 9.5, 6.5 ] },
				"east": { "texture": "#frame", "uv": [ 2.0, 6.5, 2.5, 7.0 ] },
				"south": { "texture": "#frame", "uv": [ 4.0, 0.0, 6.0, 0.5 ] },
				"west": { "texture": "#frame", "uv": [ 1.5, 4.5, 2.0, 5.0 ] },
				"up": { "texture": "#frame", "uv": [ 8.0, 2.5, 10.0, 3.0 ] },
				"down": { "texture": "#frame", "uv": [ 13.0, 1.0, 15.0, 1.5 ] }
			}
		},
		{
			"name": "frame123",
			"from": [ 7.0, 10.7, 3.0 ], 
			"to": [ 9.0, 11.2, 3.3 ], 
			"rotationOrigin": [ 7.0, 9.0, 4.0 ],
			"faces": {
				"north": { "texture": "#frame", "uv": [ 7.5, 6.0, 9.5, 6.5 ] },
				"east": { "texture": "#frame", "uv": [ 2.0, 6.5, 2.5, 7.0 ] },
				"south": { "texture": "#frame", "uv": [ 4.0, 0.0, 6.0, 0.5 ] },
				"west": { "texture": "#frame", "uv": [ 1.5, 4.5, 2.0, 5.0 ] },
				"up": { "texture": "#frame", "uv": [ 8.0, 2.5, 10.0, 3.0 ] },
				"down": { "texture": "#frame", "uv": [ 13.0, 1.0, 15.0, 1.5 ] }
			}
		},
		{
			"name": "frame124",
			"from": [ 7.0, 11.2, 3.0 ], 
			"to": [ 9.0, 11.5, 3.5 ], 
			"rotationOrigin": [ 7.0, 10.0, 4.0 ],
			"faces": {
				"north": { "texture": "#frame", "uv": [ 7.5, 6.0, 9.5, 6.5 ] },
				"east": { "texture": "#frame", "uv": [ 2.0, 6.5, 2.5, 7.0 ] },
				"south": { "texture": "#frame", "uv": [ 4.0, 0.0, 6.0, 0.5 ] },
				"west": { "texture": "#frame", "uv": [ 1.5, 4.5, 2.0, 5.0 ] },
				"up": { "texture": "#frame", "uv": [ 8.0, 2.5, 10.0, 3.0 ] },
				"down": { "texture": "#frame", "uv": [ 13.0, 1.0, 15.0, 1.5 ] }
			}
		},
		{
			"name": "frame125",
			"from": [ 7.0, 11.2, 3.5 ], 
			"to": [ 9.0, 12.2, 3.8 ], 
			"rotationOrigin": [ 7.0, 11.0, 4.0 ],
			"faces": {
				"north": { "texture": "#frame", "uv": [ 7.5, 6.0, 9.5, 7.0 ] },
				"east": { "texture": "#frame", "uv": [ 2.0, 6.5, 2.5, 7.5 ] },
				"south": { "texture": "#frame", "uv": [ 4.0, 0.0, 6.0, 1.0 ] },
				"west": { "texture": "#frame", "uv": [ 1.5, 4.5, 2.0, 5.5 ] },
				"up": { "texture": "#frame", "uv": [ 8.0, 2.5, 10.0, 3.0 ] },
				"down": { "texture": "#frame", "uv": [ 13.0, 1.0, 15.0, 1.5 ] }
			}
		},
		{
			"name": "frame126",
			"from": [ 7.0, 12.2, 3.5 ], 
			"to": [ 9.0, 12.5, 4.5 ], 
			"rotationOrigin": [ 7.0, 11.0, 4.0 ],
			"faces": {
				"north": { "texture": "#frame", "uv": [ 7.5, 6.0, 9.5, 6.5 ] },
				"east": { "texture": "#frame", "uv": [ 2.0, 6.5, 3.0, 7.0 ] },
				"south": { "texture": "#frame", "uv": [ 4.0, 0.0, 6.0, 0.5 ] },
				"west": { "texture": "#frame", "uv": [ 1.5, 4.5, 2.5, 5.0 ] },
				"up": { "texture": "#frame", "uv": [ 8.0, 2.5, 10.0, 3.5 ] },
				"down": { "texture": "#frame", "uv": [ 13.0, 1.0, 15.0, 2.0 ] }
			}
		},
		{
			"name": "frame127",
			"from": [ 7.0, 12.2, 4.5 ], 
			"to": [ 9.0, 12.7, 4.8 ], 
			"rotationOrigin": [ 7.0, 11.0, 6.0 ],
			"faces": {
				"north": { "texture": "#frame", "uv": [ 7.5, 6.0, 9.5, 6.5 ] },
				"east": { "texture": "#frame", "uv": [ 2.0, 6.5, 2.5, 7.0 ] },
				"south": { "texture": "#frame", "uv": [ 4.0, 0.0, 6.0, 0.5 ] },
				"west": { "texture": "#frame", "uv": [ 1.5, 4.5, 2.0, 5.0 ] },
				"up": { "texture": "#frame", "uv": [ 8.0, 2.5, 10.0, 3.0 ] },
				"down": { "texture": "#frame", "uv": [ 13.0, 1.0, 15.0, 1.5 ] }
			}
		},
		{
			"name": "frame128",
			"from": [ 7.0, 12.7, 4.5 ], 
			"to": [ 9.0, 13.0, 5.0 ], 
			"rotationOrigin": [ 7.0, 12.0, 5.0 ],
			"faces": {
				"north": { "texture": "#frame", "uv": [ 7.5, 6.0, 9.5, 6.5 ] },
				"east": { "texture": "#frame", "uv": [ 2.0, 6.5, 2.5, 7.0 ] },
				"south": { "texture": "#frame", "uv": [ 4.0, 0.0, 6.0, 0.5 ] },
				"west": { "texture": "#frame", "uv": [ 1.5, 4.5, 2.0, 5.0 ] },
				"up": { "texture": "#frame", "uv": [ 8.0, 2.5, 10.0, 3.0 ] },
				"down": { "texture": "#frame", "uv": [ 13.0, 1.0, 15.0, 1.5 ] }
			}
		},
		{
			"name": "frame129",
			"from": [ 7.0, 12.7, 5.0 ], 
			"to": [ 9.0, 13.2, 5.3 ], 
			"rotationOrigin": [ 7.0, 12.0, 6.0 ],
			"faces": {
				"north": { "texture": "#frame", "uv": [ 7.5, 6.0, 9.5, 6.5 ] },
				"east": { "texture": "#frame", "uv": [ 2.0, 6.5, 2.5, 7.0 ] },
				"south": { "texture": "#frame", "uv": [ 4.0, 0.0, 6.0, 0.5 ] },
				"west": { "texture": "#frame", "uv": [ 1.5, 4.5, 2.0, 5.0 ] },
				"up": { "texture": "#frame", "uv": [ 8.0, 2.5, 10.0, 3.0 ] },
				"down": { "texture": "#frame", "uv": [ 13.0, 1.0, 15.0, 1.5 ] }
			}
		},
		{
			"name": "frame130",
			"from": [ 7.0, 13.2, 5.0 ], 
			"to": [ 9.0, 13.5, 6.5 ], 
			"rotationOrigin": [ 7.0, 11.0, 5.0 ],
			"faces": {
				"north": { "texture": "#frame", "uv": [ 7.5, 6.0, 9.5, 6.5 ] },
				"east": { "texture": "#frame", "uv": [ 2.0, 6.5, 3.5, 7.0 ] },
				"south": { "texture": "#frame", "uv": [ 4.0, 0.0, 6.0, 0.5 ] },
				"west": { "texture": "#frame", "uv": [ 1.5, 4.5, 3.0, 5.0 ] },
				"up": { "texture": "#frame", "uv": [ 8.0, 2.5, 10.0, 4.0 ] },
				"down": { "texture": "#frame", "uv": [ 13.0, 1.0, 15.0, 2.5 ] }
			}
		},
		{
			"name": "frame131",
			"from": [ 7.0, 13.2, 6.5 ], 
			"to": [ 9.0, 14.0, 6.8 ], 
			"rotationOrigin": [ 7.0, 13.0, 7.0 ],
			"faces": {
				"north": { "texture": "#frame", "uv": [ 7.5, 6.0, 9.5, 6.5 ] },
				"east": { "texture": "#frame", "uv": [ 2.0, 6.5, 2.5, 7.0 ] },
				"south": { "texture": "#frame", "uv": [ 4.0, 0.0, 6.0, 0.5 ] },
				"west": { "texture": "#frame", "uv": [ 1.5, 4.5, 2.0, 5.0 ] },
				"up": { "texture": "#frame", "uv": [ 8.0, 2.5, 10.0, 3.0 ] },
				"down": { "texture": "#frame", "uv": [ 13.0, 1.0, 15.0, 1.5 ] }
			}
		},
		{
			"name": "frame132",
			"from": [ 7.0, 13.7, 6.8 ], 
			"to": [ 9.0, 14.0, 9.2 ], 
			"rotationOrigin": [ 7.0, 12.0, 7.0 ],
			"faces": {
				"north": { "texture": "#frame", "uv": [ 7.5, 6.0, 9.5, 6.5 ] },
				"east": { "texture": "#frame", "uv": [ 2.0, 6.5, 4.0, 7.0 ] },
				"south": { "texture": "#frame", "uv": [ 4.0, 0.0, 6.0, 0.5 ] },
				"west": { "texture": "#frame", "uv": [ 1.5, 4.5, 3.5, 5.0 ] },
				"up": { "texture": "#frame", "uv": [ 8.0, 2.5, 10.0, 4.5 ] },
				"down": { "texture": "#frame", "uv": [ 13.0, 1.0, 15.0, 3.0 ] }
			}
		},
		{
			"name": "frame133",
			"from": [ 7.0, 13.2, 9.2 ], 
			"to": [ 9.0, 14.0, 9.5 ], 
			"rotationOrigin": [ 7.0, 13.0, 10.0 ],
			"faces": {
				"north": { "texture": "#frame", "uv": [ 7.5, 6.0, 9.5, 6.5 ] },
				"east": { "texture": "#frame", "uv": [ 2.0, 6.5, 2.5, 7.0 ] },
				"south": { "texture": "#frame", "uv": [ 4.0, 0.0, 6.0, 0.5 ] },
				"west": { "texture": "#frame", "uv": [ 1.5, 4.5, 2.0, 5.0 ] },
				"up": { "texture": "#frame", "uv": [ 8.0, 2.5, 10.0, 3.0 ] },
				"down": { "texture": "#frame", "uv": [ 13.0, 1.0, 15.0, 1.5 ] }
			}
		},
		{
			"name": "frame134",
			"from": [ 7.0, 13.2, 9.5 ], 
			"to": [ 9.0, 13.5, 11.0 ], 
			"rotationOrigin": [ 7.0, 12.0, 9.0 ],
			"faces": {
				"north": { "texture": "#frame", "uv": [ 7.5, 6.0, 9.5, 6.5 ] },
				"east": { "texture": "#frame", "uv": [ 2.0, 6.5, 3.5, 7.0 ] },
				"south": { "texture": "#frame", "uv": [ 4.0, 0.0, 6.0, 0.5 ] },
				"west": { "texture": "#frame", "uv": [ 1.5, 4.5, 3.0, 5.0 ] },
				"up": { "texture": "#frame", "uv": [ 8.0, 2.5, 10.0, 4.0 ] },
				"down": { "texture": "#frame", "uv": [ 13.0, 1.0, 15.0, 2.5 ] }
			}
		},
		{
			"name": "frame135",
			"from": [ 7.0, 12.7, 10.7 ], 
			"to": [ 9.0, 13.2, 11.0 ], 
			"rotationOrigin": [ 7.0, 12.0, 12.0 ],
			"faces": {
				"north": { "texture": "#frame", "uv": [ 7.5, 6.0, 9.5, 6.5 ] },
				"east": { "texture": "#frame", "uv": [ 2.0, 6.5, 2.5, 7.0 ] },
				"south": { "texture": "#frame", "uv": [ 4.0, 0.0, 6.0, 0.5 ] },
				"west": { "texture": "#frame", "uv": [ 1.5, 4.5, 2.0, 5.0 ] },
				"up": { "texture": "#frame", "uv": [ 8.0, 2.5, 10.0, 3.0 ] },
				"down": { "texture": "#frame", "uv": [ 13.0, 1.0, 15.0, 1.5 ] }
			}
		},
		{
			"name": "frame136",
			"from": [ 7.0, 12.7, 11.0 ], 
			"to": [ 9.0, 13.0, 11.5 ], 
			"rotationOrigin": [ 7.0, 11.0, 11.0 ],
			"faces": {
				"north": { "texture": "#frame", "uv": [ 7.5, 6.0, 9.5, 6.5 ] },
				"east": { "texture": "#frame", "uv": [ 2.0, 6.5, 2.5, 7.0 ] },
				"south": { "texture": "#frame", "uv": [ 4.0, 0.0, 6.0, 0.5 ] },
				"west": { "texture": "#frame", "uv": [ 1.5, 4.5, 2.0, 5.0 ] },
				"up": { "texture": "#frame", "uv": [ 8.0, 2.5, 10.0, 3.0 ] },
				"down": { "texture": "#frame", "uv": [ 13.0, 1.0, 15.0, 1.5 ] }
			}
		},
		{
			"name": "frame137",
			"from": [ 7.0, 12.2, 11.2 ], 
			"to": [ 9.0, 12.7, 11.5 ], 
			"rotationOrigin": [ 7.0, 11.0, 13.0 ],
			"faces": {
				"north": { "texture": "#frame", "uv": [ 7.5, 6.0, 9.5, 6.5 ] },
				"east": { "texture": "#frame", "uv": [ 2.0, 6.5, 2.5, 7.0 ] },
				"south": { "texture": "#frame", "uv": [ 4.0, 0.0, 6.0, 0.5 ] },
				"west": { "texture": "#frame", "uv": [ 1.5, 4.5, 2.0, 5.0 ] },
				"up": { "texture": "#frame", "uv": [ 8.0, 2.5, 10.0, 3.0 ] },
				"down": { "texture": "#frame", "uv": [ 13.0, 1.0, 15.0, 1.5 ] }
			}
		},
		{
			"name": "frame138",
			"from": [ 7.0, 12.2, 11.5 ], 
			"to": [ 9.0, 12.5, 12.5 ], 
			"rotationOrigin": [ 7.0, 11.0, 12.0 ],
			"faces": {
				"north": { "texture": "#frame", "uv": [ 7.5, 6.0, 9.5, 6.5 ] },
				"east": { "texture": "#frame", "uv": [ 2.0, 6.5, 3.0, 7.0 ] },
				"south": { "texture": "#frame", "uv": [ 4.0, 0.0, 6.0, 0.5 ] },
				"west": { "texture": "#frame", "uv": [ 1.5, 4.5, 2.5, 5.0 ] },
				"up": { "texture": "#frame", "uv": [ 8.0, 2.5, 10.0, 3.5 ] },
				"down": { "texture": "#frame", "uv": [ 13.0, 1.0, 15.0, 2.0 ] }
			}
		},
		{
			"name": "frame139",
			"from": [ 7.0, 11.2, 12.2 ], 
			"to": [ 9.0, 12.2, 12.5 ], 
			"rotationOrigin": [ 7.0, 11.0, 13.0 ],
			"faces": {
				"north": { "texture": "#frame", "uv": [ 7.5, 6.0, 9.5, 7.0 ] },
				"east": { "texture": "#frame", "uv": [ 2.0, 6.5, 2.5, 7.5 ] },
				"south": { "texture": "#frame", "uv": [ 4.0, 0.0, 6.0, 1.0 ] },
				"west": { "texture": "#frame", "uv": [ 1.5, 4.5, 2.0, 5.5 ] },
				"up": { "texture": "#frame", "uv": [ 8.0, 2.5, 10.0, 3.0 ] },
				"down": { "texture": "#frame", "uv": [ 13.0, 1.0, 15.0, 1.5 ] }
			}
		},
		{
			"name": "frame140",
			"from": [ 7.0, 11.2, 12.5 ], 
			"to": [ 9.0, 11.5, 13.0 ], 
			"rotationOrigin": [ 7.0, 10.0, 13.0 ],
			"faces": {
				"north": { "texture": "#frame", "uv": [ 7.5, 6.0, 9.5, 6.5 ] },
				"east": { "texture": "#frame", "uv": [ 2.0, 6.5, 2.5, 7.0 ] },
				"south": { "texture": "#frame", "uv": [ 4.0, 0.0, 6.0, 0.5 ] },
				"west": { "texture": "#frame", "uv": [ 1.5, 4.5, 2.0, 5.0 ] },
				"up": { "texture": "#frame", "uv": [ 8.0, 2.5, 10.0, 3.0 ] },
				"down": { "texture": "#frame", "uv": [ 13.0, 1.0, 15.0, 1.5 ] }
			}
		},
		{
			"name": "frame141",
			"from": [ 7.0, 10.7, 12.7 ], 
			"to": [ 9.0, 11.2, 13.0 ], 
			"rotationOrigin": [ 7.0, 9.0, 14.0 ],
			"faces": {
				"north": { "texture": "#frame", "uv": [ 7.5, 6.0, 9.5, 6.5 ] },
				"east": { "texture": "#frame", "uv": [ 2.0, 6.5, 2.5, 7.0 ] },
				"south": { "texture": "#frame", "uv": [ 4.0, 0.0, 6.0, 0.5 ] },
				"west": { "texture": "#frame", "uv": [ 1.5, 4.5, 2.0, 5.0 ] },
				"up": { "texture": "#frame", "uv": [ 8.0, 2.5, 10.0, 3.0 ] },
				"down": { "texture": "#frame", "uv": [ 13.0, 1.0, 15.0, 1.5 ] }
			}
		},
		{
			"name": "frame142",
			"from": [ 7.0, 10.7, 13.0 ], 
			"to": [ 9.0, 11.0, 13.5 ], 
			"rotationOrigin": [ 7.0, 9.0, 15.0 ],
			"faces": {
				"north": { "texture": "#frame", "uv": [ 7.5, 6.0, 9.5, 6.5 ] },
				"east": { "texture": "#frame", "uv": [ 2.0, 6.5, 2.5, 7.0 ] },
				"south": { "texture": "#frame", "uv": [ 4.0, 0.0, 6.0, 0.5 ] },
				"west": { "texture": "#frame", "uv": [ 1.5, 4.5, 2.0, 5.0 ] },
				"up": { "texture": "#frame", "uv": [ 8.0, 2.5, 10.0, 3.0 ] },
				"down": { "texture": "#frame", "uv": [ 13.0, 1.0, 15.0, 1.5 ] }
			}
		},
		{
			"name": "frame143",
			"from": [ 7.0, 9.2, 13.2 ], 
			"to": [ 9.0, 10.7, 13.5 ], 
			"rotationOrigin": [ 7.0, 7.0, 15.0 ],
			"faces": {
				"north": { "texture": "#frame", "uv": [ 7.5, 6.0, 9.5, 7.5 ] },
				"east": { "texture": "#frame", "uv": [ 2.0, 6.5, 2.5, 8.0 ] },
				"south": { "texture": "#frame", "uv": [ 4.0, 0.0, 6.0, 1.5 ] },
				"west": { "texture": "#frame", "uv": [ 1.5, 4.5, 2.0, 6.0 ] },
				"up": { "texture": "#frame", "uv": [ 8.0, 2.5, 10.0, 3.0 ] },
				"down": { "texture": "#frame", "uv": [ 13.0, 1.0, 15.0, 1.5 ] }
			}
		},
		{
			"name": "frame144",
			"from": [ 7.0, 9.2, 13.5 ], 
			"to": [ 9.0, 9.5, 14.0 ], 
			"rotationOrigin": [ 7.0, 7.0, 16.0 ],
			"faces": {
				"north": { "texture": "#frame", "uv": [ 7.5, 6.0, 9.5, 6.5 ] },
				"east": { "texture": "#frame", "uv": [ 2.0, 6.5, 2.5, 7.0 ] },
				"south": { "texture": "#frame", "uv": [ 4.0, 0.0, 6.0, 0.5 ] },
				"west": { "texture": "#frame", "uv": [ 1.5, 4.5, 2.0, 5.0 ] },
				"up": { "texture": "#frame", "uv": [ 8.0, 2.5, 10.0, 3.0 ] },
				"down": { "texture": "#frame", "uv": [ 13.0, 1.0, 15.0, 1.5 ] }
			}
		},
		{
			"name": "frame145",
			"from": [ 7.0, 6.8, 13.7 ], 
			"to": [ 9.0, 9.3, 14.0 ], 
			"rotationOrigin": [ 7.0, 4.0, 16.0 ],
			"faces": {
				"north": { "texture": "#frame", "uv": [ 7.5, 6.0, 9.5, 8.5 ] },
				"east": { "texture": "#frame", "uv": [ 2.0, 6.5, 2.5, 9.0 ] },
				"south": { "texture": "#frame", "uv": [ 4.0, 0.0, 6.0, 2.5 ] },
				"west": { "texture": "#frame", "uv": [ 1.5, 4.5, 2.0, 7.0 ] },
				"up": { "texture": "#frame", "uv": [ 8.0, 2.5, 10.0, 3.0 ] },
				"down": { "texture": "#frame", "uv": [ 13.0, 1.0, 15.0, 1.5 ] }
			}
		}
	]}