{
	"editor": {
		"allAngles": false,
		"entityTextureMode": false
	},
	"textureWidth": 16,
	"textureHeight": 16,

	"elements": [
		{
			"name": "m_r_w_bw",
			"from": [ 6.0, 0.0, 14.0 ], 
			"to": [ 10.0, 16.0, 15.0 ], 
			"rotationOrigin": [ 6.0, 0.0, 14.0 ],
			"faces": {
				"north": { "texture": "#wood1", "uv": [ 0.0, 0.0, 4.0, 16.0 ] },
				"east": { "texture": "#wood1", "uv": [ 0.0, 0.0, 1.0, 16.0 ] },
				"south": { "texture": "#wood1", "uv": [ 0.0, 0.0, 4.0, 16.0 ] },
				"west": { "texture": "#wood1", "uv": [ 0.0, 0.0, 1.0, 16.0 ] },
				"up": { "texture": "#wood1", "uv": [ 0.0, 0.0, 4.0, 1.0 ] },
				"down": { "texture": "#wood1", "uv": [ 0.0, 0.0, 4.0, 1.0 ] }
			},
			"children": [
				{
					"name": "Cube2",
					"from": [ -1.0, 0.0, -14.0 ], 
					"to": [ 5.0, 16.0, -13.0 ], 
					"rotationOrigin": [ -1.0, 0.0, -14.0 ],
					"faces": {
						"north": { "texture": "#wood1", "uv": [ 0.0, 0.0, 6.0, 16.0 ] },
						"east": { "texture": "#wood1", "uv": [ 0.0, 0.0, 1.0, 16.0 ] },
						"south": { "texture": "#wood1", "uv": [ 0.0, 0.0, 6.0, 16.0 ] },
						"west": { "texture": "#wood1", "uv": [ 0.0, 0.0, 1.0, 16.0 ] },
						"up": { "texture": "#wood1", "uv": [ 0.0, 0.0, 6.0, 1.0 ] },
						"down": { "texture": "#wood1", "uv": [ 0.0, 0.0, 6.0, 1.0 ] }
					}
				},
				{
					"name": "mcub",
					"from": [ -1.0, 0.0, 1.0 ], 
					"to": [ 5.0, 16.0, 2.0 ], 
					"rotationOrigin": [ -1.0, 0.0, 1.0 ],
					"faces": {
						"north": { "texture": "#wood1", "uv": [ 0.0, 0.0, 6.0, 16.0 ] },
						"east": { "texture": "#wood1", "uv": [ 0.0, 0.0, 1.0, 16.0 ] },
						"south": { "texture": "#wood1", "uv": [ 0.0, 0.0, 6.0, 16.0 ] },
						"west": { "texture": "#wood1", "uv": [ 0.0, 0.0, 1.0, 16.0 ] },
						"up": { "texture": "#wood1", "uv": [ 0.0, 0.0, 6.0, 1.0 ] },
						"down": { "texture": "#wood1", "uv": [ 0.0, 0.0, 6.0, 1.0 ] }
					}
				},
				{
					"name": "frame",
					"from": [ 1.0, 0.0, -12.0 ], 
					"to": [ 3.0, 0.3, 0.0 ], 
					"rotationOrigin": [ 1.0, -1.0, -12.0 ],
					"faces": {
						"north": { "texture": "#frame", "uv": [ 7.5, 6.0, 9.5, 6.5 ] },
						"east": { "texture": "#frame", "uv": [ 2.0, 6.5, 14.0, 7.0 ] },
						"south": { "texture": "#frame", "uv": [ 4.0, 0.0, 6.0, 0.5 ] },
						"west": { "texture": "#frame", "uv": [ 1.5, 4.5, 13.5, 5.0 ] },
						"up": { "texture": "#frame", "uv": [ 8.0, 2.5, 10.0, 14.5 ] },
						"down": { "texture": "#frame", "uv": [ 13.0, 1.0, 15.0, 13.0 ] }
					},
					"children": [
						{
							"name": "Cube12",
							"from": [ 0.0, 15.7, 0.0 ], 
							"to": [ 2.0, 16.0, 12.0 ], 
							"rotationOrigin": [ 0.0, 15.0, 0.0 ],
							"faces": {
								"north": { "texture": "#frame", "uv": [ 8.0, 4.0, 10.0, 4.5 ] },
								"east": { "texture": "#frame", "uv": [ 2.5, 2.0, 14.5, 2.5 ] },
								"south": { "texture": "#frame", "uv": [ 5.0, 6.0, 7.0, 6.5 ] },
								"west": { "texture": "#frame", "uv": [ 4.0, 0.5, 16.0, 1.0 ] },
								"up": { "texture": "#frame", "uv": [ 13.5, 1.0, 15.5, 13.0 ] },
								"down": { "texture": "#frame", "uv": [ 13.0, 1.5, 15.0, 13.5 ] }
							}
						},
						{
							"name": "Cube13",
							"from": [ 0.0, 0.3, 0.0 ], 
							"to": [ 2.0, 15.7, 0.3 ], 
							"rotationOrigin": [ 0.0, -1.0, 0.0 ],
							"faces": {
								"north": { "texture": "#frame", "uv": [ 12.5, 0.5, 14.5, 15.5 ] },
								"east": { "texture": "#frame", "uv": [ 9.5, 0.0, 10.0, 15.0 ] },
								"south": { "texture": "#frame", "uv": [ 11.5, 0.0, 13.5, 15.0 ] },
								"west": { "texture": "#frame", "uv": [ 2.0, 1.0, 2.5, 16.0 ] },
								"up": { "texture": "#frame", "uv": [ 1.0, 5.0, 3.0, 5.5 ] },
								"down": { "texture": "#frame", "uv": [ 12.0, 8.0, 14.0, 8.5 ] }
							}
						},
						{
							"name": "Cube14",
							"from": [ 0.0, 0.3, 11.7 ], 
							"to": [ 2.0, 15.7, 12.0 ], 
							"rotationOrigin": [ 0.0, -1.0, 12.0 ],
							"faces": {
								"north": { "texture": "#frame", "uv": [ 12.0, 0.0, 14.0, 15.0 ] },
								"east": { "texture": "#frame", "uv": [ 13.5, 0.5, 14.0, 15.5 ] },
								"south": { "texture": "#frame", "uv": [ 11.5, 0.5, 13.5, 15.5 ] },
								"west": { "texture": "#frame", "uv": [ 6.0, 1.0, 6.5, 16.0 ] },
								"up": { "texture": "#frame", "uv": [ 10.5, 13.5, 12.5, 14.0 ] },
								"down": { "texture": "#frame", "uv": [ 7.0, 10.5, 9.0, 11.0 ] }
							}
						}
					]
				},
				{
					"name": "Window",
					"from": [ 1.0, 0.3, -11.7 ], 
					"to": [ 3.0, 15.7, -0.3 ], 
					"renderPass": 3,
					"rotationOrigin": [ 1.0, -0.5, -12.0 ],
					"faces": {
						"north": { "texture": "#glass", "uv": [ 0.0, 0.0, 2.0, 15.0 ], "enabled": false },
						"east": { "texture": "#glass", "uv": [ 2.5, 0.5, 13.5, 16.0 ], "autoUv": false },
						"south": { "texture": "#glass", "uv": [ 0.0, 0.0, 2.0, 15.0 ], "enabled": false },
						"west": { "texture": "#glass", "uv": [ 2.5, 0.5, 13.5, 16.0 ], "autoUv": false },
						"up": { "texture": "#glass", "uv": [ 0.0, 0.0, 2.0, 11.0 ], "enabled": false },
						"down": { "texture": "#glass", "uv": [ 0.0, 0.0, 2.0, 11.0 ], "enabled": false }
					}
				},
				{
					"name": "Cube5",
					"from": [ 0.0, 0.0, -13.0 ], 
					"to": [ 4.0, 16.0, -12.0 ], 
					"rotationOrigin": [ 0.0, 0.0, -13.0 ],
					"faces": {
						"north": { "texture": "#wood1", "uv": [ 0.0, 0.0, 4.0, 16.0 ] },
						"east": { "texture": "#wood1", "uv": [ 0.0, 0.0, 1.0, 16.0 ] },
						"south": { "texture": "#wood1", "uv": [ 0.0, 0.0, 4.0, 16.0 ] },
						"west": { "texture": "#wood1", "uv": [ 0.0, 0.0, 1.0, 16.0 ] },
						"up": { "texture": "#wood1", "uv": [ 0.0, 0.0, 4.0, 1.0 ] },
						"down": { "texture": "#wood1", "uv": [ 0.0, 0.0, 4.0, 1.0 ] }
					}
				}
			]
		}
	]}