{
	"editor": {
		"allAngles": false,
		"entityTextureMode": false
	},
	"textureWidth": 16,
	"textureHeight": 16,

	"elements": [
		{
			"name": "t_r_w_w",
			"from": [ 6.0, 0.0, 14.0 ], 
			"to": [ 10.0, 15.0, 15.0 ], 
			"rotationOrigin": [ 6.0, 0.0, 14.0 ],
			"faces": {
				"north": { "texture": "#wood1", "uv": [ 0.0, 0.0, 4.0, 15.0 ] },
				"east": { "texture": "#wood1", "uv": [ 3.5, 0.5, 4.5, 15.5 ] },
				"south": { "texture": "#wood1", "uv": [ 0.0, 0.0, 4.0, 15.0 ] },
				"west": { "texture": "#wood1", "uv": [ 8.0, 0.5, 9.0, 15.5 ] },
				"up": { "texture": "#wood1", "uv": [ 0.0, 0.0, 4.0, 1.0 ] },
				"down": { "texture": "#wood1", "uv": [ 0.0, 0.0, 4.0, 1.0 ] }
			},
			"children": [
				{
					"name": "Cube5",
					"from": [ 0.0, 0.0, -13.0 ], 
					"to": [ 4.0, 15.0, -12.0 ], 
					"rotationOrigin": [ 0.0, 0.0, -13.0 ],
					"faces": {
						"north": { "texture": "#wood1", "uv": [ 0.0, 0.0, 4.0, 15.0 ] },
						"east": { "texture": "#wood1", "uv": [ 9.0, 0.5, 10.0, 15.5 ] },
						"south": { "texture": "#wood1", "uv": [ 0.0, 0.0, 4.0, 15.0 ] },
						"west": { "texture": "#wood1", "uv": [ 8.5, 0.5, 9.5, 15.5 ] },
						"up": { "texture": "#wood1", "uv": [ 0.0, 0.0, 4.0, 1.0 ] },
						"down": { "texture": "#wood1", "uv": [ 0.0, 0.0, 4.0, 1.0 ] }
					}
				},
				{
					"name": "Cube8",
					"from": [ 0.0, 0.0, -6.5 ], 
					"to": [ 4.0, 14.0, -5.5 ], 
					"rotationOrigin": [ 0.0, 0.0, -6.0 ],
					"faces": {
						"north": { "texture": "#wood1", "uv": [ 0.0, 0.0, 4.0, 14.0 ] },
						"east": { "texture": "#wood1", "uv": [ 7.5, 2.0, 8.5, 16.0 ] },
						"south": { "texture": "#wood1", "uv": [ 0.0, 0.0, 4.0, 14.0 ] },
						"west": { "texture": "#wood1", "uv": [ 10.0, 1.5, 11.0, 15.5 ] },
						"up": { "texture": "#wood1", "uv": [ 0.0, 0.0, 4.0, 1.0 ] },
						"down": { "texture": "#wood1", "uv": [ 0.0, 0.0, 4.0, 1.0 ] }
					}
				},
				{
					"name": "Cube10",
					"from": [ 0.0, 6.5, -12.0 ], 
					"to": [ 4.0, 7.5, -6.5 ], 
					"rotationOrigin": [ 0.0, 6.0, -12.0 ],
					"faces": {
						"north": { "texture": "#wood1", "uv": [ 0.0, 0.0, 4.0, 1.0 ] },
						"east": { "texture": "#wood1", "uv": [ 10.0, 2.0, 11.0, 7.5 ], "rotation": 90 },
						"south": { "texture": "#wood1", "uv": [ 0.0, 0.5, 4.0, 1.5 ] },
						"west": { "texture": "#wood1", "uv": [ 8.0, 3.5, 9.0, 9.0 ], "rotation": 90 },
						"up": { "texture": "#wood1", "uv": [ 0.0, 0.0, 4.0, 5.5 ] },
						"down": { "texture": "#wood1", "uv": [ 0.0, 0.0, 4.0, 5.5 ] }
					}
				},
				{
					"name": "Cube9",
					"from": [ 0.0, 6.5, -5.5 ], 
					"to": [ 4.0, 7.5, 0.0 ], 
					"rotationOrigin": [ 0.0, 6.0, -5.0 ],
					"faces": {
						"north": { "texture": "#wood1", "uv": [ 0.0, 0.0, 4.0, 1.0 ] },
						"east": { "texture": "#wood1", "uv": [ 9.5, 8.5, 10.5, 14.0 ], "rotation": 90 },
						"south": { "texture": "#wood1", "uv": [ 0.0, 0.0, 4.0, 1.0 ] },
						"west": { "texture": "#wood1", "uv": [ 7.0, 3.5, 8.0, 9.0 ], "rotation": 90 },
						"up": { "texture": "#wood1", "uv": [ 0.0, 0.0, 4.0, 5.5 ] },
						"down": { "texture": "#wood1", "uv": [ 0.0, 0.0, 4.0, 5.5 ] }
					}
				},
				{
					"name": "Cube7",
					"from": [ 0.0, 14.0, -12.0 ], 
					"to": [ 4.0, 15.0, 0.0 ], 
					"rotationOrigin": [ 0.0, 14.0, -12.0 ],
					"faces": {
						"north": { "texture": "#wood1", "uv": [ 0.0, 0.0, 4.0, 1.0 ] },
						"east": { "texture": "#wood1", "uv": [ 9.0, 1.5, 10.0, 13.5 ], "rotation": 90 },
						"south": { "texture": "#wood1", "uv": [ 0.0, 0.0, 4.0, 1.0 ] },
						"west": { "texture": "#wood1", "uv": [ 7.5, 1.0, 8.5, 13.0 ], "rotation": 90 },
						"up": { "texture": "#wood1", "uv": [ 0.0, 0.0, 4.0, 12.0 ] },
						"down": { "texture": "#wood1", "uv": [ 0.0, 0.0, 4.0, 12.0 ] }
					}
				},
				{
					"name": "b_r_w_w",
					"from": [ -1.0, 15.0, -14.0 ], 
					"to": [ 5.0, 16.0, 2.0 ], 
					"rotationOrigin": [ -1.0, 15.0, -14.0 ],
					"faces": {
						"north": { "texture": "#wood1", "uv": [ 0.0, 0.0, 6.0, 1.0 ] },
						"east": { "texture": "#wood1", "uv": [ 9.5, 0.0, 10.5, 16.0 ], "rotation": 90 },
						"south": { "texture": "#wood1", "uv": [ 0.0, 0.0, 6.0, 1.0 ] },
						"west": { "texture": "#wood1", "uv": [ 10.0, 0.0, 11.0, 16.0 ], "rotation": 90 },
						"up": { "texture": "#wood1", "uv": [ 0.0, 0.0, 6.0, 16.0 ] },
						"down": { "texture": "#wood1", "uv": [ 0.0, 0.0, 6.0, 16.0 ] }
					}
				},
				{
					"name": "Cube3",
					"from": [ -1.0, 0.0, 1.0 ], 
					"to": [ 5.0, 15.0, 2.0 ], 
					"rotationOrigin": [ -1.0, 0.0, 1.0 ],
					"faces": {
						"north": { "texture": "#wood1", "uv": [ 0.0, 0.0, 6.0, 15.0 ] },
						"east": { "texture": "#wood1", "uv": [ 0.0, 0.0, 1.0, 15.0 ] },
						"south": { "texture": "#wood1", "uv": [ 0.0, 0.0, 6.0, 15.0 ] },
						"west": { "texture": "#wood1", "uv": [ 0.0, 0.0, 1.0, 15.0 ] },
						"up": { "texture": "#wood1", "uv": [ 0.0, 0.0, 6.0, 1.0 ] },
						"down": { "texture": "#wood1", "uv": [ 0.0, 0.0, 6.0, 1.0 ] }
					}
				},
				{
					"name": "Cube2",
					"from": [ -1.0, 0.0, -14.0 ], 
					"to": [ 5.0, 15.0, -13.0 ], 
					"rotationOrigin": [ -1.0, 0.0, -14.0 ],
					"faces": {
						"north": { "texture": "#wood1", "uv": [ 0.0, 0.0, 6.0, 16.0 ] },
						"east": { "texture": "#wood1", "uv": [ 0.0, 0.0, 1.0, 16.0 ] },
						"south": { "texture": "#wood1", "uv": [ 0.0, 0.0, 6.0, 16.0 ] },
						"west": { "texture": "#wood1", "uv": [ 0.0, 0.0, 1.0, 16.0 ] },
						"up": { "texture": "#wood1", "uv": [ 0.0, 0.0, 6.0, 1.0 ] },
						"down": { "texture": "#wood1", "uv": [ 0.0, 0.0, 6.0, 1.0 ] }
					}
				},
				{
					"name": "frame",
					"from": [ 1.0, 0.0, -12.0 ], 
					"to": [ 3.0, 0.3, -6.5 ], 
					"rotationOrigin": [ 1.0, -1.0, -12.0 ],
					"faces": {
						"north": { "texture": "#frame2", "uv": [ 0.5, 8.5, 2.5, 9.0 ] },
						"east": { "texture": "#frame2", "uv": [ 6.0, 0.0, 11.5, 0.5 ] },
						"south": { "texture": "#frame2", "uv": [ 12.5, 4.5, 14.5, 5.0 ] },
						"west": { "texture": "#frame2", "uv": [ 0.5, 11.0, 6.0, 11.5 ] },
						"up": { "texture": "#frame2", "uv": [ 4.0, 6.0, 6.0, 11.5 ] },
						"down": { "texture": "#frame2", "uv": [ 4.5, 5.5, 6.5, 11.0 ] }
					},
					"children": [
						{
							"name": "Cube12",
							"from": [ 0.0, 6.2, 0.0 ], 
							"to": [ 2.0, 6.5, 5.5 ], 
							"rotationOrigin": [ 0.0, 5.0, 0.0 ],
							"faces": {
								"north": { "texture": "#frame2", "uv": [ 11.5, 2.0, 13.5, 2.5 ] },
								"east": { "texture": "#frame2", "uv": [ 3.5, 6.0, 9.0, 6.5 ] },
								"south": { "texture": "#frame2", "uv": [ 0.5, 4.0, 2.5, 4.5 ] },
								"west": { "texture": "#frame2", "uv": [ 7.5, 6.5, 13.0, 7.0 ] },
								"up": { "texture": "#frame2", "uv": [ 5.5, 3.0, 7.5, 8.5 ] },
								"down": { "texture": "#frame2", "uv": [ 3.0, 1.0, 5.0, 6.5 ] }
							}
						},
						{
							"name": "Cube13",
							"from": [ 0.0, 0.3, 0.0 ], 
							"to": [ 2.0, 6.2, 0.3 ], 
							"rotationOrigin": [ 0.0, -1.0, 0.0 ],
							"faces": {
								"north": { "texture": "#frame2", "uv": [ 7.5, 0.0, 9.5, 5.5 ] },
								"east": { "texture": "#frame2", "uv": [ 0.5, 1.5, 1.0, 7.0 ] },
								"south": { "texture": "#frame2", "uv": [ 8.5, 3.0, 10.5, 8.5 ] },
								"west": { "texture": "#frame2", "uv": [ 1.0, 2.5, 1.5, 8.0 ] },
								"up": { "texture": "#frame2", "uv": [ 12.0, 1.5, 14.0, 2.0 ] },
								"down": { "texture": "#frame2", "uv": [ 6.0, 2.0, 8.0, 2.5 ] }
							}
						},
						{
							"name": "Cube14",
							"from": [ 0.0, 0.3, 5.2 ], 
							"to": [ 2.0, 6.2, 5.5 ], 
							"rotationOrigin": [ 0.0, -1.0, 5.0 ],
							"faces": {
								"north": { "texture": "#frame2", "uv": [ 9.5, 6.0, 11.5, 11.5 ] },
								"east": { "texture": "#frame2", "uv": [ 9.0, 7.5, 9.5, 13.0 ] },
								"south": { "texture": "#frame2", "uv": [ 10.0, 4.5, 12.0, 10.0 ] },
								"west": { "texture": "#frame2", "uv": [ 5.5, 6.5, 6.0, 12.0 ] },
								"up": { "texture": "#frame2", "uv": [ 11.0, 1.5, 13.0, 2.0 ] },
								"down": { "texture": "#frame2", "uv": [ 3.5, 10.5, 5.5, 11.0 ] }
							}
						},
						{
							"name": "Cube15",
							"from": [ 0.0, 7.5, 0.0 ], 
							"to": [ 2.0, 7.8, 5.5 ], 
							"rotationOrigin": [ 0.0, 7.0, 0.0 ],
							"faces": {
								"north": { "texture": "#frame2", "uv": [ 3.0, 5.5, 5.0, 6.0 ] },
								"east": { "texture": "#frame2", "uv": [ 3.0, 2.0, 8.5, 2.5 ] },
								"south": { "texture": "#frame2", "uv": [ 7.0, 15.0, 9.0, 15.5 ] },
								"west": { "texture": "#frame2", "uv": [ 5.5, 12.5, 11.0, 13.0 ] },
								"up": { "texture": "#frame2", "uv": [ 8.0, 7.0, 10.0, 12.5 ] },
								"down": { "texture": "#frame2", "uv": [ 7.0, 7.0, 9.0, 12.5 ] }
							},
							"children": [
								{
									"name": "Cube16",
									"from": [ 0.0, 0.3, 0.0 ], 
									"to": [ 2.0, 4.5, 0.3 ], 
									"rotationOrigin": [ 0.0, -1.0, 0.0 ],
									"faces": {
										"north": { "texture": "#frame2", "uv": [ 8.0, 3.5, 10.0, 7.5 ] },
										"east": { "texture": "#frame2", "uv": [ 7.5, 7.0, 8.0, 11.0 ] },
										"south": { "texture": "#frame2", "uv": [ 12.0, 7.0, 14.0, 11.0 ] },
										"west": { "texture": "#frame2", "uv": [ 11.5, 4.5, 12.0, 8.5 ] },
										"up": { "texture": "#frame2", "uv": [ 0.0, 9.0, 2.0, 9.5 ] },
										"down": { "texture": "#frame2", "uv": [ 9.5, 7.5, 11.5, 8.0 ] }
									}
								},
								{
									"name": "Cube17",
									"from": [ 0.0, 0.3, 5.2 ], 
									"to": [ 2.0, 4.5, 5.5 ], 
									"rotationOrigin": [ 0.0, -1.0, 5.0 ],
									"faces": {
										"north": { "texture": "#frame2", "uv": [ 1.0, 3.0, 3.0, 7.0 ] },
										"east": { "texture": "#frame2", "uv": [ 3.5, 5.5, 4.0, 9.5 ] },
										"south": { "texture": "#frame2", "uv": [ 1.5, 10.0, 3.5, 14.0 ] },
										"west": { "texture": "#frame2", "uv": [ 12.0, 11.0, 12.5, 15.0 ] },
										"up": { "texture": "#frame2", "uv": [ 2.0, 0.0, 4.0, 0.5 ] },
										"down": { "texture": "#frame2", "uv": [ 2.0, 8.0, 4.0, 8.5 ] }
									}
								}
							]
						},
						{
							"name": "Cube18",
							"from": [ 0.0, 0.0, 6.5 ], 
							"to": [ 2.0, 0.3, 12.0 ], 
							"rotationOrigin": [ 0.0, -1.0, 7.0 ],
							"faces": {
								"north": { "texture": "#frame2", "uv": [ 8.0, 1.0, 10.0, 1.5 ] },
								"east": { "texture": "#frame2", "uv": [ 1.5, 2.0, 7.0, 2.5 ] },
								"south": { "texture": "#frame2", "uv": [ 6.0, 3.5, 8.0, 4.0 ] },
								"west": { "texture": "#frame2", "uv": [ 2.0, 15.0, 7.5, 15.5 ] },
								"up": { "texture": "#frame2", "uv": [ 5.5, 5.0, 7.5, 10.5 ] },
								"down": { "texture": "#frame2", "uv": [ 6.0, 6.5, 8.0, 12.0 ] }
							},
							"children": [
								{
									"name": "Cube19",
									"from": [ 0.0, 6.2, 0.0 ], 
									"to": [ 2.0, 6.5, 5.5 ], 
									"rotationOrigin": [ 0.0, 5.0, 0.0 ],
									"faces": {
										"north": { "texture": "#frame2", "uv": [ 10.0, 5.5, 12.0, 6.0 ] },
										"east": { "texture": "#frame2", "uv": [ 2.5, 0.5, 8.0, 1.0 ] },
										"south": { "texture": "#frame2", "uv": [ 5.0, 5.0, 7.0, 5.5 ] },
										"west": { "texture": "#frame2", "uv": [ 3.0, 2.0, 8.5, 2.5 ] },
										"up": { "texture": "#frame2", "uv": [ 12.0, 9.0, 14.0, 14.5 ] },
										"down": { "texture": "#frame2", "uv": [ 0.0, 2.0, 2.0, 7.5 ] }
									}
								},
								{
									"name": "Cube20",
									"from": [ 0.0, 0.3, 0.0 ], 
									"to": [ 2.0, 6.2, 0.3 ], 
									"rotationOrigin": [ 0.0, -1.0, 0.0 ],
									"faces": {
										"north": { "texture": "#frame2", "uv": [ 4.5, 4.5, 6.5, 10.0 ] },
										"east": { "texture": "#frame2", "uv": [ 3.5, 1.5, 4.0, 7.0 ] },
										"south": { "texture": "#frame2", "uv": [ 9.5, 4.0, 11.5, 9.5 ] },
										"west": { "texture": "#frame2", "uv": [ 0.5, 5.0, 1.0, 10.5 ] },
										"up": { "texture": "#frame2", "uv": [ 5.5, 6.5, 7.5, 7.0 ] },
										"down": { "texture": "#frame2", "uv": [ 12.5, 3.0, 14.5, 3.5 ] }
									}
								},
								{
									"name": "Cube21",
									"from": [ 0.0, 0.3, 5.2 ], 
									"to": [ 2.0, 6.2, 5.5 ], 
									"rotationOrigin": [ 0.0, -1.0, 5.0 ],
									"faces": {
										"north": { "texture": "#frame2", "uv": [ 12.5, 3.5, 14.5, 9.0 ] },
										"east": { "texture": "#frame2", "uv": [ 7.5, 5.0, 8.0, 10.5 ] },
										"south": { "texture": "#frame2", "uv": [ 6.5, 5.0, 8.5, 10.5 ] },
										"west": { "texture": "#frame2", "uv": [ 14.0, 7.5, 14.5, 13.0 ] },
										"up": { "texture": "#frame2", "uv": [ 0.0, 2.5, 2.0, 3.0 ] },
										"down": { "texture": "#frame2", "uv": [ 6.0, 9.0, 8.0, 9.5 ] }
									}
								},
								{
									"name": "Cube22",
									"from": [ 0.0, 7.5, 0.0 ], 
									"to": [ 2.0, 7.8, 5.5 ], 
									"rotationOrigin": [ 0.0, 7.0, 0.0 ],
									"faces": {
										"north": { "texture": "#frame2", "uv": [ 6.5, 3.5, 8.5, 4.0 ] },
										"east": { "texture": "#frame2", "uv": [ 5.0, 6.5, 10.5, 7.0 ] },
										"south": { "texture": "#frame2", "uv": [ 1.5, 8.5, 3.5, 9.0 ] },
										"west": { "texture": "#frame2", "uv": [ 4.0, 12.0, 9.5, 12.5 ] },
										"up": { "texture": "#frame2", "uv": [ 13.5, 2.0, 15.5, 7.5 ] },
										"down": { "texture": "#frame2", "uv": [ 8.5, 1.0, 10.5, 6.5 ] }
									},
									"children": [
										{
											"name": "Cube24",
											"from": [ 0.0, 0.3, 0.0 ], 
											"to": [ 2.0, 4.5, 0.3 ], 
											"rotationOrigin": [ 0.0, -1.0, 0.0 ],
											"faces": {
												"north": { "texture": "#frame2", "uv": [ 4.0, 2.5, 6.0, 6.5 ] },
												"east": { "texture": "#frame2", "uv": [ 13.5, 5.0, 14.0, 9.0 ] },
												"south": { "texture": "#frame2", "uv": [ 2.0, 0.0, 4.0, 4.0 ] },
												"west": { "texture": "#frame2", "uv": [ 15.0, 0.5, 15.5, 4.5 ] },
												"up": { "texture": "#frame2", "uv": [ 5.0, 14.5, 7.0, 15.0 ] },
												"down": { "texture": "#frame2", "uv": [ 7.0, 13.0, 9.0, 13.5 ] }
											}
										},
										{
											"name": "Cube25",
											"from": [ 0.0, 0.3, 5.2 ], 
											"to": [ 2.0, 4.5, 5.5 ], 
											"rotationOrigin": [ 0.0, -1.0, 5.0 ],
											"faces": {
												"north": { "texture": "#frame2", "uv": [ 13.5, 5.0, 15.5, 9.5 ] },
												"east": { "texture": "#frame2", "uv": [ 5.5, 0.5, 6.0, 5.0 ] },
												"south": { "texture": "#frame2", "uv": [ 1.0, 9.0, 3.0, 13.5 ] },
												"west": { "texture": "#frame2", "uv": [ 5.0, 5.0, 5.5, 9.5 ] },
												"up": { "texture": "#frame2", "uv": [ 4.5, 7.0, 6.5, 7.5 ] },
												"down": { "texture": "#frame2", "uv": [ 2.5, 4.5, 4.5, 5.0 ] }
											}
										}
									]
								}
							]
						},
						{
							"name": "Cube47",
							"from": [ 0.0, 11.7, 0.5 ], 
							"to": [ 2.0, 13.0, 0.8 ], 
							"rotationOrigin": [ 0.0, 10.5, 0.0 ],
							"faces": {
								"north": { "texture": "#frame2", "uv": [ 11.5, 9.5, 13.5, 10.5 ] },
								"east": { "texture": "#frame2", "uv": [ 8.5, 12.0, 9.0, 13.0 ] },
								"south": { "texture": "#frame2", "uv": [ 7.5, 6.0, 9.5, 7.0 ] },
								"west": { "texture": "#frame2", "uv": [ 1.0, 2.0, 1.5, 3.0 ] },
								"up": { "texture": "#frame2", "uv": [ 3.0, 4.0, 5.0, 4.5 ] },
								"down": { "texture": "#frame2", "uv": [ 13.0, 10.0, 15.0, 10.5 ] }
							},
							"children": [
								{
									"name": "Cube46",
									"from": [ 0.0, 1.0, 0.5 ], 
									"to": [ 2.0, 1.8, 0.8 ], 
									"rotationOrigin": [ 0.0, -0.2, -0.5 ],
									"faces": {
										"north": { "texture": "#frame2", "uv": [ 4.5, 12.0, 6.5, 12.5 ] },
										"east": { "texture": "#frame2", "uv": [ 0.5, 8.5, 1.0, 9.0 ] },
										"south": { "texture": "#frame2", "uv": [ 11.5, 0.0, 13.5, 0.5 ] },
										"west": { "texture": "#frame2", "uv": [ 0.5, 0.0, 1.0, 0.5 ] },
										"up": { "texture": "#frame2", "uv": [ 4.5, 4.0, 6.5, 4.5 ] },
										"down": { "texture": "#frame2", "uv": [ 1.0, 8.0, 3.0, 8.5 ] }
									}
								},
								{
									"name": "Cube48",
									"from": [ 0.0, 1.5, 1.5 ], 
									"to": [ 2.0, 2.3, 1.8 ], 
									"rotationOrigin": [ 0.0, -0.2, 0.5 ],
									"faces": {
										"north": { "texture": "#frame2", "uv": [ 1.0, 13.0, 3.0, 13.5 ] },
										"east": { "texture": "#frame2", "uv": [ 9.5, 14.0, 10.0, 14.5 ] },
										"south": { "texture": "#frame2", "uv": [ 5.5, 13.5, 7.5, 14.0 ] },
										"west": { "texture": "#frame2", "uv": [ 14.0, 11.5, 14.5, 12.0 ] },
										"up": { "texture": "#frame2", "uv": [ 11.5, 7.0, 13.5, 7.5 ] },
										"down": { "texture": "#frame2", "uv": [ 13.5, 11.0, 15.5, 11.5 ] }
									}
								},
								{
									"name": "Cube49",
									"from": [ 0.0, 0.0, -0.2 ], 
									"to": [ 2.0, 0.3, 0.0 ], 
									"rotationOrigin": [ 0.0, -1.2, -0.5 ],
									"faces": {
										"north": { "texture": "#frame2", "uv": [ 3.5, 13.5, 5.5, 14.0 ] },
										"east": { "texture": "#frame2", "uv": [ 10.5, 2.5, 11.0, 3.0 ] },
										"south": { "texture": "#frame2", "uv": [ 10.0, 8.5, 12.0, 9.0 ] },
										"west": { "texture": "#frame2", "uv": [ 14.0, 2.0, 14.5, 2.5 ] },
										"up": { "texture": "#frame2", "uv": [ 5.0, 14.0, 7.0, 14.5 ] },
										"down": { "texture": "#frame2", "uv": [ 0.0, 6.0, 2.0, 6.5 ] }
									}
								},
								{
									"name": "Cube50",
									"from": [ 0.0, 1.0, 0.3 ], 
									"to": [ 2.0, 1.3, 0.5 ], 
									"rotationOrigin": [ 0.0, -0.2, -0.5 ],
									"faces": {
										"north": { "texture": "#frame2", "uv": [ 6.0, 10.0, 8.0, 10.5 ] },
										"east": { "texture": "#frame2", "uv": [ 1.0, 14.5, 1.5, 15.0 ] },
										"south": { "texture": "#frame2", "uv": [ 7.0, 4.0, 9.0, 4.5 ] },
										"west": { "texture": "#frame2", "uv": [ 5.0, 8.0, 5.5, 8.5 ] },
										"up": { "texture": "#frame2", "uv": [ 0.5, 2.0, 2.5, 2.5 ] },
										"down": { "texture": "#frame2", "uv": [ 4.0, 15.0, 6.0, 15.5 ] }
									}
								},
								{
									"name": "Cube51",
									"from": [ 0.0, 1.5, 0.8 ], 
									"to": [ 2.0, 1.8, 1.5 ], 
									"rotationOrigin": [ 0.0, -0.2, 0.5 ],
									"faces": {
										"north": { "texture": "#frame2", "uv": [ 7.0, 4.0, 9.0, 4.5 ] },
										"east": { "texture": "#frame2", "uv": [ 12.5, 8.5, 13.0, 9.0 ] },
										"south": { "texture": "#frame2", "uv": [ 11.5, 15.0, 13.5, 15.5 ] },
										"west": { "texture": "#frame2", "uv": [ 3.0, 15.0, 3.5, 15.5 ] },
										"up": { "texture": "#frame2", "uv": [ 2.5, 10.5, 4.5, 11.0 ] },
										"down": { "texture": "#frame2", "uv": [ 6.5, 0.5, 8.5, 1.0 ] }
									}
								},
								{
									"name": "Cube52",
									"from": [ 0.0, 2.0, 1.8 ], 
									"to": [ 2.0, 2.3, 2.7 ], 
									"rotationOrigin": [ 0.0, -0.2, 1.5 ],
									"faces": {
										"north": { "texture": "#frame2", "uv": [ 12.0, 0.5, 14.0, 1.0 ] },
										"east": { "texture": "#frame2", "uv": [ 7.5, 4.0, 8.0, 4.5 ] },
										"south": { "texture": "#frame2", "uv": [ 11.5, 1.0, 13.5, 1.5 ] },
										"west": { "texture": "#frame2", "uv": [ 0.5, 7.5, 1.0, 8.0 ] },
										"up": { "texture": "#frame2", "uv": [ 6.5, 5.5, 8.5, 6.0 ] },
										"down": { "texture": "#frame2", "uv": [ 6.0, 2.0, 8.0, 2.5 ] }
									}
								},
								{
									"name": "Cube53",
									"from": [ 0.0, 0.0, 4.5 ], 
									"to": [ 2.0, 0.3, 4.7 ], 
									"rotationOrigin": [ 0.0, -1.2, 4.5 ],
									"faces": {
										"north": { "texture": "#frame2", "uv": [ 5.5, 12.0, 7.5, 12.5 ] },
										"east": { "texture": "#frame2", "uv": [ 6.0, 7.0, 6.5, 7.5 ] },
										"south": { "texture": "#frame2", "uv": [ 0.5, 1.5, 2.5, 2.0 ] },
										"west": { "texture": "#frame2", "uv": [ 10.0, 3.0, 10.5, 3.5 ] },
										"up": { "texture": "#frame2", "uv": [ 10.5, 1.0, 12.5, 1.5 ] },
										"down": { "texture": "#frame2", "uv": [ 9.5, 5.5, 11.5, 6.0 ] }
									}
								},
								{
									"name": "Cube54",
									"from": [ 0.0, 1.0, 3.7 ], 
									"to": [ 2.0, 1.8, 4.0 ], 
									"rotationOrigin": [ 0.0, -0.2, 2.5 ],
									"faces": {
										"north": { "texture": "#frame2", "uv": [ 10.0, 8.0, 12.0, 8.5 ] },
										"east": { "texture": "#frame2", "uv": [ 15.0, 8.0, 15.5, 8.5 ] },
										"south": { "texture": "#frame2", "uv": [ 13.5, 10.5, 15.5, 11.0 ] },
										"west": { "texture": "#frame2", "uv": [ 1.0, 13.0, 1.5, 13.5 ] },
										"up": { "texture": "#frame2", "uv": [ 7.0, 15.0, 9.0, 15.5 ] },
										"down": { "texture": "#frame2", "uv": [ 7.0, 2.5, 9.0, 3.0 ] }
									}
								},
								{
									"name": "Cube55",
									"from": [ 0.0, 1.5, 2.7 ], 
									"to": [ 2.0, 2.3, 3.0 ], 
									"rotationOrigin": [ 0.0, -0.2, 1.5 ],
									"faces": {
										"north": { "texture": "#frame2", "uv": [ 7.0, 14.5, 9.0, 15.0 ] },
										"east": { "texture": "#frame2", "uv": [ 4.0, 14.0, 4.5, 14.5 ] },
										"south": { "texture": "#frame2", "uv": [ 11.0, 7.5, 13.0, 8.0 ] },
										"west": { "texture": "#frame2", "uv": [ 13.0, 4.5, 13.5, 5.0 ] },
										"up": { "texture": "#frame2", "uv": [ 0.5, 13.5, 2.5, 14.0 ] },
										"down": { "texture": "#frame2", "uv": [ 12.0, 6.5, 14.0, 7.0 ] }
									}
								},
								{
									"name": "Cube56",
									"from": [ 0.0, 1.5, 3.0 ], 
									"to": [ 2.0, 1.8, 3.7 ], 
									"rotationOrigin": [ 0.0, -0.2, 2.5 ],
									"faces": {
										"north": { "texture": "#frame2", "uv": [ 7.5, 0.0, 9.5, 0.5 ] },
										"east": { "texture": "#frame2", "uv": [ 7.0, 9.5, 7.5, 10.0 ] },
										"south": { "texture": "#frame2", "uv": [ 8.0, 8.0, 10.0, 8.5 ] },
										"west": { "texture": "#frame2", "uv": [ 10.0, 7.0, 10.5, 7.5 ] },
										"up": { "texture": "#frame2", "uv": [ 1.0, 6.5, 3.0, 7.0 ] },
										"down": { "texture": "#frame2", "uv": [ 13.0, 5.0, 15.0, 5.5 ] }
									}
								},
								{
									"name": "Cube57",
									"from": [ 0.0, 1.0, 4.0 ], 
									"to": [ 2.0, 1.3, 4.2 ], 
									"rotationOrigin": [ 0.0, -0.2, 3.5 ],
									"faces": {
										"north": { "texture": "#frame2", "uv": [ 0.0, 7.5, 2.0, 8.0 ] },
										"east": { "texture": "#frame2", "uv": [ 3.5, 10.5, 4.0, 11.0 ] },
										"south": { "texture": "#frame2", "uv": [ 10.0, 12.5, 12.0, 13.0 ] },
										"west": { "texture": "#frame2", "uv": [ 12.5, 3.0, 13.0, 3.5 ] },
										"up": { "texture": "#frame2", "uv": [ 11.0, 11.5, 13.0, 12.0 ] },
										"down": { "texture": "#frame2", "uv": [ 11.5, 12.0, 13.5, 12.5 ] }
									}
								},
								{
									"name": "Cube58",
									"from": [ 0.0, 0.0, 4.2 ], 
									"to": [ 2.0, 1.3, 4.5 ], 
									"rotationOrigin": [ 0.0, -1.2, 2.5 ],
									"faces": {
										"north": { "texture": "#frame2", "uv": [ 12.5, 0.5, 14.5, 1.5 ] },
										"east": { "texture": "#frame2", "uv": [ 0.0, 10.5, 0.5, 11.5 ] },
										"south": { "texture": "#frame2", "uv": [ 9.0, 7.5, 11.0, 8.5 ] },
										"west": { "texture": "#frame2", "uv": [ 4.5, 11.0, 5.0, 12.0 ] },
										"up": { "texture": "#frame2", "uv": [ 9.5, 13.5, 11.5, 14.0 ] },
										"down": { "texture": "#frame2", "uv": [ 13.5, 9.5, 15.5, 10.0 ] }
									}
								}
							]
						},
						{
							"name": "Cube59",
							"from": [ 0.0, 11.7, 7.0 ], 
							"to": [ 2.0, 13.0, 7.3 ], 
							"rotationOrigin": [ 0.0, 10.5, 7.0 ],
							"faces": {
								"north": { "texture": "#frame2", "uv": [ 1.0, 2.5, 3.0, 3.5 ] },
								"east": { "texture": "#frame2", "uv": [ 7.0, 14.5, 7.5, 15.5 ] },
								"south": { "texture": "#frame2", "uv": [ 1.5, 11.5, 3.5, 12.5 ] },
								"west": { "texture": "#frame2", "uv": [ 10.5, 14.5, 11.0, 15.5 ] },
								"up": { "texture": "#frame2", "uv": [ 7.0, 1.0, 9.0, 1.5 ] },
								"down": { "texture": "#frame2", "uv": [ 3.5, 7.0, 5.5, 7.5 ] }
							},
							"children": [
								{
									"name": "Cube60",
									"from": [ 0.0, 1.0, 0.5 ], 
									"to": [ 2.0, 1.8, 0.8 ], 
									"rotationOrigin": [ 0.0, -0.2, -0.5 ],
									"faces": {
										"north": { "texture": "#frame2", "uv": [ 10.0, 11.0, 12.0, 11.5 ] },
										"east": { "texture": "#frame2", "uv": [ 14.5, 7.5, 15.0, 8.0 ] },
										"south": { "texture": "#frame2", "uv": [ 3.0, 3.5, 5.0, 4.0 ] },
										"west": { "texture": "#frame2", "uv": [ 7.5, 13.0, 8.0, 13.5 ] },
										"up": { "texture": "#frame2", "uv": [ 4.5, 7.0, 6.5, 7.5 ] },
										"down": { "texture": "#frame2", "uv": [ 4.0, 5.5, 6.0, 6.0 ] }
									}
								},
								{
									"name": "Cube61",
									"from": [ 0.0, 1.5, 1.5 ], 
									"to": [ 2.0, 2.3, 1.8 ], 
									"rotationOrigin": [ 0.0, -0.2, 0.5 ],
									"faces": {
										"north": { "texture": "#frame2", "uv": [ 9.0, 10.0, 11.0, 10.5 ] },
										"east": { "texture": "#frame2", "uv": [ 10.5, 6.5, 11.0, 7.0 ] },
										"south": { "texture": "#frame2", "uv": [ 0.5, 8.5, 2.5, 9.0 ] },
										"west": { "texture": "#frame2", "uv": [ 14.0, 13.0, 14.5, 13.5 ] },
										"up": { "texture": "#frame2", "uv": [ 3.0, 11.0, 5.0, 11.5 ] },
										"down": { "texture": "#frame2", "uv": [ 8.0, 13.5, 10.0, 14.0 ] }
									}
								},
								{
									"name": "Cube62",
									"from": [ 0.0, 0.0, -0.2 ], 
									"to": [ 2.0, 0.3, 0.0 ], 
									"rotationOrigin": [ 0.0, -1.2, -0.5 ],
									"faces": {
										"north": { "texture": "#frame2", "uv": [ 5.5, 13.0, 7.5, 13.5 ] },
										"east": { "texture": "#frame2", "uv": [ 9.5, 6.0, 10.0, 6.5 ] },
										"south": { "texture": "#frame2", "uv": [ 9.5, 9.5, 11.5, 10.0 ] },
										"west": { "texture": "#frame2", "uv": [ 0.5, 12.0, 1.0, 12.5 ] },
										"up": { "texture": "#frame2", "uv": [ 10.5, 11.5, 12.5, 12.0 ] },
										"down": { "texture": "#frame2", "uv": [ 0.5, 15.0, 2.5, 15.5 ] }
									}
								},
								{
									"name": "Cube63",
									"from": [ 0.0, 1.0, 0.3 ], 
									"to": [ 2.0, 1.3, 0.5 ], 
									"rotationOrigin": [ 0.0, -0.2, -0.5 ],
									"faces": {
										"north": { "texture": "#frame2", "uv": [ 3.5, 4.5, 5.5, 5.0 ] },
										"east": { "texture": "#frame2", "uv": [ 4.5, 13.5, 5.0, 14.0 ] },
										"south": { "texture": "#frame2", "uv": [ 7.5, 0.0, 9.5, 0.5 ] },
										"west": { "texture": "#frame2", "uv": [ 5.5, 5.0, 6.0, 5.5 ] },
										"up": { "texture": "#frame2", "uv": [ 6.0, 4.0, 8.0, 4.5 ] },
										"down": { "texture": "#frame2", "uv": [ 3.5, 8.0, 5.5, 8.5 ] }
									}
								},
								{
									"name": "Cube64",
									"from": [ 0.0, 1.5, 0.8 ], 
									"to": [ 2.0, 1.8, 1.5 ], 
									"rotationOrigin": [ 0.0, -0.2, 0.5 ],
									"faces": {
										"north": { "texture": "#frame2", "uv": [ 2.0, 3.0, 4.0, 3.5 ] },
										"east": { "texture": "#frame2", "uv": [ 15.0, 0.0, 15.5, 0.5 ] },
										"south": { "texture": "#frame2", "uv": [ 1.0, 8.5, 3.0, 9.0 ] },
										"west": { "texture": "#frame2", "uv": [ 14.0, 4.0, 14.5, 4.5 ] },
										"up": { "texture": "#frame2", "uv": [ 6.0, 12.5, 8.0, 13.0 ] },
										"down": { "texture": "#frame2", "uv": [ 1.0, 14.0, 3.0, 14.5 ] }
									}
								},
								{
									"name": "Cube65",
									"from": [ 0.0, 2.0, 1.8 ], 
									"to": [ 2.0, 2.3, 2.7 ], 
									"rotationOrigin": [ 0.0, -0.2, 1.5 ],
									"faces": {
										"north": { "texture": "#frame2", "uv": [ 8.5, 4.5, 10.5, 5.0 ] },
										"east": { "texture": "#frame2", "uv": [ 3.5, 5.0, 4.0, 5.5 ] },
										"south": { "texture": "#frame2", "uv": [ 13.5, 7.0, 15.5, 7.5 ] },
										"west": { "texture": "#frame2", "uv": [ 13.5, 9.5, 14.0, 10.0 ] },
										"up": { "texture": "#frame2", "uv": [ 1.5, 8.0, 3.5, 8.5 ] },
										"down": { "texture": "#frame2", "uv": [ 6.5, 2.0, 8.5, 2.5 ] }
									}
								},
								{
									"name": "Cube66",
									"from": [ 0.0, 0.0, 4.5 ], 
									"to": [ 2.0, 0.3, 4.7 ], 
									"rotationOrigin": [ 0.0, -1.2, 4.5 ],
									"faces": {
										"north": { "texture": "#frame2", "uv": [ 8.5, 15.0, 10.5, 15.5 ] },
										"east": { "texture": "#frame2", "uv": [ 3.0, 10.0, 3.5, 10.5 ] },
										"south": { "texture": "#frame2", "uv": [ 8.5, 14.0, 10.5, 14.5 ] },
										"west": { "texture": "#frame2", "uv": [ 0.5, 11.5, 1.0, 12.0 ] },
										"up": { "texture": "#frame2", "uv": [ 3.5, 2.0, 5.5, 2.5 ] },
										"down": { "texture": "#frame2", "uv": [ 13.0, 13.0, 15.0, 13.5 ] }
									}
								},
								{
									"name": "Cube67",
									"from": [ 0.0, 1.0, 3.7 ], 
									"to": [ 2.0, 1.8, 4.0 ], 
									"rotationOrigin": [ 0.0, -0.2, 2.5 ],
									"faces": {
										"north": { "texture": "#frame2", "uv": [ 7.5, 4.5, 9.5, 5.0 ] },
										"east": { "texture": "#frame2", "uv": [ 6.0, 7.5, 6.5, 8.0 ] },
										"south": { "texture": "#frame2", "uv": [ 12.0, 3.5, 14.0, 4.0 ] },
										"west": { "texture": "#frame2", "uv": [ 0.5, 2.5, 1.0, 3.0 ] },
										"up": { "texture": "#frame2", "uv": [ 1.0, 4.5, 3.0, 5.0 ] },
										"down": { "texture": "#frame2", "uv": [ 1.0, 1.5, 3.0, 2.0 ] }
									}
								},
								{
									"name": "Cube68",
									"from": [ 0.0, 1.5, 2.7 ], 
									"to": [ 2.0, 2.3, 3.0 ], 
									"rotationOrigin": [ 0.0, -0.2, 1.5 ],
									"faces": {
										"north": { "texture": "#frame2", "uv": [ 13.0, 6.5, 15.0, 7.0 ] },
										"east": { "texture": "#frame2", "uv": [ 2.0, 12.5, 2.5, 13.0 ] },
										"south": { "texture": "#frame2", "uv": [ 12.0, 1.0, 14.0, 1.5 ] },
										"west": { "texture": "#frame2", "uv": [ 13.5, 3.5, 14.0, 4.0 ] },
										"up": { "texture": "#frame2", "uv": [ 10.5, 5.0, 12.5, 5.5 ] },
										"down": { "texture": "#frame2", "uv": [ 8.5, 3.5, 10.5, 4.0 ] }
									}
								},
								{
									"name": "Cube69",
									"from": [ 0.0, 1.5, 3.0 ], 
									"to": [ 2.0, 1.8, 3.7 ], 
									"rotationOrigin": [ 0.0, -0.2, 2.5 ],
									"faces": {
										"north": { "texture": "#frame2", "uv": [ 10.0, 2.0, 12.0, 2.5 ] },
										"east": { "texture": "#frame2", "uv": [ 13.5, 6.5, 14.0, 7.0 ] },
										"south": { "texture": "#frame2", "uv": [ 2.0, 2.0, 4.0, 2.5 ] },
										"west": { "texture": "#frame2", "uv": [ 13.5, 0.5, 14.0, 1.0 ] },
										"up": { "texture": "#frame2", "uv": [ 10.0, 1.5, 12.0, 2.0 ] },
										"down": { "texture": "#frame2", "uv": [ 0.5, 8.0, 2.5, 8.5 ] }
									}
								},
								{
									"name": "Cube70",
									"from": [ 0.0, 1.0, 4.0 ], 
									"to": [ 2.0, 1.3, 4.2 ], 
									"rotationOrigin": [ 0.0, -0.2, 3.5 ],
									"faces": {
										"north": { "texture": "#frame2", "uv": [ 6.0, 11.0, 8.0, 11.5 ] },
										"east": { "texture": "#frame2", "uv": [ 7.5, 5.0, 8.0, 5.5 ] },
										"south": { "texture": "#frame2", "uv": [ 1.5, 7.5, 3.5, 8.0 ] },
										"west": { "texture": "#frame2", "uv": [ 15.0, 3.0, 15.5, 3.5 ] },
										"up": { "texture": "#frame2", "uv": [ 2.0, 13.5, 4.0, 14.0 ] },
										"down": { "texture": "#frame2", "uv": [ 9.0, 3.0, 11.0, 3.5 ] }
									}
								},
								{
									"name": "Cube71",
									"from": [ 0.0, 0.0, 4.2 ], 
									"to": [ 2.0, 1.3, 4.5 ], 
									"rotationOrigin": [ 0.0, -1.2, 2.5 ],
									"faces": {
										"north": { "texture": "#frame2", "uv": [ 9.0, 5.0, 11.0, 6.0 ] },
										"east": { "texture": "#frame2", "uv": [ 12.0, 2.0, 12.5, 3.0 ] },
										"south": { "texture": "#frame2", "uv": [ 1.5, 9.0, 3.5, 10.0 ] },
										"west": { "texture": "#frame2", "uv": [ 9.0, 11.5, 9.5, 12.5 ] },
										"up": { "texture": "#frame2", "uv": [ 0.0, 13.5, 2.0, 14.0 ] },
										"down": { "texture": "#frame2", "uv": [ 2.5, 1.5, 4.5, 2.0 ] }
									}
								}
							]
						},
						{
							"name": "Cube31",
							"from": [ -1.0, 13.5, 1.0 ], 
							"to": [ 3.0, 14.0, 2.0 ], 
							"rotationOrigin": [ -1.0, 13.0, 1.0 ],
							"faces": {
								"north": { "texture": "#wood1", "uv": [ 4.0, 9.0, 8.0, 9.5 ] },
								"east": { "texture": "#wood1", "uv": [ 13.5, 0.5, 14.5, 1.0 ] },
								"south": { "texture": "#wood1", "uv": [ 6.5, 3.0, 10.5, 3.5 ] },
								"west": { "texture": "#wood1", "uv": [ 13.0, 5.5, 14.0, 6.0 ] },
								"up": { "texture": "#wood1", "uv": [ 10.0, 3.0, 14.0, 4.0 ] },
								"down": { "texture": "#wood1", "uv": [ 2.5, 4.5, 6.5, 5.5 ] }
							},
							"children": [
								{
									"name": "Cube30",
									"from": [ 0.0, -0.5, -1.0 ], 
									"to": [ 4.0, 0.5, 0.0 ], 
									"rotationOrigin": [ 0.0, -0.5, -1.0 ],
									"faces": {
										"north": { "texture": "#wood1", "uv": [ 0.0, 10.0, 4.0, 11.0 ] },
										"east": { "texture": "#wood1", "uv": [ 2.5, 5.0, 3.5, 6.0 ] },
										"south": { "texture": "#wood1", "uv": [ 7.0, 8.0, 11.0, 9.0 ] },
										"west": { "texture": "#wood1", "uv": [ 14.0, 6.5, 15.0, 7.5 ] },
										"up": { "texture": "#wood1", "uv": [ 1.5, 6.5, 5.5, 7.5 ] },
										"down": { "texture": "#wood1", "uv": [ 2.0, 0.0, 6.0, 1.0 ] }
									}
								},
								{
									"name": "Cube32",
									"from": [ 0.0, 0.0, 2.5 ], 
									"to": [ 4.0, 0.5, 3.5 ], 
									"rotationOrigin": [ 0.0, -0.5, 3.0 ],
									"faces": {
										"north": { "texture": "#wood1", "uv": [ 4.5, 13.0, 8.5, 13.5 ] },
										"east": { "texture": "#wood1", "uv": [ 4.5, 4.0, 5.5, 4.5 ] },
										"south": { "texture": "#wood1", "uv": [ 6.5, 3.5, 10.5, 4.0 ] },
										"west": { "texture": "#wood1", "uv": [ 2.0, 4.5, 3.0, 5.0 ] },
										"up": { "texture": "#wood1", "uv": [ 11.5, 13.0, 15.5, 14.0 ] },
										"down": { "texture": "#wood1", "uv": [ 3.5, 0.5, 7.5, 1.5 ] }
									}
								},
								{
									"name": "Cube33",
									"from": [ 0.0, -0.5, 3.5 ], 
									"to": [ 4.0, 0.5, 4.5 ], 
									"rotationOrigin": [ 0.0, -0.5, 3.0 ],
									"faces": {
										"north": { "texture": "#wood1", "uv": [ 8.0, 13.0, 12.0, 14.0 ] },
										"east": { "texture": "#wood1", "uv": [ 9.5, 6.0, 10.5, 7.0 ] },
										"south": { "texture": "#wood1", "uv": [ 11.0, 11.0, 15.0, 12.0 ] },
										"west": { "texture": "#wood1", "uv": [ 12.5, 6.0, 13.5, 7.0 ] },
										"up": { "texture": "#wood1", "uv": [ 2.0, 3.0, 6.0, 4.0 ] },
										"down": { "texture": "#wood1", "uv": [ 0.5, 2.0, 4.5, 3.0 ] }
									}
								},
								{
									"name": "Cube34",
									"from": [ 0.0, -1.5, -1.0 ], 
									"to": [ 4.0, -0.5, -0.5 ], 
									"rotationOrigin": [ 0.0, -1.5, -1.0 ],
									"faces": {
										"north": { "texture": "#wood1", "uv": [ 7.0, 6.0, 11.0, 7.0 ] },
										"east": { "texture": "#wood1", "uv": [ 14.0, 10.0, 14.5, 11.0 ] },
										"south": { "texture": "#wood1", "uv": [ 1.0, 1.0, 5.0, 2.0 ] },
										"west": { "texture": "#wood1", "uv": [ 8.0, 6.5, 8.5, 7.5 ] },
										"up": { "texture": "#wood1", "uv": [ 6.0, 1.0, 10.0, 1.5 ] },
										"down": { "texture": "#wood1", "uv": [ 2.0, 10.5, 6.0, 11.0 ] }
									}
								},
								{
									"name": "Cube35",
									"from": [ 0.0, -1.5, 4.0 ], 
									"to": [ 4.0, -0.5, 4.5 ], 
									"rotationOrigin": [ 0.0, -1.5, 4.0 ],
									"faces": {
										"north": { "texture": "#wood1", "uv": [ 10.5, 9.0, 14.5, 10.0 ] },
										"east": { "texture": "#wood1", "uv": [ 9.0, 3.0, 9.5, 4.0 ] },
										"south": { "texture": "#wood1", "uv": [ 1.0, 2.5, 5.0, 3.5 ] },
										"west": { "texture": "#wood1", "uv": [ 1.0, 12.5, 1.5, 13.5 ] },
										"up": { "texture": "#wood1", "uv": [ 3.0, 12.0, 7.0, 12.5 ] },
										"down": { "texture": "#wood1", "uv": [ 10.5, 14.5, 14.5, 15.0 ] }
									}
								},
								{
									"name": "Cube36",
									"from": [ 0.0, 0.0, 6.5 ], 
									"to": [ 4.0, 0.5, 7.5 ], 
									"rotationOrigin": [ 0.0, -0.5, 6.0 ],
									"faces": {
										"north": { "texture": "#wood1", "uv": [ 2.5, 9.0, 6.5, 9.5 ] },
										"east": { "texture": "#wood1", "uv": [ 1.5, 7.5, 2.5, 8.0 ] },
										"south": { "texture": "#wood1", "uv": [ 11.0, 5.5, 15.0, 6.0 ] },
										"west": { "texture": "#wood1", "uv": [ 3.5, 0.0, 4.5, 0.5 ] },
										"up": { "texture": "#wood1", "uv": [ 2.5, 11.0, 6.5, 12.0 ] },
										"down": { "texture": "#wood1", "uv": [ 5.5, 11.5, 9.5, 12.5 ] }
									},
									"children": [
										{
											"name": "Cube37",
											"from": [ 0.0, -0.5, -1.0 ], 
											"to": [ 4.0, 0.5, 0.0 ], 
											"rotationOrigin": [ 0.0, -0.5, -1.0 ],
											"faces": {
												"north": { "texture": "#wood1", "uv": [ 3.0, 3.0, 7.0, 4.0 ] },
												"east": { "texture": "#wood1", "uv": [ 1.0, 2.0, 2.0, 3.0 ] },
												"south": { "texture": "#wood1", "uv": [ 2.0, 8.0, 6.0, 9.0 ] },
												"west": { "texture": "#wood1", "uv": [ 3.5, 5.5, 4.5, 6.5 ] },
												"up": { "texture": "#wood1", "uv": [ 6.0, 13.5, 10.0, 14.5 ] },
												"down": { "texture": "#wood1", "uv": [ 3.5, 2.5, 7.5, 3.5 ] }
											}
										},
										{
											"name": "Cube38",
											"from": [ 0.0, 0.0, 2.5 ], 
											"to": [ 4.0, 0.5, 3.5 ], 
											"rotationOrigin": [ 0.0, -0.5, 3.0 ],
											"faces": {
												"north": { "texture": "#wood1", "uv": [ 0.0, 5.5, 4.0, 6.0 ] },
												"east": { "texture": "#wood1", "uv": [ 12.0, 12.5, 13.0, 13.0 ] },
												"south": { "texture": "#wood1", "uv": [ 8.0, 14.0, 12.0, 14.5 ] },
												"west": { "texture": "#wood1", "uv": [ 3.5, 14.0, 4.5, 14.5 ] },
												"up": { "texture": "#wood1", "uv": [ 6.5, 14.0, 10.5, 15.0 ] },
												"down": { "texture": "#wood1", "uv": [ 8.0, 1.0, 12.0, 2.0 ] }
											}
										},
										{
											"name": "Cube39",
											"from": [ 0.0, -0.5, 3.5 ], 
											"to": [ 4.0, 0.5, 4.5 ], 
											"rotationOrigin": [ 0.0, -0.5, 3.0 ],
											"faces": {
												"north": { "texture": "#wood1", "uv": [ 9.0, 1.0, 13.0, 2.0 ] },
												"east": { "texture": "#wood1", "uv": [ 10.0, 10.0, 11.0, 11.0 ] },
												"south": { "texture": "#wood1", "uv": [ 0.5, 2.0, 4.5, 3.0 ] },
												"west": { "texture": "#wood1", "uv": [ 8.5, 4.0, 9.5, 5.0 ] },
												"up": { "texture": "#wood1", "uv": [ 1.0, 8.0, 5.0, 9.0 ] },
												"down": { "texture": "#wood1", "uv": [ 5.0, 13.5, 9.0, 14.5 ] }
											}
										},
										{
											"name": "Cube40",
											"from": [ 0.0, -1.5, -1.0 ], 
											"to": [ 4.0, -0.5, -0.5 ], 
											"rotationOrigin": [ 0.0, -1.5, -1.0 ],
											"faces": {
												"north": { "texture": "#wood1", "uv": [ 6.0, 9.0, 10.0, 10.0 ] },
												"east": { "texture": "#wood1", "uv": [ 13.0, 3.5, 13.5, 4.5 ] },
												"south": { "texture": "#wood1", "uv": [ 4.0, 5.0, 8.0, 6.0 ] },
												"west": { "texture": "#wood1", "uv": [ 2.5, 3.0, 3.0, 4.0 ] },
												"up": { "texture": "#wood1", "uv": [ 9.0, 8.0, 13.0, 8.5 ] },
												"down": { "texture": "#wood1", "uv": [ 11.5, 11.5, 15.5, 12.0 ] }
											}
										},
										{
											"name": "Cube41",
											"from": [ 0.0, -1.5, 4.0 ], 
											"to": [ 4.0, -0.5, 4.5 ], 
											"rotationOrigin": [ 0.0, -1.5, 4.0 ],
											"faces": {
												"north": { "texture": "#wood1", "uv": [ 10.0, 10.5, 14.0, 11.5 ] },
												"east": { "texture": "#wood1", "uv": [ 13.0, 3.0, 13.5, 4.0 ] },
												"south": { "texture": "#wood1", "uv": [ 11.0, 2.0, 15.0, 3.0 ] },
												"west": { "texture": "#wood1", "uv": [ 7.0, 12.0, 7.5, 13.0 ] },
												"up": { "texture": "#wood1", "uv": [ 0.0, 4.5, 4.0, 5.0 ] },
												"down": { "texture": "#wood1", "uv": [ 7.0, 10.0, 11.0, 10.5 ] }
											}
										}
									]
								}
							]
						}
					]
				},
				{
					"name": "windo",
					"from": [ 1.0, 0.3, -5.2 ], 
					"to": [ 3.0, 6.2, -0.3 ], 
					"renderPass": 3,
					"rotationOrigin": [ 1.0, -0.5, -5.5 ],
					"faces": {
						"north": { "texture": "#null", "uv": [ 0.0, 0.0, 2.0, 5.5 ], "enabled": false },
						"east": { "texture": "#squareglass", "uv": [ 0.5, 0.5, 13.0, 16.0 ], "autoUv": false },
						"south": { "texture": "#null", "uv": [ 0.0, 0.0, 2.0, 5.5 ], "enabled": false },
						"west": { "texture": "#squareglass", "uv": [ 0.5, 0.5, 13.0, 16.0 ], "autoUv": false },
						"up": { "texture": "#null", "uv": [ 0.0, 0.0, 2.0, 4.5 ], "enabled": false },
						"down": { "texture": "#null", "uv": [ 0.0, 0.0, 2.0, 4.5 ], "enabled": false }
					},
					"children": [
						{
							"name": "Cube27",
							"from": [ 0.0, 0.0, -6.5 ], 
							"to": [ 2.0, 5.9, -1.6 ], 
							"renderPass": 3,
							"rotationOrigin": [ 0.0, -0.8, -6.8 ],
							"faces": {
								"north": { "texture": "#null", "uv": [ 0.0, 0.0, 2.0, 5.5 ], "enabled": false },
								"east": { "texture": "#squareglass", "uv": [ 0.5, 0.5, 13.0, 16.0 ], "autoUv": false },
								"south": { "texture": "#null", "uv": [ 0.0, 0.0, 2.0, 5.5 ], "enabled": false },
								"west": { "texture": "#squareglass", "uv": [ 0.5, 0.5, 13.0, 16.0 ], "autoUv": false },
								"up": { "texture": "#null", "uv": [ 0.0, 0.0, 2.0, 4.5 ], "enabled": false },
								"down": { "texture": "#null", "uv": [ 0.0, 0.0, 2.0, 4.5 ], "enabled": false }
							}
						},
						{
							"name": "Cube42",
							"from": [ 0.0, 7.5, 0.0 ], 
							"to": [ 2.0, 11.4, 4.9 ], 
							"renderPass": 3,
							"rotationOrigin": [ 0.0, 6.2, -0.3 ],
							"faces": {
								"north": { "texture": "#null", "uv": [ 0.0, 0.0, 2.0, 3.5 ], "enabled": false },
								"east": { "texture": "#glass", "uv": [ 3.5, 4.0, 12.5, 12.0 ], "autoUv": false },
								"south": { "texture": "#null", "uv": [ 0.0, 0.0, 2.0, 3.5 ], "enabled": false },
								"west": { "texture": "#glass", "uv": [ 3.5, 4.0, 12.5, 12.0 ], "autoUv": false },
								"up": { "texture": "#null", "uv": [ 0.0, 0.0, 2.0, 4.5 ], "enabled": false },
								"down": { "texture": "#null", "uv": [ 0.0, 0.0, 2.0, 4.5 ], "enabled": false }
							},
							"children": [
								{
									"name": "window43",
									"from": [ 0.0, 5.4, 2.0 ], 
									"to": [ 2.0, 5.9, 2.9 ], 
									"renderPass": 3,
									"rotationOrigin": [ 0.0, 4.7, 1.2 ],
									"faces": {
										"north": { "texture": "#null", "uv": [ 0.0, 0.0, 2.0, 0.5 ], "enabled": false },
										"east": { "texture": "#glass", "uv": [ 10.0, 7.0, 11.0, 8.0 ], "autoUv": false },
										"south": { "texture": "#null", "uv": [ 0.0, 0.0, 2.0, 0.5 ], "enabled": false },
										"west": { "texture": "#glass", "uv": [ 10.0, 7.0, 11.0, 8.0 ], "autoUv": false },
										"up": { "texture": "#null", "uv": [ 0.0, 0.0, 2.0, 0.5 ], "enabled": false },
										"down": { "texture": "#null", "uv": [ 0.0, 0.0, 2.0, 0.5 ], "enabled": false }
									},
									"children": [
										{
											"name": "window44",
											"from": [ 0.0, -0.5, -1.0 ], 
											"to": [ 2.0, 0.0, 1.9 ], 
											"renderPass": 3,
											"rotationOrigin": [ 0.0, -1.7, -2.3 ],
											"faces": {
												"north": { "texture": "#null", "uv": [ 0.0, 0.0, 2.0, 0.5 ], "enabled": false },
												"east": { "texture": "#glass", "uv": [ 3.0, 9.5, 8.0, 10.5 ], "autoUv": false },
												"south": { "texture": "#null", "uv": [ 0.0, 0.0, 2.0, 0.5 ], "enabled": false },
												"west": { "texture": "#glass", "uv": [ 3.0, 9.5, 8.0, 10.5 ], "autoUv": false },
												"up": { "texture": "#null", "uv": [ 0.0, 0.0, 2.0, 2.5 ], "enabled": false },
												"down": { "texture": "#null", "uv": [ 0.0, 0.0, 2.0, 2.5 ], "enabled": false }
											}
										},
										{
											"name": "window45",
											"from": [ 0.0, -1.5, -1.5 ], 
											"to": [ 2.0, -0.5, 2.4 ], 
											"renderPass": 3,
											"rotationOrigin": [ 0.0, -2.7, -2.3 ],
											"faces": {
												"north": { "texture": "#null", "uv": [ 0.0, 0.0, 2.0, 1.0 ], "enabled": false },
												"east": { "texture": "#glass", "uv": [ 7.0, 10.5, 14.0, 12.5 ], "autoUv": false },
												"south": { "texture": "#null", "uv": [ 0.0, 0.0, 2.0, 1.0 ], "enabled": false },
												"west": { "texture": "#glass", "uv": [ 7.0, 10.5, 14.0, 12.5 ], "autoUv": false },
												"up": { "texture": "#null", "uv": [ 0.0, 0.0, 2.0, 3.5 ], "enabled": false },
												"down": { "texture": "#null", "uv": [ 0.0, 0.0, 2.0, 3.5 ], "enabled": false }
											}
										}
									]
								}
							]
						},
						{
							"name": "Cube124",
							"from": [ 0.0, 7.5, -6.5 ], 
							"to": [ 2.0, 11.4, -1.6 ], 
							"renderPass": 3,
							"rotationOrigin": [ 0.0, 6.2, -6.3 ],
							"faces": {
								"north": { "texture": "#null", "uv": [ 0.0, 0.0, 2.0, 3.5 ], "enabled": false },
								"east": { "texture": "#glass", "uv": [ 3.5, 4.0, 12.5, 12.0 ], "autoUv": false },
								"south": { "texture": "#null", "uv": [ 0.0, 0.0, 2.0, 3.5 ], "enabled": false },
								"west": { "texture": "#glass", "uv": [ 3.5, 4.0, 12.5, 12.0 ], "autoUv": false },
								"up": { "texture": "#null", "uv": [ 0.0, 0.0, 2.0, 4.5 ], "enabled": false },
								"down": { "texture": "#null", "uv": [ 0.0, 0.0, 2.0, 4.5 ], "enabled": false }
							},
							"children": [
								{
									"name": "window125",
									"from": [ 0.0, 5.4, 2.0 ], 
									"to": [ 2.0, 5.9, 2.9 ], 
									"renderPass": 3,
									"rotationOrigin": [ 0.0, 4.7, 1.2 ],
									"faces": {
										"north": { "texture": "#null", "uv": [ 0.0, 0.0, 2.0, 0.5 ], "enabled": false },
										"east": { "texture": "#glass", "uv": [ 10.0, 7.0, 11.0, 8.0 ], "autoUv": false },
										"south": { "texture": "#null", "uv": [ 0.0, 0.0, 2.0, 0.5 ], "enabled": false },
										"west": { "texture": "#glass", "uv": [ 10.0, 7.0, 11.0, 8.0 ], "autoUv": false },
										"up": { "texture": "#null", "uv": [ 0.0, 0.0, 2.0, 0.5 ], "enabled": false },
										"down": { "texture": "#null", "uv": [ 0.0, 0.0, 2.0, 0.5 ], "enabled": false }
									},
									"children": [
										{
											"name": "window126",
											"from": [ 0.0, -0.5, -1.0 ], 
											"to": [ 2.0, 0.0, 1.9 ], 
											"renderPass": 3,
											"rotationOrigin": [ 0.0, -1.7, -2.3 ],
											"faces": {
												"north": { "texture": "#null", "uv": [ 0.0, 0.0, 2.0, 0.5 ], "enabled": false },
												"east": { "texture": "#glass", "uv": [ 3.0, 9.5, 8.0, 10.5 ], "autoUv": false },
												"south": { "texture": "#null", "uv": [ 0.0, 0.0, 2.0, 0.5 ], "enabled": false },
												"west": { "texture": "#glass", "uv": [ 3.0, 9.5, 8.0, 10.5 ], "autoUv": false },
												"up": { "texture": "#null", "uv": [ 0.0, 0.0, 2.0, 2.5 ], "enabled": false },
												"down": { "texture": "#null", "uv": [ 0.0, 0.0, 2.0, 2.5 ], "enabled": false }
											}
										},
										{
											"name": "window127",
											"from": [ 0.0, -1.5, -1.5 ], 
											"to": [ 2.0, -0.5, 2.4 ], 
											"renderPass": 3,
											"rotationOrigin": [ 0.0, -2.7, -2.3 ],
											"faces": {
												"north": { "texture": "#null", "uv": [ 0.0, 0.0, 2.0, 1.0 ], "enabled": false },
												"east": { "texture": "#glass", "uv": [ 7.0, 10.5, 14.0, 12.5 ], "autoUv": false },
												"south": { "texture": "#null", "uv": [ 0.0, 0.0, 2.0, 1.0 ], "enabled": false },
												"west": { "texture": "#glass", "uv": [ 7.0, 10.5, 14.0, 12.5 ], "autoUv": false },
												"up": { "texture": "#null", "uv": [ 0.0, 0.0, 2.0, 3.5 ], "enabled": false },
												"down": { "texture": "#null", "uv": [ 0.0, 0.0, 2.0, 3.5 ], "enabled": false }
											}
										}
									]
								}
							]
						}
					]
				}
			]
		}
	]}