{
	code: "mallet-head",
	shape: { base: "item/tool/mallet" },
	textures: {
		"head": { base: "game:block/wood/debarked/oak" },
		"handle": { base: "game:block/transparent" }
	},
	creativeinventory: { "general": ["*"], "items": ["*"], "tools": ["*"] },
	fpHandTransform: {
		translation: { x: 0.3, y: -0.4, z: 0 },
		rotation: { x: 15, y: 15, z: 90 },
		scale: 2.5
	},
	guiTransform: {
		rotate: false,
		translation: { x: 4, y: 1, z: 190 },
		rotation: { x: -52, y: -131, z: -180 },
		origin: { x: 0.37, y: 1.25, z: 0.1 },
		scale: 3.5
	},
	groundTransform: {
		translation: { x: 0, y: 0, z: 0 },
		rotation: { x: 0, y: 0, z: 0 },
		origin: { x: 0.8, y: 0.44, z: 0.5 },
		scale: 4.5
	},
	tpHandTransform: {
		translation: { x: -0.3, y: -0.8, z: -0.6 },
		rotation: { x: 109, y: -30, z: 5 },
		scale: 1
	}
}