[
	{
		"ingredientPattern": "B",
		"ingredients": {
			"B": {
				"type": "block",
				"code": "thatch-straw"
			}
		},
		"width": 1,
		"height": 1,
		"shapeless": true,
		"output": {
			"type": "item",
			"code": "straw",
			"quantity": 8
		}
	},
	{
		"ingredientPattern": "B",
		"ingredients": {
			"B": {
				"type": "block",
				"code": "thatchroof-straw-up-north-free"
			}
		},
		"width": 1,
		"height": 1,
		"shapeless": true,
		"output": {
			"type": "item",
			"code": "straw",
			"quantity": 6
		}
	}
]