{
  "ingredientPattern": "CAO",
  "ingredients": {
    "A": {
      "type": "block",
      "code": "game:bonysoil"
      //Renamed to Ancient Loam
    },
    "O": {
      "type": "item",
      "code": "compost-cured",
      "quantity": 4
    },
    "C": {
      "type": "item",
      "code": "powderedcharcoal",
      "quantity": 4
    }
  },
  "width": 1,
  "height": 3,
  "shapeless": true,
  "output": {
    "type": "block",
    "code": "game:soil-high-none",
    "quantity":  2
  }
}
