﻿[
	{
		//-- Crystal Seeds Ore--//

		ingredientPattern: "CMCMCMCMC",
		width:3,
		height:3,
		ingredients: {
			"C": {
				type: "item",
				code: "orecrystals_crystalshard",
				quantity: 1
			},
			"M": {
				type: "item",
				name: "mineral",
				code: "game:ore-*",
				allowedVariants: ["lapislazuli", "corundum", "anthracite", "borax", "cinnabar", "lignite", "bituminouscoal", "sylvite", "sulfur",
				"fluorite", "graphite", "kernite", "phosphorite"],
				quantity: 1
			}
		},
		output: {
			type: "block",
			code: "seed_crystals-{mineral}-ore_down",
			quantity: 1
		}
	},
	{
		//-- Crystal Seeds Nugget --//

		ingredientPattern: "CMCMCMCMC",
		width:3,
		height:3,
		ingredients: {
			"C": {
				type: "item",
				code: "orecrystals_crystalshard",
				quantity: 1
			},
			"M": {
				type: "item",
				name: "mineral",
				code: "game:nugget-*",
				allowedVariants: ["nativecopper", "limonite", "galena", "cassiterite", "chromite", "ilmenite", "sphalerite", "bismuthinite", "magnetite",
				"hematite", "malachite", "pentlandite", "uranium", "wolframite", "rhodochrosite"],
				quantity: 1
			}
		},
		output: {
			type: "block",
			code: "seed_crystals-{mineral}-ore_down",
			quantity: 1
		}
	},
	{
		//-- Crystal Seeds Flint --//
		ingredientPattern: "CMCMCMCMC",
		width:3,
		height:3,
		ingredients: {
			"C": {
				type: "item",
				code: "orecrystals_crystalshard",
				quantity: 1
			},
			"M": {
				type: "item",
				code: "game:flint",
				quantity: 1
			}
		},
		output: {
			type: "block",
			code: "seed_crystals-flint-ore_down",
			quantity: 1
		}
	},
	{
		//-- Crystal Seeds Gem --//
		ingredientPattern: "CMCMCMCMC",
		width:3,
		height:3,
		ingredients: {
			"C": {
				type: "item",
				code: "orecrystals_crystalshard",
				quantity: 1
			},
			"M": {
				type: "item",
				name: "gem",
				code: "game:gem-*-rough",
				allowedVariants: ["diamond", "emerald", "olivine_peridot"],
				quantity: 1
			}
		},
		output: {
			type: "block",
			code: "seed_crystals-{gem}-ore_down",
			quantity: 1
		}
	},
	{
		//-- Crystal Seeds Silver/Gold --//
		ingredientPattern: "CMCMCMCMC",
		width:3,
		height:3,
		ingredients: {
			"C": {
				type: "item",
				code: "orecrystals_crystalshard",
				quantity: 1
			},
			"M": {
				type: "item",
				name: "mineral",
				code: "game:nugget-*",
				allowedVariants: ["nativesilver", "nativegold"],
				quantity: 1
			}
		},
		output: {
			type: "block",
			code: "seed_crystals-quartz_{mineral}-ore_down",
			quantity: 1
		}
	},
	{
		//-- Crystal Seeds Quartz --//
		ingredientPattern: "CMCMCMCMC",
		width:3,
		height:3,
		ingredients: {
			"C": {
				type: "item",
				code: "orecrystals_crystalshard",
				quantity: 1
			},
			"M": {
				type: "item",
				name: "mineral",
				code: "game:*",
				allowedVariants: ["clearquartz", "ore-quartz"],
				quantity: 1
			}
		},
		output: {
			type: "block",
			code: "seed_crystals-quartz-ore_down",
			quantity: 1
		}
	}
]