{
	"editor": {
		"allAngles": false,
		"entityTextureMode": false
	},
	"textureWidth": 16,
	"textureHeight": 16,

	"elements": [
		{
			"name": "Cube1",
			"from": [ 0.0, 0.0, 0.0 ], 
			"to": [ 16.0, 16.0, 16.0 ], 
			"faces": {
				"north": { "texture": "#vid", "uv": [ 0.0, 0.0, 16.0, 16.0 ] },
				"east": { "texture": "#vid", "uv": [ 0.0, 0.0, 16.0, 16.0 ] },
				"south": { "texture": "#vid", "uv": [ 0.0, 0.0, 16.0, 16.0 ] },
				"west": { "texture": "#vid", "uv": [ 0.0, 0.0, 16.0, 16.0 ] },
				"up": { "texture": "#vid", "uv": [ 0.0, 0.0, 16.0, 16.0 ] },
				"down": { "texture": "#vid", "uv": [ 0.0, 0.0, 16.0, 16.0 ] }
			}
		}
	]}