[
  {
    "ingredientPattern": "S,S",
    "ingredients": {
      "S": { "type": "block", "code": "game:rock-*", "name": "type" }
    },
    "width": 1,
    "height": 2,
    "output": { "type": "block", "code": "game:stalagsection-{type}-14", "quantity": 3 }
  },
  {
    "ingredientPattern": "S,S",
    "ingredients": {
      "S": { "type": "block", "code": "game:stalagsection-*-14", "name": "type" }
    },
    "width": 1,
    "height": 2,
    "output": { "type": "block", "code": "game:stalagsection-{type}-12", "quantity": 3 }
  },
  {
    "ingredientPattern": "S,S",
    "ingredients": {
      "S": { "type": "block", "code": "game:stalagsection-*-12", "name": "type" }
    },
    "width": 1,
    "height": 2,
    "output": { "type": "block", "code": "game:stalagsection-{type}-10", "quantity": 3 }
  },
  {
    "ingredientPattern": "S,S",
    "ingredients": {
      "S": { "type": "block", "code": "game:stalagsection-*-10", "name": "type" }
    },
    "width": 1,
    "height": 2,
    "output": { "type": "block", "code": "game:stalagsection-{type}-08", "quantity": 3 }
  },
  {
    "ingredientPattern": "S,S",
    "ingredients": {
      "S": { "type": "block", "code": "game:stalagsection-*-08", "name": "type" }
    },
    "width": 1,
    "height": 2,
    "output": { "type": "block", "code": "game:stalagsection-{type}-06", "quantity": 3 }
  },
  {
    "ingredientPattern": "S,S",
    "ingredients": {
      "S": { "type": "block", "code": "game:stalagsection-*-06", "name": "type" }
    },
    "width": 1,
    "height": 2,
    "output": { "type": "block", "code": "game:stalagsection-{type}-04", "quantity": 3 }
  }
]
