[
  {
    "op": "add",
    "path": "/client/shapeByType/spear-iron",
    "value": {
      "base": "lazytweaks:item/tool/spear-forged",
      "offsetX": -0.8125
    },
    "file": "entities/spear.json"
  },
  {
    "op": "add",
    "path": "/client/shapeByType/spear-meteoriciron",
    "value": {
      "base": "lazytweaks:item/tool/spear-forged",
      "offsetX": -0.8125
    },
    "file": "entities/spear.json"
  },
  {
    "op": "add",
    "path": "/client/shapeByType/spear-steel",
    "value": {
      "base": "lazytweaks:item/tool/spear-forged",
      "offsetX": -0.8125
    },
    "file": "entities/spear.json"
  },
  {
    "op": "add",
    "path": "/client/texturesByType/spear-meteoriciron",
    "value": {
      "material": {
        "base": "block/metal/sheet/{material}1"
      }
    },
    "file": "entities/spear.json"
  },
  {
    "op": "add",
    "path": "/client/texturesByType/spear-steel",
    "value": {
      "material": {
        "base": "block/metal/sheet/{material}1"
      }
    },
    "file": "entities/spear.json"
  },
  {
    "op": "add",
    "path": "/variantgroups/0/states/13",
    "value": "iron",
    "file": "entities/spear.json"
  },
  {
    "op": "add",
    "path": "/variantgroups/0/states/14",
    "value": "meteoriciron",
    "file": "entities/spear.json"
  },
  {
    "op": "add",
    "path": "/variantgroups/0/states/15",
    "value": "steel",
    "file": "entities/spear.json"
  }
]