[
  {
    "op": "replace",
    "path": "/0/output/code",
    "value": "lazytweaks:hide-tanned-small",
    "file": "recipes/barrel/leather.json"
  },
  {
    "op": "replace",
    "path": "/1/output/code",
    "value": "lazytweaks:hide-tanned-medium",
    "file": "recipes/barrel/leather.json"
  },
  {
    "op": "replace",
    "path": "/1/output/stackSize",
    "value": 1,
    "file": "recipes/barrel/leather.json"
  },
  {
    "op": "replace",
    "path": "/2/output/code",
    "value": "lazytweaks:hide-tanned-large",
    "file": "recipes/barrel/leather.json"
  },
  {
    "op": "replace",
    "path": "/2/output/stackSize",
    "value": 1,
    "file": "recipes/barrel/leather.json"
  },
  {
    "op": "replace",
    "path": "/3/output/code",
    "value": "lazytweaks:hide-tanned-huge",
    "file": "recipes/barrel/leather.json"
  },
  {
    "op": "replace",
    "path": "/3/output/stackSize",
    "value": 1,
    "file": "recipes/barrel/leather.json"
  }
]