[
  {
    "op": "add",
    "path": "/combustibleProps/meltingDuration",
    "value": 60,
    "file": "itemtypes/resource/plank.json"
  },
  {
    "op": "add",
    "path": "/combustibleProps/meltingPoint",
    "value": 200,
    "file": "itemtypes/resource/plank.json"
  },
  {
    "op": "add",
    "path": "/combustibleProps/requiresContainer",
    "value": false,
    "file": "itemtypes/resource/plank.json"
  },
  {
    "op": "add",
    "path": "/combustibleProps/smeltedRatio",
    "value": 4,
    "file": "itemtypes/resource/plank.json"
  },
  {
    "op": "add",
    "path": "/combustibleProps/smeltedStack",
    "value": {
      "type": "item",
      "code": "lazytweaks:ash"
    },
    "file": "itemtypes/resource/plank.json"
  },
  {
    "op": "add",
    "path": "/combustibleProps/smeltingType",
    "value": "bake",
    "file": "itemtypes/resource/plank.json"
  }
]