[
  //{
    //"op": "add",
    //"path": "/guiTransformByType/@*-(iron|meteoriciron|steel|)",
    //"value": {
      //"translation": {
        //"x": 0,
        //"y": 0,
        //"z": 0
      //},
      //"rotation": {
        //"x": -21,
        //"y": -150,
        //"z": -144
      //},
      //"origin": {
        //"x": 1.37,
        //"y": 0.07,
        //"z": 0.51
      //},
      //"scale": 1.8
    //},
    //"file": "itemtypes/toolhead/spearhead.json"
  //},
  {
	"op": "replace",
	"path": "/guiTransformByType",
	"value": 
		{
			"@*-(copper|tinbronze|bismuthbronze|blackbronze)": 
				{
					"translation": { "x": 0, "y": 0, "z": 0 },
					"rotation": { "x": 43, "y": 28, "z": -59 },
					"origin": { "x": 0.45, "y": 0.02, "z": 0.5 },
					"scale": 3.51
				},
			"@*-(iron|meteoriciron|steel)": 
				{
					"translation": { "x": 0, "y": 0, "z": 0 },
					"rotation": { "x": -21, "y": -150, "z": -144 },
					"origin": { "x": 1.37, "y": 0.07, "z": 0.51 },
					"scale": 2.4
				},
			"*": 
				{
					"translation": { "x": 0, "y": 0, "z": 0 },
					"rotation": { "x": -20, "y": -130, "z": -170 },
					"origin": { "x": 1.37, "y": 0.07, "z": 0.51 },
					"scale": 4.1
				},
		},
	"file": "itemtypes/toolhead/spearhead.json"
  },
  
  {
    "op": "add",
    "path": "/shapeByType/spearhead-iron",
    "value": {
      "base": "lazytweaks:item/toolhead/spearhead-forged"
    },
    "file": "itemtypes/toolhead/spearhead.json"
  },
  {
    "op": "add",
    "path": "/shapeByType/spearhead-meteoriciron",
    "value": {
      "base": "lazytweaks:item/toolhead/spearhead-forged"
    },
    "file": "itemtypes/toolhead/spearhead.json"
  },
  {
    "op": "add",
    "path": "/shapeByType/spearhead-steel",
    "value": {
      "base": "lazytweaks:item/toolhead/spearhead-forged"
    },
    "file": "itemtypes/toolhead/spearhead.json"
  },
  {
    "op": "add",
    "path": "/variantgroups/0/states/-",
    "value": "iron",
    "file": "itemtypes/toolhead/spearhead.json"
  },
  {
    "op": "add",
    "path": "/variantgroups/0/states/-",
    "value": "meteoriciron",
    "file": "itemtypes/toolhead/spearhead.json"
  },
  {
    "op": "add",
    "path": "/variantgroups/0/states/-",
    "value": "steel",
    "file": "itemtypes/toolhead/spearhead.json"
  }
]