[
  {
    "op": "add",
    "path": "/dropsByType/*-9/-",
    "value": {
      "type": "item",
      "code": "lazytweaks:straw",
      "quantity": {
        "avg": 2,
        "var": 1
      },
	  "tool":"knife"
    },
    "file": "blocktypes/plant/crop/rye.json"
  },
  {
    "op": "add",
    "path": "/dropsByType/*-9/-",
    "value": {
      "type": "item",
      "code": "lazytweaks:straw",
      "quantity": {
        "avg": 2,
        "var": 1
      },
	  "tool":"scythe"
    },
    "file": "blocktypes/plant/crop/rye.json"
  },
  {
    "op": "add",
    "path": "/dropsByType/*-9/-",
    "value": {
      "type": "item",
      "code": "lazytweaks:straw",
      "quantity": {
        "avg": 2,
        "var": 1
      },
	  "tool":"shears"
    },
    "file": "blocktypes/plant/crop/rye.json"
  },
  {
    "op": "replace",
    "path": "/dropsByType/*-9/0/code",
    "value": "grain-rye",
    "file": "blocktypes/plant/crop/rye.json"
  },
]