[
  {
    "op": "add",
    "path": "/attributes",
    "value": {
      "maxSaturation": 8,
      "nutrition": 4
    },
    "file": "game:entities/land/chicken-roosterpoult.json"
  },
  {
    "op": "add",
    "path": "/client/behaviors/-",
    "value": {
      "code": "consume"
    },
    "file": "game:entities/land/chicken-roosterpoult.json"
  },
  {
    "op": "add",
    "path": "/server/behaviors/-",
    "value": {
      "code": "consume",
      "poopCodes": [
        "farmlife:poop-avian-small"
      ]
    },
    "file": "game:entities/land/chicken-roosterpoult.json"
  },

  {
    "op": "replace",
    "path": "/server/behaviors/10/aitasks/4",
    "value": {
      "code": "seekfoodandeat",
      "priority": 1.5,
      "eatLooseItems": true,
      "eatItemCategories": [
        "Grain"
      ],
      "eatItemCodes": [
        "farmlife:animalfeed"
      ],
      "eatSound": "player/eat",
      "eatAnimation": "Eat",
      "eatTime": 1.5,
      "movespeed": 0.01,
      "eatAnimation": "Eat",
      "animation": "Walk",
      "mincooldownHours": 0,
      "maxcooldownHours": 0
    },
    "file": "game:entities/land/chicken-roosterpoult.json"
  },
  {
      "op": "add",
      "path": "/server/behaviors/10/aitasks/-",
      "value": {
        "code": "meleeattack",
        "entityCodes": [
          "grub",
          "earthworm"
        ],
        "priority": 1.5,
        "damage": 1.1,
        "mincooldown": 250,
        "maxcooldown": 500,
        "minDist": 0.9,
        "attackDurationMs": 1000,
        "damagePlayerAtMs": 600,
        "animation": "Eat",
        "animationSpeed": 1.5
      },
      "file": "game:entities/land/chicken-roosterpoult.json"
    },

    {
      "op": "replace",
      "path": "/server/behaviors/7/code",
      "value": "foodgrow",
      "file": "game:entities/land/chicken-roosterpoult.json"
    },
]
