{
	"code": "gravestone",
	"class": "BlockGravestoneVB",
	"entityClass": "BlockEntityGravestoneVB",
	"drawtypeByType": {
		"*-free": "JSON",
		"*-snow": "JSONAndSnowLayer"
	},

	"variantgroups": [
		{
			"code": "rock",
			"loadFromProperties": "game:block/rock"
		},
		{
			"code": "side",
			"loadFromProperties": "game:abstract/horizontalorientation"
		},
		{
			"code": "cover",
			"states": [ "free", "snow" ]
		}
	],
	"behaviors": [
		{ "name": "Lockable" },
		{ "name": "Container" },
		{
			"name": "BlockBehaviorHorizontalOrientationVB",
			"properties": { "dropBlockFace": "east" }
		}
	],
	"creativeinventory": {
		"general": [ "*-east-free" ],
		"flora": [ "*-east-free" ],
		"decorative": [ "*-east-free" ]
	},
	"attributes": {
		"canChisel": true,
		"chiselShapeFromCollisionBox": true,
		"partialAttachable": true
	},

	"heldTpIdleAnimation": "holdbothhands",
	//"skipVariants": [ "*-north-snow", "*-east-snow", "*-south-snow", "*-west-snow" ],
	"shapebytype": {
		"*-north-free": {
			"base": "block/gravestone",
			"rotateY": 0
		},
		"*-east-free": {
			"base": "block/gravestone",
			"rotateY": 270
		},
		"*-south-free": {
			"base": "block/gravestone",
			"rotateY": 180
		},
		"*-west-free": {
			"base": "block/gravestone",
			"rotateY": 90
		},
		"*-north-snow": {
			"base": "block/snow-gravestone",
			"rotateY": 0
		},
		"*-east-snow": {
			"base": "block/snow-gravestone",
			"rotateY": 270
		},
		"*-south-snow": {
			"base": "block/snow-gravestone",
			"rotateY": 180
		},
		"*-west-snow": {
			"base": "block/snow-gravestone",
			"rotateY": 90
		}
	},
	"texturesByType": {
		"*-north-free": {
			"stonetype": { "base": "game:block/stone/rock/{rock}*" },
			"stonetype1": { "base": "game:block/stone/cobblestone/{rock}*" },
			"base": { "base": "block/chimneyrim" },
			"face": { "base": "block/gravestone/face" },
			"offeringtop": { "base": "block/gravestone/offeringtop" },
			"offeringbase": { "base": "block/chimneyrim" }
		},
		"*-south-free": {
			"stonetype": { "base": "game:block/stone/rock/{rock}*" },
			"stonetype1": { "base": "game:block/stone/cobblestone/{rock}*" },
			"base": { "base": "block/chimneyrim" },
			"face": { "base": "block/gravestone/face" },
			"offeringtop": { "base": "block/gravestone/offeringtop" },
			"offeringbase": { "base": "block/chimneyrim" }
		},
		"*-east-free": {
			"stonetype": { "base": "game:block/stone/rock/{rock}*" },
			"stonetype1": { "base": "game:block/stone/cobblestone/{rock}*" },
			"base": { "base": "block/chimneyrim" },
			"face": { "base": "block/gravestone/face" },
			"offeringtop": { "base": "block/gravestone/offeringtop" },
			"offeringbase": { "base": "block/chimneyrim" }
		},
		"*-west-free": {
			"stonetype": { "base": "game:block/stone/rock/{rock}*" },
			"stonetype1": { "base": "game:block/stone/cobblestone/{rock}*" },
			"base": { "base": "block/chimneyrim" },
			"face": { "base": "block/gravestone/face" },
			"offeringtop": { "base": "block/gravestone/offeringtop" },
			"offeringbase": { "base": "block/chimneyrim" }
		},
		"*-north-snow": {
			"stonetype": { "base": "game:block/stone/rock/{rock}*" },
			"stonetype1": { "base": "game:block/stone/cobblestone/{rock}*" },
			"base": { "base": "block/chimneyrim" },
			"face": { "base": "block/gravestone/face" },
			"snow": { "base": "game:block/snow/normal*" },
			"offeringtop": { "base": "block/gravestone/offeringtop" },
			"offeringbase": { "base": "block/chimneyrim" }
		},
		"*-south-snow": {
			"stonetype": { "base": "game:block/stone/rock/{rock}*" },
			"stonetype1": { "base": "game:block/stone/cobblestone/{rock}*" },
			"base": { "base": "block/chimneyrim" },
			"face": { "base": "block/gravestone/face" },
			"snow": { "base": "game:block/snow/normal*" },
			"offeringtop": { "base": "block/gravestone/offeringtop" },
			"offeringbase": { "base": "block/chimneyrim" }
		},
		"*-east-snow": {
			"stonetype": { "base": "game:block/stone/rock/{rock}*" },
			"stonetype1": { "base": "game:block/stone/cobblestone/{rock}*" },
			"base": { "base": "block/chimneyrim" },
			"face": { "base": "block/gravestone/face" },
			"snow": { "base": "game:block/snow/normal*" },
			"offeringtop": { "base": "block/gravestone/offeringtop" },
			"offeringbase": { "base": "block/chimneyrim" }
		},
		"*-west-snow": {
			"stonetype": { "base": "game:block/stone/rock/{rock}*" },
			"stonetype1": { "base": "game:block/stone/cobblestone/{rock}*" },
			"base": { "base": "block/chimneyrim" },
			"face": { "base": "block/gravestone/face" },
			"snow": { "base": "game:block/snow/normal*" },
			"offeringtop": { "base": "block/gravestone/offeringtop" },
			"offeringbase": { "base": "block/chimneyrim" }
		}
	},
	"sidesolid": {
		"all": "false"
	},
	"sideopaque": {
		"all": "false"
	},
	"blockmaterial": "Stone",
	"replaceable": 140,
	"resistance": 2,
	"sounds": {
		"place": "game:block/rock-hit-pickaxe",
		"walk": "game:walk/stone"
	},
	"lightAbsorption": 0,
	"materialDensity": 200,
	"collisionSelectionBoxesByType": {
		"*": [
			{
				"x1": 0.1875,
				"y1": 0,
				"z1": 0,
				"x2": 0.8125,
				"y2": 0.315,
				"z2": 1,
				"rotateYByType": {
					"*-north-*": 180,
					"*-east-*": 90,
					"*-south-*": 0,
					"*-west-*": 270
				}
			},
			{
				"x1": 0.185,
				"y1": 0.3125,
				"z1": 1,
				"x2": 0.8125,
				"y2": 0.875,
				"z2": 0.875,
				"rotateYByType": {
					"*-north-*": 180,
					"*-east-*": 90,
					"*-south-*": 0,
					"*-west-*": 270
				}
			}
		]
	},
	"guiTransform": {
		"translation": {
			"x": 0,
			"y": 3,
			"z": 0
		},
		"rotation": {
			"x": -21,
			"y": -129,
			"z": 0
		},
		"origin": {
			"x": 0.5,
			"y": 0.3,
			"z": 0.5
		},
		"scale": 1.25
	},
	"fpHandTransform": {
		"translation": {
			"x": 0,
			"y": 0.1,
			"z": 0.5
		},
		"rotation": {
			"x": -2,
			"y": 5,
			"z": 12
		},
		"origin": {
			"x": 0.5,
			"y": 0.6,
			"z": 0.5
		},
		"scale": 1.5
	},
	"tpHandTransform": {
		"translation": {
			"x": -0.9,
			"y": -0.4,
			"z": -0.7
		},
		"rotation": {
			"x": 51,
			"y": 13,
			"z": -84
		},
		"origin": {
			"x": 0.5,
			"y": 0.2,
			"z": 0.5
		},
		"scale": 0.59
	},
	"groundTransform": {
		"scale": 2.01
	}
}
