{
	"code": "storagebed",
	"class": "BlockBedStorageVB",
	"entityClassByType": {
		"*-head-*": "BlockEntityBedStorageVB"
	},

	"behaviors": [
		{ "name": "Lockable" },
		{ "name": "Container" }
	],
	//"entityBehaviors": [ { "name": "Animatable" } ],
	"attributes": {
		"sleepEfficiencyByType": {
			"*": 0.79166666
		}
	},
	"sidesolid": {
		"all": false
	},
	"sideopaque": {
		"all": false
	},
	"heldTpIdleAnimation": "holdunderarm",
	"variantgroups": [
		{
			"code": "material",
			"loadFromProperties": "game:block/metal"
		},
		{
			"code": "part",
			"states": [ "head", "feet" ]
		},
		{
			"code": "side",
			"loadFromProperties": "game:abstract/horizontalorientation"
		}
	],
	"creativeinventory": {
		"general": [ "*-head-north" ],
		"decorative": [ "*-head-north" ]
	},
	"shapeinventory": { "base": "block/bed-inventory" },
	"shapebytype": {
		"*-head-north": {
			"base": "block/bed-head",
			"rotateY": 90
		},
		"*-head-east": {
			"base": "block/bed-head",
			"rotateY": 0
		},
		"*-head-south": {
			"base": "block/bed-head",
			"rotateY": 270
		},
		"*-head-west": {
			"base": "block/bed-head",
			"rotateY": 180
		},
		"*-feet-north": {
			"base": "block/bed-feet",
			"rotateY": 90
		},
		"*-feet-east": {
			"base": "block/bed-feet",
			"rotateY": 0
		},
		"*-feet-south": {
			"base": "block/bed-feet",
			"rotateY": 270
		},
		"*-feet-west": {
			"base": "block/bed-feet",
			"rotateY": 180
		}
	},
	"texturesByType": {
		"*-head-*": {
			"metal": { "base": "game:block/metal/ingot/{material}" },
			"pillow": { "base": "block/bed/pillow" },
			"mattress": { "base": "block/bed/mattress" },
			"drawer": { "base": "block/bed/drawer" },
			"knob": { "base": "block/chimneyrim" }
		},
		"*-feet-*": {
			"metal": { "base": "game:block/metal/ingot/{material}" },
			"pillow": { "base": "block/bed/pillow" },
			"mattress": { "base": "block/bed/mattress" },
			"drawer": { "base": "block/bed/drawer" },
			"knob": { "base": "block/chimneyrim" }
		}
	},
	"blockmaterial": "Metal",
	"replaceable": 550,
	"resistance": 3,
	"lightAbsorption": 0,
	"guitransform": {
		"scale": 0.75
	},
	"fpHandTransform": {
		"translation": {
			"x": 0.31,
			"y": -0.2,
			"z": 0
		},
		"rotation": {
			"x": -67,
			"y": -33,
			"z": 77
		},
		"origin": {
			"x": 0.5,
			"y": 0.2,
			"z": 0.5
		},
		"scale": 1.35
	},
	"groundTransform": {
		"origin": {
			"x": 0.5,
			"y": 0,
			"z": 0.5
		},
		"scale": 2
	},
	"tpHandTransformByType": {
		"*": {
			"translation": {
				"x": -0.9,
				"y": -0.3,
				"z": -0.9
			},
			"rotation": {
				"x": -80,
				"y": -37,
				"z": 17
			},
			"scale": 0.45
		}
	},
	"guiTransformByType": {
		"*": {
			"origin": {
				"x": 0.5,
				"y": 0.4,
				"z": 0.5
			},
			"scale": 0.75
		}
	},
	"selectionbox": {
		"x1": 0,
		"y1": 0,
		"z1": 0,
		"x2": 1,
		"y2ByType": {
			//"bed-hay-*": 0.25,
			"*": 0.5
		},
		"z2": 1
	},
	"collisionbox": {
		"x1": 0,
		"y1": 0,
		"z1": 0,
		"x2": 1,
		"y2ByType": {
			//"bed-hay-*": 0.25,
			"*": 0.5
		},
		"z2": 1
	},
	"sounds": {
		"place": "game:block/planks",
		"hit": "game:block/planks",
		"break": "game:block/planks",
		"walk": "game:walk/wood"
	},
	"materialDensity": 600
}