{
	code: "slot_hole",		
	variantgroups: [
		{ loadFromProperties: "block/rock" },
		{ loadFromProperties: "abstract/verticalorientation" },
	],
	shapeByType: {		
		"*-up": { base: "block/stone/slot_hole"  },
		"*-down": { base: "block/stone/slot_hole", rotateZ: 180 },
	},
	textures: {		
		all: { base: "game:block/stone/cobblestone/{rock}1" },
	},	
	blockmaterial: "Stone",
	sidesolidByType: {
		"*-down": { all: false, north: true, east: true, south: true, west: true  },
		"*-up":   { all: false, north: true, east: true, south: true, west: true  }
	},
	sideopaqueByType: {
		"*-down": { all: false, north: true, east: true, south: true, west: true  },
		"*-up":   { all: false, north: true, east: true, south: true, west: true  }
	},
	behaviors: [
		{ name: "VerticalOrentiation"  }
	],
	creativeinventory: { "general": ["slot_hole-*-up"], "decorative": ["slot_hole-*-up"], "defensive": ["slot_hole-*-up"] },	
	resistance: 2,
	rainPermeable: true,
	lightAbsorption: 0,
	selectionboxes: [			
		{ x1: 0.75, y1: 0, z1: 0, x2: 1, y2: 1, z2: 1 },
		{ x1: 0, y1: 0, z1: 1, x2: 0.25, y2: 1, z2: 0 },
		{ x1: 1, y1: 0, z1: 0.75, x2: 0, y2: 1, z2: 1 },
		{ x1: 1, y1: 0, z1: 0.25, x2: 0, y2: 1, z2: 0 },
	],
	collisionboxes: [				
		{ x1: 0.75, y1: 0, z1: 0, x2: 1, y2: 1, z2: 1 },
		{ x1: 0, y1: 0, z1: 1, x2: 0.25, y2: 1, z2: 0 },
		{ x1: 1, y1: 0, z1: 0.75, x2: 0, y2: 1, z2: 1 },
		{ x1: 1, y1: 0, z1: 0.25, x2: 0, y2: 1, z2: 0 },
	],
	materialDensity: 600,
	sounds: {
		"walk": "game:walk/stone",
		byTool: {
			"Pickaxe": { hit: "game:block/rock-hit-pickaxe", break: "game:block/rock-break-pickaxe" }
		}
	},
}


