{
	"editor": {
		"allAngles": false,
		"singleTexture": false
	},
	"textureWidth": 16,
	"textureHeight": 16,
	"textures": {
		"string": "item/tool/material/string",
		"material": "block/metal/ingot/copper"
	},
	"elements": [
		{
			"name": "origin",
			"from": [ 14.0, 0.5, 7.7 ], 
			"to": [ 14.0, 0.5, 7.7 ], 
			"rotationOrigin": [ 8.0, 0.0, 8.0 ],
			"faces": {
				"north": { "texture": "#string", "uv": [ 0.0, 0.0, 0.5, 0.5 ] },
				"east": { "texture": "#string", "uv": [ 0.0, 0.0, 0.5, 0.5 ] },
				"south": { "texture": "#string", "uv": [ 0.0, 0.0, 0.5, 0.5 ] },
				"west": { "texture": "#string", "uv": [ 0.0, 0.0, 0.5, 0.5 ] },
				"up": { "texture": "#string", "uv": [ 0.0, 0.0, 0.5, 0.5 ] },
				"down": { "texture": "#string", "uv": [ 0.0, 0.0, 0.5, 0.5 ] }
			},
			"children": [
				{
					"name": "segment main11",
					"from": [ 10.0, 0.0, 0.0 ], 
					"to": [ 15.0, 0.5, 0.5 ], 
					"rotationOrigin": [ 10.0, 0.0, 0.0 ],
					"faces": {
						"north": { "texture": "#material", "uv": [ 1.0, 3.5, 6.0, 4.0 ] },
						"east": { "texture": "#material", "uv": [ 1.0, 2.0, 1.5, 2.5 ] },
						"south": { "texture": "#material", "uv": [ 2.5, 4.5, 7.5, 5.0 ] },
						"west": { "texture": "#material", "uv": [ 6.0, 2.0, 6.5, 2.5 ] },
						"up": { "texture": "#material", "uv": [ 9.0, 2.5, 9.5, 7.5 ], "rotation": 90 },
						"down": { "texture": "#material", "uv": [ 4.0, 3.0, 9.0, 3.5 ] }
					}
				},
				{
					"name": "segment main12",
					"from": [ 8.0, 0.5, 0.0 ], 
					"to": [ 11.5, 1.0, 0.5 ], 
					"rotationOrigin": [ 8.0, 0.5, 0.0 ],
					"faces": {
						"north": { "texture": "#material", "uv": [ 1.0, 3.5, 4.5, 4.0 ] },
						"east": { "texture": "#material", "uv": [ 1.0, 2.0, 1.5, 2.5 ] },
						"south": { "texture": "#material", "uv": [ 2.5, 4.5, 6.0, 5.0 ] },
						"west": { "texture": "#material", "uv": [ 6.0, 2.0, 6.5, 2.5 ] },
						"up": { "texture": "#material", "uv": [ 9.0, 2.5, 9.5, 6.0 ], "rotation": 90 },
						"down": { "texture": "#material", "uv": [ 4.0, 3.0, 7.5, 3.5 ] }
					},
					"children": [
						{
							"name": "Cube21",
							"from": [ 2.0, 0.0, 0.2 ], 
							"to": [ 2.5, 1.0, 0.4 ], 
							"rotationOrigin": [ 2.0, 0.0, 0.2 ],
							"rotationZ": 5.0,
							"faces": {
								"north": { "texture": "#material", "uv": [ 0.0, 0.0, 0.5, 1.0 ] },
								"east": { "texture": "#material", "uv": [ 0.0, 0.0, 0.5, 1.0 ] },
								"south": { "texture": "#material", "uv": [ 0.0, 0.0, 0.5, 1.0 ] },
								"west": { "texture": "#material", "uv": [ 0.0, 0.0, 0.5, 1.0 ] },
								"up": { "texture": "#material", "uv": [ 0.0, 0.0, 0.5, 0.5 ] },
								"down": { "texture": "#material", "uv": [ 0.0, 0.0, 0.5, 0.5 ] }
							}
						},
						{
							"name": "Cube22",
							"from": [ 1.1, 0.0, 0.2 ], 
							"to": [ 1.6, 1.5, 0.4 ], 
							"rotationOrigin": [ 1.1, 0.0, 0.2 ],
							"rotationZ": 10.0,
							"faces": {
								"north": { "texture": "#material", "uv": [ 0.0, 0.0, 0.5, 1.5 ] },
								"east": { "texture": "#material", "uv": [ 0.0, 0.0, 0.5, 1.5 ] },
								"south": { "texture": "#material", "uv": [ 0.0, 0.0, 0.5, 1.5 ] },
								"west": { "texture": "#material", "uv": [ 0.0, 0.0, 0.5, 1.5 ] },
								"up": { "texture": "#material", "uv": [ 0.0, 0.0, 0.5, 0.5 ] },
								"down": { "texture": "#material", "uv": [ 0.0, 0.0, 0.5, 0.5 ] }
							}
						}
					]
				},
				{
					"name": "segment main13",
					"from": [ 10.0, -0.5, 0.0 ], 
					"to": [ 13.0, 0.0, 0.5 ], 
					"rotationOrigin": [ 10.0, -0.5, 0.0 ],
					"faces": {
						"north": { "texture": "#material", "uv": [ 1.0, 3.5, 4.0, 4.0 ] },
						"east": { "texture": "#material", "uv": [ 1.0, 2.0, 1.5, 2.5 ] },
						"south": { "texture": "#material", "uv": [ 2.5, 4.5, 5.5, 5.0 ] },
						"west": { "texture": "#material", "uv": [ 6.0, 2.0, 6.5, 2.5 ] },
						"up": { "texture": "#material", "uv": [ 9.0, 2.5, 9.5, 5.5 ], "rotation": 90 },
						"down": { "texture": "#material", "uv": [ 4.0, 3.0, 7.0, 3.5 ] }
					},
					"children": [
						{
							"name": "Cube1",
							"from": [ 1.5, -0.5, 0.2 ], 
							"to": [ 2.0, 0.0, 0.4 ], 
							"rotationOrigin": [ 1.5, -0.5, 0.2 ],
							"faces": {
								"north": { "texture": "#material", "uv": [ 0.0, 0.0, 0.5, 0.5 ] },
								"east": { "texture": "#material", "uv": [ 0.0, 0.0, 0.5, 0.5 ] },
								"south": { "texture": "#material", "uv": [ 0.0, 0.0, 0.5, 0.5 ] },
								"west": { "texture": "#material", "uv": [ 0.0, 0.0, 0.5, 0.5 ] },
								"up": { "texture": "#material", "uv": [ 0.0, 0.0, 0.5, 0.5 ] },
								"down": { "texture": "#material", "uv": [ 0.0, 0.0, 0.5, 0.5 ] }
							}
						},
						{
							"name": "Cube15",
							"from": [ 0.5, -1.0, 0.2 ], 
							"to": [ 1.0, 0.5, 0.4 ], 
							"rotationOrigin": [ 0.5, 0.0, 0.2 ],
							"rotationZ": -5.0,
							"faces": {
								"north": { "texture": "#material", "uv": [ 0.0, 0.0, 0.5, 1.5 ] },
								"east": { "texture": "#material", "uv": [ 0.0, 0.0, 0.5, 1.5 ] },
								"south": { "texture": "#material", "uv": [ 0.0, 0.0, 0.5, 1.5 ] },
								"west": { "texture": "#material", "uv": [ 0.0, 0.0, 0.5, 1.5 ] },
								"up": { "texture": "#material", "uv": [ 0.0, 0.0, 0.5, 0.5 ] },
								"down": { "texture": "#material", "uv": [ 0.0, 0.0, 0.5, 0.5 ] }
							}
						},
						{
							"name": "Cube16",
							"from": [ -0.5, -0.5, 0.2 ], 
							"to": [ 0.0, 0.5, 0.4 ], 
							"rotationOrigin": [ -0.5, 0.5, 0.2 ],
							"rotationZ": -10.0,
							"faces": {
								"north": { "texture": "#material", "uv": [ 0.0, 0.0, 0.5, 1.0 ] },
								"east": { "texture": "#material", "uv": [ 0.0, 0.0, 0.5, 1.0 ] },
								"south": { "texture": "#material", "uv": [ 0.0, 0.0, 0.5, 1.0 ] },
								"west": { "texture": "#material", "uv": [ 0.0, 0.0, 0.5, 1.0 ] },
								"up": { "texture": "#material", "uv": [ 0.0, 0.0, 0.5, 0.5 ] },
								"down": { "texture": "#material", "uv": [ 0.0, 0.0, 0.5, 0.5 ] }
							}
						},
						{
							"name": "Cube17",
							"from": [ -1.5, -1.5, 0.2 ], 
							"to": [ -1.0, 0.5, 0.4 ], 
							"rotationOrigin": [ -1.5, 0.0, 0.2 ],
							"rotationZ": -15.0,
							"faces": {
								"north": { "texture": "#material", "uv": [ 0.0, 0.0, 0.5, 2.0 ] },
								"east": { "texture": "#material", "uv": [ 0.0, 0.0, 0.5, 2.0 ] },
								"south": { "texture": "#material", "uv": [ 0.0, 0.0, 0.5, 2.0 ] },
								"west": { "texture": "#material", "uv": [ 0.0, 0.0, 0.5, 2.0 ] },
								"up": { "texture": "#material", "uv": [ 0.0, 0.0, 0.5, 0.5 ] },
								"down": { "texture": "#material", "uv": [ 0.0, 0.0, 0.5, 0.5 ] }
							}
						}
					]
				},
				{
					"name": "segment main18",
					"from": [ 3.3, 0.5, 0.21 ], 
					"to": [ 10.3, 1.0, 0.41 ], 
					"rotationOrigin": [ 3.3, 0.5, 0.2 ],
					"faces": {
						"north": { "texture": "#material", "uv": [ 1.0, 3.5, 8.0, 4.0 ] },
						"east": { "texture": "#material", "uv": [ 1.0, 2.0, 1.5, 2.5 ] },
						"south": { "texture": "#material", "uv": [ 2.5, 4.5, 9.5, 5.0 ] },
						"west": { "texture": "#material", "uv": [ 6.0, 2.0, 6.5, 2.5 ] },
						"up": { "texture": "#material", "uv": [ 9.0, 2.5, 9.5, 9.5 ], "rotation": 90 },
						"down": { "texture": "#material", "uv": [ 4.0, 3.0, 11.0, 3.5 ] }
					},
					"children": [
						{
							"name": "Cube23",
							"from": [ 5.0, 0.0, 0.0 ], 
							"to": [ 5.5, 2.0, 0.2 ], 
							"rotationOrigin": [ 5.0, 0.0, 0.0 ],
							"rotationX": 1.0,
							"rotationZ": 50.0,
							"faces": {
								"north": { "texture": "#material", "uv": [ 0.0, 0.0, 0.5, 2.0 ] },
								"east": { "texture": "#material", "uv": [ 0.0, 0.0, 0.5, 2.0 ] },
								"south": { "texture": "#material", "uv": [ 0.0, 0.0, 0.5, 2.0 ] },
								"west": { "texture": "#material", "uv": [ 0.0, 0.0, 0.5, 2.0 ] },
								"up": { "texture": "#material", "uv": [ 0.0, 0.0, 0.5, 0.5 ] },
								"down": { "texture": "#material", "uv": [ 0.0, 0.0, 0.5, 0.5 ] }
							}
						},
						{
							"name": "Cube27",
							"from": [ 4.3, 0.0, 0.0 ], 
							"to": [ 4.8, 1.0, 0.2 ], 
							"rotationOrigin": [ 4.3, 0.0, 0.0 ],
							"rotationX": 1.0,
							"rotationZ": 50.0,
							"faces": {
								"north": { "texture": "#material", "uv": [ 0.0, 0.0, 0.5, 1.0 ] },
								"east": { "texture": "#material", "uv": [ 0.0, 0.0, 0.5, 1.0 ] },
								"south": { "texture": "#material", "uv": [ 0.0, 0.0, 0.5, 1.0 ] },
								"west": { "texture": "#material", "uv": [ 0.0, 0.0, 0.5, 1.0 ] },
								"up": { "texture": "#material", "uv": [ 0.0, 0.0, 0.5, 0.5 ] },
								"down": { "texture": "#material", "uv": [ 0.0, 0.0, 0.5, 0.5 ] }
							}
						}
					]
				},
				{
					"name": "segment main19",
					"from": [ 5.0, -0.4, 0.21 ], 
					"to": [ 10.0, 0.1, 0.41 ], 
					"rotationOrigin": [ 5.0, -0.4, 0.2 ],
					"faces": {
						"north": { "texture": "#material", "uv": [ 1.0, 3.5, 6.0, 4.0 ] },
						"east": { "texture": "#material", "uv": [ 1.0, 2.0, 1.5, 2.5 ] },
						"south": { "texture": "#material", "uv": [ 2.5, 4.5, 7.5, 5.0 ] },
						"west": { "texture": "#material", "uv": [ 6.0, 2.0, 6.5, 2.5 ] },
						"up": { "texture": "#material", "uv": [ 9.0, 2.5, 9.5, 7.5 ], "rotation": 90 },
						"down": { "texture": "#material", "uv": [ 4.0, 3.0, 9.0, 3.5 ] }
					},
					"children": [
						{
							"name": "Cube25",
							"from": [ 2.8, -3.0, 0.0 ], 
							"to": [ 3.3, 0.5, 0.2 ], 
							"rotationOrigin": [ 2.8, 0.5, 0.0 ],
							"rotationX": 1.0,
							"rotationZ": -50.0,
							"faces": {
								"north": { "texture": "#material", "uv": [ 0.0, 0.0, 0.5, 3.5 ] },
								"east": { "texture": "#material", "uv": [ 0.0, 0.0, 0.5, 3.5 ] },
								"south": { "texture": "#material", "uv": [ 0.0, 0.0, 0.5, 3.5 ] },
								"west": { "texture": "#material", "uv": [ 0.0, 0.0, 0.5, 3.5 ] },
								"up": { "texture": "#material", "uv": [ 0.0, 0.0, 0.5, 0.5 ] },
								"down": { "texture": "#material", "uv": [ 0.0, 0.0, 0.5, 0.5 ] }
							}
						},
						{
							"name": "Cube26",
							"from": [ 2.1, -1.5, 0.0 ], 
							"to": [ 2.6, 0.5, 0.2 ], 
							"rotationOrigin": [ 2.1, 0.5, 0.0 ],
							"rotationX": 1.0,
							"rotationZ": -50.0,
							"faces": {
								"north": { "texture": "#material", "uv": [ 0.0, 0.0, 0.5, 2.0 ] },
								"east": { "texture": "#material", "uv": [ 0.0, 0.0, 0.5, 2.0 ] },
								"south": { "texture": "#material", "uv": [ 0.0, 0.0, 0.5, 2.0 ] },
								"west": { "texture": "#material", "uv": [ 0.0, 0.0, 0.5, 2.0 ] },
								"up": { "texture": "#material", "uv": [ 0.0, 0.0, 0.5, 0.5 ] },
								"down": { "texture": "#material", "uv": [ 0.0, 0.0, 0.5, 0.5 ] }
							}
						}
					]
				}
			]
		}
	]}