{
	"editor": {
		"allAngles": false,
		"singleTexture": false
	},
	"textureWidth": 16,
	"textureHeight": 16,
	"textures": {
		"string": "item/tool/material/string",
		"handle": "item/tool/material/handle",
		"material": "block/currency/rusty-iron"
	},
	"elements": [
		{
			"name": "origin",
			"from": [ 14.0, 0.5, 7.7 ], 
			"to": [ 14.0, 0.5, 7.7 ], 
			"rotationOrigin": [ 8.0, 0.0, 8.0 ],
			"faces": {
				"north": { "texture": "#string", "uv": [ 0.0, 0.0, 0.5, 0.5 ] },
				"east": { "texture": "#string", "uv": [ 0.0, 0.0, 0.5, 0.5 ] },
				"south": { "texture": "#string", "uv": [ 0.0, 0.0, 0.5, 0.5 ] },
				"west": { "texture": "#string", "uv": [ 0.0, 0.0, 0.5, 0.5 ] },
				"up": { "texture": "#string", "uv": [ 0.0, 0.0, 0.5, 0.5 ] },
				"down": { "texture": "#string", "uv": [ 0.0, 0.0, 0.5, 0.5 ] }
			},
			"children": [
				{
					"name": "handle",
					"from": [ -8.0, -0.5, -0.5 ], 
					"to": [ 8.0, 1.0, 1.0 ], 
					"rotationOrigin": [ -9.5, -8.0, 0.0 ],
					"faces": {
						"north": { "texture": "#handle", "uv": [ 0.0, 5.5, 16.0, 7.0 ] },
						"east": { "texture": "#handle", "uv": [ 7.0, 0.5, 8.5, 2.0 ] },
						"south": { "texture": "#handle", "uv": [ 0.0, 10.5, 16.0, 12.0 ] },
						"west": { "texture": "#handle", "uv": [ 14.0, 10.0, 15.5, 11.5 ] },
						"up": { "texture": "#handle", "uv": [ 0.0, 4.5, 16.0, 6.0 ] },
						"down": { "texture": "#handle", "uv": [ 0.0, 5.0, 16.0, 6.5 ] }
					},
					"children": [
						{
							"name": "Cube43",
							"from": [ 16.0, 0.0, 1.0 ], 
							"to": [ 18.0, 1.0, 1.5 ], 
							"rotationOrigin": [ 16.0, 0.0, 1.0 ],
							"faces": {
								"north": { "texture": "#handle", "uv": [ 0.0, 0.0, 2.0, 1.0 ] },
								"east": { "texture": "#handle", "uv": [ 0.0, 0.0, 0.5, 1.0 ] },
								"south": { "texture": "#handle", "uv": [ 0.0, 0.0, 2.0, 1.0 ] },
								"west": { "texture": "#handle", "uv": [ 0.0, 0.0, 0.5, 1.0 ] },
								"up": { "texture": "#handle", "uv": [ 0.0, 0.0, 2.0, 0.5 ] },
								"down": { "texture": "#handle", "uv": [ 0.0, 0.0, 2.0, 0.5 ] }
							}
						},
						{
							"name": "Cube44",
							"from": [ 16.0, 1.0, 0.0 ], 
							"to": [ 17.5, 1.5, 0.5 ], 
							"rotationOrigin": [ 16.0, 1.0, 0.0 ],
							"faces": {
								"north": { "texture": "#handle", "uv": [ 0.0, 0.0, 1.5, 0.5 ] },
								"east": { "texture": "#handle", "uv": [ 0.0, 0.0, 0.5, 0.5 ] },
								"south": { "texture": "#handle", "uv": [ 0.0, 0.0, 1.5, 0.5 ] },
								"west": { "texture": "#handle", "uv": [ 0.0, 0.0, 0.5, 0.5 ] },
								"up": { "texture": "#handle", "uv": [ 0.0, 0.0, 1.5, 0.5 ] },
								"down": { "texture": "#handle", "uv": [ 0.0, 0.0, 1.5, 0.5 ] }
							}
						},
						{
							"name": "Cube45",
							"from": [ 16.0, 0.0, 0.0 ], 
							"to": [ 17.0, 0.5, 0.5 ], 
							"rotationOrigin": [ 16.0, 0.0, 0.0 ],
							"faces": {
								"north": { "texture": "#handle", "uv": [ 0.0, 0.0, 1.0, 0.5 ] },
								"east": { "texture": "#handle", "uv": [ 0.0, 0.0, 0.5, 0.5 ] },
								"south": { "texture": "#handle", "uv": [ 0.0, 0.0, 1.0, 0.5 ] },
								"west": { "texture": "#handle", "uv": [ 0.0, 0.0, 0.5, 0.5 ] },
								"up": { "texture": "#handle", "uv": [ 0.0, 0.0, 1.0, 0.5 ] },
								"down": { "texture": "#handle", "uv": [ 0.0, 0.0, 1.0, 0.5 ] }
							}
						}
					]
				},
				{
					"name": "string 3",
					"from": [ 7.9, -0.8, -0.8 ], 
					"to": [ 8.4, 1.2, 1.2 ], 
					"rotationOrigin": [ 8.7, -0.8, 0.7 ],
					"rotationY": 12.000001625280545,
					"faces": {
						"north": { "texture": "#material", "uv": [ 10.0, 10.0, 12.0, 10.5 ], "rotation": 90 },
						"east": { "texture": "#material", "uv": [ 7.5, 1.5, 9.5, 3.5 ] },
						"south": { "texture": "#material", "uv": [ 8.0, 2.5, 10.0, 3.0 ], "rotation": 90 },
						"west": { "texture": "#material", "uv": [ 10.0, 10.5, 12.0, 12.5 ] },
						"up": { "texture": "#material", "uv": [ 8.5, 1.0, 9.0, 3.0 ] },
						"down": { "texture": "#material", "uv": [ 9.5, 1.5, 10.0, 3.5 ] }
					}
				},
				{
					"name": "string 5",
					"from": [ -4.2, -0.7, -0.8 ], 
					"to": [ -3.7, 1.3, 1.2 ], 
					"rotationOrigin": [ -4.2, -0.7, 0.7 ],
					"rotationX": 8.0,
					"rotationY": 5.0,
					"rotationZ": -5.0,
					"faces": {
						"north": { "texture": "#material", "uv": [ 4.5, 4.5, 6.5, 5.0 ], "rotation": 90 },
						"east": { "texture": "#material", "uv": [ 6.0, 5.0, 8.0, 7.0 ] },
						"south": { "texture": "#material", "uv": [ 8.0, 2.0, 10.0, 2.5 ], "rotation": 90 },
						"west": { "texture": "#material", "uv": [ 7.5, 5.5, 9.5, 7.5 ] },
						"up": { "texture": "#material", "uv": [ 7.0, 1.0, 9.0, 1.5 ], "rotation": 90 },
						"down": { "texture": "#material", "uv": [ 4.5, 4.5, 6.5, 5.0 ], "rotation": 90 }
					}
				},
				{
					"name": "string 6",
					"from": [ 2.3, -0.6, -0.7 ], 
					"to": [ 2.8, 1.4, 1.3 ], 
					"rotationOrigin": [ 2.3, -0.6, 0.8 ],
					"rotationY": -10.0,
					"rotationZ": -3.0,
					"faces": {
						"north": { "texture": "#material", "uv": [ 7.5, 1.0, 9.5, 1.5 ], "rotation": 90 },
						"east": { "texture": "#material", "uv": [ 9.5, 12.0, 11.5, 14.0 ] },
						"south": { "texture": "#material", "uv": [ 6.0, 3.5, 8.0, 4.0 ], "rotation": 90 },
						"west": { "texture": "#material", "uv": [ 9.5, 10.5, 11.5, 12.5 ] },
						"up": { "texture": "#material", "uv": [ 6.5, 1.0, 8.5, 1.5 ], "rotation": 90 },
						"down": { "texture": "#material", "uv": [ 7.0, 2.0, 9.0, 2.5 ], "rotation": 90 }
					}
				},
				{
					"name": "handle 2",
					"from": [ -24.0, -0.5, -0.5 ], 
					"to": [ -8.0, 1.0, 1.0 ], 
					"rotationOrigin": [ -25.5, -8.0, 0.0 ],
					"faces": {
						"north": { "texture": "#handle", "uv": [ 0.0, 5.5, 16.0, 7.0 ] },
						"east": { "texture": "#handle", "uv": [ 0.5, 0.5, 2.0, 2.0 ] },
						"south": { "texture": "#handle", "uv": [ 0.0, 10.5, 16.0, 12.0 ] },
						"west": { "texture": "#handle", "uv": [ 14.0, 10.0, 15.5, 11.5 ] },
						"up": { "texture": "#handle", "uv": [ 0.0, 4.5, 16.0, 6.0 ] },
						"down": { "texture": "#handle", "uv": [ 0.0, 5.0, 16.0, 6.5 ] }
					}
				},
				{
					"name": "segment 1",
					"from": [ 3.7, 0.7, 0.0 ], 
					"to": [ 9.7, 1.2, 0.5 ], 
					"rotationOrigin": [ 7.7, 0.7, 0.0 ],
					"rotationZ": -12.0,
					"faces": {
						"north": { "texture": "#material", "uv": [ 0.0, 0.0, 6.0, 0.5 ] },
						"east": { "texture": "#material", "uv": [ 0.0, 0.0, 0.5, 0.5 ] },
						"south": { "texture": "#material", "uv": [ 0.0, 0.0, 6.0, 0.5 ] },
						"west": { "texture": "#material", "uv": [ 0.0, 0.0, 0.5, 0.5 ] },
						"up": { "texture": "#material", "uv": [ 0.0, 0.0, 6.0, 0.5 ] },
						"down": { "texture": "#material", "uv": [ 0.0, 0.0, 6.0, 0.5 ] }
					},
					"children": [
						{
							"name": "Cube20",
							"from": [ -2.0, 0.0, 0.0 ], 
							"to": [ 0.0, 0.5, 0.5 ], 
							"rotationOrigin": [ 0.0, 0.0, 0.0 ],
							"rotationZ": -18.0,
							"faces": {
								"north": { "texture": "#material", "uv": [ 0.0, 0.0, 2.0, 0.5 ] },
								"east": { "texture": "#material", "uv": [ 0.0, 0.0, 0.5, 0.5 ] },
								"south": { "texture": "#material", "uv": [ 0.0, 0.0, 2.0, 0.5 ] },
								"west": { "texture": "#material", "uv": [ 0.0, 0.0, 0.5, 0.5 ] },
								"up": { "texture": "#material", "uv": [ 0.0, 0.0, 2.0, 0.5 ] },
								"down": { "texture": "#material", "uv": [ 0.0, 0.0, 2.0, 0.5 ] }
							}
						}
					]
				},
				{
					"name": "segment 2",
					"from": [ -6.4, 1.0, 0.0 ], 
					"to": [ -3.9, 1.5, 0.5 ], 
					"rotationOrigin": [ -6.4, 1.0, 0.0 ],
					"rotationZ": -9.0,
					"faces": {
						"north": { "texture": "#material", "uv": [ 0.0, 0.0, 2.5, 0.5 ] },
						"east": { "texture": "#material", "uv": [ 0.0, 0.0, 0.5, 0.5 ] },
						"south": { "texture": "#material", "uv": [ 0.0, 0.0, 2.5, 0.5 ] },
						"west": { "texture": "#material", "uv": [ 0.0, 0.0, 0.5, 0.5 ] },
						"up": { "texture": "#material", "uv": [ 0.0, 0.0, 2.5, 0.5 ] },
						"down": { "texture": "#material", "uv": [ 0.0, 0.0, 2.5, 0.5 ] }
					},
					"children": [
						{
							"name": "Cube1",
							"from": [ 2.5, 0.0, 0.0 ], 
							"to": [ 6.5, 0.5, 0.5 ], 
							"rotationOrigin": [ 2.5, 0.0, 0.0 ],
							"rotationZ": 22.0,
							"faces": {
								"north": { "texture": "#material", "uv": [ 0.0, 0.0, 4.0, 0.5 ] },
								"east": { "texture": "#material", "uv": [ 0.0, 0.0, 0.5, 0.5 ] },
								"south": { "texture": "#material", "uv": [ 0.0, 0.0, 4.0, 0.5 ] },
								"west": { "texture": "#material", "uv": [ 0.0, 0.0, 0.5, 0.5 ] },
								"up": { "texture": "#material", "uv": [ 0.0, 0.0, 4.0, 0.5 ] },
								"down": { "texture": "#material", "uv": [ 0.0, 0.0, 4.0, 0.5 ] }
							},
							"children": [
								{
									"name": "Cube17",
									"from": [ 3.8, 0.0, 0.0 ], 
									"to": [ 6.8, 0.5, 0.5 ], 
									"rotationOrigin": [ 3.8, 0.0, 0.0 ],
									"rotationZ": -25.0,
									"faces": {
										"north": { "texture": "#material", "uv": [ 0.0, 0.0, 3.0, 0.5 ] },
										"east": { "texture": "#material", "uv": [ 0.0, 0.0, 0.5, 0.5 ] },
										"south": { "texture": "#material", "uv": [ 0.0, 0.0, 3.0, 0.5 ] },
										"west": { "texture": "#material", "uv": [ 0.0, 0.0, 0.5, 0.5 ] },
										"up": { "texture": "#material", "uv": [ 0.0, 0.0, 3.0, 0.5 ] },
										"down": { "texture": "#material", "uv": [ 0.0, 0.0, 3.0, 0.5 ] }
									},
									"children": [
										{
											"name": "Cube18",
											"from": [ 3.0, 0.0, 0.0 ], 
											"to": [ 5.0, 0.5, 0.5 ], 
											"rotationOrigin": [ 3.0, 0.0, 0.0 ],
											"rotationZ": 18.0,
											"faces": {
												"north": { "texture": "#material", "uv": [ 0.0, 0.0, 2.0, 0.5 ] },
												"east": { "texture": "#material", "uv": [ 0.0, 0.0, 0.5, 0.5 ] },
												"south": { "texture": "#material", "uv": [ 0.0, 0.0, 2.0, 0.5 ] },
												"west": { "texture": "#material", "uv": [ 0.0, 0.0, 0.5, 0.5 ] },
												"up": { "texture": "#material", "uv": [ 0.0, 0.0, 2.0, 0.5 ] },
												"down": { "texture": "#material", "uv": [ 0.0, 0.0, 2.0, 0.5 ] }
											}
										}
									]
								}
							]
						}
					]
				},
				{
					"name": "segment 21",
					"from": [ 4.8, 0.2, 0.3 ], 
					"to": [ 8.8, 0.7, 0.8 ], 
					"rotationOrigin": [ 8.8, 0.2, 0.3 ],
					"rotationY": 17.0,
					"rotationZ": -7.0,
					"faces": {
						"north": { "texture": "#material", "uv": [ 0.0, 0.0, 4.0, 0.5 ] },
						"east": { "texture": "#material", "uv": [ 0.0, 0.0, 0.5, 0.5 ] },
						"south": { "texture": "#material", "uv": [ 0.0, 0.0, 4.0, 0.5 ] },
						"west": { "texture": "#material", "uv": [ 0.0, 0.0, 0.5, 0.5 ] },
						"up": { "texture": "#material", "uv": [ 0.0, 0.0, 4.0, 0.5 ] },
						"down": { "texture": "#material", "uv": [ 0.0, 0.0, 4.0, 0.5 ] }
					},
					"children": [
						{
							"name": "Cube22",
							"from": [ -2.0, 0.0, 0.0 ], 
							"to": [ 0.0, 0.5, 0.5 ], 
							"rotationOrigin": [ 0.0, 0.0, 0.0 ],
							"rotationY": 16.0,
							"faces": {
								"north": { "texture": "#material", "uv": [ 0.0, 0.0, 2.0, 0.5 ] },
								"east": { "texture": "#material", "uv": [ 0.0, 0.0, 0.5, 0.5 ] },
								"south": { "texture": "#material", "uv": [ 0.0, 0.0, 2.0, 0.5 ] },
								"west": { "texture": "#material", "uv": [ 0.0, 0.0, 0.5, 0.5 ] },
								"up": { "texture": "#material", "uv": [ 0.0, 0.0, 2.0, 0.5 ] },
								"down": { "texture": "#material", "uv": [ 0.0, 0.0, 2.0, 0.5 ] }
							}
						}
					]
				},
				{
					"name": "segment 23",
					"from": [ 4.8, 0.1, -0.2 ], 
					"to": [ 8.8, 0.6, 0.3 ], 
					"rotationOrigin": [ 8.8, 0.1, -0.2 ],
					"rotationY": -21.0,
					"rotationZ": -3.0,
					"faces": {
						"north": { "texture": "#material", "uv": [ 0.0, 0.0, 4.0, 0.5 ] },
						"east": { "texture": "#material", "uv": [ 0.0, 0.0, 0.5, 0.5 ] },
						"south": { "texture": "#material", "uv": [ 0.0, 0.0, 4.0, 0.5 ] },
						"west": { "texture": "#material", "uv": [ 0.0, 0.0, 0.5, 0.5 ] },
						"up": { "texture": "#material", "uv": [ 0.0, 0.0, 4.0, 0.5 ] },
						"down": { "texture": "#material", "uv": [ 0.0, 0.0, 4.0, 0.5 ] }
					},
					"children": [
						{
							"name": "Cube24",
							"from": [ -3.0, 0.0, 0.0 ], 
							"to": [ 0.0, 0.5, 0.5 ], 
							"rotationOrigin": [ 0.0, 0.0, 0.0 ],
							"rotationY": -15.0,
							"rotationZ": -19.0,
							"faces": {
								"north": { "texture": "#material", "uv": [ 0.0, 0.0, 3.0, 0.5 ] },
								"east": { "texture": "#material", "uv": [ 0.0, 0.0, 0.5, 0.5 ] },
								"south": { "texture": "#material", "uv": [ 0.0, 0.0, 3.0, 0.5 ] },
								"west": { "texture": "#material", "uv": [ 0.0, 0.0, 0.5, 0.5 ] },
								"up": { "texture": "#material", "uv": [ 0.0, 0.0, 3.0, 0.5 ] },
								"down": { "texture": "#material", "uv": [ 0.0, 0.0, 3.0, 0.5 ] }
							}
						}
					]
				},
				{
					"name": "segment 25",
					"from": [ 4.8, -0.2, 0.4 ], 
					"to": [ 9.3, 0.3, 0.9 ], 
					"rotationOrigin": [ 8.8, -0.2, 0.4 ],
					"rotationY": 12.0,
					"rotationZ": 16.0,
					"faces": {
						"north": { "texture": "#material", "uv": [ 0.0, 0.0, 4.5, 0.5 ] },
						"east": { "texture": "#material", "uv": [ 0.0, 0.0, 0.5, 0.5 ] },
						"south": { "texture": "#material", "uv": [ 0.0, 0.0, 4.5, 0.5 ] },
						"west": { "texture": "#material", "uv": [ 0.0, 0.0, 0.5, 0.5 ] },
						"up": { "texture": "#material", "uv": [ 0.0, 0.0, 4.5, 0.5 ] },
						"down": { "texture": "#material", "uv": [ 0.0, 0.0, 4.5, 0.5 ] }
					},
					"children": [
						{
							"name": "Cube26",
							"from": [ -2.0, 0.0, 0.0 ], 
							"to": [ 0.0, 0.5, 0.5 ], 
							"rotationOrigin": [ 0.0, 0.0, 0.0 ],
							"rotationY": 22.0,
							"rotationZ": -12.0,
							"faces": {
								"north": { "texture": "#material", "uv": [ 0.0, 0.0, 2.0, 0.5 ] },
								"east": { "texture": "#material", "uv": [ 0.0, 0.0, 0.5, 0.5 ] },
								"south": { "texture": "#material", "uv": [ 0.0, 0.0, 2.0, 0.5 ] },
								"west": { "texture": "#material", "uv": [ 0.0, 0.0, 0.5, 0.5 ] },
								"up": { "texture": "#material", "uv": [ 0.0, 0.0, 2.0, 0.5 ] },
								"down": { "texture": "#material", "uv": [ 0.0, 0.0, 2.0, 0.5 ] }
							}
						}
					]
				},
				{
					"name": "segment 27",
					"from": [ 5.0, -0.4, -0.3 ], 
					"to": [ 9.5, 0.1, 0.2 ], 
					"rotationOrigin": [ 9.0, -0.4, -0.3 ],
					"rotationY": -15.0,
					"rotationZ": 15.0,
					"faces": {
						"north": { "texture": "#material", "uv": [ 0.0, 0.0, 4.5, 0.5 ] },
						"east": { "texture": "#material", "uv": [ 0.0, 0.0, 0.5, 0.5 ] },
						"south": { "texture": "#material", "uv": [ 0.0, 0.0, 4.5, 0.5 ] },
						"west": { "texture": "#material", "uv": [ 0.0, 0.0, 0.5, 0.5 ] },
						"up": { "texture": "#material", "uv": [ 0.0, 0.0, 4.5, 0.5 ] },
						"down": { "texture": "#material", "uv": [ 0.0, 0.0, 4.5, 0.5 ] }
					},
					"children": [
						{
							"name": "Cube28",
							"from": [ -2.0, 0.0, 0.0 ], 
							"to": [ 0.0, 0.5, 0.5 ], 
							"rotationOrigin": [ 0.0, 0.0, 0.0 ],
							"rotationY": 4.0,
							"rotationZ": -24.0,
							"faces": {
								"north": { "texture": "#material", "uv": [ 0.0, 0.0, 2.0, 0.5 ] },
								"east": { "texture": "#material", "uv": [ 0.0, 0.0, 0.5, 0.5 ] },
								"south": { "texture": "#material", "uv": [ 0.0, 0.0, 2.0, 0.5 ] },
								"west": { "texture": "#material", "uv": [ 0.0, 0.0, 0.5, 0.5 ] },
								"up": { "texture": "#material", "uv": [ 0.0, 0.0, 2.0, 0.5 ] },
								"down": { "texture": "#material", "uv": [ 0.0, 0.0, 2.0, 0.5 ] }
							}
						}
					]
				},
				{
					"name": "top segment",
					"from": [ 8.0, 0.0, 0.0 ], 
					"to": [ 13.5, 0.5, 0.5 ], 
					"rotationOrigin": [ 8.0, 0.0, 0.0 ],
					"faces": {
						"north": { "texture": "#material", "uv": [ 0.0, 0.0, 5.5, 0.5 ] },
						"east": { "texture": "#material", "uv": [ 0.0, 0.0, 0.5, 0.5 ] },
						"south": { "texture": "#material", "uv": [ 0.0, 0.0, 5.5, 0.5 ] },
						"west": { "texture": "#material", "uv": [ 0.0, 0.0, 0.5, 0.5 ] },
						"up": { "texture": "#material", "uv": [ 0.0, 0.0, 5.5, 0.5 ] },
						"down": { "texture": "#material", "uv": [ 0.0, 0.0, 5.5, 0.5 ] }
					},
					"children": [
						{
							"name": "Cube29",
							"from": [ 3.5, 0.5, 0.1 ], 
							"to": [ 4.0, 1.0, 0.3 ], 
							"rotationOrigin": [ 3.5, 0.5, 0.1 ],
							"faces": {
								"north": { "texture": "#material", "uv": [ 0.0, 0.0, 0.5, 0.5 ] },
								"east": { "texture": "#material", "uv": [ 0.0, 0.0, 0.5, 0.5 ] },
								"south": { "texture": "#material", "uv": [ 0.0, 0.0, 0.5, 0.5 ] },
								"west": { "texture": "#material", "uv": [ 0.0, 0.0, 0.5, 0.5 ] },
								"up": { "texture": "#material", "uv": [ 0.0, 0.0, 0.5, 0.5 ] },
								"down": { "texture": "#material", "uv": [ 0.0, 0.0, 0.5, 0.5 ] }
							}
						},
						{
							"name": "Cube30",
							"from": [ 2.5, 0.5, 0.1 ], 
							"to": [ 3.0, 1.5, 0.3 ], 
							"rotationOrigin": [ 2.5, 0.5, 0.1 ],
							"faces": {
								"north": { "texture": "#material", "uv": [ 0.0, 0.0, 0.5, 1.0 ] },
								"east": { "texture": "#material", "uv": [ 0.0, 0.0, 0.5, 1.0 ] },
								"south": { "texture": "#material", "uv": [ 0.0, 0.0, 0.5, 1.0 ] },
								"west": { "texture": "#material", "uv": [ 0.0, 0.0, 0.5, 1.0 ] },
								"up": { "texture": "#material", "uv": [ 0.0, 0.0, 0.5, 0.5 ] },
								"down": { "texture": "#material", "uv": [ 0.0, 0.0, 0.5, 0.5 ] }
							}
						},
						{
							"name": "Cube31",
							"from": [ 1.5, 0.5, 0.1 ], 
							"to": [ 2.0, 1.0, 0.3 ], 
							"rotationOrigin": [ 1.5, 0.5, 0.1 ],
							"faces": {
								"north": { "texture": "#material", "uv": [ 0.0, 0.0, 0.5, 0.5 ] },
								"east": { "texture": "#material", "uv": [ 0.0, 0.0, 0.5, 0.5 ] },
								"south": { "texture": "#material", "uv": [ 0.0, 0.0, 0.5, 0.5 ] },
								"west": { "texture": "#material", "uv": [ 0.0, 0.0, 0.5, 0.5 ] },
								"up": { "texture": "#material", "uv": [ 0.0, 0.0, 0.5, 0.5 ] },
								"down": { "texture": "#material", "uv": [ 0.0, 0.0, 0.5, 0.5 ] }
							}
						},
						{
							"name": "Cube32",
							"from": [ 3.0, -1.0, 0.1 ], 
							"to": [ 3.5, 0.0, 0.3 ], 
							"rotationOrigin": [ 3.0, 0.0, 0.1 ],
							"faces": {
								"north": { "texture": "#material", "uv": [ 0.0, 0.0, 0.5, 1.0 ] },
								"east": { "texture": "#material", "uv": [ 0.0, 0.0, 0.5, 1.0 ] },
								"south": { "texture": "#material", "uv": [ 0.0, 0.0, 0.5, 1.0 ] },
								"west": { "texture": "#material", "uv": [ 0.0, 0.0, 0.5, 1.0 ] },
								"up": { "texture": "#material", "uv": [ 0.0, 0.0, 0.5, 0.5 ] },
								"down": { "texture": "#material", "uv": [ 0.0, 0.0, 0.5, 0.5 ] }
							}
						},
						{
							"name": "Cube33",
							"from": [ 2.0, -0.5, 0.1 ], 
							"to": [ 2.5, 0.0, 0.3 ], 
							"rotationOrigin": [ 2.0, 0.0, 0.1 ],
							"faces": {
								"north": { "texture": "#material", "uv": [ 0.0, 0.0, 0.5, 0.5 ] },
								"east": { "texture": "#material", "uv": [ 0.0, 0.0, 0.5, 0.5 ] },
								"south": { "texture": "#material", "uv": [ 0.0, 0.0, 0.5, 0.5 ] },
								"west": { "texture": "#material", "uv": [ 0.0, 0.0, 0.5, 0.5 ] },
								"up": { "texture": "#material", "uv": [ 0.0, 0.0, 0.5, 0.5 ] },
								"down": { "texture": "#material", "uv": [ 0.0, 0.0, 0.5, 0.5 ] }
							}
						},
						{
							"name": "Cube34",
							"from": [ 1.0, -1.0, 0.1 ], 
							"to": [ 1.5, 0.0, 0.3 ], 
							"rotationOrigin": [ 1.0, 0.0, 0.1 ],
							"faces": {
								"north": { "texture": "#material", "uv": [ 0.0, 0.0, 0.5, 1.0 ] },
								"east": { "texture": "#material", "uv": [ 0.0, 0.0, 0.5, 1.0 ] },
								"south": { "texture": "#material", "uv": [ 0.0, 0.0, 0.5, 1.0 ] },
								"west": { "texture": "#material", "uv": [ 0.0, 0.0, 0.5, 1.0 ] },
								"up": { "texture": "#material", "uv": [ 0.0, 0.0, 0.5, 0.5 ] },
								"down": { "texture": "#material", "uv": [ 0.0, 0.0, 0.5, 0.5 ] }
							}
						},
						{
							"name": "Cube35",
							"from": [ 4.0, 0.2, 0.5 ], 
							"to": [ 4.5, 0.4, 1.0 ], 
							"rotationOrigin": [ 4.0, 0.2, 0.5 ],
							"faces": {
								"north": { "texture": "#material", "uv": [ 0.0, 0.0, 0.5, 0.5 ] },
								"east": { "texture": "#material", "uv": [ 0.0, 0.0, 0.5, 0.5 ] },
								"south": { "texture": "#material", "uv": [ 0.0, 0.0, 0.5, 0.5 ] },
								"west": { "texture": "#material", "uv": [ 0.0, 0.0, 0.5, 0.5 ] },
								"up": { "texture": "#material", "uv": [ 0.0, 0.0, 0.5, 0.5 ] },
								"down": { "texture": "#material", "uv": [ 0.0, 0.0, 0.5, 0.5 ] }
							}
						},
						{
							"name": "Cube36",
							"from": [ 3.0, 0.2, 0.5 ], 
							"to": [ 3.5, 0.4, 1.5 ], 
							"rotationOrigin": [ 3.0, 0.2, 0.5 ],
							"faces": {
								"north": { "texture": "#material", "uv": [ 0.0, 0.0, 0.5, 0.5 ] },
								"east": { "texture": "#material", "uv": [ 0.0, 0.0, 1.0, 0.5 ] },
								"south": { "texture": "#material", "uv": [ 0.0, 0.0, 0.5, 0.5 ] },
								"west": { "texture": "#material", "uv": [ 0.0, 0.0, 1.0, 0.5 ] },
								"up": { "texture": "#material", "uv": [ 0.0, 0.0, 0.5, 1.0 ] },
								"down": { "texture": "#material", "uv": [ 0.0, 0.0, 0.5, 1.0 ] }
							}
						},
						{
							"name": "Cube37",
							"from": [ 2.0, 0.2, 0.5 ], 
							"to": [ 2.5, 0.4, 1.0 ], 
							"rotationOrigin": [ 2.0, 0.2, 0.5 ],
							"faces": {
								"north": { "texture": "#material", "uv": [ 0.0, 0.0, 0.5, 0.5 ] },
								"east": { "texture": "#material", "uv": [ 0.0, 0.0, 0.5, 0.5 ] },
								"south": { "texture": "#material", "uv": [ 0.0, 0.0, 0.5, 0.5 ] },
								"west": { "texture": "#material", "uv": [ 0.0, 0.0, 0.5, 0.5 ] },
								"up": { "texture": "#material", "uv": [ 0.0, 0.0, 0.5, 0.5 ] },
								"down": { "texture": "#material", "uv": [ 0.0, 0.0, 0.5, 0.5 ] }
							}
						},
						{
							"name": "Cube38",
							"from": [ 1.0, 0.2, 0.5 ], 
							"to": [ 1.5, 0.4, 1.5 ], 
							"rotationOrigin": [ 1.0, 0.2, 0.5 ],
							"faces": {
								"north": { "texture": "#material", "uv": [ 0.0, 0.0, 0.5, 0.5 ] },
								"east": { "texture": "#material", "uv": [ 0.0, 0.0, 1.0, 0.5 ] },
								"south": { "texture": "#material", "uv": [ 0.0, 0.0, 0.5, 0.5 ] },
								"west": { "texture": "#material", "uv": [ 0.0, 0.0, 1.0, 0.5 ] },
								"up": { "texture": "#material", "uv": [ 0.0, 0.0, 0.5, 1.0 ] },
								"down": { "texture": "#material", "uv": [ 0.0, 0.0, 0.5, 1.0 ] }
							}
						},
						{
							"name": "Cube39",
							"from": [ 3.5, 0.2, -0.5 ], 
							"to": [ 4.0, 0.4, 0.0 ], 
							"rotationOrigin": [ 3.5, 0.2, 0.0 ],
							"faces": {
								"north": { "texture": "#material", "uv": [ 0.0, 0.0, 0.5, 0.5 ] },
								"east": { "texture": "#material", "uv": [ 0.0, 0.0, 0.5, 0.5 ] },
								"south": { "texture": "#material", "uv": [ 0.0, 0.0, 0.5, 0.5 ] },
								"west": { "texture": "#material", "uv": [ 0.0, 0.0, 0.5, 0.5 ] },
								"up": { "texture": "#material", "uv": [ 0.0, 0.0, 0.5, 0.5 ] },
								"down": { "texture": "#material", "uv": [ 0.0, 0.0, 0.5, 0.5 ] }
							}
						},
						{
							"name": "Cube40",
							"from": [ 2.5, 0.2, -1.0 ], 
							"to": [ 3.0, 0.4, 0.0 ], 
							"rotationOrigin": [ 2.5, 0.2, 0.0 ],
							"faces": {
								"north": { "texture": "#material", "uv": [ 0.0, 0.0, 0.5, 0.5 ] },
								"east": { "texture": "#material", "uv": [ 0.0, 0.0, 1.0, 0.5 ] },
								"south": { "texture": "#material", "uv": [ 0.0, 0.0, 0.5, 0.5 ] },
								"west": { "texture": "#material", "uv": [ 0.0, 0.0, 1.0, 0.5 ] },
								"up": { "texture": "#material", "uv": [ 0.0, 0.0, 0.5, 1.0 ] },
								"down": { "texture": "#material", "uv": [ 0.0, 0.0, 0.5, 1.0 ] }
							}
						},
						{
							"name": "Cube41",
							"from": [ 1.5, 0.2, -0.5 ], 
							"to": [ 2.0, 0.4, 0.0 ], 
							"rotationOrigin": [ 1.5, 0.2, 0.0 ],
							"faces": {
								"north": { "texture": "#material", "uv": [ 0.0, 0.0, 0.5, 0.5 ] },
								"east": { "texture": "#material", "uv": [ 0.0, 0.0, 0.5, 0.5 ] },
								"south": { "texture": "#material", "uv": [ 0.0, 0.0, 0.5, 0.5 ] },
								"west": { "texture": "#material", "uv": [ 0.0, 0.0, 0.5, 0.5 ] },
								"up": { "texture": "#material", "uv": [ 0.0, 0.0, 0.5, 0.5 ] },
								"down": { "texture": "#material", "uv": [ 0.0, 0.0, 0.5, 0.5 ] }
							}
						},
						{
							"name": "Cube42",
							"from": [ 0.5, 0.2, -1.0 ], 
							"to": [ 1.0, 0.4, 0.0 ], 
							"rotationOrigin": [ 0.5, 0.2, 0.0 ],
							"faces": {
								"north": { "texture": "#material", "uv": [ 0.0, 0.0, 0.5, 0.5 ] },
								"east": { "texture": "#material", "uv": [ 0.0, 0.0, 1.0, 0.5 ] },
								"south": { "texture": "#material", "uv": [ 0.0, 0.0, 0.5, 0.5 ] },
								"west": { "texture": "#material", "uv": [ 0.0, 0.0, 1.0, 0.5 ] },
								"up": { "texture": "#material", "uv": [ 0.0, 0.0, 0.5, 1.0 ] },
								"down": { "texture": "#material", "uv": [ 0.0, 0.0, 0.5, 1.0 ] }
							}
						}
					]
				},
				{
					"name": "end segment",
					"from": [ -25.6, -0.2, 0.4 ], 
					"to": [ -23.6, 0.3, 0.9 ], 
					"rotationOrigin": [ -23.6, -0.2, 0.4 ],
					"rotationY": 24.0,
					"rotationZ": 6.0,
					"faces": {
						"north": { "texture": "#material", "uv": [ 0.0, 0.0, 2.0, 0.5 ] },
						"east": { "texture": "#material", "uv": [ 0.0, 0.0, 0.5, 0.5 ] },
						"south": { "texture": "#material", "uv": [ 0.0, 0.0, 2.0, 0.5 ] },
						"west": { "texture": "#material", "uv": [ 0.0, 0.0, 0.5, 0.5 ] },
						"up": { "texture": "#material", "uv": [ 0.0, 0.0, 2.0, 0.5 ] },
						"down": { "texture": "#material", "uv": [ 0.0, 0.0, 2.0, 0.5 ] }
					},
					"children": [
						{
							"name": "Cube46",
							"from": [ -2.0, 0.0, 0.0 ], 
							"to": [ 0.0, 0.5, 0.5 ], 
							"rotationOrigin": [ 0.0, 0.0, 0.0 ],
							"rotationY": 22.0,
							"rotationZ": -12.0,
							"faces": {
								"north": { "texture": "#material", "uv": [ 0.0, 0.0, 2.0, 0.5 ] },
								"east": { "texture": "#material", "uv": [ 0.0, 0.0, 0.5, 0.5 ] },
								"south": { "texture": "#material", "uv": [ 0.0, 0.0, 2.0, 0.5 ] },
								"west": { "texture": "#material", "uv": [ 0.0, 0.0, 0.5, 0.5 ] },
								"up": { "texture": "#material", "uv": [ 0.0, 0.0, 2.0, 0.5 ] },
								"down": { "texture": "#material", "uv": [ 0.0, 0.0, 2.0, 0.5 ] }
							}
						}
					]
				},
				{
					"name": "end segment41",
					"from": [ -25.3, 0.3, -0.3 ], 
					"to": [ -23.8, 0.8, 0.2 ], 
					"rotationOrigin": [ -23.8, 0.3, -0.3 ],
					"rotationY": -18.0,
					"rotationZ": -8.0,
					"faces": {
						"north": { "texture": "#material", "uv": [ 0.0, 0.0, 1.5, 0.5 ] },
						"east": { "texture": "#material", "uv": [ 0.0, 0.0, 0.5, 0.5 ] },
						"south": { "texture": "#material", "uv": [ 0.0, 0.0, 1.5, 0.5 ] },
						"west": { "texture": "#material", "uv": [ 0.0, 0.0, 0.5, 0.5 ] },
						"up": { "texture": "#material", "uv": [ 0.0, 0.0, 1.5, 0.5 ] },
						"down": { "texture": "#material", "uv": [ 0.0, 0.0, 1.5, 0.5 ] }
					},
					"children": [
						{
							"name": "Cube47",
							"from": [ -1.4, 0.0, 0.1 ], 
							"to": [ 0.1, 0.5, 0.6 ], 
							"rotationOrigin": [ 0.2, 0.0, 0.1 ],
							"rotationY": -20.0,
							"rotationZ": -24.0,
							"faces": {
								"north": { "texture": "#material", "uv": [ 0.0, 0.0, 1.5, 0.5 ] },
								"east": { "texture": "#material", "uv": [ 0.0, 0.0, 0.5, 0.5 ] },
								"south": { "texture": "#material", "uv": [ 0.0, 0.0, 1.5, 0.5 ] },
								"west": { "texture": "#material", "uv": [ 0.0, 0.0, 0.5, 0.5 ] },
								"up": { "texture": "#material", "uv": [ 0.0, 0.0, 1.5, 0.5 ] },
								"down": { "texture": "#material", "uv": [ 0.0, 0.0, 1.5, 0.5 ] }
							}
						}
					]
				},
				{
					"name": "end segment43",
					"from": [ -24.6, -0.5, -0.1 ], 
					"to": [ -23.6, 0.0, 0.4 ], 
					"rotationOrigin": [ -23.6, -0.5, -0.1 ],
					"rotationY": -10.0,
					"rotationZ": 19.0,
					"faces": {
						"north": { "texture": "#material", "uv": [ 0.0, 0.0, 1.0, 0.5 ] },
						"east": { "texture": "#material", "uv": [ 0.0, 0.0, 0.5, 0.5 ] },
						"south": { "texture": "#material", "uv": [ 0.0, 0.0, 1.0, 0.5 ] },
						"west": { "texture": "#material", "uv": [ 0.0, 0.0, 0.5, 0.5 ] },
						"up": { "texture": "#material", "uv": [ 0.0, 0.0, 1.0, 0.5 ] },
						"down": { "texture": "#material", "uv": [ 0.0, 0.0, 1.0, 0.5 ] }
					},
					"children": [
						{
							"name": "Cube48",
							"from": [ -1.1, 0.0, 0.2 ], 
							"to": [ 0.4, 0.5, 0.7 ], 
							"rotationOrigin": [ 0.5, 0.0, 0.2 ],
							"rotationY": -9.0,
							"rotationZ": 42.0,
							"faces": {
								"north": { "texture": "#material", "uv": [ 0.0, 0.0, 1.5, 0.5 ] },
								"east": { "texture": "#material", "uv": [ 0.0, 0.0, 0.5, 0.5 ] },
								"south": { "texture": "#material", "uv": [ 0.0, 0.0, 1.5, 0.5 ] },
								"west": { "texture": "#material", "uv": [ 0.0, 0.0, 0.5, 0.5 ] },
								"up": { "texture": "#material", "uv": [ 0.0, 0.0, 1.5, 0.5 ] },
								"down": { "texture": "#material", "uv": [ 0.0, 0.0, 1.5, 0.5 ] }
							}
						}
					]
				}
			]
		}
	]}