{
	code: "creature",
	class: "ItemCreature",
	maxstacksize: 64,
	variantgroups: [
		{ code: "type", states: [
			"deer-male", "deer-female", "deer-fawn", "white-hart", 
		] },
		
		],
	
		shapeByType: {
		"*-deer-male": {
			"base": "entity/deer-male"
		},
		"*-deer-female": {
			"base": "entity/deer-female"
		},
		"*-deer-fawn": {
			"base": "entity/deer-fawn"
		},
			"*-white-hart": {
			"base": "entity/white-hart"
		},
	},
	texturesByType: {
		"*-deer-male": {
			"skin": { "base": "entity/deer_male" }
		},
		"*-deer-female": {
			"skin": { "base": "entity/deer_male" }
		},
		"*-deer-fawn": {
			"skin": { "base": "entity/deer-fawn" }
		},
			"*-white-hart": {
			"skin": { "base": "entity/white-hart" }
		},
	},
	
	
	
	
	creativeinventory: { "general": ["*"], "items": ["*"], "creatures": ["*"] },
	materialDensity: 600,
	guiTransformByType: {
		
		"creature-deer-male": {
			rotate: true,
			translation: { x: 3, y: 0, z: 0 },
			rotation: { x: -11, y: -52, z: -180 },
			origin: { x: 0.5, y: 0.8, z: 0.5 },
			scale: 0.97
		},
		"creature-deer-female": {
			rotate: true,
			translation: { x: 3, y: 0, z: 0 },
			rotation: { x: -11, y: -52, z: -180 },
			origin: { x: 0.5, y: 0.8, z: 0.5 },
			scale: 0.97
		},
		"creature-deer-fawn": {
			rotate: true,
			translation: { x: 1, y: -1, z: 0 },
			rotation: { x: -11, y: -52, z: -180 },
			origin: { x: 0.5, y: 0.4, z: 0.5 },
			scale: 1.86
		},
			"creature-white-hart": {
			rotate: true,
			translation: { x: 3, y: 0, z: 0 },
			rotation: { x: -11, y: -52, z: -180 },
			origin: { x: 0.5, y: 0.8, z: 0.5 },
			scale: 0.97
		},
		
	},
	
	tpHandTransformByType: {
		"creature-deer-male": {
			translation: { x: -0.9, y: -0.9, z: -0.7 },
			rotation: { x: -180, y: 0, z: -156 },
			scale: 0.45
		},
		"creature-deer-female": {
			translation: { x: -0.9, y: -0.9, z: -0.7 },
			rotation: { x: -180, y: 0, z: -156 },
			scale: 0.45
		},
		"creature-deer-fawn": {
			translation: { x: -0.4, y: 0, z: -0.6 },
			rotation: { x: -160, y: -26, z: -90 },
			origin: { x: 0.5, y: 0.1, z: 0.5 },
			scale: 0.73
		},
			"creature-white-hart": {
			translation: { x: -0.9, y: -0.9, z: -0.7 },
			rotation: { x: -180, y: 0, z: -156 },
			scale: 0.45
		},
		
	},
	
	fpHandTransformByType: {

		"creature-deer-male": {
			translation: { x: 0.2, y: 0, z: 0 },
			rotation: { x: -8, y: -63, z: -7 }
		},
		"creature-deer-female": {
			translation: { x: 0.2, y: 0, z: 0 },
			rotation: { x: -8, y: -63, z: -7 }
		},
		"creature-deer-fawn": {
			translation: { x: 0.4, y: 0, z: 0 },
			rotation: { x: -8, y: -63, z: -7 }
		},
			"creature-white-hart": {
			translation: { x: 0.2, y: 0, z: 0 },
			rotation: { x: -8, y: -63, z: -7 }
		},

	}
}