{
	"editor": {
		"allAngles": false,
		"entityTextureMode": true
	},
	"textureWidth": 8,
	"textureHeight": 8,
	"textureSizes": {
	},
	"textures": {

	},
	"elements": [
		{
			"name": "Cube1",
			"from": [ 10.5043, 1.0, 7.49 ], 
			"to": [ 11.2143, 4.0, 8.2 ], 
			"unwrapMode": 3,
			"uv": [ 5.0, 0.0 ],
			"rotationOrigin": [ 11.0043, 1.0011, 8.0 ],
			"rotationZ": 89.99999164334537,
			"faces": {
				"north": { "texture": "#mat", "uv": [ 6.5, 0.5, 7.0, 3.5 ] },
				"east": { "texture": "#mat", "uv": [ 6.0, 0.5, 6.5, 3.5 ] },
				"south": { "texture": "#mat", "uv": [ 5.5, 0.5, 6.0, 3.5 ] },
				"west": { "texture": "#mat", "uv": [ 5.0, 0.5, 5.5, 3.5 ] },
				"up": { "texture": "#mat", "uv": [ 5.5, 0.0, 6.0, 0.5 ] },
				"down": { "texture": "#mat", "uv": [ 5.5, 3.5, 6.0, 4.0 ], "rotation": 180 }
			},
			"children": [
				{
					"name": "Cube2",
					"from": [ 0.0, 3.0, 0.0 ], 
					"to": [ 0.5, 4.3, 0.5 ], 
					"uv": [ 5.0, 5.0 ],
					"rotationOrigin": [ 0.0, 3.0, 0.0 ],
					"rotationZ": -1.3660377589985859E-5,
					"faces": {
						"north": { "texture": "#mat", "uv": [ 5.0, 5.5, 5.5, 6.75 ] },
						"east": { "texture": "#mat", "uv": [ 5.5, 5.5, 6.0, 6.75 ] },
						"south": { "texture": "#mat", "uv": [ 6.0, 5.5, 6.5, 6.75 ] },
						"west": { "texture": "#mat", "uv": [ 6.5, 5.5, 7.0, 6.75 ] },
						"up": { "texture": "#mat", "uv": [ 5.0, 5.0, 5.5, 5.5 ] },
						"down": { "texture": "#mat", "uv": [ 5.5, 5.0, 6.0, 5.5 ] }
					}
				},
				{
					"name": "Cube3",
					"from": [ -1.2, 0.2, 0.01 ], 
					"to": [ -0.51, 4.2, 0.7 ], 
					"unwrapMode": 1,
					"uv": [ 5.0, 0.0 ],
					"rotationOrigin": [ 0.5, 0.0, 0.51 ],
					"rotationZ": -67.49999126988148,
					"faces": {
						"north": { "texture": "#mat", "uv": [ 5.5, 0.5, 6.0, 4.5 ] },
						"east": { "texture": "#mat", "uv": [ 5.0, 0.5, 5.5, 4.5 ] },
						"south": { "texture": "#mat", "uv": [ 6.5, 0.5, 7.0, 4.5 ] },
						"west": { "texture": "#mat", "uv": [ 6.0, 0.5, 6.5, 4.5 ] },
						"up": { "texture": "#mat", "uv": [ 5.5, 0.0, 6.0, 0.5 ], "rotation": 180 },
						"down": { "texture": "#mat", "uv": [ 5.5, 4.5, 6.0, 5.0 ] }
					}
				}
			]
		}
	]}