{
	"editor": {
		"allAngles": false,
		"entityTextureMode": false
	},
	"textureWidth": 16,
	"textureHeight": 16,
	"textureSizes": {
	},
	"textures": {
		"furnwood15": "furnwood15",
		"glass": "glass",
		"furnwood13": "furnwood13",
		"frame": "frame"
	},
	"elements": [
		{
			"name": "uppermain",
			"from": [ 13.7, 13.0, 0.3 ], 
			"to": [ 16.2, 16.0, 12.3 ], 
			"rotationOrigin": [ 14.0, 13.0, 0.3 ],
			"rotationY": -89.9802127184967,
			"faces": {
				"north": { "texture": "#furnwood15", "uv": [ 0.0, 0.0, 2.5, 3.0 ] },
				"east": { "texture": "#furnwood15", "uv": [ 4.5, 2.5, 7.5, 14.5 ], "rotation": 90 },
				"south": { "texture": "#furnwood15", "uv": [ 0.0, 0.0, 2.5, 3.0 ] },
				"west": { "texture": "#furnwood15", "uv": [ 4.5, 3.0, 7.5, 15.0 ], "rotation": 90 },
				"up": { "texture": "#furnwood15", "uv": [ 0.5, 0.0, 3.0, 12.0 ] },
				"down": { "texture": "#furnwood15", "uv": [ 0.0, 0.0, 2.5, 12.0 ] }
			},
			"children": [
				{
					"name": "Cube33",
					"from": [ 0.0, -13.0, 12.0 ], 
					"to": [ 2.5, 3.0, 14.0 ], 
					"rotationOrigin": [ -0.5, -13.0, 12.0 ],
					"faces": {
						"north": { "texture": "#furnwood15", "uv": [ 0.5, 0.0, 3.0, 16.0 ] },
						"east": { "texture": "#furnwood15", "uv": [ 4.5, 0.0, 6.5, 16.0 ] },
						"south": { "texture": "#furnwood15", "uv": [ 8.0, 0.0, 10.5, 16.0 ] },
						"west": { "texture": "#furnwood15", "uv": [ 1.0, 0.0, 3.0, 16.0 ] },
						"up": { "texture": "#furnwood15", "uv": [ 0.5, 0.0, 3.0, 2.0 ] },
						"down": { "texture": "#furnwood15", "uv": [ 0.5, 0.0, 3.0, 2.0 ] }
					}
				},
				{
					"name": "Cube48",
					"from": [ 0.0, -13.0, -2.0 ], 
					"to": [ 2.5, 3.0, 0.0 ], 
					"rotationOrigin": [ -0.5, -13.0, -2.0 ],
					"faces": {
						"north": { "texture": "#furnwood15", "uv": [ 0.5, 0.0, 3.0, 16.0 ] },
						"east": { "texture": "#furnwood15", "uv": [ 4.0, 0.0, 6.0, 16.0 ] },
						"south": { "texture": "#furnwood15", "uv": [ 8.0, 0.0, 10.5, 16.0 ] },
						"west": { "texture": "#furnwood15", "uv": [ 5.0, 0.0, 7.0, 16.0 ] },
						"up": { "texture": "#furnwood15", "uv": [ 5.0, 3.0, 7.5, 5.0 ] },
						"down": { "texture": "#furnwood15", "uv": [ 0.5, 0.0, 3.0, 2.0 ] }
					}
				},
				{
					"name": "Cube27",
					"from": [ 2.5, -5.3, 13.0 ], 
					"to": [ 3.2, -2.7, 14.0 ], 
					"rotationOrigin": [ 4.0, -5.0, 13.0 ],
					"faces": {
						"north": { "texture": "#frame", "uv": [ 0.0, 0.0, 0.5, 2.5 ] },
						"east": { "texture": "#frame", "uv": [ 14.5, 2.0, 15.5, 4.5 ] },
						"south": { "texture": "#frame", "uv": [ 0.0, 0.0, 0.5, 2.5 ] },
						"west": { "texture": "#frame", "uv": [ 15.0, 3.0, 16.0, 5.5 ] },
						"up": { "texture": "#frame", "uv": [ 0.0, 0.0, 0.5, 1.0 ] },
						"down": { "texture": "#frame", "uv": [ 0.0, 0.0, 0.5, 1.0 ] }
					},
					"children": [
						{
							"name": "Cube28",
							"from": [ 0.0, 0.8, -0.8 ], 
							"to": [ 0.3, 2.0, 0.4 ], 
							"rotationOrigin": [ -1.0, -0.7, -4.0 ],
							"faces": {
								"north": { "texture": "#frame", "uv": [ 0.0, 0.0, 0.5, 1.0 ] },
								"east": { "texture": "#frame", "uv": [ 5.0, 9.5, 6.0, 10.5 ] },
								"south": { "texture": "#frame", "uv": [ 0.0, 0.0, 0.5, 1.0 ] },
								"west": { "texture": "#frame", "uv": [ 0.0, 3.5, 1.0, 4.5 ] },
								"up": { "texture": "#frame", "uv": [ 0.0, 0.0, 0.5, 1.0 ] },
								"down": { "texture": "#frame", "uv": [ 0.0, 0.0, 0.5, 1.0 ] }
							}
						},
						{
							"name": "Cube29",
							"from": [ -3.2, 0.0, 0.0 ], 
							"to": [ -2.5, 2.6, 1.0 ], 
							"rotationOrigin": [ -1.5, 0.3, 0.0 ],
							"faces": {
								"north": { "texture": "#frame", "uv": [ 0.0, 0.0, 0.5, 2.5 ] },
								"east": { "texture": "#frame", "uv": [ 14.5, 3.5, 15.5, 6.0 ] },
								"south": { "texture": "#frame", "uv": [ 0.0, 0.0, 0.5, 2.5 ] },
								"west": { "texture": "#frame", "uv": [ 14.5, 3.0, 15.5, 5.5 ] },
								"up": { "texture": "#frame", "uv": [ 0.0, 0.0, 0.5, 1.0 ] },
								"down": { "texture": "#frame", "uv": [ 0.0, 0.0, 0.5, 1.0 ] }
							},
							"children": [
								{
									"name": "Cube30",
									"from": [ 0.4, 0.8, -0.8 ], 
									"to": [ 0.7, 2.0, 0.4 ], 
									"rotationOrigin": [ -1.0, -0.7, -1.0 ],
									"faces": {
										"north": { "texture": "#frame", "uv": [ 0.0, 0.0, 0.5, 1.0 ] },
										"east": { "texture": "#frame", "uv": [ 6.5, 10.0, 7.5, 11.0 ] },
										"south": { "texture": "#frame", "uv": [ 0.0, 0.0, 0.5, 1.0 ] },
										"west": { "texture": "#frame", "uv": [ 7.0, 9.5, 8.0, 10.5 ] },
										"up": { "texture": "#frame", "uv": [ 0.0, 0.0, 0.5, 1.0 ] },
										"down": { "texture": "#frame", "uv": [ 0.0, 0.0, 0.5, 1.0 ] }
									}
								}
							]
						},
						{
							"name": "Cube9",
							"from": [ 1.0, -7.7, -14.5 ], 
							"to": [ 1.5, -4.7, -13.5 ], 
							"rotationOrigin": [ 0.5, -7.7, -14.0 ],
							"faces": {
								"north": { "texture": "#frame", "uv": [ 0.0, 0.0, 0.5, 3.0 ], "autoUv": false },
								"east": { "texture": "#frame", "uv": [ 6.5, 4.5, 7.5, 7.5 ] },
								"south": { "texture": "#frame", "uv": [ 0.0, 0.0, 0.5, 3.0 ] },
								"west": { "texture": "#frame", "uv": [ 7.0, 4.0, 8.0, 7.0 ] },
								"up": { "texture": "#frame", "uv": [ 0.0, 0.0, 0.5, 1.0 ] },
								"down": { "texture": "#frame", "uv": [ 0.0, 0.0, 0.5, 1.0 ] }
							},
							"children": [
								{
									"name": "Cube10",
									"from": [ -1.0, 2.5, 0.0 ], 
									"to": [ 0.0, 3.0, 1.0 ], 
									"rotationOrigin": [ -1.0, 2.0, 0.0 ],
									"faces": {
										"north": { "texture": "#frame", "uv": [ 0.0, 0.0, 1.0, 0.5 ] },
										"east": { "texture": "#frame", "uv": [ 0.0, 0.0, 1.0, 0.5 ] },
										"south": { "texture": "#frame", "uv": [ 0.0, 0.0, 1.0, 0.5 ] },
										"west": { "texture": "#frame", "uv": [ 0.0, 0.0, 1.0, 0.5 ] },
										"up": { "texture": "#frame", "uv": [ 13.5, 3.5, 14.5, 4.5 ] },
										"down": { "texture": "#frame", "uv": [ 0.0, 0.0, 1.0, 1.0 ] }
									},
									"children": [
										{
											"name": "Cube11",
											"from": [ 0.0, -2.5, 0.0 ], 
											"to": [ 0.2, 1.5, 1.0 ], 
											"rotationOrigin": [ 0.0, -2.0, 0.0 ],
											"faces": {
												"north": { "texture": "#frame", "uv": [ 0.0, 0.0, 0.5, 4.0 ] },
												"east": { "texture": "#frame", "uv": [ 12.0, 0.0, 13.5, 4.0 ], "autoUv": false },
												"south": { "texture": "#frame", "uv": [ 0.0, 0.0, 0.5, 4.0 ] },
												"west": { "texture": "#frame", "uv": [ 12.5, 3.5, 14.5, 7.5 ], "autoUv": false },
												"up": { "texture": "#frame", "uv": [ 0.0, 0.0, 0.5, 1.0 ] },
												"down": { "texture": "#frame", "uv": [ 0.0, 0.0, 0.5, 1.0 ] }
											}
										}
									]
								},
								{
									"name": "Cube15",
									"from": [ -2.5, 0.0, 1.0 ], 
									"to": [ -2.0, 3.0, 2.0 ], 
									"rotationOrigin": [ -3.5, 0.0, 1.0 ],
									"rotationX": -179.99999011687993,
									"rotationY": -5.008955855952477E-6,
									"rotationZ": -179.99999011687993,
									"faces": {
										"north": { "texture": "#frame", "uv": [ 0.0, 0.0, 0.5, 3.0 ] },
										"east": { "texture": "#frame", "uv": [ 14.0, 4.0, 15.0, 7.0 ] },
										"south": { "texture": "#frame", "uv": [ 0.0, 0.0, 0.5, 3.0 ] },
										"west": { "texture": "#frame", "uv": [ 14.5, 3.5, 15.5, 6.5 ] },
										"up": { "texture": "#frame", "uv": [ 0.0, 0.0, 0.5, 1.0 ] },
										"down": { "texture": "#frame", "uv": [ 0.0, 0.0, 0.5, 1.0 ] }
									},
									"children": [
										{
											"name": "Cube16",
											"from": [ -1.0, 2.5, 0.0 ], 
											"to": [ 0.0, 3.0, 1.0 ], 
											"rotationOrigin": [ -1.0, 2.0, 0.0 ],
											"faces": {
												"north": { "texture": "#frame", "uv": [ 0.0, 0.0, 1.0, 0.5 ] },
												"east": { "texture": "#frame", "uv": [ 0.0, 0.0, 1.0, 0.5 ] },
												"south": { "texture": "#frame", "uv": [ 0.0, 0.0, 1.0, 0.5 ] },
												"west": { "texture": "#frame", "uv": [ 0.0, 0.0, 1.0, 0.5 ] },
												"up": { "texture": "#frame", "uv": [ 13.5, 2.5, 14.5, 3.5 ] },
												"down": { "texture": "#frame", "uv": [ 0.0, 0.0, 1.0, 1.0 ] }
											},
											"children": [
												{
													"name": "Cube17",
													"from": [ 0.0, -2.5, 0.0 ], 
													"to": [ 0.2, 1.5, 1.0 ], 
													"rotationOrigin": [ 0.0, -2.0, 0.0 ],
													"faces": {
														"north": { "texture": "#frame", "uv": [ 0.0, 0.0, 0.5, 4.0 ] },
														"east": { "texture": "#frame", "uv": [ 13.0, 3.0, 14.5, 7.0 ], "autoUv": false },
														"south": { "texture": "#frame", "uv": [ 0.0, 0.0, 0.5, 4.0 ] },
														"west": { "texture": "#frame", "uv": [ 14.5, 2.5, 15.5, 6.5 ] },
														"up": { "texture": "#frame", "uv": [ 0.0, 0.0, 0.5, 1.0 ] },
														"down": { "texture": "#frame", "uv": [ 0.0, 0.0, 0.5, 1.0 ] }
													}
												}
											]
										}
									]
								}
							]
						}
					]
				},
				{
					"name": "Cube40",
					"from": [ 0.5, -13.0, 0.0 ], 
					"to": [ 2.0, -1.0, 1.5 ], 
					"rotationOrigin": [ -0.5, -13.0, 0.0 ],
					"faces": {
						"north": { "texture": "#furnwood13", "uv": [ 0.5, 8.5, 12.5, 10.0 ], "rotation": 90 },
						"east": { "texture": "#furnwood13", "uv": [ 4.5, 2.5, 6.0, 14.5 ] },
						"south": { "texture": "#furnwood13", "uv": [ 2.5, 7.0, 14.5, 8.5 ], "rotation": 90 },
						"west": { "texture": "#furnwood13", "uv": [ 5.0, 3.0, 6.5, 15.0 ] },
						"up": { "texture": "#furnwood13", "uv": [ 10.5, 2.0, 12.0, 3.5 ] },
						"down": { "texture": "#furnwood13", "uv": [ 9.5, 2.0, 11.0, 3.5 ] }
					},
					"children": [
						{
							"name": "Cube40",
							"from": [ 0.0, 12.0, 0.0 ], 
							"to": [ 1.5, 13.0, 12.0 ], 
							"rotationOrigin": [ -1.0, 12.0, 0.0 ],
							"faces": {
								"north": { "texture": "#furnwood13", "uv": [ 0.5, 0.0, 2.0, 1.0 ] },
								"east": { "texture": "#furnwood13", "uv": [ 6.0, 2.0, 7.0, 14.0 ], "rotation": 90 },
								"south": { "texture": "#furnwood13", "uv": [ 0.0, 0.0, 1.5, 1.0 ] },
								"west": { "texture": "#furnwood13", "uv": [ 7.0, 1.5, 8.0, 13.5 ], "rotation": 90 },
								"up": { "texture": "#furnwood13", "uv": [ 10.5, 2.0, 12.0, 14.0 ] },
								"down": { "texture": "#furnwood13", "uv": [ 9.5, 4.0, 11.0, 16.0 ] }
							}
						},
						{
							"name": "Cube40",
							"from": [ 0.0, 0.0, 10.5 ], 
							"to": [ 1.5, 12.0, 12.0 ], 
							"rotationOrigin": [ -1.0, 0.0, 10.0 ],
							"faces": {
								"north": { "texture": "#furnwood13", "uv": [ 0.5, 8.5, 12.5, 10.0 ], "rotation": 90 },
								"east": { "texture": "#furnwood13", "uv": [ 6.0, 4.0, 7.5, 16.0 ] },
								"south": { "texture": "#furnwood13", "uv": [ 2.5, 7.0, 14.5, 8.5 ], "rotation": 90 },
								"west": { "texture": "#furnwood13", "uv": [ 10.5, 2.0, 12.0, 14.0 ], "rotation": 180 },
								"up": { "texture": "#furnwood13", "uv": [ 10.5, 2.0, 12.0, 3.5 ] },
								"down": { "texture": "#furnwood13", "uv": [ 9.5, 2.0, 11.0, 3.5 ] }
							}
						}
					]
				},
				{
					"name": "frame37",
					"from": [ 1.0, -1.0, 11.5 ], 
					"to": [ 2.0, -0.7, 20.5 ], 
					"rotationOrigin": [ 0.5, -1.0, 11.0 ],
					"rotationX": 180.0,
					"faces": {
						"north": { "texture": "#frame", "uv": [ 0.0, 0.0, 1.0, 0.5 ] },
						"east": { "texture": "#frame", "uv": [ 0.5, 7.0, 9.5, 7.5 ] },
						"south": { "texture": "#frame", "uv": [ 0.0, 0.0, 1.0, 0.5 ] },
						"west": { "texture": "#frame", "uv": [ 1.0, 9.0, 10.0, 9.5 ] },
						"up": { "texture": "#frame", "uv": [ 13.5, 2.5, 14.5, 11.5 ] },
						"down": { "texture": "#frame", "uv": [ 12.0, 2.5, 13.0, 11.5 ] }
					},
					"children": [
						{
							"name": "frame38",
							"from": [ 0.0, 0.3, 8.7 ], 
							"to": [ 1.0, 12.0, 9.0 ], 
							"rotationOrigin": [ -1.5, 1.0, 8.5 ],
							"faces": {
								"north": { "texture": "#frame", "uv": [ 13.5, 3.5, 14.5, 15.0 ] },
								"east": { "texture": "#frame", "uv": [ 14.5, 3.0, 15.0, 14.5 ] },
								"south": { "texture": "#frame", "uv": [ 13.5, 1.0, 14.5, 12.5 ] },
								"west": { "texture": "#frame", "uv": [ 9.0, 3.0, 9.5, 14.5 ] },
								"up": { "texture": "#frame", "uv": [ 13.5, 2.5, 14.5, 3.0 ] },
								"down": { "texture": "#frame", "uv": [ 12.0, 2.5, 13.0, 3.0 ] }
							}
						},
						{
							"name": "frame39",
							"from": [ 0.0, 0.3, 0.0 ], 
							"to": [ 1.0, 12.0, 0.3 ], 
							"rotationOrigin": [ -1.5, 1.0, 0.5 ],
							"faces": {
								"north": { "texture": "#frame", "uv": [ 13.0, 4.0, 14.0, 15.5 ] },
								"east": { "texture": "#frame", "uv": [ 15.0, 4.0, 15.5, 15.5 ] },
								"south": { "texture": "#frame", "uv": [ 13.5, 3.5, 14.5, 15.0 ] },
								"west": { "texture": "#frame", "uv": [ 7.5, 3.5, 8.0, 15.0 ] },
								"up": { "texture": "#frame", "uv": [ 13.5, 2.5, 14.5, 3.0 ] },
								"down": { "texture": "#frame", "uv": [ 12.0, 2.5, 13.0, 3.0 ] }
							}
						},
						{
							"name": "window40",
							"from": [ 0.0, 0.3, 0.3 ], 
							"to": [ 1.0, 12.0, 8.7 ], 
							"rotationOrigin": [ -1.5, 1.0, 0.5 ],
							"faces": {
								"north": { "texture": "#null", "uv": [ 13.0, 5.0, 14.0, 16.5 ], "enabled": false },
								"east": { "texture": "#glass", "uv": [ 3.5, 2.5, 12.5, 13.5 ], "autoUv": false },
								"south": { "texture": "#frame", "uv": [ 13.5, 4.5, 14.5, 16.0 ], "enabled": false },
								"west": { "texture": "#glass", "uv": [ 3.5, 2.5, 12.5, 13.5 ], "autoUv": false },
								"up": { "texture": "#frame", "uv": [ 13.5, 2.5, 14.5, 10.5 ], "enabled": false },
								"down": { "texture": "#frame", "uv": [ 12.0, 2.5, 13.0, 10.5 ], "enabled": false }
							}
						}
					]
				}
			]
		}
	]}