{
	code: "spytube",
	variantgroups: [
		{
			code: "metal",
			states: [
				"copper",
				"tinbronze",
				"bismuthbronze",
				"blackbronze",
				"gold",
				"silver",
				"iron",
				"meteoriciron",
				"steel"
			]
		},
	],
	shape: { base: "item/spytube" },
	textures: {
		"metal": { "base": "game:block/metal/ingot/{metal}" }
	},
	creativeinventory: { "general": ["*"], "items": ["*"], "mechanics": ["*"] },
	fpHandTransform: {
		translation: { x: 0.3, y: -0.4, z: 0 },
		rotation: { x: 15, y: 15, z: 90 },
		scale: 2.5
	},
	guiTransform: {
		translation: { x: 0, y: 0, z: 0 },
		rotation: { x: -52, y: -131, z: -180 },
		origin: { x: 0.48, y: 0.14, z: 0.53 },
		scale: 2.6
	},
	groundTransform: {
		translation: { x: 0, y: 0, z: 0 },
		rotation: { x: 0, y: 0, z: 0 },
		origin: { x: 0.8, y: 0, z: 0.5 },
		scale: 3.9
	},
	tpHandTransform: {
		translation: { x: -0.65, y: -0.68, z: -0.14 },
		rotation: { x: 109, y: -89, z: 1 },
		scale: 0.8
	}
}