{
	code: "mallet",
	attributes: {
		handbook: {
			groupBy: ["hammer-*"]
		},
		toolrackTransform: {
			rotation: { y: 1, z: -1 },
			translation: { x: -0.2 },
			scale: 1.5,
		}
	},
	tool: "pickaxe",
	miningspeed: {
		"plant": 0.5
	},
	damagedby: ["blockbreaking", "attacking"],
	heldTpHitAnimation: "smithing",
	shape: { base: "item/tool/mallet" },
	textures: {
		"head": { base: "game:item/tool/material/wood" },
		"handle": { base: "game:item/tool/material/wood" } 
	},
	toolTier: 1,
	durability: 40,
	attackpower: 0.5,
	creativeinventory: { "general": ["*"], "items": ["*"], "tools": ["*"] },
	fpHandTransform: {
		translation: { x: 0.0468, y: -0.2, z: 0 },
		rotation: { x: 15, y: 15, z: 90 },
		scale: 2.5
	},
	guiTransform: {
		rotate: false,
		translation: { x: 0, y: 5, z: 0 },
		rotation: { x: -77, y: -135, z: 160 },
		origin: { x: 0.54, y: 0.5, z: 0.48 },
		scale: 2.6
	},
	groundTransform: {
		translation: { x: 0, y: 0, z: 0 },
		rotation: { x: 0, y: 0, z: 0 },
		origin: { x: 0.5, y: 0.45, z: 0.5 },
		scale: 4.5
	},
	tpHandTransform: {
		translation: { x: -0.75, y: -0.48, z: -0.52 },
		rotation: { x: 90, y: 1, z: 0 },
		scale: 1
	}
}