{
	"editor": {
		"allAngles": false,
		"entityTextureMode": false
	},
	"textureWidth": 16,
	"textureHeight": 16,
	"textureSizes": {
	},
	"textures": {
		"wood": "block/plant/bamboo/stem-brown",
		"camo": "block/soil/fertverylow"
	},
	"elements": [
		{
			"name": "BaseStalk",
			"from": [ 8.0, 11.0, -1.0 ], 
			"to": [ 24.0, 13.0, 1.0 ], 
			"rotationOrigin": [ 8.0, 11.0, 0.0 ],
			"rotationY": -90.0,
			"faces": {
				"north": { "texture": "#wood", "uv": [ 1.0, 0.0, 3.0, 16.0 ], "rotation": 90 },
				"east": { "texture": "#wood", "uv": [ 8.0, 14.0, 10.0, 16.0 ] },
				"south": { "texture": "#wood", "uv": [ 4.0, 0.0, 6.0, 16.0 ], "rotation": 90 },
				"west": { "texture": "#wood", "uv": [ 8.0, 14.0, 10.0, 16.0 ] },
				"up": { "texture": "#wood", "uv": [ 3.5, 0.0, 5.5, 16.0 ], "rotation": 90 },
				"down": { "texture": "#wood", "uv": [ 2.0, 0.0, 4.0, 16.0 ], "rotation": 90 }
			},
			"children": [
				{
					"name": "Stalk1",
					"from": [ 1.0, 2.0, -7.0 ], 
					"to": [ 3.0, 4.0, 9.0 ], 
					"rotationOrigin": [ 9.0, 0.0, 0.0 ],
					"faces": {
						"north": { "texture": "#wood", "uv": [ 8.0, 14.0, 10.0, 16.0 ] },
						"east": { "texture": "#wood", "uv": [ 0.0, 0.0, 2.0, 16.0 ], "rotation": 90 },
						"south": { "texture": "#wood", "uv": [ 8.0, 14.0, 10.0, 16.0 ], "rotation": 90 },
						"west": { "texture": "#wood", "uv": [ 5.5, 0.0, 7.5, 16.0 ], "rotation": 270 },
						"up": { "texture": "#wood", "uv": [ 3.5, 0.0, 5.5, 16.0 ] },
						"down": { "texture": "#wood", "uv": [ 2.0, 0.0, 4.0, 16.0 ] }
					}
				},
				{
					"name": "Stalk2",
					"from": [ 4.0, 2.0, -7.0 ], 
					"to": [ 6.0, 4.0, 9.0 ], 
					"rotationOrigin": [ 8.0, 0.0, 0.0 ],
					"faces": {
						"north": { "texture": "#wood", "uv": [ 8.0, 14.0, 10.0, 16.0 ] },
						"east": { "texture": "#wood", "uv": [ 0.0, 0.0, 2.0, 16.0 ], "rotation": 90 },
						"south": { "texture": "#wood", "uv": [ 8.0, 14.0, 10.0, 16.0 ], "rotation": 90 },
						"west": { "texture": "#wood", "uv": [ 5.5, 0.0, 7.5, 16.0 ], "rotation": 270 },
						"up": { "texture": "#wood", "uv": [ 3.5, 0.0, 5.5, 16.0 ] },
						"down": { "texture": "#wood", "uv": [ 2.0, 0.0, 4.0, 16.0 ] }
					}
				},
				{
					"name": "Stalk3",
					"from": [ 7.0, 2.0, -7.0 ], 
					"to": [ 9.0, 4.0, 9.0 ], 
					"rotationOrigin": [ 8.0, 0.0, 0.0 ],
					"faces": {
						"north": { "texture": "#wood", "uv": [ 8.0, 14.0, 10.0, 16.0 ] },
						"east": { "texture": "#wood", "uv": [ 0.0, 0.0, 2.0, 16.0 ], "rotation": 90 },
						"south": { "texture": "#wood", "uv": [ 8.0, 14.0, 10.0, 16.0 ], "rotation": 90 },
						"west": { "texture": "#wood", "uv": [ 5.5, 0.0, 7.5, 16.0 ], "rotation": 270 },
						"up": { "texture": "#wood", "uv": [ 3.5, 0.0, 5.5, 16.0 ] },
						"down": { "texture": "#wood", "uv": [ 2.0, 0.0, 4.0, 16.0 ] }
					}
				},
				{
					"name": "Stalk4",
					"from": [ 10.0, 2.0, -7.0 ], 
					"to": [ 12.0, 4.0, 9.0 ], 
					"rotationOrigin": [ 8.0, 0.0, 0.0 ],
					"faces": {
						"north": { "texture": "#wood", "uv": [ 8.0, 14.0, 10.0, 16.0 ] },
						"east": { "texture": "#wood", "uv": [ 0.0, 0.0, 2.0, 16.0 ], "rotation": 90 },
						"south": { "texture": "#wood", "uv": [ 8.0, 14.0, 10.0, 16.0 ], "rotation": 90 },
						"west": { "texture": "#wood", "uv": [ 5.5, 0.0, 7.5, 16.0 ], "rotation": 270 },
						"up": { "texture": "#wood", "uv": [ 3.5, 0.0, 5.5, 16.0 ] },
						"down": { "texture": "#wood", "uv": [ 2.0, 0.0, 4.0, 16.0 ] }
					}
				},
				{
					"name": "Stalk5",
					"from": [ 13.0, 2.0, -7.0 ], 
					"to": [ 15.0, 4.0, 9.0 ], 
					"rotationOrigin": [ 8.0, 0.0, 0.0 ],
					"faces": {
						"north": { "texture": "#wood", "uv": [ 8.0, 14.0, 10.0, 16.0 ] },
						"east": { "texture": "#wood", "uv": [ 0.0, 0.0, 2.0, 16.0 ], "rotation": 90 },
						"south": { "texture": "#wood", "uv": [ 8.0, 14.0, 10.0, 16.0 ], "rotation": 90 },
						"west": { "texture": "#wood", "uv": [ 5.5, 0.0, 7.5, 16.0 ], "rotation": 270 },
						"up": { "texture": "#wood", "uv": [ 3.5, 0.0, 5.5, 16.0 ] },
						"down": { "texture": "#wood", "uv": [ 2.0, 0.0, 4.0, 16.0 ] }
					}
				},
				{
					"name": "Psudeo_Layer",
					"from": [ 0.0, 4.0, -7.0 ], 
					"to": [ 16.0, 5.0, 9.0 ], 
					"rotationOrigin": [ 0.0, 4.0, 8.0 ],
					"faces": {
						"north": { "texture": "#camo", "uv": [ 0.0, 0.0, 16.0, 1.0 ] },
						"east": { "texture": "#camo", "uv": [ 0.0, 0.0, 16.0, 1.0 ] },
						"south": { "texture": "#camo", "uv": [ 0.0, 0.0, 16.0, 1.0 ] },
						"west": { "texture": "#camo", "uv": [ 0.0, 0.0, 16.0, 1.0 ] },
						"up": { "texture": "#camo", "uv": [ 0.0, 0.0, 16.0, 16.0 ], "rotation": 90 },
						"down": { "texture": "#camo", "uv": [ 0.0, 0.0, 16.0, 16.0 ] }
					}
				}
			]
		}
	]}