{
	"editor": {
		"allAngles": false,
		"entityTextureMode": false
	},
	"textureWidth": 16,
	"textureHeight": 16,
	"textureSizes": {
	},
	"textures": {
		"wall-inside": "block/wood/crate/wall-inside",
		"oak2": "block/wood/planks/oak2",
		"oak1": "block/wood/planks/oak1"
	},
	"elements": [
		{
			"name": "Centerpanels",
			"from": [ 0.0, 0.0, 0.0 ], 
			"to": [ 2.0, 16.0, 16.0 ], 
			"faces": {
				"north": { "texture": "#wall-inside", "uv": [ 1.0, 2.0, 4.0, 15.0 ], "autoUv": false, "snapUv": false },
				"east": { "texture": "#wall-inside", "uv": [ 1.0, 3.0, 14.0, 16.0 ], "autoUv": false, "snapUv": false },
				"south": { "texture": "#wall-inside", "uv": [ 2.0, 3.0, 4.0, 16.0 ], "autoUv": false, "snapUv": false },
				"west": { "texture": "#wall-inside", "uv": [ 1.0, 3.0, 14.0, 16.0 ], "autoUv": false, "snapUv": false },
				"up": { "texture": "#wall-inside", "uv": [ 1.0, 16.0, 14.0, 15.0 ], "rotation": 90, "autoUv": false, "snapUv": false },
				"down": { "texture": "#wall-inside", "uv": [ 1.0, 16.0, 14.0, 15.0 ], "rotation": 90, "autoUv": false, "snapUv": false }
			}
		},
		{
			"name": "LowerBrace",
			"from": [ 2.0, 1.0, 0.5 ], 
			"to": [ 2.75, 4.0, 15.5 ], 
			"rotationOrigin": [ 2.0, 1.0, 0.0 ],
			"faces": {
				"north": { "texture": "#oak1", "uv": [ 0.5, 1.0, 1.0, 4.0 ] },
				"east": { "texture": "#oak1", "uv": [ 0.5, 6.5, 15.5, 9.5 ] },
				"south": { "texture": "#oak1", "uv": [ 1.0, 1.5, 1.5, 4.5 ] },
				"west": { "texture": "#oak1", "uv": [ 1.0, 7.0, 16.0, 10.0 ] },
				"up": { "texture": "#oak1", "uv": [ 0.0, 2.5, 15.0, 3.0 ], "rotation": 90 },
				"down": { "texture": "#oak1", "uv": [ 0.5, 3.0, 15.5, 3.5 ], "rotation": 90 }
			}
		},
		{
			"name": "Handle",
			"from": [ -2.0, 0.0, 2.0 ], 
			"to": [ -1.0, 4.0, 3.0 ], 
			"rotationOrigin": [ -1.0, -15.0, 0.0 ],
			"faces": {
				"north": { "texture": "#oak2", "uv": [ 11.0, 2.0, 15.0, 3.0 ], "rotation": 90 },
				"east": { "texture": "#oak2", "uv": [ 11.0, 2.0, 15.0, 3.0 ], "rotation": 90 },
				"south": { "texture": "#oak2", "uv": [ 11.0, 2.5, 15.0, 3.5 ], "rotation": 90 },
				"west": { "texture": "#oak2", "uv": [ 11.0, 2.0, 15.0, 3.0 ], "rotation": 90 },
				"up": { "texture": "#oak2", "uv": [ 5.5, 2.5, 6.5, 3.5 ] },
				"down": { "texture": "#oak2", "uv": [ 6.0, 4.0, 7.0, 5.0 ] }
			},
			"children": [
				{
					"name": "H_support",
					"from": [ 1.0, 3.0, 0.0 ], 
					"to": [ 2.0, 4.0, 1.0 ], 
					"rotationOrigin": [ 1.0, 4.0, 0.0 ],
					"faces": {
						"north": { "texture": "#oak2", "uv": [ 0.0, 2.5, 1.0, 3.5 ] },
						"east": { "texture": "#oak2", "uv": [ 0.0, 2.5, 1.0, 3.5 ] },
						"south": { "texture": "#oak2", "uv": [ 0.0, 2.0, 1.0, 3.0 ] },
						"west": { "texture": "#oak2", "uv": [ 0.0, 2.5, 1.0, 3.5 ] },
						"up": { "texture": "#oak2", "uv": [ 0.0, 2.5, 1.0, 3.5 ] },
						"down": { "texture": "#oak2", "uv": [ 0.0, 2.0, 1.0, 3.0 ] }
					}
				}
			]
		},
		{
			"name": "UpperBrace",
			"from": [ 2.0, 11.0, 0.5 ], 
			"to": [ 3.0, 14.0, 15.5 ], 
			"rotationOrigin": [ 2.0, 11.0, 0.0 ],
			"faces": {
				"north": { "texture": "#oak1", "uv": [ 10.5, 1.0, 11.5, 4.0 ] },
				"east": { "texture": "#oak1", "uv": [ 0.5, 12.0, 15.5, 15.0 ] },
				"south": { "texture": "#oak1", "uv": [ 13.0, 1.5, 14.0, 4.5 ] },
				"west": { "texture": "#oak1", "uv": [ 0.5, 2.0, 15.5, 5.0 ] },
				"up": { "texture": "#oak1", "uv": [ 0.0, 3.0, 15.0, 4.0 ], "rotation": 90 },
				"down": { "texture": "#oak1", "uv": [ 0.5, 3.5, 15.5, 4.5 ], "rotation": 90 }
			}
		},
		{
			"name": "MidBrace",
			"from": [ 2.0, 6.5, 0.5 ], 
			"to": [ 2.75, 9.5, 6.5 ], 
			"rotationOrigin": [ 2.0, 6.0, 1.0 ],
			"faces": {
				"north": { "texture": "#oak1", "uv": [ 0.5, 1.0, 1.0, 4.0 ] },
				"east": { "texture": "#oak1", "uv": [ 9.0, 1.0, 15.0, 4.0 ] },
				"south": { "texture": "#oak1", "uv": [ 1.0, 1.5, 1.5, 4.5 ] },
				"west": { "texture": "#oak1", "uv": [ 0.5, 6.5, 6.5, 9.5 ] },
				"up": { "texture": "#oak1", "uv": [ 1.0, 3.0, 7.0, 3.5 ], "rotation": 90 },
				"down": { "texture": "#oak1", "uv": [ 0.5, 3.5, 6.5, 4.0 ], "rotation": 90 }
			},
			"children": [
				{
					"name": "Bolt",
					"from": [ 0.0, -2.0, -1.5 ], 
					"to": [ 0.75, -0.25, 5.5 ], 
					"rotationOrigin": [ 0.0, -2.0, -2.0 ],
					"faces": {
						"north": { "texture": "#oak1", "uv": [ 15.5, 3.0, 16.0, 4.5 ] },
						"east": { "texture": "#oak1", "uv": [ 8.5, 13.0, 15.5, 14.5 ], "rotation": 180 },
						"south": { "texture": "#oak1", "uv": [ 15.5, 2.5, 16.0, 4.0 ] },
						"west": { "texture": "#oak1", "uv": [ 2.0, 13.5, 9.0, 15.0 ] },
						"up": { "texture": "#oak1", "uv": [ 0.0, 1.5, 7.0, 2.0 ], "rotation": 90 },
						"down": { "texture": "#oak1", "uv": [ 0.0, 12.5, 7.0, 13.0 ], "rotation": 90 }
					},
					"children": [
						{
							"name": "BoltHandle",
							"from": [ 0.5, 0.5, 3.5 ], 
							"to": [ 2.0, 1.5, 4.5 ], 
							"rotationOrigin": [ 0.0, 1.0, 3.0 ],
							"faces": {
								"north": { "texture": "#oak2", "uv": [ 8.5, 13.0, 10.0, 14.0 ] },
								"east": { "texture": "#oak2", "uv": [ 8.5, 13.0, 9.5, 14.0 ] },
								"south": { "texture": "#oak2", "uv": [ 8.0, 13.0, 9.5, 14.0 ] },
								"west": { "texture": "#oak2", "uv": [ 3.5, 3.5, 4.5, 4.5 ] },
								"up": { "texture": "#oak2", "uv": [ 8.5, 14.5, 10.0, 15.5 ] },
								"down": { "texture": "#oak2", "uv": [ 9.0, 14.0, 10.5, 15.0 ] }
							}
						}
					]
				},
				{
					"name": "Cover",
					"from": [ 0.75, -3.5, 0.5 ], 
					"to": [ 1.5, 1.5, 1.75 ], 
					"rotationOrigin": [ 0.0, -4.0, 2.0 ],
					"faces": {
						"north": { "texture": "#oak1", "uv": [ 0.0, 3.5, 5.0, 4.0 ], "rotation": 90 },
						"east": { "texture": "#oak1", "uv": [ 0.5, 2.5, 5.5, 3.5 ], "rotation": 90 },
						"south": { "texture": "#oak1", "uv": [ 0.0, 1.0, 5.0, 1.5 ], "rotation": 90 },
						"west": { "texture": "#oak1", "uv": [ 0.0, 1.5, 5.0, 2.5 ], "rotation": 90 },
						"up": { "texture": "#oak1", "uv": [ 1.5, 2.5, 2.0, 3.5 ] },
						"down": { "texture": "#oak1", "uv": [ 1.5, 1.5, 2.0, 2.5 ] }
					}
				}
			]
		}
	],
	"animations": [
		{
			"name": "Bolt Opening",
			"code": "bolt_opening",
			"quantityframes": 3,
			"onActivityStopped": "EaseOut",
			"onAnimationEnd": "Stop",
			"keyframes": [
				{
					"frame": 0,
					"elements": {
						"MidBrace": {  },
						"Bolt": { "offsetX": 0.0, "offsetY": 0.0, "offsetZ": 0.0 }
					}
				},
				{
					"frame": 1,
					"elements": {
						"MidBrace": {  },
						"Bolt": { "offsetX": 0.0, "offsetY": 0.0, "offsetZ": 0.5 }
					}
				},
				{
					"frame": 2,
					"elements": {
						"MidBrace": {  },
						"Bolt": { "offsetX": 0.0, "offsetY": 0.0, "offsetZ": 1.0 }
					}
				}
			]
		},

		{
			"name": "Bolt Closing",
			"code": "bolt_closing",
			"quantityframes": 3,
			"onActivityStopped": "EaseOut",
			"onAnimationEnd": "Stop",
			"keyframes": [
				{
					"frame": 0,
					"elements": {
						"MidBrace": {  },
						"Bolt": { "offsetX": 0.0, "offsetY": 0.0, "offsetZ": 1.5 }
					}
				},
				{
					"frame": 1,
					"elements": {
						"MidBrace": {  },
						"Bolt": { "offsetX": 0.0, "offsetY": 0.0, "offsetZ": 1.0 }
					}
				},
				{
					"frame": 2,
					"elements": {
						"MidBrace": {  },
						"Bolt": { "offsetX": 0.0, "offsetY": 0.0, "offsetZ": 0.3 }
					}
				}
			]
		}
	]
}