[
  {
    "op": "replace",
    "path": "/attributes/breakChanceOnImpactByType/*-bismuthbronze",
    "value": 0.08,
    "file": "itemtypes/tool/arrow.json"
  },
  {
    "op": "replace",
    "path": "/attributes/breakChanceOnImpactByType/*-blackbronze",
    "value": 0.07,
    "file": "itemtypes/tool/arrow.json"
  },
  {
    "op": "replace",
    "path": "/attributes/breakChanceOnImpactByType/*-copper",
    "value": 0.12,
    "file": "itemtypes/tool/arrow.json"
  },
  {
    "op": "replace",
    "path": "/attributes/breakChanceOnImpactByType/*-crude",
    "value": 0.25,
    "file": "itemtypes/tool/arrow.json"
  },
  {
    "op": "replace",
    "path": "/attributes/breakChanceOnImpactByType/*-flint",
    "value": 0.2,
    "file": "itemtypes/tool/arrow.json"
  },
  {
    "op": "replace",
    "path": "/attributes/breakChanceOnImpactByType/*-gold",
    "value": 0.06,
    "file": "itemtypes/tool/arrow.json"
  },
  {
    "op": "replace",
    "path": "/attributes/breakChanceOnImpactByType/*-iron",
    "value": 0.05,
    "file": "itemtypes/tool/arrow.json"
  },
  {
    "op": "replace",
    "path": "/attributes/breakChanceOnImpactByType/*-meteoriciron",
    "value": 0.04,
    "file": "itemtypes/tool/arrow.json"
  },
  {
    "op": "replace",
    "path": "/attributes/breakChanceOnImpactByType/*-silver",
    "value": 0.06,
    "file": "itemtypes/tool/arrow.json"
  },
  {
    "op": "replace",
    "path": "/attributes/breakChanceOnImpactByType/*-steel",
    "value": 0.02,
    "file": "itemtypes/tool/arrow.json"
  },
  {
    "op": "replace",
    "path": "/attributes/breakChanceOnImpactByType/*-tinbronze",
    "value": 0.09,
    "file": "itemtypes/tool/arrow.json"
  },
  {
    "op": "replace",
    "path": "/attributes/damageByType/*-bismuthbronze",
    "value": 2.5,
    "file": "itemtypes/tool/arrow.json"
  },
  {
    "op": "replace",
    "path": "/attributes/damageByType/*-blackbronze",
    "value": 2.75,
    "file": "itemtypes/tool/arrow.json"
  },
  {
    "op": "replace",
    "path": "/attributes/damageByType/*-copper",
    "value": 1.35,
    "file": "itemtypes/tool/arrow.json"
  },
  {
    "op": "replace",
    "path": "/attributes/damageByType/*-crude",
    "value": 0.25,
    "file": "itemtypes/tool/arrow.json"
  },
  {
    "op": "replace",
    "path": "/attributes/damageByType/*-flint",
    "value": 0.5,
    "file": "itemtypes/tool/arrow.json"
  },
  {
    "op": "replace",
    "path": "/attributes/damageByType/*-gold",
    "value": 3.25,
    "file": "itemtypes/tool/arrow.json"
  },
  {
    "op": "replace",
    "path": "/attributes/damageByType/*-iron",
    "value": 4,
    "file": "itemtypes/tool/arrow.json"
  },
  {
    "op": "replace",
    "path": "/attributes/damageByType/*-meteoriciron",
    "value": 4.5,
    "file": "itemtypes/tool/arrow.json"
  },
  {
    "op": "replace",
    "path": "/attributes/damageByType/*-silver",
    "value": 3.25,
    "file": "itemtypes/tool/arrow.json"
  },
  {
    "op": "replace",
    "path": "/attributes/damageByType/*-steel",
    "value": 5.5,
    "file": "itemtypes/tool/arrow.json"
  },
  {
    "op": "replace",
    "path": "/attributes/damageByType/*-tinbronze",
    "value": 2.25,
    "file": "itemtypes/tool/arrow.json"
  }
]