{
	"editor": {
		"allAngles": false,
		"entityTextureMode": false
	},
	"textureWidth": 16,
	"textureHeight": 16,
	"textureSizes": {
	},
	"textures": {
		"blackcurrant": "item/food/grain/overlays/blackcurrant"
	},
	"elements": [
		{
			"name": "berries",
			"from": [ 6.25, 0.0, 5.5 ], 
			"to": [ 6.25, 0.0, 5.5 ], 
			"rotationOrigin": [ 6.25, 0.0, 5.5 ],
			"faces": {
				"north": { "texture": "#blackcurrant", "uv": [ 15.0, 7.5, 15.5, 8.0 ] },
				"east": { "texture": "#blackcurrant", "uv": [ 4.0, 14.5, 4.5, 15.0 ] },
				"south": { "texture": "#blackcurrant", "uv": [ 0.5, 7.0, 1.0, 7.5 ] },
				"west": { "texture": "#blackcurrant", "uv": [ 13.0, 0.0, 13.5, 0.5 ] },
				"up": { "texture": "#blackcurrant", "uv": [ 8.5, 5.0, 9.0, 5.5 ] },
				"down": { "texture": "#blackcurrant", "uv": [ 14.0, 9.5, 14.5, 10.0 ] }
			},
			"children": [
				{
					"name": "blackcurrant",
					"from": [ 0.0, 0.0, 0.0 ], 
					"to": [ 0.0, 0.0, 0.0 ], 
					"faces": {
						"north": { "texture": "#blackcurrant", "uv": [ 13.0, 8.0, 13.5, 8.5 ] },
						"east": { "texture": "#blackcurrant", "uv": [ 4.0, 8.0, 4.5, 8.5 ] },
						"south": { "texture": "#blackcurrant", "uv": [ 8.5, 2.0, 9.0, 2.5 ] },
						"west": { "texture": "#blackcurrant", "uv": [ 8.0, 7.0, 8.5, 7.5 ] },
						"up": { "texture": "#blackcurrant", "uv": [ 4.5, 5.0, 5.0, 5.5 ] },
						"down": { "texture": "#blackcurrant", "uv": [ 1.0, 10.5, 1.5, 11.0 ] }
					},
					"children": [
						{
							"name": "berry20",
							"from": [ 2.5, 2.0, 0.5 ], 
							"to": [ 3.0, 2.01, 1.0 ], 
							"rotationOrigin": [ 2.4, 2.0, 0.5 ],
							"faces": {
								"north": { "texture": "#blackcurrant", "uv": [ 3.0, 0.5, 3.5, 1.0 ] },
								"east": { "texture": "#blackcurrant", "uv": [ 7.0, 4.5, 7.5, 5.0 ] },
								"south": { "texture": "#blackcurrant", "uv": [ 11.5, 7.0, 12.0, 7.5 ] },
								"west": { "texture": "#blackcurrant", "uv": [ 14.0, 12.5, 14.5, 13.0 ] },
								"up": { "texture": "#blackcurrant", "uv": [ 0.0, 0.5, 0.5, 1.0 ] },
								"down": { "texture": "#blackcurrant", "uv": [ 3.0, 1.5, 3.5, 2.0 ] }
							}
						},
						{
							"name": "berry30",
							"from": [ 2.5, 1.5, 0.49 ], 
							"to": [ 3.0, 2.0, 0.5 ], 
							"rotationOrigin": [ 2.4, 1.5, 0.5 ],
							"faces": {
								"north": { "texture": "#blackcurrant", "uv": [ 11.5, 0.0, 12.0, 0.5 ] },
								"east": { "texture": "#blackcurrant", "uv": [ 10.0, 15.0, 10.5, 15.5 ] },
								"south": { "texture": "#blackcurrant", "uv": [ 5.5, 3.0, 6.0, 3.5 ] },
								"west": { "texture": "#blackcurrant", "uv": [ 10.5, 9.0, 11.0, 9.5 ] },
								"up": { "texture": "#blackcurrant", "uv": [ 12.0, 0.0, 12.5, 0.5 ] },
								"down": { "texture": "#blackcurrant", "uv": [ 3.5, 10.5, 4.0, 11.0 ] }
							}
						},
						{
							"name": "berry25",
							"from": [ 3.0, 1.5, 0.5 ], 
							"to": [ 3.01, 2.0, 1.0 ], 
							"rotationOrigin": [ 2.9, 1.5, 0.5 ],
							"faces": {
								"north": { "texture": "#blackcurrant", "uv": [ 2.5, 9.0, 3.0, 9.5 ] },
								"east": { "texture": "#blackcurrant", "uv": [ 3.0, 11.5, 3.5, 12.0 ] },
								"south": { "texture": "#blackcurrant", "uv": [ 9.5, 13.5, 10.0, 14.0 ] },
								"west": { "texture": "#blackcurrant", "uv": [ 11.5, 9.5, 12.0, 10.0 ] },
								"up": { "texture": "#blackcurrant", "uv": [ 3.5, 1.5, 4.0, 2.0 ] },
								"down": { "texture": "#blackcurrant", "uv": [ 10.0, 14.0, 10.5, 14.5 ] }
							}
						},
						{
							"name": "berry16",
							"from": [ 1.0, 2.0, 4.0 ], 
							"to": [ 1.5, 2.01, 4.5 ], 
							"rotationOrigin": [ 0.9, 2.0, 4.0 ],
							"faces": {
								"north": { "texture": "#blackcurrant", "uv": [ 5.5, 2.5, 6.0, 3.0 ] },
								"east": { "texture": "#blackcurrant", "uv": [ 4.0, 6.5, 4.5, 7.0 ] },
								"south": { "texture": "#blackcurrant", "uv": [ 4.0, 3.5, 4.5, 4.0 ] },
								"west": { "texture": "#blackcurrant", "uv": [ 1.5, 7.5, 2.0, 8.0 ] },
								"up": { "texture": "#blackcurrant", "uv": [ 12.0, 4.5, 12.5, 5.0 ] },
								"down": { "texture": "#blackcurrant", "uv": [ 11.0, 2.0, 11.5, 2.5 ] }
							}
						},
						{
							"name": "berry13",
							"from": [ 0.0, 1.5, 4.0 ], 
							"to": [ 0.5, 1.51, 4.5 ], 
							"rotationOrigin": [ -0.1, 1.5, 4.0 ],
							"faces": {
								"north": { "texture": "#blackcurrant", "uv": [ 3.5, 14.0, 4.0, 14.5 ] },
								"east": { "texture": "#blackcurrant", "uv": [ 15.0, 1.5, 15.5, 2.0 ] },
								"south": { "texture": "#blackcurrant", "uv": [ 8.0, 5.0, 8.5, 5.5 ] },
								"west": { "texture": "#blackcurrant", "uv": [ 7.5, 0.0, 8.0, 0.5 ] },
								"up": { "texture": "#blackcurrant", "uv": [ 15.0, 10.5, 15.5, 11.0 ] },
								"down": { "texture": "#blackcurrant", "uv": [ 7.5, 3.0, 8.0, 3.5 ] }
							}
						},
						{
							"name": "berry2",
							"from": [ -0.01, 1.0, 4.0 ], 
							"to": [ 0.0, 1.5, 4.5 ], 
							"rotationOrigin": [ -0.1, 1.0, 4.0 ],
							"faces": {
								"north": { "texture": "#blackcurrant", "uv": [ 3.0, 11.5, 3.5, 12.0 ] },
								"east": { "texture": "#blackcurrant", "uv": [ 6.0, 5.0, 6.5, 5.5 ] },
								"south": { "texture": "#blackcurrant", "uv": [ 12.5, 9.5, 13.0, 10.0 ] },
								"west": { "texture": "#blackcurrant", "uv": [ 7.5, 14.0, 8.0, 14.5 ] },
								"up": { "texture": "#blackcurrant", "uv": [ 14.0, 14.5, 14.5, 15.0 ] },
								"down": { "texture": "#blackcurrant", "uv": [ 5.0, 14.5, 5.5, 15.0 ] }
							}
						},
						{
							"name": "berry45",
							"from": [ -0.01, 1.0, 1.5 ], 
							"to": [ 0.0, 1.5, 2.0 ], 
							"rotationOrigin": [ -0.1, 1.0, 1.5 ],
							"faces": {
								"north": { "texture": "#blackcurrant", "uv": [ 10.5, 4.5, 11.0, 5.0 ] },
								"east": { "texture": "#blackcurrant", "uv": [ 4.5, 2.0, 5.0, 2.5 ] },
								"south": { "texture": "#blackcurrant", "uv": [ 13.0, 7.0, 13.5, 7.5 ] },
								"west": { "texture": "#blackcurrant", "uv": [ 3.0, 2.0, 3.5, 2.5 ] },
								"up": { "texture": "#blackcurrant", "uv": [ 13.5, 12.5, 14.0, 13.0 ] },
								"down": { "texture": "#blackcurrant", "uv": [ 3.0, 7.0, 3.5, 7.5 ] }
							}
						},
						{
							"name": "berry8",
							"from": [ 2.0, 0.5, -0.01 ], 
							"to": [ 3.0, 1.5, 0.0 ], 
							"rotationOrigin": [ 1.9, 0.5, 0.0 ],
							"faces": {
								"north": { "texture": "#blackcurrant", "uv": [ 5.0, 11.0, 6.0, 12.0 ] },
								"east": { "texture": "#blackcurrant", "uv": [ 6.0, 6.0, 6.5, 7.0 ] },
								"south": { "texture": "#blackcurrant", "uv": [ 11.0, 11.5, 12.0, 12.5 ] },
								"west": { "texture": "#blackcurrant", "uv": [ 1.0, 12.0, 1.5, 13.0 ] },
								"up": { "texture": "#blackcurrant", "uv": [ 5.5, 4.5, 6.5, 5.0 ] },
								"down": { "texture": "#blackcurrant", "uv": [ 3.0, 6.5, 4.0, 7.0 ] }
							}
						},
						{
							"name": "berry63",
							"from": [ 2.0, -0.01, 0.5 ], 
							"to": [ 3.0, 0.0, 1.5 ], 
							"rotationOrigin": [ 1.9, 0.0, 0.5 ],
							"faces": {
								"north": { "texture": "#blackcurrant", "uv": [ 6.0, 10.5, 7.0, 11.0 ] },
								"east": { "texture": "#blackcurrant", "uv": [ 14.0, 8.0, 15.0, 8.5 ] },
								"south": { "texture": "#blackcurrant", "uv": [ 14.0, 14.0, 15.0, 14.5 ] },
								"west": { "texture": "#blackcurrant", "uv": [ 10.0, 2.5, 11.0, 3.0 ] },
								"up": { "texture": "#blackcurrant", "uv": [ 9.0, 4.0, 10.0, 5.0 ] },
								"down": { "texture": "#blackcurrant", "uv": [ 5.0, 7.5, 6.0, 8.5 ] }
							}
						},
						{
							"name": "berry66",
							"from": [ 1.5, -0.01, 3.0 ], 
							"to": [ 2.0, 0.0, 3.5 ], 
							"rotationOrigin": [ 1.4, 0.0, 3.0 ],
							"faces": {
								"north": { "texture": "#blackcurrant", "uv": [ 4.0, 7.5, 4.5, 8.0 ] },
								"east": { "texture": "#blackcurrant", "uv": [ 15.0, 9.5, 15.5, 10.0 ] },
								"south": { "texture": "#blackcurrant", "uv": [ 1.0, 7.0, 1.5, 7.5 ] },
								"west": { "texture": "#blackcurrant", "uv": [ 11.5, 8.0, 12.0, 8.5 ] },
								"up": { "texture": "#blackcurrant", "uv": [ 0.5, 3.5, 1.0, 4.0 ] },
								"down": { "texture": "#blackcurrant", "uv": [ 1.5, 7.5, 2.0, 8.0 ] }
							}
						},
						{
							"name": "berry71",
							"from": [ 0.5, -0.01, 1.5 ], 
							"to": [ 1.0, 0.0, 2.0 ], 
							"rotationOrigin": [ 0.4, 0.0, 1.5 ],
							"faces": {
								"north": { "texture": "#blackcurrant", "uv": [ 9.5, 6.0, 10.0, 6.5 ] },
								"east": { "texture": "#blackcurrant", "uv": [ 4.5, 13.0, 5.0, 13.5 ] },
								"south": { "texture": "#blackcurrant", "uv": [ 5.0, 11.0, 5.5, 11.5 ] },
								"west": { "texture": "#blackcurrant", "uv": [ 11.0, 11.0, 11.5, 11.5 ] },
								"up": { "texture": "#blackcurrant", "uv": [ 3.5, 6.0, 4.0, 6.5 ] },
								"down": { "texture": "#blackcurrant", "uv": [ 5.0, 8.5, 5.5, 9.0 ] }
							}
						}
					]
				}
			]
		}
	]}