{
	"editor": {
		"allAngles": false,
		"entityTextureMode": false
	},
	"textureWidth": 16,
	"textureHeight": 16,
	"textureSizes": {
	},
	"textures": {
		"cranberry": "item/food/grain/overlays/cranberry"
	},
	"elements": [
		{
			"name": "berries",
			"from": [ 7.0, 0.0, 5.0 ], 
			"to": [ 7.0, 0.0, 5.0 ], 
			"rotationOrigin": [ 7.0, 0.0, 5.0 ],
			"faces": {
				"north": { "texture": "#cranberry", "uv": [ 0.0, 0.0, 0.5, 0.5 ] },
				"east": { "texture": "#cranberry", "uv": [ 0.0, 0.0, 0.5, 0.5 ] },
				"south": { "texture": "#cranberry", "uv": [ 0.0, 0.0, 0.5, 0.5 ] },
				"west": { "texture": "#cranberry", "uv": [ 0.0, 0.0, 0.5, 0.5 ] },
				"up": { "texture": "#cranberry", "uv": [ 0.0, 0.0, 0.5, 0.5 ] },
				"down": { "texture": "#cranberry", "uv": [ 0.0, 0.0, 0.5, 0.5 ] }
			},
			"children": [
				{
					"name": "cranberry",
					"from": [ 0.0, 0.0, 0.0 ], 
					"to": [ 0.0, 0.0, 0.0 ], 
					"faces": {
						"north": { "texture": "#cranberry", "uv": [ 14.0, 8.0, 14.5, 8.5 ] },
						"east": { "texture": "#cranberry", "uv": [ 7.5, 5.0, 8.0, 5.5 ] },
						"south": { "texture": "#cranberry", "uv": [ 12.0, 8.0, 12.5, 8.5 ] },
						"west": { "texture": "#cranberry", "uv": [ 12.5, 14.5, 13.0, 15.0 ] },
						"up": { "texture": "#cranberry", "uv": [ 0.5, 12.0, 1.0, 12.5 ] },
						"down": { "texture": "#cranberry", "uv": [ 4.5, 3.0, 5.0, 3.5 ] }
					},
					"children": [
						{
							"name": "berry26",
							"from": [ 0.5, 1.0, 6.0 ], 
							"to": [ 1.5, 2.0, 6.01 ], 
							"rotationOrigin": [ 0.5, 1.0, 6.0 ],
							"faces": {
								"north": { "texture": "#cranberry", "uv": [ 7.5, 11.5, 8.5, 12.5 ] },
								"east": { "texture": "#cranberry", "uv": [ 9.0, 4.0, 9.5, 5.0 ] },
								"south": { "texture": "#cranberry", "uv": [ 11.0, 14.0, 12.0, 15.0 ] },
								"west": { "texture": "#cranberry", "uv": [ 2.5, 8.0, 3.0, 9.0 ] },
								"up": { "texture": "#cranberry", "uv": [ 0.5, 13.5, 1.5, 14.0 ] },
								"down": { "texture": "#cranberry", "uv": [ 7.0, 8.5, 8.0, 9.0 ] }
							}
						},
						{
							"name": "berry27",
							"from": [ 0.0, 0.0, 6.0 ], 
							"to": [ 0.5, 0.5, 6.01 ], 
							"rotationOrigin": [ 0.0, 0.0, 6.0 ],
							"faces": {
								"north": { "texture": "#cranberry", "uv": [ 5.5, 5.5, 6.0, 6.0 ] },
								"east": { "texture": "#cranberry", "uv": [ 6.0, 10.0, 6.5, 10.5 ] },
								"south": { "texture": "#cranberry", "uv": [ 12.0, 15.0, 12.5, 15.5 ] },
								"west": { "texture": "#cranberry", "uv": [ 1.0, 5.5, 1.5, 6.0 ] },
								"up": { "texture": "#cranberry", "uv": [ 2.0, 6.0, 2.5, 6.5 ] },
								"down": { "texture": "#cranberry", "uv": [ 2.5, 14.0, 3.0, 14.5 ] }
							}
						},
						{
							"name": "berry28",
							"from": [ -0.51, 1.5, 4.5 ], 
							"to": [ -0.5, 2.0, 5.0 ], 
							"rotationOrigin": [ -0.5, 1.5, 4.5 ],
							"faces": {
								"north": { "texture": "#cranberry", "uv": [ 6.5, 14.0, 7.0, 14.5 ] },
								"east": { "texture": "#cranberry", "uv": [ 0.0, 13.0, 0.5, 13.5 ] },
								"south": { "texture": "#cranberry", "uv": [ 2.5, 11.0, 3.0, 11.5 ] },
								"west": { "texture": "#cranberry", "uv": [ 9.0, 15.0, 9.5, 15.5 ] },
								"up": { "texture": "#cranberry", "uv": [ 10.0, 14.0, 10.5, 14.5 ] },
								"down": { "texture": "#cranberry", "uv": [ 0.0, 2.5, 0.5, 3.0 ] }
							}
						},
						{
							"name": "berry29",
							"from": [ -0.51, 1.0, 2.5 ], 
							"to": [ -0.5, 1.5, 3.0 ], 
							"rotationOrigin": [ -0.5, 1.0, 2.5 ],
							"faces": {
								"north": { "texture": "#cranberry", "uv": [ 10.5, 5.5, 11.0, 6.0 ] },
								"east": { "texture": "#cranberry", "uv": [ 6.0, 3.5, 6.5, 4.0 ] },
								"south": { "texture": "#cranberry", "uv": [ 12.0, 3.5, 12.5, 4.0 ] },
								"west": { "texture": "#cranberry", "uv": [ 13.5, 2.5, 14.0, 3.0 ] },
								"up": { "texture": "#cranberry", "uv": [ 1.0, 3.5, 1.5, 4.0 ] },
								"down": { "texture": "#cranberry", "uv": [ 11.5, 15.0, 12.0, 15.5 ] }
							}
						},
						{
							"name": "berry30",
							"from": [ -0.51, 0.0, 1.5 ], 
							"to": [ -0.5, 0.5, 2.5 ], 
							"rotationOrigin": [ -0.5, 0.0, 1.5 ],
							"faces": {
								"north": { "texture": "#cranberry", "uv": [ 12.0, 7.5, 12.5, 8.0 ] },
								"east": { "texture": "#cranberry", "uv": [ 2.5, 15.0, 3.5, 15.5 ] },
								"south": { "texture": "#cranberry", "uv": [ 14.5, 13.0, 15.0, 13.5 ] },
								"west": { "texture": "#cranberry", "uv": [ 0.0, 4.5, 1.0, 5.0 ] },
								"up": { "texture": "#cranberry", "uv": [ 11.5, 10.5, 12.0, 11.5 ] },
								"down": { "texture": "#cranberry", "uv": [ 5.0, 11.5, 5.5, 12.5 ] }
							}
						},
						{
							"name": "berry31",
							"from": [ -0.51, 1.5, -0.01 ], 
							"to": [ 0.5, 2.0, 0.0 ], 
							"rotationOrigin": [ -0.5, 1.5, 0.0 ],
							"faces": {
								"north": { "texture": "#cranberry", "uv": [ 14.5, 12.0, 15.5, 12.5 ] },
								"east": { "texture": "#cranberry", "uv": [ 10.5, 14.0, 11.0, 14.5 ] },
								"south": { "texture": "#cranberry", "uv": [ 6.0, 14.0, 7.0, 14.5 ] },
								"west": { "texture": "#cranberry", "uv": [ 14.0, 13.0, 14.5, 13.5 ] },
								"up": { "texture": "#cranberry", "uv": [ 2.0, 2.5, 3.0, 3.0 ] },
								"down": { "texture": "#cranberry", "uv": [ 3.0, 3.5, 4.0, 4.0 ] }
							}
						},
						{
							"name": "berry32",
							"from": [ 2.5, 1.0, 0.5 ], 
							"to": [ 2.51, 1.5, 1.0 ], 
							"rotationOrigin": [ 2.5, 1.0, 0.5 ],
							"faces": {
								"north": { "texture": "#cranberry", "uv": [ 10.0, 14.0, 10.5, 14.5 ] },
								"east": { "texture": "#cranberry", "uv": [ 14.5, 4.0, 15.0, 4.5 ] },
								"south": { "texture": "#cranberry", "uv": [ 6.0, 10.5, 6.5, 11.0 ] },
								"west": { "texture": "#cranberry", "uv": [ 12.5, 10.0, 13.0, 10.5 ] },
								"up": { "texture": "#cranberry", "uv": [ 12.0, 14.5, 12.5, 15.0 ] },
								"down": { "texture": "#cranberry", "uv": [ 5.0, 15.0, 5.5, 15.5 ] }
							}
						},
						{
							"name": "berry33",
							"from": [ 2.5, 0.0, 1.5 ], 
							"to": [ 2.51, 0.5, 2.0 ], 
							"rotationOrigin": [ 2.5, 0.0, 1.5 ],
							"faces": {
								"north": { "texture": "#cranberry", "uv": [ 0.0, 2.0, 0.5, 2.5 ] },
								"east": { "texture": "#cranberry", "uv": [ 2.5, 0.0, 3.0, 0.5 ] },
								"south": { "texture": "#cranberry", "uv": [ 0.5, 0.5, 1.0, 1.0 ] },
								"west": { "texture": "#cranberry", "uv": [ 7.0, 9.0, 7.5, 9.5 ] },
								"up": { "texture": "#cranberry", "uv": [ 2.5, 8.0, 3.0, 8.5 ] },
								"down": { "texture": "#cranberry", "uv": [ 2.5, 0.0, 3.0, 0.5 ] }
							}
						},
						{
							"name": "berry34",
							"from": [ 2.5, 0.5, 4.0 ], 
							"to": [ 2.51, 1.5, 4.5 ], 
							"rotationOrigin": [ 2.5, 0.5, 4.0 ],
							"faces": {
								"north": { "texture": "#cranberry", "uv": [ 10.5, 5.5, 11.0, 6.5 ] },
								"east": { "texture": "#cranberry", "uv": [ 6.5, 14.5, 7.0, 15.5 ] },
								"south": { "texture": "#cranberry", "uv": [ 10.0, 8.0, 10.5, 9.0 ] },
								"west": { "texture": "#cranberry", "uv": [ 8.0, 3.0, 8.5, 4.0 ] },
								"up": { "texture": "#cranberry", "uv": [ 13.5, 14.0, 14.0, 14.5 ] },
								"down": { "texture": "#cranberry", "uv": [ 8.5, 11.0, 9.0, 11.5 ] }
							}
						},
						{
							"name": "berry35",
							"from": [ 2.5, 0.5, 5.5 ], 
							"to": [ 2.51, 1.0, 6.0 ], 
							"rotationOrigin": [ 2.5, 0.5, 5.5 ],
							"faces": {
								"north": { "texture": "#cranberry", "uv": [ 8.0, 15.0, 8.5, 15.5 ] },
								"east": { "texture": "#cranberry", "uv": [ 6.5, 14.5, 7.0, 15.0 ] },
								"south": { "texture": "#cranberry", "uv": [ 13.0, 1.0, 13.5, 1.5 ] },
								"west": { "texture": "#cranberry", "uv": [ 12.5, 1.0, 13.0, 1.5 ] },
								"up": { "texture": "#cranberry", "uv": [ 11.5, 0.5, 12.0, 1.0 ] },
								"down": { "texture": "#cranberry", "uv": [ 5.5, 1.5, 6.0, 2.0 ] }
							}
						},
						{
							"name": "berry36",
							"from": [ 2.0, 2.0, 4.5 ], 
							"to": [ 2.51, 2.01, 5.0 ], 
							"rotationOrigin": [ 2.0, 2.0, 4.5 ],
							"faces": {
								"north": { "texture": "#cranberry", "uv": [ 5.0, 10.0, 5.5, 10.5 ] },
								"east": { "texture": "#cranberry", "uv": [ 4.5, 10.0, 5.0, 10.5 ] },
								"south": { "texture": "#cranberry", "uv": [ 7.5, 9.0, 8.0, 9.5 ] },
								"west": { "texture": "#cranberry", "uv": [ 7.0, 6.5, 7.5, 7.0 ] },
								"up": { "texture": "#cranberry", "uv": [ 13.0, 14.0, 13.5, 14.5 ] },
								"down": { "texture": "#cranberry", "uv": [ 8.0, 10.5, 8.5, 11.0 ] }
							}
						},
						{
							"name": "berry37",
							"from": [ 0.5, 2.0, 5.5 ], 
							"to": [ 1.5, 2.01, 6.01 ], 
							"rotationOrigin": [ 0.5, 2.0, 5.5 ],
							"faces": {
								"north": { "texture": "#cranberry", "uv": [ 9.5, 7.0, 10.5, 7.5 ] },
								"east": { "texture": "#cranberry", "uv": [ 12.0, 2.5, 12.5, 3.0 ] },
								"south": { "texture": "#cranberry", "uv": [ 2.5, 5.5, 3.5, 6.0 ] },
								"west": { "texture": "#cranberry", "uv": [ 2.0, 12.0, 2.5, 12.5 ] },
								"up": { "texture": "#cranberry", "uv": [ 14.0, 1.0, 15.0, 1.5 ] },
								"down": { "texture": "#cranberry", "uv": [ 9.0, 9.0, 10.0, 9.5 ] }
							}
						},
						{
							"name": "berry38",
							"from": [ -0.51, 2.0, 4.5 ], 
							"to": [ 0.0, 2.01, 5.0 ], 
							"rotationOrigin": [ -0.5, 2.0, 4.5 ],
							"faces": {
								"north": { "texture": "#cranberry", "uv": [ 3.0, 9.0, 3.5, 9.5 ] },
								"east": { "texture": "#cranberry", "uv": [ 9.0, 5.5, 9.5, 6.0 ] },
								"south": { "texture": "#cranberry", "uv": [ 3.5, 9.5, 4.0, 10.0 ] },
								"west": { "texture": "#cranberry", "uv": [ 11.5, 12.0, 12.0, 12.5 ] },
								"up": { "texture": "#cranberry", "uv": [ 15.0, 1.0, 15.5, 1.5 ] },
								"down": { "texture": "#cranberry", "uv": [ 10.5, 4.0, 11.0, 4.5 ] }
							}
						},
						{
							"name": "berry39",
							"from": [ -0.5, 2.0, -0.01 ], 
							"to": [ 0.5, 2.01, 0.5 ], 
							"rotationOrigin": [ -0.5, 2.0, 0.0 ],
							"faces": {
								"north": { "texture": "#cranberry", "uv": [ 0.0, 12.0, 1.0, 12.5 ] },
								"east": { "texture": "#cranberry", "uv": [ 0.0, 7.5, 0.5, 8.0 ] },
								"south": { "texture": "#cranberry", "uv": [ 3.5, 12.0, 4.5, 12.5 ] },
								"west": { "texture": "#cranberry", "uv": [ 13.0, 14.5, 13.5, 15.0 ] },
								"up": { "texture": "#cranberry", "uv": [ 10.0, 7.0, 11.0, 7.5 ] },
								"down": { "texture": "#cranberry", "uv": [ 12.5, 0.5, 13.5, 1.0 ] }
							}
						},
						{
							"name": "berry40",
							"from": [ 2.0, 2.0, 0.5 ], 
							"to": [ 2.51, 2.01, 1.0 ], 
							"rotationOrigin": [ 2.0, 2.0, 0.5 ],
							"faces": {
								"north": { "texture": "#cranberry", "uv": [ 15.0, 6.0, 15.5, 6.5 ] },
								"east": { "texture": "#cranberry", "uv": [ 13.5, 10.0, 14.0, 10.5 ] },
								"south": { "texture": "#cranberry", "uv": [ 10.5, 14.0, 11.0, 14.5 ] },
								"west": { "texture": "#cranberry", "uv": [ 0.0, 0.0, 0.5, 0.5 ] },
								"up": { "texture": "#cranberry", "uv": [ 7.0, 6.5, 7.5, 7.0 ] },
								"down": { "texture": "#cranberry", "uv": [ 8.5, 2.0, 9.0, 2.5 ] }
							}
						},
						{
							"name": "berry41",
							"from": [ 0.5, 2.5, 4.0 ], 
							"to": [ 1.5, 2.51, 5.0 ], 
							"rotationOrigin": [ 0.5, 2.5, 4.0 ],
							"faces": {
								"north": { "texture": "#cranberry", "uv": [ 0.5, 9.5, 1.5, 10.0 ] },
								"east": { "texture": "#cranberry", "uv": [ 13.0, 0.5, 14.0, 1.0 ] },
								"south": { "texture": "#cranberry", "uv": [ 9.5, 2.5, 10.5, 3.0 ] },
								"west": { "texture": "#cranberry", "uv": [ 7.5, 12.0, 8.5, 12.5 ] },
								"up": { "texture": "#cranberry", "uv": [ 9.5, 3.0, 10.5, 4.0 ] },
								"down": { "texture": "#cranberry", "uv": [ 2.0, 3.5, 3.0, 4.5 ] }
							}
						},
						{
							"name": "berry42",
							"from": [ 1.0, 2.5, 1.0 ], 
							"to": [ 1.5, 2.51, 1.5 ], 
							"rotationOrigin": [ 1.0, 2.5, 1.0 ],
							"faces": {
								"north": { "texture": "#cranberry", "uv": [ 13.0, 1.5, 13.5, 2.0 ] },
								"east": { "texture": "#cranberry", "uv": [ 10.0, 1.0, 10.5, 1.5 ] },
								"south": { "texture": "#cranberry", "uv": [ 12.0, 11.5, 12.5, 12.0 ] },
								"west": { "texture": "#cranberry", "uv": [ 4.5, 15.0, 5.0, 15.5 ] },
								"up": { "texture": "#cranberry", "uv": [ 5.0, 7.0, 5.5, 7.5 ] },
								"down": { "texture": "#cranberry", "uv": [ 6.0, 5.0, 6.5, 5.5 ] }
							}
						},
						{
							"name": "berry43",
							"from": [ -0.51, -0.01, 1.5 ], 
							"to": [ -0.01, 0.0, 2.5 ], 
							"rotationOrigin": [ -0.5, 0.0, 1.5 ],
							"faces": {
								"north": { "texture": "#cranberry", "uv": [ 9.5, 12.0, 10.0, 12.5 ] },
								"east": { "texture": "#cranberry", "uv": [ 14.0, 14.5, 15.0, 15.0 ] },
								"south": { "texture": "#cranberry", "uv": [ 5.5, 9.5, 6.0, 10.0 ] },
								"west": { "texture": "#cranberry", "uv": [ 5.0, 6.5, 6.0, 7.0 ] },
								"up": { "texture": "#cranberry", "uv": [ 8.0, 14.0, 8.5, 15.0 ] },
								"down": { "texture": "#cranberry", "uv": [ 12.0, 8.5, 12.5, 9.5 ] }
							}
						},
						{
							"name": "berry44",
							"from": [ 0.0, -0.01, 5.5 ], 
							"to": [ 0.5, 0.0, 6.01 ], 
							"rotationOrigin": [ 0.0, 0.0, 5.5 ],
							"faces": {
								"north": { "texture": "#cranberry", "uv": [ 5.0, 12.5, 5.5, 13.0 ] },
								"east": { "texture": "#cranberry", "uv": [ 11.5, 13.0, 12.0, 13.5 ] },
								"south": { "texture": "#cranberry", "uv": [ 1.5, 7.5, 2.0, 8.0 ] },
								"west": { "texture": "#cranberry", "uv": [ 10.0, 1.5, 10.5, 2.0 ] },
								"up": { "texture": "#cranberry", "uv": [ 6.0, 3.0, 6.5, 3.5 ] },
								"down": { "texture": "#cranberry", "uv": [ 4.0, 7.0, 4.5, 7.5 ] }
							}
						},
						{
							"name": "berry45",
							"from": [ 2.0, -0.01, 1.5 ], 
							"to": [ 2.51, 0.0, 2.0 ], 
							"rotationOrigin": [ 2.0, 0.0, 1.5 ],
							"faces": {
								"north": { "texture": "#cranberry", "uv": [ 6.0, 2.0, 6.5, 2.5 ] },
								"east": { "texture": "#cranberry", "uv": [ 1.5, 9.5, 2.0, 10.0 ] },
								"south": { "texture": "#cranberry", "uv": [ 3.5, 3.5, 4.0, 4.0 ] },
								"west": { "texture": "#cranberry", "uv": [ 11.5, 6.0, 12.0, 6.5 ] },
								"up": { "texture": "#cranberry", "uv": [ 13.5, 1.5, 14.0, 2.0 ] },
								"down": { "texture": "#cranberry", "uv": [ 1.5, 8.5, 2.0, 9.0 ] }
							}
						},
						{
							"name": "berry46",
							"from": [ 1.0, -0.01, 4.5 ], 
							"to": [ 1.51, 0.0, 5.0 ], 
							"rotationOrigin": [ 1.0, 0.0, 4.5 ],
							"faces": {
								"north": { "texture": "#cranberry", "uv": [ 14.5, 7.0, 15.0, 7.5 ] },
								"east": { "texture": "#cranberry", "uv": [ 7.5, 10.0, 8.0, 10.5 ] },
								"south": { "texture": "#cranberry", "uv": [ 4.5, 8.0, 5.0, 8.5 ] },
								"west": { "texture": "#cranberry", "uv": [ 2.5, 10.0, 3.0, 10.5 ] },
								"up": { "texture": "#cranberry", "uv": [ 12.5, 10.5, 13.0, 11.0 ] },
								"down": { "texture": "#cranberry", "uv": [ 11.0, 5.0, 11.5, 5.5 ] }
							}
						}
					]
				}
			]
		}
	]}