{
  "editor": {
    "allAngles": false,
    "entityTextureMode": false
  },
  "textureWidth": 16,
  "textureHeight": 16,
  "textureSizes": {
  },
  "textures": {
    "cranberry": "item/food/grain/overlays/cranberry"
  },
  "elements": [
    {
      "name": "berries",
      "from": [ 4.75, 0.0, 7.0 ], 
      "to": [ 4.75, 0.0, 7.0 ], 
      "rotationOrigin": [ 4.7, 0.0, 7.0 ],
      "faces": {
        "north": { "texture": "#cranberry", "uv": [ 0.0, 0.0, 0.5, 0.5 ] },
        "east": { "texture": "#cranberry", "uv": [ 0.0, 0.0, 0.5, 0.5 ] },
        "south": { "texture": "#cranberry", "uv": [ 0.0, 0.0, 0.5, 0.5 ] },
        "west": { "texture": "#cranberry", "uv": [ 0.0, 0.0, 0.5, 0.5 ] },
        "up": { "texture": "#cranberry", "uv": [ 0.0, 0.0, 0.5, 0.5 ] },
        "down": { "texture": "#cranberry", "uv": [ 0.0, 0.0, 0.5, 0.5 ] }
      },
      "children": [
        {
          "name": "cranberry",
          "from": [ 0.0, 0.0, 0.0 ], 
          "to": [ 0.0, 0.0, 0.0 ], 
          "faces": {
            "north": { "texture": "#cranberry", "uv": [ 4.5, 13.5, 5.0, 14.0 ] },
            "east": { "texture": "#cranberry", "uv": [ 13.0, 14.5, 13.5, 15.0 ] },
            "south": { "texture": "#cranberry", "uv": [ 13.0, 9.0, 13.5, 9.5 ] },
            "west": { "texture": "#cranberry", "uv": [ 4.5, 1.0, 5.0, 1.5 ] },
            "up": { "texture": "#cranberry", "uv": [ 6.0, 5.5, 6.5, 6.0 ] },
            "down": { "texture": "#cranberry", "uv": [ 2.5, 12.5, 3.0, 13.0 ] }
          },
          "children": [
            {
              "name": "berry73",
              "from": [ -0.01, 0.5, 0.0 ], 
              "to": [ 0.0, 1.0, 0.5 ], 
              "rotationOrigin": [ -0.5, 0.5, 0.0 ],
              "faces": {
                "north": { "texture": "#cranberry", "uv": [ 2.0, 10.5, 2.5, 11.0 ] },
                "east": { "texture": "#cranberry", "uv": [ 2.5, 3.5, 3.0, 4.0 ] },
                "south": { "texture": "#cranberry", "uv": [ 9.5, 5.0, 10.0, 5.5 ] },
                "west": { "texture": "#cranberry", "uv": [ 7.0, 15.0, 7.5, 15.5 ] },
                "up": { "texture": "#cranberry", "uv": [ 7.0, 8.0, 7.5, 8.5 ] },
                "down": { "texture": "#cranberry", "uv": [ 1.0, 12.5, 1.5, 13.0 ] }
              }
            },
            {
              "name": "berry75",
              "from": [ -0.01, 1.0, 1.0 ], 
              "to": [ 0.0, 1.5, 1.5 ], 
              "rotationOrigin": [ -0.5, 1.0, 1.0 ],
              "faces": {
                "north": { "texture": "#cranberry", "uv": [ 0.5, 2.0, 1.0, 2.5 ] },
                "east": { "texture": "#cranberry", "uv": [ 8.0, 14.5, 8.5, 15.0 ] },
                "south": { "texture": "#cranberry", "uv": [ 5.5, 11.5, 6.0, 12.0 ] },
                "west": { "texture": "#cranberry", "uv": [ 14.0, 5.0, 14.5, 5.5 ] },
                "up": { "texture": "#cranberry", "uv": [ 4.5, 5.5, 5.0, 6.0 ] },
                "down": { "texture": "#cranberry", "uv": [ 8.5, 4.0, 9.0, 4.5 ] }
              }
            },
            {
              "name": "berry76",
              "from": [ -0.01, 0.0, 2.0 ], 
              "to": [ 0.0, 0.5, 2.5 ], 
              "rotationOrigin": [ -0.5, 0.0, 2.0 ],
              "faces": {
                "north": { "texture": "#cranberry", "uv": [ 7.0, 13.5, 7.5, 14.0 ] },
                "east": { "texture": "#cranberry", "uv": [ 12.0, 11.0, 12.5, 11.5 ] },
                "south": { "texture": "#cranberry", "uv": [ 8.0, 1.5, 8.5, 2.0 ] },
                "west": { "texture": "#cranberry", "uv": [ 0.5, 3.5, 1.0, 4.0 ] },
                "up": { "texture": "#cranberry", "uv": [ 2.0, 12.0, 2.5, 12.5 ] },
                "down": { "texture": "#cranberry", "uv": [ 13.5, 8.5, 14.0, 9.0 ] }
              }
            },
            {
              "name": "berry77",
              "from": [ 3.99, 0.0, 0.5 ], 
              "to": [ 4.0, 0.5, 1.0 ], 
              "rotationOrigin": [ 3.5, 0.0, 0.5 ],
              "faces": {
                "north": { "texture": "#cranberry", "uv": [ 9.0, 9.5, 9.5, 10.0 ] },
                "east": { "texture": "#cranberry", "uv": [ 3.5, 4.5, 4.0, 5.0 ] },
                "south": { "texture": "#cranberry", "uv": [ 9.0, 13.0, 9.5, 13.5 ] },
                "west": { "texture": "#cranberry", "uv": [ 9.5, 13.5, 10.0, 14.0 ] },
                "up": { "texture": "#cranberry", "uv": [ 7.5, 3.0, 8.0, 3.5 ] },
                "down": { "texture": "#cranberry", "uv": [ 7.0, 12.5, 7.5, 13.0 ] }
              }
            },
            {
              "name": "berry78",
              "from": [ 3.99, 1.0, 1.5 ], 
              "to": [ 4.0, 1.5, 2.0 ], 
              "rotationOrigin": [ 3.5, 1.0, 1.5 ],
              "faces": {
                "north": { "texture": "#cranberry", "uv": [ 7.0, 12.0, 7.5, 12.5 ] },
                "east": { "texture": "#cranberry", "uv": [ 4.0, 15.0, 4.5, 15.5 ] },
                "south": { "texture": "#cranberry", "uv": [ 8.0, 11.5, 8.5, 12.0 ] },
                "west": { "texture": "#cranberry", "uv": [ 8.5, 8.5, 9.0, 9.0 ] },
                "up": { "texture": "#cranberry", "uv": [ 2.0, 0.0, 2.5, 0.5 ] },
                "down": { "texture": "#cranberry", "uv": [ 0.5, 9.5, 1.0, 10.0 ] }
              }
            },
            {
              "name": "berry79",
              "from": [ -0.01, 0.0, 2.5 ], 
              "to": [ 0.5, 0.5, 2.51 ], 
              "rotationOrigin": [ -0.5, 0.0, 2.5 ],
              "faces": {
                "north": { "texture": "#cranberry", "uv": [ 6.0, 2.5, 6.5, 3.0 ] },
                "east": { "texture": "#cranberry", "uv": [ 1.5, 0.5, 2.0, 1.0 ] },
                "south": { "texture": "#cranberry", "uv": [ 5.5, 5.5, 6.0, 6.0 ] },
                "west": { "texture": "#cranberry", "uv": [ 6.0, 13.0, 6.5, 13.5 ] },
                "up": { "texture": "#cranberry", "uv": [ 5.5, 3.5, 6.0, 4.0 ] },
                "down": { "texture": "#cranberry", "uv": [ 2.0, 10.0, 2.5, 10.5 ] }
              }
            },
            {
              "name": "berry80",
              "from": [ 2.0, 1.0, 2.5 ], 
              "to": [ 2.5, 1.5, 2.51 ], 
              "rotationOrigin": [ 1.5, 1.0, 2.5 ],
              "faces": {
                "north": { "texture": "#cranberry", "uv": [ 12.0, 4.0, 12.5, 4.5 ] },
                "east": { "texture": "#cranberry", "uv": [ 6.5, 12.0, 7.0, 12.5 ] },
                "south": { "texture": "#cranberry", "uv": [ 12.0, 8.0, 12.5, 8.5 ] },
                "west": { "texture": "#cranberry", "uv": [ 5.5, 1.0, 6.0, 1.5 ] },
                "up": { "texture": "#cranberry", "uv": [ 12.0, 3.5, 12.5, 4.0 ] },
                "down": { "texture": "#cranberry", "uv": [ 10.0, 11.5, 10.5, 12.0 ] }
              }
            },
            {
              "name": "berry81",
              "from": [ 4.0, 0.5, 2.5 ], 
              "to": [ 4.5, 1.0, 2.51 ], 
              "rotationOrigin": [ 3.5, 0.5, 2.5 ],
              "faces": {
                "north": { "texture": "#cranberry", "uv": [ 1.0, 5.5, 1.5, 6.0 ] },
                "east": { "texture": "#cranberry", "uv": [ 10.0, 1.0, 10.5, 1.5 ] },
                "south": { "texture": "#cranberry", "uv": [ 11.0, 13.0, 11.5, 13.5 ] },
                "west": { "texture": "#cranberry", "uv": [ 7.5, 1.0, 8.0, 1.5 ] },
                "up": { "texture": "#cranberry", "uv": [ 15.0, 3.5, 15.5, 4.0 ] },
                "down": { "texture": "#cranberry", "uv": [ 4.0, 5.5, 4.5, 6.0 ] }
              }
            },
            {
              "name": "berry82",
              "from": [ 6.0, 0.5, 2.5 ], 
              "to": [ 6.5, 1.0, 2.51 ], 
              "rotationOrigin": [ 5.5, 0.5, 2.5 ],
              "faces": {
                "north": { "texture": "#cranberry", "uv": [ 10.0, 15.0, 10.5, 15.5 ] },
                "east": { "texture": "#cranberry", "uv": [ 5.0, 2.0, 5.5, 2.5 ] },
                "south": { "texture": "#cranberry", "uv": [ 15.0, 9.5, 15.5, 10.0 ] },
                "west": { "texture": "#cranberry", "uv": [ 7.5, 3.5, 8.0, 4.0 ] },
                "up": { "texture": "#cranberry", "uv": [ 9.5, 8.5, 10.0, 9.0 ] },
                "down": { "texture": "#cranberry", "uv": [ 12.5, 8.0, 13.0, 8.5 ] }
              }
            },
            {
              "name": "berry83",
              "from": [ 6.5, 0.5, 2.0 ], 
              "to": [ 6.51, 1.0, 2.5 ], 
              "rotationOrigin": [ 6.0, 0.5, 2.0 ],
              "faces": {
                "north": { "texture": "#cranberry", "uv": [ 7.0, 9.0, 7.5, 9.5 ] },
                "east": { "texture": "#cranberry", "uv": [ 13.0, 14.5, 13.5, 15.0 ] },
                "south": { "texture": "#cranberry", "uv": [ 5.5, 6.5, 6.0, 7.0 ] },
                "west": { "texture": "#cranberry", "uv": [ 3.5, 2.5, 4.0, 3.0 ] },
                "up": { "texture": "#cranberry", "uv": [ 5.0, 6.0, 5.5, 6.5 ] },
                "down": { "texture": "#cranberry", "uv": [ 11.0, 15.0, 11.5, 15.5 ] }
              }
            },
            {
              "name": "berry84",
              "from": [ 6.5, 0.0, 0.5 ], 
              "to": [ 6.51, 0.5, 1.0 ], 
              "rotationOrigin": [ 6.0, 0.0, 0.5 ],
              "faces": {
                "north": { "texture": "#cranberry", "uv": [ 0.0, 9.0, 0.5, 9.5 ] },
                "east": { "texture": "#cranberry", "uv": [ 12.0, 10.5, 12.5, 11.0 ] },
                "south": { "texture": "#cranberry", "uv": [ 15.0, 4.0, 15.5, 4.5 ] },
                "west": { "texture": "#cranberry", "uv": [ 13.5, 1.0, 14.0, 1.5 ] },
                "up": { "texture": "#cranberry", "uv": [ 2.0, 7.0, 2.5, 7.5 ] },
                "down": { "texture": "#cranberry", "uv": [ 11.5, 14.0, 12.0, 14.5 ] }
              }
            },
            {
              "name": "berry85",
              "from": [ 2.5, 0.0, 1.5 ], 
              "to": [ 2.51, 0.5, 2.0 ], 
              "rotationOrigin": [ 2.0, 0.0, 1.5 ],
              "faces": {
                "north": { "texture": "#cranberry", "uv": [ 7.0, 12.5, 7.5, 13.0 ] },
                "east": { "texture": "#cranberry", "uv": [ 0.0, 7.5, 0.5, 8.0 ] },
                "south": { "texture": "#cranberry", "uv": [ 9.0, 2.0, 9.5, 2.5 ] },
                "west": { "texture": "#cranberry", "uv": [ 7.5, 4.5, 8.0, 5.0 ] },
                "up": { "texture": "#cranberry", "uv": [ 12.5, 0.5, 13.0, 1.0 ] },
                "down": { "texture": "#cranberry", "uv": [ 6.0, 1.5, 6.5, 2.0 ] }
              }
            },
            {
              "name": "berry86",
              "from": [ 2.5, 1.0, 0.5 ], 
              "to": [ 2.51, 1.5, 1.0 ], 
              "rotationOrigin": [ 2.0, 1.0, 0.5 ],
              "faces": {
                "north": { "texture": "#cranberry", "uv": [ 7.0, 3.5, 7.5, 4.0 ] },
                "east": { "texture": "#cranberry", "uv": [ 0.5, 8.0, 1.0, 8.5 ] },
                "south": { "texture": "#cranberry", "uv": [ 15.0, 8.0, 15.5, 8.5 ] },
                "west": { "texture": "#cranberry", "uv": [ 13.0, 7.0, 13.5, 7.5 ] },
                "up": { "texture": "#cranberry", "uv": [ 8.5, 3.0, 9.0, 3.5 ] },
                "down": { "texture": "#cranberry", "uv": [ 4.0, 5.0, 4.5, 5.5 ] }
              }
            },
            {
              "name": "berry87",
              "from": [ 2.0, 0.5, -0.01 ], 
              "to": [ 2.5, 1.0, 0.0 ], 
              "rotationOrigin": [ 1.5, 0.5, 0.0 ],
              "faces": {
                "north": { "texture": "#cranberry", "uv": [ 1.5, 2.0, 2.0, 2.5 ] },
                "east": { "texture": "#cranberry", "uv": [ 4.0, 6.0, 4.5, 6.5 ] },
                "south": { "texture": "#cranberry", "uv": [ 10.0, 6.5, 10.5, 7.0 ] },
                "west": { "texture": "#cranberry", "uv": [ 1.5, 7.0, 2.0, 7.5 ] },
                "up": { "texture": "#cranberry", "uv": [ 12.0, 11.5, 12.5, 12.0 ] },
                "down": { "texture": "#cranberry", "uv": [ 12.5, 4.0, 13.0, 4.5 ] }
              }
            },
            {
              "name": "berry88",
              "from": [ 0.5, 1.0, -0.01 ], 
              "to": [ 1.0, 1.5, 0.0 ], 
              "rotationOrigin": [ 0.0, 1.0, 0.0 ],
              "faces": {
                "north": { "texture": "#cranberry", "uv": [ 5.0, 14.5, 5.5, 15.0 ] },
                "east": { "texture": "#cranberry", "uv": [ 5.5, 12.0, 6.0, 12.5 ] },
                "south": { "texture": "#cranberry", "uv": [ 13.0, 3.5, 13.5, 4.0 ] },
                "west": { "texture": "#cranberry", "uv": [ 7.5, 7.0, 8.0, 7.5 ] },
                "up": { "texture": "#cranberry", "uv": [ 8.5, 15.0, 9.0, 15.5 ] },
                "down": { "texture": "#cranberry", "uv": [ 3.0, 6.5, 3.5, 7.0 ] }
              }
            },
            {
              "name": "berry89",
              "from": [ 4.5, 1.0, -0.01 ], 
              "to": [ 5.0, 1.5, 0.0 ], 
              "rotationOrigin": [ 4.0, 1.0, 0.0 ],
              "faces": {
                "north": { "texture": "#cranberry", "uv": [ 2.0, 11.5, 2.5, 12.0 ] },
                "east": { "texture": "#cranberry", "uv": [ 2.5, 7.5, 3.0, 8.0 ] },
                "south": { "texture": "#cranberry", "uv": [ 14.5, 6.0, 15.0, 6.5 ] },
                "west": { "texture": "#cranberry", "uv": [ 2.5, 9.5, 3.0, 10.0 ] },
                "up": { "texture": "#cranberry", "uv": [ 6.0, 14.5, 6.5, 15.0 ] },
                "down": { "texture": "#cranberry", "uv": [ 1.5, 15.0, 2.0, 15.5 ] }
              }
            },
            {
              "name": "berry90",
              "from": [ 6.0, 0.0, -0.01 ], 
              "to": [ 6.5, 0.5, 0.0 ], 
              "rotationOrigin": [ 5.5, 0.0, 0.0 ],
              "faces": {
                "north": { "texture": "#cranberry", "uv": [ 6.0, 8.5, 6.5, 9.0 ] },
                "east": { "texture": "#cranberry", "uv": [ 11.0, 1.5, 11.5, 2.0 ] },
                "south": { "texture": "#cranberry", "uv": [ 3.0, 5.0, 3.5, 5.5 ] },
                "west": { "texture": "#cranberry", "uv": [ 7.0, 2.0, 7.5, 2.5 ] },
                "up": { "texture": "#cranberry", "uv": [ 12.5, 9.5, 13.0, 10.0 ] },
                "down": { "texture": "#cranberry", "uv": [ 0.5, 5.5, 1.0, 6.0 ] }
              }
            },
            {
              "name": "berry91",
              "from": [ 6.0, 2.5, -0.01 ], 
              "to": [ 6.5, 3.0, 0.0 ], 
              "rotationOrigin": [ 5.5, 2.5, 0.0 ],
              "faces": {
                "north": { "texture": "#cranberry", "uv": [ 3.0, 0.5, 3.5, 1.0 ] },
                "east": { "texture": "#cranberry", "uv": [ 9.5, 4.5, 10.0, 5.0 ] },
                "south": { "texture": "#cranberry", "uv": [ 13.0, 7.5, 13.5, 8.0 ] },
                "west": { "texture": "#cranberry", "uv": [ 11.5, 5.5, 12.0, 6.0 ] },
                "up": { "texture": "#cranberry", "uv": [ 1.5, 0.0, 2.0, 0.5 ] },
                "down": { "texture": "#cranberry", "uv": [ 7.5, 5.5, 8.0, 6.0 ] }
              }
            },
            {
              "name": "berry92",
              "from": [ 1.0, 2.5, -0.01 ], 
              "to": [ 1.5, 3.0, 0.0 ], 
              "rotationOrigin": [ 0.5, 2.5, 0.0 ],
              "faces": {
                "north": { "texture": "#cranberry", "uv": [ 9.0, 13.0, 9.5, 13.5 ] },
                "east": { "texture": "#cranberry", "uv": [ 9.5, 2.0, 10.0, 2.5 ] },
                "south": { "texture": "#cranberry", "uv": [ 3.0, 8.0, 3.5, 8.5 ] },
                "west": { "texture": "#cranberry", "uv": [ 12.0, 2.5, 12.5, 3.0 ] },
                "up": { "texture": "#cranberry", "uv": [ 5.5, 12.0, 6.0, 12.5 ] },
                "down": { "texture": "#cranberry", "uv": [ 7.0, 14.5, 7.5, 15.0 ] }
              }
            },
            {
              "name": "berry93",
              "from": [ 0.0, 2.5, -0.01 ], 
              "to": [ 0.5, 3.0, 0.0 ], 
              "rotationOrigin": [ -0.5, 2.5, 0.0 ],
              "faces": {
                "north": { "texture": "#cranberry", "uv": [ 6.5, 4.5, 7.0, 5.0 ] },
                "east": { "texture": "#cranberry", "uv": [ 1.0, 5.5, 1.5, 6.0 ] },
                "south": { "texture": "#cranberry", "uv": [ 12.5, 8.5, 13.0, 9.0 ] },
                "west": { "texture": "#cranberry", "uv": [ 11.0, 0.5, 11.5, 1.0 ] },
                "up": { "texture": "#cranberry", "uv": [ 4.5, 0.0, 5.0, 0.5 ] },
                "down": { "texture": "#cranberry", "uv": [ 13.5, 7.5, 14.0, 8.0 ] }
              }
            },
            {
              "name": "berry94",
              "from": [ 1.5, 2.5, 2.5 ], 
              "to": [ 2.0, 3.0, 2.51 ], 
              "rotationOrigin": [ 1.0, 2.5, 2.5 ],
              "faces": {
                "north": { "texture": "#cranberry", "uv": [ 10.5, 6.5, 11.0, 7.0 ] },
                "east": { "texture": "#cranberry", "uv": [ 6.0, 3.5, 6.5, 4.0 ] },
                "south": { "texture": "#cranberry", "uv": [ 14.5, 1.0, 15.0, 1.5 ] },
                "west": { "texture": "#cranberry", "uv": [ 10.0, 14.0, 10.5, 14.5 ] },
                "up": { "texture": "#cranberry", "uv": [ 10.5, 9.5, 11.0, 10.0 ] },
                "down": { "texture": "#cranberry", "uv": [ 5.0, 15.0, 5.5, 15.5 ] }
              }
            },
            {
              "name": "berry95",
              "from": [ 3.99, 2.5, 2.5 ], 
              "to": [ 4.5, 3.0, 2.51 ], 
              "rotationOrigin": [ 3.5, 2.5, 2.5 ],
              "faces": {
                "north": { "texture": "#cranberry", "uv": [ 6.5, 3.5, 7.0, 4.0 ] },
                "east": { "texture": "#cranberry", "uv": [ 10.0, 1.0, 10.5, 1.5 ] },
                "south": { "texture": "#cranberry", "uv": [ 14.5, 6.5, 15.0, 7.0 ] },
                "west": { "texture": "#cranberry", "uv": [ 4.0, 8.0, 4.5, 8.5 ] },
                "up": { "texture": "#cranberry", "uv": [ 0.5, 8.5, 1.0, 9.0 ] },
                "down": { "texture": "#cranberry", "uv": [ 3.5, 8.0, 4.0, 8.5 ] }
              }
            },
            {
              "name": "berry96",
              "from": [ 2.5, 2.5, 2.0 ], 
              "to": [ 2.51, 3.0, 2.5 ], 
              "rotationOrigin": [ 2.0, 2.5, 2.0 ],
              "faces": {
                "north": { "texture": "#cranberry", "uv": [ 7.5, 3.5, 8.0, 4.0 ] },
                "east": { "texture": "#cranberry", "uv": [ 11.5, 2.0, 12.0, 2.5 ] },
                "south": { "texture": "#cranberry", "uv": [ 11.5, 14.0, 12.0, 14.5 ] },
                "west": { "texture": "#cranberry", "uv": [ 15.0, 12.5, 15.5, 13.0 ] },
                "up": { "texture": "#cranberry", "uv": [ 9.0, 9.5, 9.5, 10.0 ] },
                "down": { "texture": "#cranberry", "uv": [ 12.0, 12.5, 12.5, 13.0 ] }
              }
            },
            {
              "name": "berry97",
              "from": [ 6.5, 2.5, -0.01 ], 
              "to": [ 6.51, 3.0, 0.5 ], 
              "rotationOrigin": [ 6.0, 2.5, 0.0 ],
              "faces": {
                "north": { "texture": "#cranberry", "uv": [ 12.5, 2.0, 13.0, 2.5 ] },
                "east": { "texture": "#cranberry", "uv": [ 7.5, 11.0, 8.0, 11.5 ] },
                "south": { "texture": "#cranberry", "uv": [ 12.0, 1.0, 12.5, 1.5 ] },
                "west": { "texture": "#cranberry", "uv": [ 6.5, 4.0, 7.0, 4.5 ] },
                "up": { "texture": "#cranberry", "uv": [ 5.0, 12.0, 5.5, 12.5 ] },
                "down": { "texture": "#cranberry", "uv": [ 10.5, 8.5, 11.0, 9.0 ] }
              }
            },
            {
              "name": "berry98",
              "from": [ -0.01, 2.5, 0.0 ], 
              "to": [ 0.0, 3.0, 0.5 ], 
              "rotationOrigin": [ -0.5, 2.5, 0.0 ],
              "faces": {
                "north": { "texture": "#cranberry", "uv": [ 7.0, 4.5, 7.5, 5.0 ] },
                "east": { "texture": "#cranberry", "uv": [ 9.0, 15.0, 9.5, 15.5 ] },
                "south": { "texture": "#cranberry", "uv": [ 12.5, 10.5, 13.0, 11.0 ] },
                "west": { "texture": "#cranberry", "uv": [ 14.5, 5.5, 15.0, 6.0 ] },
                "up": { "texture": "#cranberry", "uv": [ 1.0, 7.0, 1.5, 7.5 ] },
                "down": { "texture": "#cranberry", "uv": [ 9.5, 3.0, 10.0, 3.5 ] }
              }
            },
            {
              "name": "berry99",
              "from": [ 3.99, 2.5, 2.0 ], 
              "to": [ 4.0, 3.0, 2.5 ], 
              "rotationOrigin": [ 3.5, 2.5, 2.0 ],
              "faces": {
                "north": { "texture": "#cranberry", "uv": [ 13.0, 11.5, 13.5, 12.0 ] },
                "east": { "texture": "#cranberry", "uv": [ 0.5, 5.0, 1.0, 5.5 ] },
                "south": { "texture": "#cranberry", "uv": [ 4.0, 12.0, 4.5, 12.5 ] },
                "west": { "texture": "#cranberry", "uv": [ 4.5, 1.0, 5.0, 1.5 ] },
                "up": { "texture": "#cranberry", "uv": [ 7.5, 9.5, 8.0, 10.0 ] },
                "down": { "texture": "#cranberry", "uv": [ 9.5, 13.0, 10.0, 13.5 ] }
              }
            },
            {
              "name": "berry100",
              "from": [ -0.51, 2.0, 2.0 ], 
              "to": [ -0.5, 2.5, 2.5 ], 
              "rotationOrigin": [ -1.5, 2.0, 2.0 ],
              "faces": {
                "north": { "texture": "#cranberry", "uv": [ 5.5, 11.5, 6.0, 12.0 ] },
                "east": { "texture": "#cranberry", "uv": [ 7.0, 12.0, 7.5, 12.5 ] },
                "south": { "texture": "#cranberry", "uv": [ 12.0, 13.5, 12.5, 14.0 ] },
                "west": { "texture": "#cranberry", "uv": [ 11.5, 1.0, 12.0, 1.5 ] },
                "up": { "texture": "#cranberry", "uv": [ 11.5, 12.0, 12.0, 12.5 ] },
                "down": { "texture": "#cranberry", "uv": [ 8.0, 0.5, 8.5, 1.0 ] }
              }
            },
            {
              "name": "berry101",
              "from": [ -0.51, 2.0, 0.0 ], 
              "to": [ -0.5, 2.5, 0.5 ], 
              "rotationOrigin": [ -1.5, 2.0, 0.0 ],
              "faces": {
                "north": { "texture": "#cranberry", "uv": [ 2.5, 12.5, 3.0, 13.0 ] },
                "east": { "texture": "#cranberry", "uv": [ 9.0, 7.5, 9.5, 8.0 ] },
                "south": { "texture": "#cranberry", "uv": [ 10.0, 9.5, 10.5, 10.0 ] },
                "west": { "texture": "#cranberry", "uv": [ 7.5, 3.0, 8.0, 3.5 ] },
                "up": { "texture": "#cranberry", "uv": [ 6.5, 13.5, 7.0, 14.0 ] },
                "down": { "texture": "#cranberry", "uv": [ 14.0, 1.5, 14.5, 2.0 ] }
              }
            },
            {
              "name": "berry102",
              "from": [ 3.49, 2.0, 0.0 ], 
              "to": [ 3.5, 2.5, 0.5 ], 
              "rotationOrigin": [ 2.5, 2.0, 0.0 ],
              "faces": {
                "north": { "texture": "#cranberry", "uv": [ 0.0, 2.5, 0.5, 3.0 ] },
                "east": { "texture": "#cranberry", "uv": [ 12.0, 12.0, 12.5, 12.5 ] },
                "south": { "texture": "#cranberry", "uv": [ 2.0, 11.0, 2.5, 11.5 ] },
                "west": { "texture": "#cranberry", "uv": [ 15.0, 9.0, 15.5, 9.5 ] },
                "up": { "texture": "#cranberry", "uv": [ 5.0, 1.5, 5.5, 2.0 ] },
                "down": { "texture": "#cranberry", "uv": [ 14.0, 9.0, 14.5, 9.5 ] }
              }
            },
            {
              "name": "berry103",
              "from": [ 3.49, 1.5, 2.0 ], 
              "to": [ 3.5, 2.0, 2.5 ], 
              "rotationOrigin": [ 2.5, 1.5, 2.0 ],
              "faces": {
                "north": { "texture": "#cranberry", "uv": [ 12.5, 10.0, 13.0, 10.5 ] },
                "east": { "texture": "#cranberry", "uv": [ 13.0, 6.0, 13.5, 6.5 ] },
                "south": { "texture": "#cranberry", "uv": [ 10.5, 9.0, 11.0, 9.5 ] },
                "west": { "texture": "#cranberry", "uv": [ 4.5, 11.5, 5.0, 12.0 ] },
                "up": { "texture": "#cranberry", "uv": [ 12.0, 7.5, 12.5, 8.0 ] },
                "down": { "texture": "#cranberry", "uv": [ 14.0, 5.5, 14.5, 6.0 ] }
              }
            },
            {
              "name": "berry104",
              "from": [ 4.5, 1.5, -0.51 ], 
              "to": [ 5.0, 2.0, -0.5 ], 
              "rotationOrigin": [ 4.0, 1.5, -0.5 ],
              "faces": {
                "north": { "texture": "#cranberry", "uv": [ 2.5, 1.0, 3.0, 1.5 ] },
                "east": { "texture": "#cranberry", "uv": [ 5.5, 0.5, 6.0, 1.0 ] },
                "south": { "texture": "#cranberry", "uv": [ 10.0, 11.5, 10.5, 12.0 ] },
                "west": { "texture": "#cranberry", "uv": [ 0.5, 0.5, 1.0, 1.0 ] },
                "up": { "texture": "#cranberry", "uv": [ 5.0, 9.0, 5.5, 9.5 ] },
                "down": { "texture": "#cranberry", "uv": [ 11.0, 8.5, 11.5, 9.0 ] }
              }
            },
            {
              "name": "berry105",
              "from": [ 6.5, 2.0, -0.51 ], 
              "to": [ 7.0, 2.5, -0.5 ], 
              "rotationOrigin": [ 6.0, 2.0, -0.5 ],
              "faces": {
                "north": { "texture": "#cranberry", "uv": [ 4.5, 5.5, 5.0, 6.0 ] },
                "east": { "texture": "#cranberry", "uv": [ 0.0, 9.5, 0.5, 10.0 ] },
                "south": { "texture": "#cranberry", "uv": [ 5.5, 13.5, 6.0, 14.0 ] },
                "west": { "texture": "#cranberry", "uv": [ 12.5, 13.5, 13.0, 14.0 ] },
                "up": { "texture": "#cranberry", "uv": [ 12.5, 6.5, 13.0, 7.0 ] },
                "down": { "texture": "#cranberry", "uv": [ 1.0, 5.0, 1.5, 5.5 ] }
              }
            },
            {
              "name": "berry106",
              "from": [ 2.5, 1.5, -0.51 ], 
              "to": [ 3.0, 2.0, -0.5 ], 
              "rotationOrigin": [ 2.0, 1.5, -0.5 ],
              "faces": {
                "north": { "texture": "#cranberry", "uv": [ 12.0, 11.5, 12.5, 12.0 ] },
                "east": { "texture": "#cranberry", "uv": [ 3.5, 12.5, 4.0, 13.0 ] },
                "south": { "texture": "#cranberry", "uv": [ 2.5, 14.5, 3.0, 15.0 ] },
                "west": { "texture": "#cranberry", "uv": [ 12.0, 13.0, 12.5, 13.5 ] },
                "up": { "texture": "#cranberry", "uv": [ 8.0, 9.5, 8.5, 10.0 ] },
                "down": { "texture": "#cranberry", "uv": [ 11.0, 7.0, 11.5, 7.5 ] }
              }
            },
            {
              "name": "berry107",
              "from": [ 0.5, 2.0, -0.51 ], 
              "to": [ 1.0, 2.5, -0.5 ], 
              "rotationOrigin": [ 0.0, 2.0, -0.5 ],
              "faces": {
                "north": { "texture": "#cranberry", "uv": [ 5.0, 13.0, 5.5, 13.5 ] },
                "east": { "texture": "#cranberry", "uv": [ 1.0, 10.0, 1.5, 10.5 ] },
                "south": { "texture": "#cranberry", "uv": [ 12.0, 9.0, 12.5, 9.5 ] },
                "west": { "texture": "#cranberry", "uv": [ 2.0, 7.0, 2.5, 7.5 ] },
                "up": { "texture": "#cranberry", "uv": [ 9.0, 7.5, 9.5, 8.0 ] },
                "down": { "texture": "#cranberry", "uv": [ 8.0, 6.5, 8.5, 7.0 ] }
              }
            },
            {
              "name": "berry108",
              "from": [ 7.0, 2.0, 2.0 ], 
              "to": [ 7.01, 2.5, 2.5 ], 
              "rotationOrigin": [ 6.5, 2.0, 2.0 ],
              "faces": {
                "north": { "texture": "#cranberry", "uv": [ 15.0, 5.0, 15.5, 5.5 ] },
                "east": { "texture": "#cranberry", "uv": [ 10.5, 12.5, 11.0, 13.0 ] },
                "south": { "texture": "#cranberry", "uv": [ 1.5, 2.5, 2.0, 3.0 ] },
                "west": { "texture": "#cranberry", "uv": [ 9.5, 4.5, 10.0, 5.0 ] },
                "up": { "texture": "#cranberry", "uv": [ 10.5, 6.5, 11.0, 7.0 ] },
                "down": { "texture": "#cranberry", "uv": [ 14.0, 9.0, 14.5, 9.5 ] }
              }
            },
            {
              "name": "berry109",
              "from": [ 7.0, 2.0, -0.51 ], 
              "to": [ 7.01, 2.5, 0.0 ], 
              "rotationOrigin": [ 6.5, 2.0, -0.5 ],
              "faces": {
                "north": { "texture": "#cranberry", "uv": [ 3.0, 9.5, 3.5, 10.0 ] },
                "east": { "texture": "#cranberry", "uv": [ 1.5, 6.5, 2.0, 7.0 ] },
                "south": { "texture": "#cranberry", "uv": [ 9.5, 13.0, 10.0, 13.5 ] },
                "west": { "texture": "#cranberry", "uv": [ 7.5, 4.0, 8.0, 4.5 ] },
                "up": { "texture": "#cranberry", "uv": [ 0.0, 3.5, 0.5, 4.0 ] },
                "down": { "texture": "#cranberry", "uv": [ 14.0, 2.5, 14.5, 3.0 ] }
              }
            },
            {
              "name": "berry110",
              "from": [ 3.0, 1.5, -0.51 ], 
              "to": [ 3.01, 2.0, 0.0 ], 
              "rotationOrigin": [ 2.5, 1.5, -0.5 ],
              "faces": {
                "north": { "texture": "#cranberry", "uv": [ 2.5, 9.5, 3.0, 10.0 ] },
                "east": { "texture": "#cranberry", "uv": [ 3.0, 14.5, 3.5, 15.0 ] },
                "south": { "texture": "#cranberry", "uv": [ 5.0, 2.0, 5.5, 2.5 ] },
                "west": { "texture": "#cranberry", "uv": [ 7.5, 14.5, 8.0, 15.0 ] },
                "up": { "texture": "#cranberry", "uv": [ 12.5, 6.5, 13.0, 7.0 ] },
                "down": { "texture": "#cranberry", "uv": [ 13.0, 8.0, 13.5, 8.5 ] }
              }
            },
            {
              "name": "berry111",
              "from": [ 3.0, 2.0, 1.5 ], 
              "to": [ 3.01, 2.5, 2.0 ], 
              "rotationOrigin": [ 2.5, 2.0, 1.5 ],
              "faces": {
                "north": { "texture": "#cranberry", "uv": [ 10.5, 11.5, 11.0, 12.0 ] },
                "east": { "texture": "#cranberry", "uv": [ 3.5, 8.5, 4.0, 9.0 ] },
                "south": { "texture": "#cranberry", "uv": [ 12.0, 6.0, 12.5, 6.5 ] },
                "west": { "texture": "#cranberry", "uv": [ 15.0, 0.5, 15.5, 1.0 ] },
                "up": { "texture": "#cranberry", "uv": [ 2.0, 13.5, 2.5, 14.0 ] },
                "down": { "texture": "#cranberry", "uv": [ 11.0, 9.5, 11.5, 10.0 ] }
              }
            },
            {
              "name": "berry112",
              "from": [ 2.5, 2.0, 3.0 ], 
              "to": [ 3.0, 2.5, 3.01 ], 
              "rotationOrigin": [ 2.0, 2.0, 3.0 ],
              "faces": {
                "north": { "texture": "#cranberry", "uv": [ 14.0, 12.5, 14.5, 13.0 ] },
                "east": { "texture": "#cranberry", "uv": [ 2.0, 14.0, 2.5, 14.5 ] },
                "south": { "texture": "#cranberry", "uv": [ 10.0, 14.5, 10.5, 15.0 ] },
                "west": { "texture": "#cranberry", "uv": [ 6.5, 11.5, 7.0, 12.0 ] },
                "up": { "texture": "#cranberry", "uv": [ 13.5, 9.5, 14.0, 10.0 ] },
                "down": { "texture": "#cranberry", "uv": [ 6.5, 5.5, 7.0, 6.0 ] }
              }
            },
            {
              "name": "berry113",
              "from": [ 0.5, 1.5, 3.0 ], 
              "to": [ 1.0, 2.0, 3.01 ], 
              "rotationOrigin": [ 0.0, 1.5, 3.0 ],
              "faces": {
                "north": { "texture": "#cranberry", "uv": [ 8.5, 10.5, 9.0, 11.0 ] },
                "east": { "texture": "#cranberry", "uv": [ 3.5, 8.5, 4.0, 9.0 ] },
                "south": { "texture": "#cranberry", "uv": [ 7.0, 6.5, 7.5, 7.0 ] },
                "west": { "texture": "#cranberry", "uv": [ 13.5, 15.0, 14.0, 15.5 ] },
                "up": { "texture": "#cranberry", "uv": [ 0.0, 8.5, 0.5, 9.0 ] },
                "down": { "texture": "#cranberry", "uv": [ 3.0, 14.0, 3.5, 14.5 ] }
              }
            },
            {
              "name": "berry114",
              "from": [ 4.5, 1.5, 3.0 ], 
              "to": [ 5.0, 2.0, 3.01 ], 
              "rotationOrigin": [ 4.0, 1.5, 3.0 ],
              "faces": {
                "north": { "texture": "#cranberry", "uv": [ 12.5, 0.0, 13.0, 0.5 ] },
                "east": { "texture": "#cranberry", "uv": [ 2.5, 2.5, 3.0, 3.0 ] },
                "south": { "texture": "#cranberry", "uv": [ 1.0, 13.5, 1.5, 14.0 ] },
                "west": { "texture": "#cranberry", "uv": [ 0.5, 5.5, 1.0, 6.0 ] },
                "up": { "texture": "#cranberry", "uv": [ 11.5, 6.5, 12.0, 7.0 ] },
                "down": { "texture": "#cranberry", "uv": [ 8.0, 4.5, 8.5, 5.0 ] }
              }
            },
            {
              "name": "berry115",
              "from": [ 6.0, 2.0, 3.0 ], 
              "to": [ 6.5, 2.5, 3.01 ], 
              "rotationOrigin": [ 5.5, 2.0, 3.0 ],
              "faces": {
                "north": { "texture": "#cranberry", "uv": [ 5.0, 6.5, 5.5, 7.0 ] },
                "east": { "texture": "#cranberry", "uv": [ 11.5, 13.0, 12.0, 13.5 ] },
                "south": { "texture": "#cranberry", "uv": [ 7.5, 11.5, 8.0, 12.0 ] },
                "west": { "texture": "#cranberry", "uv": [ 9.5, 14.0, 10.0, 14.5 ] },
                "up": { "texture": "#cranberry", "uv": [ 7.5, 13.0, 8.0, 13.5 ] },
                "down": { "texture": "#cranberry", "uv": [ 11.5, 4.5, 12.0, 5.0 ] }
              }
            },
            {
              "name": "berry116",
              "from": [ 6.5, 2.5, -0.51 ], 
              "to": [ 7.01, 2.51, 0.0 ], 
              "rotationOrigin": [ 6.5, 2.5, -0.5 ],
              "faces": {
                "north": { "texture": "#cranberry", "uv": [ 4.5, 14.0, 5.0, 14.5 ] },
                "east": { "texture": "#cranberry", "uv": [ 8.5, 5.0, 9.0, 5.5 ] },
                "south": { "texture": "#cranberry", "uv": [ 7.0, 12.5, 7.5, 13.0 ] },
                "west": { "texture": "#cranberry", "uv": [ 5.0, 8.0, 5.5, 8.5 ] },
                "up": { "texture": "#cranberry", "uv": [ 6.5, 7.0, 7.0, 7.5 ] },
                "down": { "texture": "#cranberry", "uv": [ 0.0, 2.5, 0.5, 3.0 ] }
              }
            },
            {
              "name": "berry117",
              "from": [ 6.5, 2.5, 2.0 ], 
              "to": [ 7.01, 2.51, 2.5 ], 
              "rotationOrigin": [ 6.5, 2.5, 2.0 ],
              "faces": {
                "north": { "texture": "#cranberry", "uv": [ 1.0, 13.5, 1.5, 14.0 ] },
                "east": { "texture": "#cranberry", "uv": [ 0.0, 7.0, 0.5, 7.5 ] },
                "south": { "texture": "#cranberry", "uv": [ 0.0, 3.0, 0.5, 3.5 ] },
                "west": { "texture": "#cranberry", "uv": [ 14.0, 0.5, 14.5, 1.0 ] },
                "up": { "texture": "#cranberry", "uv": [ 0.5, 11.5, 1.0, 12.0 ] },
                "down": { "texture": "#cranberry", "uv": [ 4.0, 11.0, 4.5, 11.5 ] }
              }
            },
            {
              "name": "berry118",
              "from": [ 6.0, 2.5, 2.5 ], 
              "to": [ 6.51, 2.51, 3.0 ], 
              "rotationOrigin": [ 6.0, 2.5, 2.5 ],
              "faces": {
                "north": { "texture": "#cranberry", "uv": [ 12.0, 14.5, 12.5, 15.0 ] },
                "east": { "texture": "#cranberry", "uv": [ 5.5, 12.0, 6.0, 12.5 ] },
                "south": { "texture": "#cranberry", "uv": [ 5.0, 0.5, 5.5, 1.0 ] },
                "west": { "texture": "#cranberry", "uv": [ 4.5, 3.0, 5.0, 3.5 ] },
                "up": { "texture": "#cranberry", "uv": [ 4.5, 13.0, 5.0, 13.5 ] },
                "down": { "texture": "#cranberry", "uv": [ 12.0, 13.5, 12.5, 14.0 ] }
              }
            },
            {
              "name": "berry119",
              "from": [ 3.5, 2.5, 2.5 ], 
              "to": [ 4.01, 2.51, 3.0 ], 
              "rotationOrigin": [ 3.5, 2.5, 2.5 ],
              "faces": {
                "north": { "texture": "#cranberry", "uv": [ 0.0, 10.0, 0.5, 10.5 ] },
                "east": { "texture": "#cranberry", "uv": [ 9.5, 6.5, 10.0, 7.0 ] },
                "south": { "texture": "#cranberry", "uv": [ 10.0, 6.0, 10.5, 6.5 ] },
                "west": { "texture": "#cranberry", "uv": [ 9.0, 5.5, 9.5, 6.0 ] },
                "up": { "texture": "#cranberry", "uv": [ 14.0, 9.5, 14.5, 10.0 ] },
                "down": { "texture": "#cranberry", "uv": [ 10.5, 14.0, 11.0, 14.5 ] }
              }
            },
            {
              "name": "berry120",
              "from": [ 3.5, 2.5, 0.0 ], 
              "to": [ 4.01, 2.51, 0.5 ], 
              "rotationOrigin": [ 3.5, 2.5, 0.0 ],
              "faces": {
                "north": { "texture": "#cranberry", "uv": [ 11.0, 13.0, 11.5, 13.5 ] },
                "east": { "texture": "#cranberry", "uv": [ 1.5, 15.0, 2.0, 15.5 ] },
                "south": { "texture": "#cranberry", "uv": [ 12.5, 9.5, 13.0, 10.0 ] },
                "west": { "texture": "#cranberry", "uv": [ 1.0, 15.0, 1.5, 15.5 ] },
                "up": { "texture": "#cranberry", "uv": [ 11.0, 5.0, 11.5, 5.5 ] },
                "down": { "texture": "#cranberry", "uv": [ 2.5, 6.0, 3.0, 6.5 ] }
              }
            },
            {
              "name": "berry121",
              "from": [ 0.5, 2.5, -0.51 ], 
              "to": [ 1.0, 2.51, 0.0 ], 
              "rotationOrigin": [ 0.5, 2.5, -0.5 ],
              "faces": {
                "north": { "texture": "#cranberry", "uv": [ 0.0, 1.5, 0.5, 2.0 ] },
                "east": { "texture": "#cranberry", "uv": [ 3.0, 4.0, 3.5, 4.5 ] },
                "south": { "texture": "#cranberry", "uv": [ 8.5, 3.0, 9.0, 3.5 ] },
                "west": { "texture": "#cranberry", "uv": [ 3.5, 7.0, 4.0, 7.5 ] },
                "up": { "texture": "#cranberry", "uv": [ 10.5, 8.0, 11.0, 8.5 ] },
                "down": { "texture": "#cranberry", "uv": [ 0.0, 3.5, 0.5, 4.0 ] }
              }
            },
            {
              "name": "berry122",
              "from": [ -0.51, 2.5, 0.0 ], 
              "to": [ 0.0, 2.51, 0.5 ], 
              "rotationOrigin": [ -0.5, 2.5, 0.0 ],
              "faces": {
                "north": { "texture": "#cranberry", "uv": [ 10.5, 5.0, 11.0, 5.5 ] },
                "east": { "texture": "#cranberry", "uv": [ 0.5, 14.5, 1.0, 15.0 ] },
                "south": { "texture": "#cranberry", "uv": [ 3.0, 15.0, 3.5, 15.5 ] },
                "west": { "texture": "#cranberry", "uv": [ 1.5, 8.0, 2.0, 8.5 ] },
                "up": { "texture": "#cranberry", "uv": [ 2.0, 1.0, 2.5, 1.5 ] },
                "down": { "texture": "#cranberry", "uv": [ 8.5, 1.0, 9.0, 1.5 ] }
              }
            },
            {
              "name": "berry123",
              "from": [ -0.51, 2.5, 2.0 ], 
              "to": [ 0.0, 2.51, 2.5 ], 
              "rotationOrigin": [ -0.5, 2.5, 2.0 ],
              "faces": {
                "north": { "texture": "#cranberry", "uv": [ 1.5, 5.0, 2.0, 5.5 ] },
                "east": { "texture": "#cranberry", "uv": [ 14.5, 6.5, 15.0, 7.0 ] },
                "south": { "texture": "#cranberry", "uv": [ 0.0, 15.0, 0.5, 15.5 ] },
                "west": { "texture": "#cranberry", "uv": [ 8.0, 4.5, 8.5, 5.0 ] },
                "up": { "texture": "#cranberry", "uv": [ 13.0, 14.5, 13.5, 15.0 ] },
                "down": { "texture": "#cranberry", "uv": [ 13.5, 5.0, 14.0, 5.5 ] }
              }
            },
            {
              "name": "berry124",
              "from": [ 2.5, 2.5, 2.5 ], 
              "to": [ 3.01, 2.51, 3.01 ], 
              "rotationOrigin": [ 2.5, 2.5, 2.5 ],
              "faces": {
                "north": { "texture": "#cranberry", "uv": [ 11.0, 10.5, 11.5, 11.0 ] },
                "east": { "texture": "#cranberry", "uv": [ 10.5, 11.5, 11.0, 12.0 ] },
                "south": { "texture": "#cranberry", "uv": [ 14.5, 7.5, 15.0, 8.0 ] },
                "west": { "texture": "#cranberry", "uv": [ 10.0, 4.0, 10.5, 4.5 ] },
                "up": { "texture": "#cranberry", "uv": [ 5.0, 0.0, 5.5, 0.5 ] },
                "down": { "texture": "#cranberry", "uv": [ 2.0, 1.5, 2.5, 2.0 ] }
              }
            },
            {
              "name": "berry125",
              "from": [ 3.0, 2.0, 2.5 ], 
              "to": [ 3.01, 2.5, 3.0 ], 
              "rotationOrigin": [ 2.5, 2.0, 2.5 ],
              "faces": {
                "north": { "texture": "#cranberry", "uv": [ 6.0, 13.0, 6.5, 13.5 ] },
                "east": { "texture": "#cranberry", "uv": [ 13.0, 2.0, 13.5, 2.5 ] },
                "south": { "texture": "#cranberry", "uv": [ 6.5, 3.0, 7.0, 3.5 ] },
                "west": { "texture": "#cranberry", "uv": [ 6.0, 9.5, 6.5, 10.0 ] },
                "up": { "texture": "#cranberry", "uv": [ 1.5, 8.5, 2.0, 9.0 ] },
                "down": { "texture": "#cranberry", "uv": [ 5.5, 14.5, 6.0, 15.0 ] }
              }
            },
            {
              "name": "berry126",
              "from": [ 2.5, 2.5, 1.5 ], 
              "to": [ 3.01, 2.51, 2.0 ], 
              "rotationOrigin": [ 2.5, 2.5, 1.5 ],
              "faces": {
                "north": { "texture": "#cranberry", "uv": [ 9.0, 9.0, 9.5, 9.5 ] },
                "east": { "texture": "#cranberry", "uv": [ 4.5, 1.0, 5.0, 1.5 ] },
                "south": { "texture": "#cranberry", "uv": [ 0.5, 15.0, 1.0, 15.5 ] },
                "west": { "texture": "#cranberry", "uv": [ 14.5, 5.0, 15.0, 5.5 ] },
                "up": { "texture": "#cranberry", "uv": [ 9.0, 12.5, 9.5, 13.0 ] },
                "down": { "texture": "#cranberry", "uv": [ 5.0, 12.5, 5.5, 13.0 ] }
              }
            },
            {
              "name": "berry127",
              "from": [ 1.5, 3.0, 2.0 ], 
              "to": [ 2.0, 3.01, 2.51 ], 
              "rotationOrigin": [ 1.5, 3.0, 2.0 ],
              "faces": {
                "north": { "texture": "#cranberry", "uv": [ 2.5, 0.0, 3.0, 0.5 ] },
                "east": { "texture": "#cranberry", "uv": [ 7.5, 3.5, 8.0, 4.0 ] },
                "south": { "texture": "#cranberry", "uv": [ 9.5, 8.0, 10.0, 8.5 ] },
                "west": { "texture": "#cranberry", "uv": [ 10.5, 3.0, 11.0, 3.5 ] },
                "up": { "texture": "#cranberry", "uv": [ 14.5, 6.5, 15.0, 7.0 ] },
                "down": { "texture": "#cranberry", "uv": [ 11.5, 5.5, 12.0, 6.0 ] }
              }
            },
            {
              "name": "berry128",
              "from": [ -0.01, 3.0, -0.01 ], 
              "to": [ 0.5, 3.01, 0.5 ], 
              "rotationOrigin": [ 0.0, 3.0, 0.0 ],
              "faces": {
                "north": { "texture": "#cranberry", "uv": [ 1.0, 3.0, 1.5, 3.5 ] },
                "east": { "texture": "#cranberry", "uv": [ 10.0, 12.5, 10.5, 13.0 ] },
                "south": { "texture": "#cranberry", "uv": [ 7.0, 1.0, 7.5, 1.5 ] },
                "west": { "texture": "#cranberry", "uv": [ 6.5, 10.0, 7.0, 10.5 ] },
                "up": { "texture": "#cranberry", "uv": [ 10.5, 13.5, 11.0, 14.0 ] },
                "down": { "texture": "#cranberry", "uv": [ 14.0, 9.5, 14.5, 10.0 ] }
              }
            },
            {
              "name": "berry129",
              "from": [ 1.0, 3.0, -0.01 ], 
              "to": [ 1.5, 3.01, 0.5 ], 
              "rotationOrigin": [ 1.0, 3.0, 0.0 ],
              "faces": {
                "north": { "texture": "#cranberry", "uv": [ 10.0, 13.5, 10.5, 14.0 ] },
                "east": { "texture": "#cranberry", "uv": [ 14.0, 0.0, 14.5, 0.5 ] },
                "south": { "texture": "#cranberry", "uv": [ 0.0, 8.5, 0.5, 9.0 ] },
                "west": { "texture": "#cranberry", "uv": [ 11.0, 6.5, 11.5, 7.0 ] },
                "up": { "texture": "#cranberry", "uv": [ 13.0, 2.5, 13.5, 3.0 ] },
                "down": { "texture": "#cranberry", "uv": [ 2.5, 1.0, 3.0, 1.5 ] }
              }
            },
            {
              "name": "berry130",
              "from": [ 6.0, 3.0, -0.01 ], 
              "to": [ 6.51, 3.01, 0.5 ], 
              "rotationOrigin": [ 6.0, 3.0, 0.0 ],
              "faces": {
                "north": { "texture": "#cranberry", "uv": [ 7.0, 10.5, 7.5, 11.0 ] },
                "east": { "texture": "#cranberry", "uv": [ 14.0, 6.5, 14.5, 7.0 ] },
                "south": { "texture": "#cranberry", "uv": [ 6.5, 5.5, 7.0, 6.0 ] },
                "west": { "texture": "#cranberry", "uv": [ 9.5, 14.5, 10.0, 15.0 ] },
                "up": { "texture": "#cranberry", "uv": [ 13.5, 5.5, 14.0, 6.0 ] },
                "down": { "texture": "#cranberry", "uv": [ 8.0, 7.5, 8.5, 8.0 ] }
              }
            },
            {
              "name": "berry131",
              "from": [ 5.5, 3.0, 1.5 ], 
              "to": [ 6.0, 3.01, 2.0 ], 
              "rotationOrigin": [ 5.5, 3.0, 1.5 ],
              "faces": {
                "north": { "texture": "#cranberry", "uv": [ 1.5, 1.5, 2.0, 2.0 ] },
                "east": { "texture": "#cranberry", "uv": [ 1.0, 0.5, 1.5, 1.0 ] },
                "south": { "texture": "#cranberry", "uv": [ 14.0, 5.0, 14.5, 5.5 ] },
                "west": { "texture": "#cranberry", "uv": [ 3.5, 9.0, 4.0, 9.5 ] },
                "up": { "texture": "#cranberry", "uv": [ 13.5, 0.5, 14.0, 1.0 ] },
                "down": { "texture": "#cranberry", "uv": [ 11.0, 9.5, 11.5, 10.0 ] }
              }
            },
            {
              "name": "berry132",
              "from": [ 3.99, 3.0, 2.0 ], 
              "to": [ 4.5, 3.01, 2.51 ], 
              "rotationOrigin": [ 4.0, 3.0, 2.0 ],
              "faces": {
                "north": { "texture": "#cranberry", "uv": [ 4.0, 9.5, 4.5, 10.0 ] },
                "east": { "texture": "#cranberry", "uv": [ 9.0, 13.5, 9.5, 14.0 ] },
                "south": { "texture": "#cranberry", "uv": [ 15.0, 0.0, 15.5, 0.5 ] },
                "west": { "texture": "#cranberry", "uv": [ 2.5, 4.5, 3.0, 5.0 ] },
                "up": { "texture": "#cranberry", "uv": [ 2.5, 0.0, 3.0, 0.5 ] },
                "down": { "texture": "#cranberry", "uv": [ 9.0, 6.0, 9.5, 6.5 ] }
              }
            },
            {
              "name": "berry133",
              "from": [ 4.0, 3.0, 0.5 ], 
              "to": [ 4.5, 3.01, 1.0 ], 
              "rotationOrigin": [ 4.0, 3.0, 0.5 ],
              "faces": {
                "north": { "texture": "#cranberry", "uv": [ 13.5, 9.5, 14.0, 10.0 ] },
                "east": { "texture": "#cranberry", "uv": [ 11.0, 4.0, 11.5, 4.5 ] },
                "south": { "texture": "#cranberry", "uv": [ 7.0, 6.0, 7.5, 6.5 ] },
                "west": { "texture": "#cranberry", "uv": [ 7.5, 8.0, 8.0, 8.5 ] },
                "up": { "texture": "#cranberry", "uv": [ 6.5, 0.0, 7.0, 0.5 ] },
                "down": { "texture": "#cranberry", "uv": [ 5.0, 5.0, 5.5, 5.5 ] }
              }
            },
            {
              "name": "berry134",
              "from": [ 0.5, 3.0, 1.0 ], 
              "to": [ 1.0, 3.01, 1.5 ], 
              "rotationOrigin": [ 0.5, 3.0, 1.0 ],
              "faces": {
                "north": { "texture": "#cranberry", "uv": [ 11.0, 1.5, 11.5, 2.0 ] },
                "east": { "texture": "#cranberry", "uv": [ 2.5, 12.0, 3.0, 12.5 ] },
                "south": { "texture": "#cranberry", "uv": [ 11.5, 1.5, 12.0, 2.0 ] },
                "west": { "texture": "#cranberry", "uv": [ 9.5, 1.0, 10.0, 1.5 ] },
                "up": { "texture": "#cranberry", "uv": [ 13.0, 14.0, 13.5, 14.5 ] },
                "down": { "texture": "#cranberry", "uv": [ 5.5, 7.5, 6.0, 8.0 ] }
              }
            },
            {
              "name": "berry295",
              "from": [ 4.5, 1.49, -0.5 ], 
              "to": [ 5.0, 1.5, 0.0 ], 
              "rotationOrigin": [ 4.5, 1.5, -0.5 ],
              "faces": {
                "north": { "texture": "#cranberry", "uv": [ 3.0, 11.5, 3.5, 12.0 ] },
                "east": { "texture": "#cranberry", "uv": [ 15.0, 0.5, 15.5, 1.0 ] },
                "south": { "texture": "#cranberry", "uv": [ 5.5, 1.5, 6.0, 2.0 ] },
                "west": { "texture": "#cranberry", "uv": [ 2.5, 7.0, 3.0, 7.5 ] },
                "up": { "texture": "#cranberry", "uv": [ 2.0, 4.0, 2.5, 4.5 ] },
                "down": { "texture": "#cranberry", "uv": [ 15.0, 7.0, 15.5, 7.5 ] }
              }
            },
            {
              "name": "berry296",
              "from": [ 2.5, 1.49, -0.5 ], 
              "to": [ 3.0, 1.5, 0.0 ], 
              "rotationOrigin": [ 2.5, 1.5, -0.5 ],
              "faces": {
                "north": { "texture": "#cranberry", "uv": [ 3.0, 11.5, 3.5, 12.0 ] },
                "east": { "texture": "#cranberry", "uv": [ 15.0, 0.5, 15.5, 1.0 ] },
                "south": { "texture": "#cranberry", "uv": [ 5.5, 1.5, 6.0, 2.0 ] },
                "west": { "texture": "#cranberry", "uv": [ 2.5, 7.0, 3.0, 7.5 ] },
                "up": { "texture": "#cranberry", "uv": [ 2.0, 4.0, 2.5, 4.5 ] },
                "down": { "texture": "#cranberry", "uv": [ 15.0, 7.0, 15.5, 7.5 ] }
              }
            },
            {
              "name": "berry297",
              "from": [ 4.5, 1.49, 2.5 ], 
              "to": [ 5.0, 1.5, 3.0 ], 
              "rotationOrigin": [ 4.5, 1.5, 2.5 ],
              "faces": {
                "north": { "texture": "#cranberry", "uv": [ 3.0, 11.5, 3.5, 12.0 ] },
                "east": { "texture": "#cranberry", "uv": [ 15.0, 0.5, 15.5, 1.0 ] },
                "south": { "texture": "#cranberry", "uv": [ 5.5, 1.5, 6.0, 2.0 ] },
                "west": { "texture": "#cranberry", "uv": [ 2.5, 7.0, 3.0, 7.5 ] },
                "up": { "texture": "#cranberry", "uv": [ 2.0, 4.0, 2.5, 4.5 ] },
                "down": { "texture": "#cranberry", "uv": [ 15.0, 7.0, 15.5, 7.5 ] }
              }
            },
            {
              "name": "berry298",
              "from": [ 0.5, 1.49, 2.5 ], 
              "to": [ 1.0, 1.5, 3.0 ], 
              "rotationOrigin": [ 0.5, 1.5, 2.5 ],
              "faces": {
                "north": { "texture": "#cranberry", "uv": [ 3.0, 11.5, 3.5, 12.0 ] },
                "east": { "texture": "#cranberry", "uv": [ 15.0, 0.5, 15.5, 1.0 ] },
                "south": { "texture": "#cranberry", "uv": [ 5.5, 1.5, 6.0, 2.0 ] },
                "west": { "texture": "#cranberry", "uv": [ 2.5, 7.0, 3.0, 7.5 ] },
                "up": { "texture": "#cranberry", "uv": [ 2.0, 4.0, 2.5, 4.5 ] },
                "down": { "texture": "#cranberry", "uv": [ 15.0, 7.0, 15.5, 7.5 ] }
              }
            },
            {
              "name": "berry334",
              "from": [ 6.0, -0.01, 0.5 ], 
              "to": [ 6.5, 0.0, 1.0 ], 
              "rotationOrigin": [ 6.0, 0.0, 0.5 ],
              "faces": {
                "north": { "texture": "#cranberry", "uv": [ 3.0, 11.5, 3.5, 12.0 ] },
                "east": { "texture": "#cranberry", "uv": [ 15.0, 0.5, 15.5, 1.0 ] },
                "south": { "texture": "#cranberry", "uv": [ 5.5, 1.5, 6.0, 2.0 ] },
                "west": { "texture": "#cranberry", "uv": [ 2.5, 7.0, 3.0, 7.5 ] },
                "up": { "texture": "#cranberry", "uv": [ 2.0, 4.0, 2.5, 4.5 ] },
                "down": { "texture": "#cranberry", "uv": [ 15.0, 7.0, 15.5, 7.5 ] }
              }
            },
            {
              "name": "berry335",
              "from": [ 6.0, -0.01, 0.0 ], 
              "to": [ 6.5, 0.0, 0.5 ], 
              "rotationOrigin": [ 6.0, 0.0, 0.0 ],
              "faces": {
                "north": { "texture": "#cranberry", "uv": [ 3.0, 11.5, 3.5, 12.0 ] },
                "east": { "texture": "#cranberry", "uv": [ 15.0, 0.5, 15.5, 1.0 ] },
                "south": { "texture": "#cranberry", "uv": [ 5.5, 1.5, 6.0, 2.0 ] },
                "west": { "texture": "#cranberry", "uv": [ 2.5, 7.0, 3.0, 7.5 ] },
                "up": { "texture": "#cranberry", "uv": [ 2.0, 4.0, 2.5, 4.5 ] },
                "down": { "texture": "#cranberry", "uv": [ 15.0, 7.0, 15.5, 7.5 ] }
              }
            },
            {
              "name": "berry336",
              "from": [ 4.0, -0.01, 0.5 ], 
              "to": [ 4.5, 0.0, 1.0 ], 
              "rotationOrigin": [ 4.0, 0.0, 0.5 ],
              "faces": {
                "north": { "texture": "#cranberry", "uv": [ 3.0, 11.5, 3.5, 12.0 ] },
                "east": { "texture": "#cranberry", "uv": [ 15.0, 0.5, 15.5, 1.0 ] },
                "south": { "texture": "#cranberry", "uv": [ 5.5, 1.5, 6.0, 2.0 ] },
                "west": { "texture": "#cranberry", "uv": [ 2.5, 7.0, 3.0, 7.5 ] },
                "up": { "texture": "#cranberry", "uv": [ 2.0, 4.0, 2.5, 4.5 ] },
                "down": { "texture": "#cranberry", "uv": [ 15.0, 7.0, 15.5, 7.5 ] }
              }
            },
            {
              "name": "berry337",
              "from": [ 4.5, -0.01, 1.5 ], 
              "to": [ 5.0, 0.0, 2.0 ], 
              "rotationOrigin": [ 4.5, 0.0, 1.5 ],
              "faces": {
                "north": { "texture": "#cranberry", "uv": [ 3.0, 11.5, 3.5, 12.0 ] },
                "east": { "texture": "#cranberry", "uv": [ 15.0, 0.5, 15.5, 1.0 ] },
                "south": { "texture": "#cranberry", "uv": [ 5.5, 1.5, 6.0, 2.0 ] },
                "west": { "texture": "#cranberry", "uv": [ 2.5, 7.0, 3.0, 7.5 ] },
                "up": { "texture": "#cranberry", "uv": [ 2.0, 4.0, 2.5, 4.5 ] },
                "down": { "texture": "#cranberry", "uv": [ 15.0, 7.0, 15.5, 7.5 ] }
              }
            },
            {
              "name": "berry338",
              "from": [ 2.0, -0.01, 1.5 ], 
              "to": [ 2.5, 0.0, 2.0 ], 
              "rotationOrigin": [ 2.0, 0.0, 1.5 ],
              "faces": {
                "north": { "texture": "#cranberry", "uv": [ 3.0, 11.5, 3.5, 12.0 ] },
                "east": { "texture": "#cranberry", "uv": [ 15.0, 0.5, 15.5, 1.0 ] },
                "south": { "texture": "#cranberry", "uv": [ 5.5, 1.5, 6.0, 2.0 ] },
                "west": { "texture": "#cranberry", "uv": [ 2.5, 7.0, 3.0, 7.5 ] },
                "up": { "texture": "#cranberry", "uv": [ 2.0, 4.0, 2.5, 4.5 ] },
                "down": { "texture": "#cranberry", "uv": [ 15.0, 7.0, 15.5, 7.5 ] }
              }
            },
            {
              "name": "berry339",
              "from": [ 0.0, -0.01, 2.0 ], 
              "to": [ 0.5, 0.0, 2.5 ], 
              "rotationOrigin": [ 0.0, 0.0, 2.0 ],
              "faces": {
                "north": { "texture": "#cranberry", "uv": [ 3.0, 11.5, 3.5, 12.0 ] },
                "east": { "texture": "#cranberry", "uv": [ 15.0, 0.5, 15.5, 1.0 ] },
                "south": { "texture": "#cranberry", "uv": [ 5.5, 1.5, 6.0, 2.0 ] },
                "west": { "texture": "#cranberry", "uv": [ 2.5, 7.0, 3.0, 7.5 ] },
                "up": { "texture": "#cranberry", "uv": [ 2.0, 4.0, 2.5, 4.5 ] },
                "down": { "texture": "#cranberry", "uv": [ 15.0, 7.0, 15.5, 7.5 ] }
              }
            },
            {
              "name": "berry340",
              "from": [ 1.0, -0.01, 1.0 ], 
              "to": [ 1.5, 0.0, 1.5 ], 
              "rotationOrigin": [ 1.0, 0.0, 1.0 ],
              "faces": {
                "north": { "texture": "#cranberry", "uv": [ 3.0, 11.5, 3.5, 12.0 ] },
                "east": { "texture": "#cranberry", "uv": [ 15.0, 0.5, 15.5, 1.0 ] },
                "south": { "texture": "#cranberry", "uv": [ 5.5, 1.5, 6.0, 2.0 ] },
                "west": { "texture": "#cranberry", "uv": [ 2.5, 7.0, 3.0, 7.5 ] },
                "up": { "texture": "#cranberry", "uv": [ 2.0, 4.0, 2.5, 4.5 ] },
                "down": { "texture": "#cranberry", "uv": [ 15.0, 7.0, 15.5, 7.5 ] }
              }
            },
            {
              "name": "berry341",
              "from": [ 0.5, -0.01, 0.5 ], 
              "to": [ 1.0, 0.0, 1.0 ], 
              "rotationOrigin": [ 0.5, 0.0, 0.5 ],
              "faces": {
                "north": { "texture": "#cranberry", "uv": [ 3.0, 11.5, 3.5, 12.0 ] },
                "east": { "texture": "#cranberry", "uv": [ 15.0, 0.5, 15.5, 1.0 ] },
                "south": { "texture": "#cranberry", "uv": [ 5.5, 1.5, 6.0, 2.0 ] },
                "west": { "texture": "#cranberry", "uv": [ 2.5, 7.0, 3.0, 7.5 ] },
                "up": { "texture": "#cranberry", "uv": [ 2.0, 4.0, 2.5, 4.5 ] },
                "down": { "texture": "#cranberry", "uv": [ 15.0, 7.0, 15.5, 7.5 ] }
              }
            }
          ]
        }
      ]
    }
  ]}