{
  "editor": {
    "allAngles": false,
    "entityTextureMode": false
  },
  "textureWidth": 16,
  "textureHeight": 16,
  "textureSizes": {
  },
  "textures": {
    "blueberry": "item/food/grain/overlays/blueberry",
  },
  "elements": [
    {
      "name": "berries",
      "from": [ 4.75, 0.0, 7.0 ], 
      "to": [ 4.75, 0.0, 7.0 ], 
      "rotationOrigin": [ 4.7, 0.0, 7.0 ],
      "faces": {
        "north": { "texture": "#blueberry", "uv": [ 0.0, 0.0, 0.5, 0.5 ] },
        "east": { "texture": "#blueberry", "uv": [ 0.0, 0.0, 0.5, 0.5 ] },
        "south": { "texture": "#blueberry", "uv": [ 0.0, 0.0, 0.5, 0.5 ] },
        "west": { "texture": "#blueberry", "uv": [ 0.0, 0.0, 0.5, 0.5 ] },
        "up": { "texture": "#blueberry", "uv": [ 0.0, 0.0, 0.5, 0.5 ] },
        "down": { "texture": "#blueberry", "uv": [ 0.0, 0.0, 0.5, 0.5 ] }
      },
      "children": [
        {
          "name": "blueberry",
          "from": [ 0.0, 0.0, 0.0 ], 
          "to": [ 0.0, 0.0, 0.0 ], 
          "faces": {
            "north": { "texture": "#blueberry", "uv": [ 11.5, 3.5, 12.0, 4.0 ] },
            "east": { "texture": "#blueberry", "uv": [ 11.0, 9.5, 11.5, 10.0 ] },
            "south": { "texture": "#blueberry", "uv": [ 7.0, 0.0, 7.5, 0.5 ] },
            "west": { "texture": "#blueberry", "uv": [ 11.5, 8.0, 12.0, 8.5 ] },
            "up": { "texture": "#blueberry", "uv": [ 5.0, 0.0, 5.5, 0.5 ] },
            "down": { "texture": "#blueberry", "uv": [ 8.0, 6.5, 8.5, 7.0 ] }
          },
          "children": [
            {
              "name": "berry1",
              "from": [ 0.0, 0.0, -0.01 ], 
              "to": [ 0.5, 0.5, 0.0 ], 
              "faces": {
                "north": { "texture": "#blueberry", "uv": [ 8.0, 3.0, 8.5, 3.5 ] },
                "east": { "texture": "#blueberry", "uv": [ 10.0, 6.0, 10.5, 6.5 ] },
                "south": { "texture": "#blueberry", "uv": [ 1.0, 9.5, 1.5, 10.0 ] },
                "west": { "texture": "#blueberry", "uv": [ 10.0, 9.5, 10.5, 10.0 ] },
                "up": { "texture": "#blueberry", "uv": [ 8.5, 6.0, 9.0, 6.5 ] },
                "down": { "texture": "#blueberry", "uv": [ 0.5, 3.0, 1.0, 3.5 ] }
              }
            },
            {
              "name": "berry2",
              "from": [ 2.0, 1.0, -0.01 ], 
              "to": [ 2.51, 1.5, 0.0 ], 
              "rotationOrigin": [ 2.0, 1.0, 0.0 ],
              "faces": {
                "north": { "texture": "#blueberry", "uv": [ 9.5, 7.0, 10.0, 7.5 ] },
                "east": { "texture": "#blueberry", "uv": [ 5.5, 11.0, 6.0, 11.5 ] },
                "south": { "texture": "#blueberry", "uv": [ 6.5, 14.5, 7.0, 15.0 ] },
                "west": { "texture": "#blueberry", "uv": [ 6.0, 12.0, 6.5, 12.5 ] },
                "up": { "texture": "#blueberry", "uv": [ 11.0, 4.5, 11.5, 5.0 ] },
                "down": { "texture": "#blueberry", "uv": [ 9.5, 13.5, 10.0, 14.0 ] }
              }
            },
            {
              "name": "berry11",
              "from": [ 2.0, 2.5, -0.01 ], 
              "to": [ 2.51, 3.0, 0.0 ], 
              "rotationOrigin": [ 2.0, 2.5, 0.0 ],
              "faces": {
                "north": { "texture": "#blueberry", "uv": [ 3.5, 13.5, 4.0, 14.0 ] },
                "east": { "texture": "#blueberry", "uv": [ 4.5, 1.0, 5.0, 1.5 ] },
                "south": { "texture": "#blueberry", "uv": [ 9.0, 11.0, 9.5, 11.5 ] },
                "west": { "texture": "#blueberry", "uv": [ 12.0, 8.5, 12.5, 9.0 ] },
                "up": { "texture": "#blueberry", "uv": [ 3.5, 5.0, 4.0, 5.5 ] },
                "down": { "texture": "#blueberry", "uv": [ 9.0, 6.5, 9.5, 7.0 ] }
              }
            },
            {
              "name": "berry12",
              "from": [ 4.5, 2.5, -0.01 ], 
              "to": [ 5.0, 3.0, 0.0 ], 
              "rotationOrigin": [ 4.5, 2.5, 0.0 ],
              "faces": {
                "north": { "texture": "#blueberry", "uv": [ 1.5, 10.5, 2.0, 11.0 ] },
                "east": { "texture": "#blueberry", "uv": [ 9.0, 1.0, 9.5, 1.5 ] },
                "south": { "texture": "#blueberry", "uv": [ 6.5, 0.5, 7.0, 1.0 ] },
                "west": { "texture": "#blueberry", "uv": [ 2.0, 6.5, 2.5, 7.0 ] },
                "up": { "texture": "#blueberry", "uv": [ 13.5, 3.5, 14.0, 4.0 ] },
                "down": { "texture": "#blueberry", "uv": [ 9.0, 7.5, 9.5, 8.0 ] }
              }
            },
            {
              "name": "berry13",
              "from": [ 4.0, 0.5, -0.01 ], 
              "to": [ 4.5, 1.0, 0.0 ], 
              "rotationOrigin": [ 4.0, 0.5, 0.0 ],
              "faces": {
                "north": { "texture": "#blueberry", "uv": [ 7.5, 11.0, 8.0, 11.5 ] },
                "east": { "texture": "#blueberry", "uv": [ 10.5, 15.0, 11.0, 15.5 ] },
                "south": { "texture": "#blueberry", "uv": [ 5.0, 2.0, 5.5, 2.5 ] },
                "west": { "texture": "#blueberry", "uv": [ 6.5, 2.5, 7.0, 3.0 ] },
                "up": { "texture": "#blueberry", "uv": [ 6.5, 4.5, 7.0, 5.0 ] },
                "down": { "texture": "#blueberry", "uv": [ 15.0, 9.5, 15.5, 10.0 ] }
              }
            },
            {
              "name": "berry14",
              "from": [ 5.0, 0.0, -0.01 ], 
              "to": [ 5.5, 0.5, 0.0 ], 
              "rotationOrigin": [ 5.0, 0.0, 0.0 ],
              "faces": {
                "north": { "texture": "#blueberry", "uv": [ 3.0, 3.0, 3.5, 3.5 ] },
                "east": { "texture": "#blueberry", "uv": [ 2.0, 7.0, 2.5, 7.5 ] },
                "south": { "texture": "#blueberry", "uv": [ 3.0, 3.5, 3.5, 4.0 ] },
                "west": { "texture": "#blueberry", "uv": [ 11.5, 3.0, 12.0, 3.5 ] },
                "up": { "texture": "#blueberry", "uv": [ 2.0, 14.5, 2.5, 15.0 ] },
                "down": { "texture": "#blueberry", "uv": [ 14.5, 4.0, 15.0, 4.5 ] }
              }
            },
            {
              "name": "berry15",
              "from": [ 6.0, 1.0, -0.01 ], 
              "to": [ 6.51, 1.5, 0.0 ], 
              "rotationOrigin": [ 6.0, 1.0, 0.0 ],
              "faces": {
                "north": { "texture": "#blueberry", "uv": [ 2.0, 4.0, 2.5, 4.5 ] },
                "east": { "texture": "#blueberry", "uv": [ 8.0, 9.5, 8.5, 10.0 ] },
                "south": { "texture": "#blueberry", "uv": [ 10.0, 9.5, 10.5, 10.0 ] },
                "west": { "texture": "#blueberry", "uv": [ 12.5, 15.0, 13.0, 15.5 ] },
                "up": { "texture": "#blueberry", "uv": [ 3.5, 5.5, 4.0, 6.0 ] },
                "down": { "texture": "#blueberry", "uv": [ 0.0, 13.5, 0.5, 14.0 ] }
              }
            },
            {
              "name": "berry16",
              "from": [ 6.51, 1.0, 0.0 ], 
              "to": [ 6.52, 1.5, 0.5 ], 
              "rotationOrigin": [ 6.5, 1.0, 0.0 ],
              "faces": {
                "north": { "texture": "#blueberry", "uv": [ 3.0, 11.5, 3.5, 12.0 ] },
                "east": { "texture": "#blueberry", "uv": [ 15.0, 0.5, 15.5, 1.0 ] },
                "south": { "texture": "#blueberry", "uv": [ 5.5, 1.5, 6.0, 2.0 ] },
                "west": { "texture": "#blueberry", "uv": [ 2.5, 7.0, 3.0, 7.5 ] },
                "up": { "texture": "#blueberry", "uv": [ 2.0, 4.0, 2.5, 4.5 ] },
                "down": { "texture": "#blueberry", "uv": [ 15.0, 7.0, 15.5, 7.5 ] }
              }
            },
            {
              "name": "berry17",
              "from": [ 6.51, 0.0, 1.5 ], 
              "to": [ 6.52, 0.5, 2.0 ], 
              "rotationOrigin": [ 6.5, 0.0, 1.5 ],
              "faces": {
                "north": { "texture": "#blueberry", "uv": [ 12.5, 1.0, 13.0, 1.5 ] },
                "east": { "texture": "#blueberry", "uv": [ 12.5, 6.5, 13.0, 7.0 ] },
                "south": { "texture": "#blueberry", "uv": [ 6.0, 2.0, 6.5, 2.5 ] },
                "west": { "texture": "#blueberry", "uv": [ 12.0, 0.0, 12.5, 0.5 ] },
                "up": { "texture": "#blueberry", "uv": [ 3.0, 13.0, 3.5, 13.5 ] },
                "down": { "texture": "#blueberry", "uv": [ 2.5, 11.0, 3.0, 11.5 ] }
              }
            },
            {
              "name": "berry18",
              "from": [ 6.51, 2.5, 1.0 ], 
              "to": [ 6.52, 3.0, 1.5 ], 
              "rotationOrigin": [ 6.5, 2.5, 1.0 ],
              "faces": {
                "north": { "texture": "#blueberry", "uv": [ 8.0, 9.0, 8.5, 9.5 ] },
                "east": { "texture": "#blueberry", "uv": [ 0.0, 2.0, 0.5, 2.5 ] },
                "south": { "texture": "#blueberry", "uv": [ 2.5, 14.0, 3.0, 14.5 ] },
                "west": { "texture": "#blueberry", "uv": [ 12.0, 2.5, 12.5, 3.0 ] },
                "up": { "texture": "#blueberry", "uv": [ 3.5, 5.5, 4.0, 6.0 ] },
                "down": { "texture": "#blueberry", "uv": [ 10.0, 0.5, 10.5, 1.0 ] }
              }
            },
            {
              "name": "berry19",
              "from": [ 5.5, 2.5, 2.5 ], 
              "to": [ 6.0, 3.0, 2.51 ], 
              "rotationOrigin": [ 5.5, 2.5, 2.5 ],
              "faces": {
                "north": { "texture": "#blueberry", "uv": [ 10.0, 4.5, 10.5, 5.0 ] },
                "east": { "texture": "#blueberry", "uv": [ 10.0, 7.5, 10.5, 8.0 ] },
                "south": { "texture": "#blueberry", "uv": [ 14.0, 2.0, 14.5, 2.5 ] },
                "west": { "texture": "#blueberry", "uv": [ 12.0, 6.0, 12.5, 6.5 ] },
                "up": { "texture": "#blueberry", "uv": [ 5.5, 6.5, 6.0, 7.0 ] },
                "down": { "texture": "#blueberry", "uv": [ 14.5, 14.5, 15.0, 15.0 ] }
              }
            },
            {
              "name": "berry20",
              "from": [ 5.0, 0.5, 2.5 ], 
              "to": [ 5.5, 1.0, 2.51 ], 
              "rotationOrigin": [ 5.0, 0.5, 2.5 ],
              "faces": {
                "north": { "texture": "#blueberry", "uv": [ 11.0, 4.0, 11.5, 4.5 ] },
                "east": { "texture": "#blueberry", "uv": [ 7.5, 12.5, 8.0, 13.0 ] },
                "south": { "texture": "#blueberry", "uv": [ 8.5, 10.5, 9.0, 11.0 ] },
                "west": { "texture": "#blueberry", "uv": [ 2.5, 4.5, 3.0, 5.0 ] },
                "up": { "texture": "#blueberry", "uv": [ 10.5, 7.5, 11.0, 8.0 ] },
                "down": { "texture": "#blueberry", "uv": [ 2.5, 2.0, 3.0, 2.5 ] }
              }
            },
            {
              "name": "berry21",
              "from": [ 4.0, 0.0, 2.5 ], 
              "to": [ 4.5, 0.5, 2.51 ], 
              "rotationOrigin": [ 4.0, 0.0, 2.5 ],
              "faces": {
                "north": { "texture": "#blueberry", "uv": [ 13.5, 5.0, 14.0, 5.5 ] },
                "east": { "texture": "#blueberry", "uv": [ 8.5, 13.0, 9.0, 13.5 ] },
                "south": { "texture": "#blueberry", "uv": [ 13.0, 10.0, 13.5, 10.5 ] },
                "west": { "texture": "#blueberry", "uv": [ 2.5, 13.5, 3.0, 14.0 ] },
                "up": { "texture": "#blueberry", "uv": [ 9.5, 7.0, 10.0, 7.5 ] },
                "down": { "texture": "#blueberry", "uv": [ 1.5, 13.5, 2.0, 14.0 ] }
              }
            },
            {
              "name": "berry22",
              "from": [ 1.5, 1.0, 2.5 ], 
              "to": [ 2.0, 1.5, 2.51 ], 
              "rotationOrigin": [ 1.5, 1.0, 2.5 ],
              "faces": {
                "north": { "texture": "#blueberry", "uv": [ 5.0, 0.0, 5.5, 0.5 ] },
                "east": { "texture": "#blueberry", "uv": [ 5.5, 14.0, 6.0, 14.5 ] },
                "south": { "texture": "#blueberry", "uv": [ 2.0, 13.5, 2.5, 14.0 ] },
                "west": { "texture": "#blueberry", "uv": [ 6.5, 13.5, 7.0, 14.0 ] },
                "up": { "texture": "#blueberry", "uv": [ 11.0, 8.5, 11.5, 9.0 ] },
                "down": { "texture": "#blueberry", "uv": [ 12.5, 12.0, 13.0, 12.5 ] }
              }
            },
            {
              "name": "berry23",
              "from": [ 0.5, 0.0, 2.5 ], 
              "to": [ 1.0, 0.5, 2.51 ], 
              "rotationOrigin": [ 0.5, 0.0, 2.5 ],
              "faces": {
                "north": { "texture": "#blueberry", "uv": [ 0.5, 8.5, 1.0, 9.0 ] },
                "east": { "texture": "#blueberry", "uv": [ 7.0, 1.0, 7.5, 1.5 ] },
                "south": { "texture": "#blueberry", "uv": [ 14.0, 6.5, 14.5, 7.0 ] },
                "west": { "texture": "#blueberry", "uv": [ 10.5, 8.0, 11.0, 8.5 ] },
                "up": { "texture": "#blueberry", "uv": [ 0.5, 5.0, 1.0, 5.5 ] },
                "down": { "texture": "#blueberry", "uv": [ 0.0, 2.0, 0.5, 2.5 ] }
              }
            },
            {
              "name": "berry24",
              "from": [ 0.0, 2.5, 2.5 ], 
              "to": [ 0.5, 3.0, 2.51 ], 
              "rotationOrigin": [ 0.0, 2.5, 2.5 ],
              "faces": {
                "north": { "texture": "#blueberry", "uv": [ 0.5, 1.0, 1.0, 1.5 ] },
                "east": { "texture": "#blueberry", "uv": [ 10.0, 6.5, 10.5, 7.0 ] },
                "south": { "texture": "#blueberry", "uv": [ 14.5, 5.0, 15.0, 5.5 ] },
                "west": { "texture": "#blueberry", "uv": [ 7.0, 12.5, 7.5, 13.0 ] },
                "up": { "texture": "#blueberry", "uv": [ 3.5, 4.0, 4.0, 4.5 ] },
                "down": { "texture": "#blueberry", "uv": [ 10.5, 8.0, 11.0, 8.5 ] }
              }
            },
            {
              "name": "berry25",
              "from": [ 1.0, 2.5, 2.5 ], 
              "to": [ 1.5, 3.0, 2.51 ], 
              "rotationOrigin": [ 1.0, 2.5, 2.5 ],
              "faces": {
                "north": { "texture": "#blueberry", "uv": [ 13.0, 13.5, 13.5, 14.0 ] },
                "east": { "texture": "#blueberry", "uv": [ 0.0, 3.5, 0.5, 4.0 ] },
                "south": { "texture": "#blueberry", "uv": [ 7.5, 8.0, 8.0, 8.5 ] },
                "west": { "texture": "#blueberry", "uv": [ 3.5, 3.5, 4.0, 4.0 ] },
                "up": { "texture": "#blueberry", "uv": [ 12.5, 14.5, 13.0, 15.0 ] },
                "down": { "texture": "#blueberry", "uv": [ 0.5, 8.0, 1.0, 8.5 ] }
              }
            },
            {
              "name": "berry26",
              "from": [ -0.01, 0.0, 1.5 ], 
              "to": [ 0.0, 0.5, 2.0 ], 
              "rotationOrigin": [ 0.0, 0.0, 1.5 ],
              "faces": {
                "north": { "texture": "#blueberry", "uv": [ 9.0, 12.0, 9.5, 12.5 ] },
                "east": { "texture": "#blueberry", "uv": [ 8.0, 10.0, 8.5, 10.5 ] },
                "south": { "texture": "#blueberry", "uv": [ 12.5, 0.5, 13.0, 1.0 ] },
                "west": { "texture": "#blueberry", "uv": [ 0.0, 14.0, 0.5, 14.5 ] },
                "up": { "texture": "#blueberry", "uv": [ 2.0, 10.0, 2.5, 10.5 ] },
                "down": { "texture": "#blueberry", "uv": [ 7.5, 0.5, 8.0, 1.0 ] }
              }
            },
            {
              "name": "berry27",
              "from": [ -0.01, 1.0, 0.5 ], 
              "to": [ 0.0, 1.5, 1.0 ], 
              "rotationOrigin": [ 0.0, 1.0, 0.5 ],
              "faces": {
                "north": { "texture": "#blueberry", "uv": [ 10.5, 11.0, 11.0, 11.5 ] },
                "east": { "texture": "#blueberry", "uv": [ 10.0, 13.5, 10.5, 14.0 ] },
                "south": { "texture": "#blueberry", "uv": [ 12.0, 11.5, 12.5, 12.0 ] },
                "west": { "texture": "#blueberry", "uv": [ 10.0, 8.0, 10.5, 8.5 ] },
                "up": { "texture": "#blueberry", "uv": [ 8.0, 7.0, 8.5, 7.5 ] },
                "down": { "texture": "#blueberry", "uv": [ 12.5, 6.0, 13.0, 6.5 ] }
              }
            },
            {
              "name": "berry28",
              "from": [ -0.01, 2.5, 0.5 ], 
              "to": [ 0.0, 3.0, 1.0 ], 
              "rotationOrigin": [ 0.0, 2.5, 0.5 ],
              "faces": {
                "north": { "texture": "#blueberry", "uv": [ 12.0, 6.5, 12.5, 7.0 ] },
                "east": { "texture": "#blueberry", "uv": [ 8.0, 8.0, 8.5, 8.5 ] },
                "south": { "texture": "#blueberry", "uv": [ 8.0, 12.0, 8.5, 12.5 ] },
                "west": { "texture": "#blueberry", "uv": [ 6.5, 11.5, 7.0, 12.0 ] },
                "up": { "texture": "#blueberry", "uv": [ 1.0, 3.0, 1.5, 3.5 ] },
                "down": { "texture": "#blueberry", "uv": [ 11.5, 13.0, 12.0, 13.5 ] }
              }
            },
            {
              "name": "berry29",
              "from": [ 3.99, 2.5, 1.0 ], 
              "to": [ 4.0, 3.0, 1.5 ], 
              "rotationOrigin": [ 4.0, 2.5, 1.0 ],
              "faces": {
                "north": { "texture": "#blueberry", "uv": [ 2.5, 12.0, 3.0, 12.5 ] },
                "east": { "texture": "#blueberry", "uv": [ 9.5, 3.5, 10.0, 4.0 ] },
                "south": { "texture": "#blueberry", "uv": [ 2.5, 0.0, 3.0, 0.5 ] },
                "west": { "texture": "#blueberry", "uv": [ 14.5, 13.0, 15.0, 13.5 ] },
                "up": { "texture": "#blueberry", "uv": [ 3.0, 5.5, 3.5, 6.0 ] },
                "down": { "texture": "#blueberry", "uv": [ 7.5, 10.0, 8.0, 10.5 ] }
              }
            },
            {
              "name": "berry30",
              "from": [ 3.99, 0.5, 0.0 ], 
              "to": [ 4.0, 1.0, 0.5 ], 
              "rotationOrigin": [ 4.0, 0.5, 0.0 ],
              "faces": {
                "north": { "texture": "#blueberry", "uv": [ 11.0, 1.5, 11.5, 2.0 ] },
                "east": { "texture": "#blueberry", "uv": [ 3.5, 9.5, 4.0, 10.0 ] },
                "south": { "texture": "#blueberry", "uv": [ 13.0, 15.0, 13.5, 15.5 ] },
                "west": { "texture": "#blueberry", "uv": [ 7.5, 9.0, 8.0, 9.5 ] },
                "up": { "texture": "#blueberry", "uv": [ 8.0, 6.5, 8.5, 7.0 ] },
                "down": { "texture": "#blueberry", "uv": [ 15.0, 5.5, 15.5, 6.0 ] }
              }
            },
            {
              "name": "berry31",
              "from": [ 3.99, 0.0, 2.0 ], 
              "to": [ 4.0, 0.5, 2.51 ], 
              "rotationOrigin": [ 4.0, 0.0, 2.0 ],
              "faces": {
                "north": { "texture": "#blueberry", "uv": [ 14.0, 1.0, 14.5, 1.5 ] },
                "east": { "texture": "#blueberry", "uv": [ 11.0, 9.0, 11.5, 9.5 ] },
                "south": { "texture": "#blueberry", "uv": [ 9.5, 9.0, 10.0, 9.5 ] },
                "west": { "texture": "#blueberry", "uv": [ 9.0, 13.5, 9.5, 14.0 ] },
                "up": { "texture": "#blueberry", "uv": [ 4.0, 13.0, 4.5, 13.5 ] },
                "down": { "texture": "#blueberry", "uv": [ 5.0, 3.5, 5.5, 4.0 ] }
              }
            },
            {
              "name": "berry32",
              "from": [ 3.99, 1.0, 1.0 ], 
              "to": [ 4.0, 1.5, 1.5 ], 
              "rotationOrigin": [ 4.0, 1.0, 1.0 ],
              "faces": {
                "north": { "texture": "#blueberry", "uv": [ 2.5, 14.5, 3.0, 15.0 ] },
                "east": { "texture": "#blueberry", "uv": [ 15.0, 6.5, 15.5, 7.0 ] },
                "south": { "texture": "#blueberry", "uv": [ 0.0, 3.5, 0.5, 4.0 ] },
                "west": { "texture": "#blueberry", "uv": [ 9.0, 4.0, 9.5, 4.5 ] },
                "up": { "texture": "#blueberry", "uv": [ 7.5, 0.5, 8.0, 1.0 ] },
                "down": { "texture": "#blueberry", "uv": [ 12.0, 5.5, 12.5, 6.0 ] }
              }
            },
            {
              "name": "berry33",
              "from": [ 2.51, 0.5, 2.0 ], 
              "to": [ 2.52, 1.0, 2.5 ], 
              "rotationOrigin": [ 2.5, 0.5, 2.0 ],
              "faces": {
                "north": { "texture": "#blueberry", "uv": [ 9.5, 8.0, 10.0, 8.5 ] },
                "east": { "texture": "#blueberry", "uv": [ 10.0, 11.5, 10.5, 12.0 ] },
                "south": { "texture": "#blueberry", "uv": [ 15.0, 0.5, 15.5, 1.0 ] },
                "west": { "texture": "#blueberry", "uv": [ 11.5, 7.5, 12.0, 8.0 ] },
                "up": { "texture": "#blueberry", "uv": [ 14.0, 5.5, 14.5, 6.0 ] },
                "down": { "texture": "#blueberry", "uv": [ 15.0, 12.0, 15.5, 12.5 ] }
              }
            },
            {
              "name": "berry34",
              "from": [ 2.51, 1.0, 0.0 ], 
              "to": [ 2.52, 1.5, 0.5 ], 
              "rotationOrigin": [ 2.5, 1.0, 0.0 ],
              "faces": {
                "north": { "texture": "#blueberry", "uv": [ 13.0, 6.5, 13.5, 7.0 ] },
                "east": { "texture": "#blueberry", "uv": [ 14.5, 4.0, 15.0, 4.5 ] },
                "south": { "texture": "#blueberry", "uv": [ 5.0, 7.0, 5.5, 7.5 ] },
                "west": { "texture": "#blueberry", "uv": [ 13.5, 8.5, 14.0, 9.0 ] },
                "up": { "texture": "#blueberry", "uv": [ 11.0, 3.0, 11.5, 3.5 ] },
                "down": { "texture": "#blueberry", "uv": [ 15.0, 5.5, 15.5, 6.0 ] }
              }
            },
            {
              "name": "berry35",
              "from": [ 2.51, 2.5, 1.5 ], 
              "to": [ 2.52, 3.0, 2.0 ], 
              "rotationOrigin": [ 2.5, 2.5, 1.5 ],
              "faces": {
                "north": { "texture": "#blueberry", "uv": [ 13.5, 12.0, 14.0, 12.5 ] },
                "east": { "texture": "#blueberry", "uv": [ 6.5, 12.0, 7.0, 12.5 ] },
                "south": { "texture": "#blueberry", "uv": [ 1.5, 7.0, 2.0, 7.5 ] },
                "west": { "texture": "#blueberry", "uv": [ 10.0, 3.0, 10.5, 3.5 ] },
                "up": { "texture": "#blueberry", "uv": [ 0.0, 0.0, 0.5, 0.5 ] },
                "down": { "texture": "#blueberry", "uv": [ 7.5, 2.0, 8.0, 2.5 ] }
              }
            },
            {
              "name": "berry36",
              "from": [ 2.5, 1.5, 3.0 ], 
              "to": [ 3.0, 2.0, 3.01 ], 
              "rotationOrigin": [ 2.5, 1.5, 3.0 ],
              "faces": {
                "north": { "texture": "#blueberry", "uv": [ 1.0, 15.0, 1.5, 15.5 ] },
                "east": { "texture": "#blueberry", "uv": [ 8.5, 11.5, 9.0, 12.0 ] },
                "south": { "texture": "#blueberry", "uv": [ 4.0, 7.5, 4.5, 8.0 ] },
                "west": { "texture": "#blueberry", "uv": [ 13.5, 8.5, 14.0, 9.0 ] },
                "up": { "texture": "#blueberry", "uv": [ 1.0, 6.0, 1.5, 6.5 ] },
                "down": { "texture": "#blueberry", "uv": [ 4.5, 9.0, 5.0, 9.5 ] }
              }
            },
            {
              "name": "berry37",
              "from": [ 0.0, 1.5, 3.0 ], 
              "to": [ 0.5, 2.0, 3.01 ], 
              "rotationOrigin": [ 0.0, 1.5, 3.0 ],
              "faces": {
                "north": { "texture": "#blueberry", "uv": [ 2.0, 10.0, 2.5, 10.5 ] },
                "east": { "texture": "#blueberry", "uv": [ 12.0, 13.0, 12.5, 13.5 ] },
                "south": { "texture": "#blueberry", "uv": [ 9.0, 10.5, 9.5, 11.0 ] },
                "west": { "texture": "#blueberry", "uv": [ 1.0, 3.0, 1.5, 3.5 ] },
                "up": { "texture": "#blueberry", "uv": [ 6.5, 8.0, 7.0, 8.5 ] },
                "down": { "texture": "#blueberry", "uv": [ 14.0, 9.0, 14.5, 9.5 ] }
              }
            },
            {
              "name": "berry38",
              "from": [ 4.0, 2.0, 3.0 ], 
              "to": [ 4.5, 2.5, 3.01 ], 
              "rotationOrigin": [ 4.0, 2.0, 3.0 ],
              "faces": {
                "north": { "texture": "#blueberry", "uv": [ 11.0, 14.5, 11.5, 15.0 ] },
                "east": { "texture": "#blueberry", "uv": [ 14.0, 9.5, 14.5, 10.0 ] },
                "south": { "texture": "#blueberry", "uv": [ 10.0, 6.0, 10.5, 6.5 ] },
                "west": { "texture": "#blueberry", "uv": [ 14.0, 3.0, 14.5, 3.5 ] },
                "up": { "texture": "#blueberry", "uv": [ 5.0, 7.5, 5.5, 8.0 ] },
                "down": { "texture": "#blueberry", "uv": [ 12.0, 8.5, 12.5, 9.0 ] }
              }
            },
            {
              "name": "berry39",
              "from": [ 6.5, 1.5, 3.0 ], 
              "to": [ 7.01, 2.0, 3.01 ], 
              "rotationOrigin": [ 6.5, 1.5, 3.0 ],
              "faces": {
                "north": { "texture": "#blueberry", "uv": [ 11.5, 9.5, 12.0, 10.0 ] },
                "east": { "texture": "#blueberry", "uv": [ 3.0, 4.0, 3.5, 4.5 ] },
                "south": { "texture": "#blueberry", "uv": [ 9.0, 2.5, 9.5, 3.0 ] },
                "west": { "texture": "#blueberry", "uv": [ 2.5, 0.5, 3.0, 1.0 ] },
                "up": { "texture": "#blueberry", "uv": [ 2.0, 3.5, 2.5, 4.0 ] },
                "down": { "texture": "#blueberry", "uv": [ 3.5, 11.0, 4.0, 11.5 ] }
              }
            },
            {
              "name": "berry40",
              "from": [ 7.0, 1.5, 2.5 ], 
              "to": [ 7.01, 2.0, 3.0 ], 
              "rotationOrigin": [ 7.0, 1.5, 2.5 ],
              "faces": {
                "north": { "texture": "#blueberry", "uv": [ 15.0, 15.0, 15.5, 15.5 ] },
                "east": { "texture": "#blueberry", "uv": [ 11.5, 5.5, 12.0, 6.0 ] },
                "south": { "texture": "#blueberry", "uv": [ 10.5, 10.0, 11.0, 10.5 ] },
                "west": { "texture": "#blueberry", "uv": [ 9.0, 11.5, 9.5, 12.0 ] },
                "up": { "texture": "#blueberry", "uv": [ 4.0, 10.5, 4.5, 11.0 ] },
                "down": { "texture": "#blueberry", "uv": [ 3.5, 10.5, 4.0, 11.0 ] }
              }
            },
            {
              "name": "berry41",
              "from": [ 7.0, 2.0, 0.5 ], 
              "to": [ 7.01, 2.5, 1.0 ], 
              "rotationOrigin": [ 7.0, 2.0, 0.5 ],
              "faces": {
                "north": { "texture": "#blueberry", "uv": [ 11.0, 3.5, 11.5, 4.0 ] },
                "east": { "texture": "#blueberry", "uv": [ 9.5, 10.0, 10.0, 10.5 ] },
                "south": { "texture": "#blueberry", "uv": [ 4.5, 7.0, 5.0, 7.5 ] },
                "west": { "texture": "#blueberry", "uv": [ 15.0, 10.0, 15.5, 10.5 ] },
                "up": { "texture": "#blueberry", "uv": [ 8.5, 0.5, 9.0, 1.0 ] },
                "down": { "texture": "#blueberry", "uv": [ 1.5, 6.5, 2.0, 7.0 ] }
              }
            },
            {
              "name": "berry42",
              "from": [ 3.0, 2.0, 0.0 ], 
              "to": [ 3.01, 2.5, 0.5 ], 
              "rotationOrigin": [ 3.0, 2.0, 0.0 ],
              "faces": {
                "north": { "texture": "#blueberry", "uv": [ 4.0, 5.0, 4.5, 5.5 ] },
                "east": { "texture": "#blueberry", "uv": [ 2.0, 8.5, 2.5, 9.0 ] },
                "south": { "texture": "#blueberry", "uv": [ 4.5, 13.0, 5.0, 13.5 ] },
                "west": { "texture": "#blueberry", "uv": [ 9.0, 0.5, 9.5, 1.0 ] },
                "up": { "texture": "#blueberry", "uv": [ 4.5, 6.5, 5.0, 7.0 ] },
                "down": { "texture": "#blueberry", "uv": [ 8.5, 3.5, 9.0, 4.0 ] }
              }
            },
            {
              "name": "berry43",
              "from": [ 3.0, 1.5, 2.5 ], 
              "to": [ 3.01, 2.0, 3.0 ], 
              "rotationOrigin": [ 3.0, 1.5, 2.5 ],
              "faces": {
                "north": { "texture": "#blueberry", "uv": [ 1.0, 14.5, 1.5, 15.0 ] },
                "east": { "texture": "#blueberry", "uv": [ 7.0, 6.0, 7.5, 6.5 ] },
                "south": { "texture": "#blueberry", "uv": [ 12.0, 0.5, 12.5, 1.0 ] },
                "west": { "texture": "#blueberry", "uv": [ 5.5, 9.5, 6.0, 10.0 ] },
                "up": { "texture": "#blueberry", "uv": [ 11.5, 8.5, 12.0, 9.0 ] },
                "down": { "texture": "#blueberry", "uv": [ 14.5, 3.0, 15.0, 3.5 ] }
              }
            },
            {
              "name": "berry44",
              "from": [ 6.0, 1.5, -0.51 ], 
              "to": [ 6.5, 2.0, -0.5 ], 
              "rotationOrigin": [ 6.0, 1.5, -0.5 ],
              "faces": {
                "north": { "texture": "#blueberry", "uv": [ 3.0, 2.5, 3.5, 3.0 ] },
                "east": { "texture": "#blueberry", "uv": [ 9.0, 9.0, 9.5, 9.5 ] },
                "south": { "texture": "#blueberry", "uv": [ 12.0, 15.0, 12.5, 15.5 ] },
                "west": { "texture": "#blueberry", "uv": [ 6.0, 8.0, 6.5, 8.5 ] },
                "up": { "texture": "#blueberry", "uv": [ 2.0, 14.0, 2.5, 14.5 ] },
                "down": { "texture": "#blueberry", "uv": [ 1.0, 10.0, 1.5, 10.5 ] }
              }
            },
            {
              "name": "berry45",
              "from": [ 3.5, 1.5, -0.51 ], 
              "to": [ 4.0, 2.0, -0.5 ], 
              "rotationOrigin": [ 3.5, 1.5, -0.5 ],
              "faces": {
                "north": { "texture": "#blueberry", "uv": [ 7.0, 0.0, 7.5, 0.5 ] },
                "east": { "texture": "#blueberry", "uv": [ 4.5, 9.0, 5.0, 9.5 ] },
                "south": { "texture": "#blueberry", "uv": [ 12.0, 4.0, 12.5, 4.5 ] },
                "west": { "texture": "#blueberry", "uv": [ 13.0, 6.5, 13.5, 7.0 ] },
                "up": { "texture": "#blueberry", "uv": [ 9.0, 13.0, 9.5, 13.5 ] },
                "down": { "texture": "#blueberry", "uv": [ 9.0, 13.5, 9.5, 14.0 ] }
              }
            },
            {
              "name": "berry46",
              "from": [ 1.5, 2.0, -0.51 ], 
              "to": [ 2.0, 2.5, -0.5 ], 
              "rotationOrigin": [ 1.5, 2.0, -0.5 ],
              "faces": {
                "north": { "texture": "#blueberry", "uv": [ 6.0, 7.0, 6.5, 7.5 ] },
                "east": { "texture": "#blueberry", "uv": [ 5.5, 0.5, 6.0, 1.0 ] },
                "south": { "texture": "#blueberry", "uv": [ 7.5, 1.0, 8.0, 1.5 ] },
                "west": { "texture": "#blueberry", "uv": [ 5.5, 14.0, 6.0, 14.5 ] },
                "up": { "texture": "#blueberry", "uv": [ 6.5, 6.5, 7.0, 7.0 ] },
                "down": { "texture": "#blueberry", "uv": [ 1.5, 1.5, 2.0, 2.0 ] }
              }
            },
            {
              "name": "berry47",
              "from": [ -0.5, 1.5, -0.51 ], 
              "to": [ 0.0, 2.0, -0.5 ], 
              "rotationOrigin": [ -0.5, 1.5, -0.5 ],
              "faces": {
                "north": { "texture": "#blueberry", "uv": [ 11.0, 1.5, 11.5, 2.0 ] },
                "east": { "texture": "#blueberry", "uv": [ 13.5, 10.5, 14.0, 11.0 ] },
                "south": { "texture": "#blueberry", "uv": [ 12.0, 9.0, 12.5, 9.5 ] },
                "west": { "texture": "#blueberry", "uv": [ 2.0, 6.0, 2.5, 6.5 ] },
                "up": { "texture": "#blueberry", "uv": [ 5.0, 5.0, 5.5, 5.5 ] },
                "down": { "texture": "#blueberry", "uv": [ 10.0, 14.0, 10.5, 14.5 ] }
              }
            },
            {
              "name": "berry48",
              "from": [ -0.51, 1.5, -0.51 ], 
              "to": [ -0.5, 2.0, -0.01 ], 
              "rotationOrigin": [ -0.5, 1.5, -0.5 ],
              "faces": {
                "north": { "texture": "#blueberry", "uv": [ 11.5, 5.0, 12.0, 5.5 ] },
                "east": { "texture": "#blueberry", "uv": [ 10.0, 5.5, 10.5, 6.0 ] },
                "south": { "texture": "#blueberry", "uv": [ 3.5, 10.0, 4.0, 10.5 ] },
                "west": { "texture": "#blueberry", "uv": [ 4.5, 1.5, 5.0, 2.0 ] },
                "up": { "texture": "#blueberry", "uv": [ 6.5, 13.0, 7.0, 13.5 ] },
                "down": { "texture": "#blueberry", "uv": [ 4.5, 14.5, 5.0, 15.0 ] }
              }
            },
            {
              "name": "berry49",
              "from": [ -0.51, 2.0, 1.5 ], 
              "to": [ -0.5, 2.5, 2.0 ], 
              "rotationOrigin": [ -0.5, 2.0, 1.5 ],
              "faces": {
                "north": { "texture": "#blueberry", "uv": [ 8.0, 8.0, 8.5, 8.5 ] },
                "east": { "texture": "#blueberry", "uv": [ 14.0, 3.0, 14.5, 3.5 ] },
                "south": { "texture": "#blueberry", "uv": [ 12.5, 9.5, 13.0, 10.0 ] },
                "west": { "texture": "#blueberry", "uv": [ 8.0, 7.0, 8.5, 7.5 ] },
                "up": { "texture": "#blueberry", "uv": [ 3.5, 8.0, 4.0, 8.5 ] },
                "down": { "texture": "#blueberry", "uv": [ 2.5, 13.0, 3.0, 13.5 ] }
              }
            },
            {
              "name": "berry50",
              "from": [ 3.49, 1.5, -0.51 ], 
              "to": [ 3.5, 2.0, -0.01 ], 
              "rotationOrigin": [ 3.5, 1.5, -0.5 ],
              "faces": {
                "north": { "texture": "#blueberry", "uv": [ 3.5, 12.0, 4.0, 12.5 ] },
                "east": { "texture": "#blueberry", "uv": [ 0.5, 5.0, 1.0, 5.5 ] },
                "south": { "texture": "#blueberry", "uv": [ 3.0, 8.5, 3.5, 9.0 ] },
                "west": { "texture": "#blueberry", "uv": [ 10.5, 10.5, 11.0, 11.0 ] },
                "up": { "texture": "#blueberry", "uv": [ 9.0, 1.0, 9.5, 1.5 ] },
                "down": { "texture": "#blueberry", "uv": [ 10.5, 8.5, 11.0, 9.0 ] }
              }
            },
            {
              "name": "berry51",
              "from": [ 3.49, 2.0, 0.99 ], 
              "to": [ 3.5, 2.5, 1.49 ], 
              "rotationOrigin": [ 3.5, 2.0, 1.0 ],
              "faces": {
                "north": { "texture": "#blueberry", "uv": [ 13.5, 13.5, 14.0, 14.0 ] },
                "east": { "texture": "#blueberry", "uv": [ 0.0, 10.5, 0.5, 11.0 ] },
                "south": { "texture": "#blueberry", "uv": [ 1.0, 11.0, 1.5, 11.5 ] },
                "west": { "texture": "#blueberry", "uv": [ 2.5, 8.5, 3.0, 9.0 ] },
                "up": { "texture": "#blueberry", "uv": [ 11.5, 10.0, 12.0, 10.5 ] },
                "down": { "texture": "#blueberry", "uv": [ 7.5, 2.0, 8.0, 2.5 ] }
              }
            },
            {
              "name": "berry52",
              "from": [ 3.49, 1.5, 2.49 ], 
              "to": [ 3.5, 2.0, 2.99 ], 
              "rotationOrigin": [ 3.5, 1.5, 2.5 ],
              "faces": {
                "north": { "texture": "#blueberry", "uv": [ 3.5, 1.0, 4.0, 1.5 ] },
                "east": { "texture": "#blueberry", "uv": [ 4.5, 8.5, 5.0, 9.0 ] },
                "south": { "texture": "#blueberry", "uv": [ 2.5, 14.0, 3.0, 14.5 ] },
                "west": { "texture": "#blueberry", "uv": [ 0.0, 12.5, 0.5, 13.0 ] },
                "up": { "texture": "#blueberry", "uv": [ 9.5, 4.5, 10.0, 5.0 ] },
                "down": { "texture": "#blueberry", "uv": [ 14.0, 10.5, 14.5, 11.0 ] }
              }
            },
            {
              "name": "berry53",
              "from": [ 4.0, 2.5, 2.5 ], 
              "to": [ 4.5, 2.51, 3.01 ], 
              "rotationOrigin": [ 4.0, 2.5, 2.5 ],
              "faces": {
                "north": { "texture": "#blueberry", "uv": [ 2.0, 13.0, 2.5, 13.5 ] },
                "east": { "texture": "#blueberry", "uv": [ 12.5, 3.5, 13.0, 4.0 ] },
                "south": { "texture": "#blueberry", "uv": [ 6.0, 15.0, 6.5, 15.5 ] },
                "west": { "texture": "#blueberry", "uv": [ 5.0, 7.0, 5.5, 7.5 ] },
                "up": { "texture": "#blueberry", "uv": [ 15.0, 13.5, 15.5, 14.0 ] },
                "down": { "texture": "#blueberry", "uv": [ 12.0, 15.0, 12.5, 15.5 ] }
              }
            },
            {
              "name": "berry54",
              "from": [ 5.5, 2.5, 2.5 ], 
              "to": [ 6.0, 2.51, 3.0 ], 
              "rotationOrigin": [ 5.5, 2.5, 2.5 ],
              "faces": {
                "north": { "texture": "#blueberry", "uv": [ 2.5, 4.5, 3.0, 5.0 ] },
                "east": { "texture": "#blueberry", "uv": [ 0.0, 13.5, 0.5, 14.0 ] },
                "south": { "texture": "#blueberry", "uv": [ 15.0, 0.0, 15.5, 0.5 ] },
                "west": { "texture": "#blueberry", "uv": [ 8.5, 12.5, 9.0, 13.0 ] },
                "up": { "texture": "#blueberry", "uv": [ 10.0, 4.5, 10.5, 5.0 ] },
                "down": { "texture": "#blueberry", "uv": [ 5.0, 1.0, 5.5, 1.5 ] }
              }
            },
            {
              "name": "berry55",
              "from": [ 1.0, 2.5, 2.5 ], 
              "to": [ 1.5, 2.51, 3.0 ], 
              "rotationOrigin": [ 1.0, 2.5, 2.5 ],
              "faces": {
                "north": { "texture": "#blueberry", "uv": [ 14.0, 5.5, 14.5, 6.0 ] },
                "east": { "texture": "#blueberry", "uv": [ 14.5, 14.0, 15.0, 14.5 ] },
                "south": { "texture": "#blueberry", "uv": [ 15.0, 13.0, 15.5, 13.5 ] },
                "west": { "texture": "#blueberry", "uv": [ 7.0, 14.0, 7.5, 14.5 ] },
                "up": { "texture": "#blueberry", "uv": [ 1.0, 3.5, 1.5, 4.0 ] },
                "down": { "texture": "#blueberry", "uv": [ 2.5, 8.5, 3.0, 9.0 ] }
              }
            },
            {
              "name": "berry56",
              "from": [ -0.5, 2.5, 0.5 ], 
              "to": [ 0.0, 2.51, 1.0 ], 
              "rotationOrigin": [ -0.5, 2.5, 0.5 ],
              "faces": {
                "north": { "texture": "#blueberry", "uv": [ 4.0, 4.0, 4.5, 4.5 ] },
                "east": { "texture": "#blueberry", "uv": [ 14.0, 5.5, 14.5, 6.0 ] },
                "south": { "texture": "#blueberry", "uv": [ 14.5, 8.5, 15.0, 9.0 ] },
                "west": { "texture": "#blueberry", "uv": [ 6.5, 5.5, 7.0, 6.0 ] },
                "up": { "texture": "#blueberry", "uv": [ 4.5, 12.5, 5.0, 13.0 ] },
                "down": { "texture": "#blueberry", "uv": [ 3.5, 14.5, 4.0, 15.0 ] }
              }
            },
            {
              "name": "berry57",
              "from": [ 1.5, 2.5, -0.5 ], 
              "to": [ 2.0, 2.51, 0.0 ], 
              "rotationOrigin": [ 1.5, 2.5, -0.5 ],
              "faces": {
                "north": { "texture": "#blueberry", "uv": [ 14.0, 9.0, 14.5, 9.5 ] },
                "east": { "texture": "#blueberry", "uv": [ 0.5, 10.5, 1.0, 11.0 ] },
                "south": { "texture": "#blueberry", "uv": [ 9.0, 10.5, 9.5, 11.0 ] },
                "west": { "texture": "#blueberry", "uv": [ 10.0, 7.5, 10.5, 8.0 ] },
                "up": { "texture": "#blueberry", "uv": [ 7.5, 6.5, 8.0, 7.0 ] },
                "down": { "texture": "#blueberry", "uv": [ 3.0, 5.0, 3.5, 5.5 ] }
              }
            },
            {
              "name": "berry58",
              "from": [ 2.5, 2.5, 0.0 ], 
              "to": [ 3.0, 2.51, 0.5 ], 
              "rotationOrigin": [ 2.5, 2.5, 0.0 ],
              "faces": {
                "north": { "texture": "#blueberry", "uv": [ 2.0, 5.0, 2.5, 5.5 ] },
                "east": { "texture": "#blueberry", "uv": [ 13.5, 5.0, 14.0, 5.5 ] },
                "south": { "texture": "#blueberry", "uv": [ 1.5, 9.0, 2.0, 9.5 ] },
                "west": { "texture": "#blueberry", "uv": [ 0.5, 7.5, 1.0, 8.0 ] },
                "up": { "texture": "#blueberry", "uv": [ 6.0, 0.5, 6.5, 1.0 ] },
                "down": { "texture": "#blueberry", "uv": [ 13.5, 3.5, 14.0, 4.0 ] }
              }
            },
            {
              "name": "berry59",
              "from": [ 3.5, 2.5, 1.0 ], 
              "to": [ 4.0, 2.51, 1.5 ], 
              "rotationOrigin": [ 3.5, 2.5, 1.0 ],
              "faces": {
                "north": { "texture": "#blueberry", "uv": [ 7.5, 5.0, 8.0, 5.5 ] },
                "east": { "texture": "#blueberry", "uv": [ 8.0, 3.0, 8.5, 3.5 ] },
                "south": { "texture": "#blueberry", "uv": [ 3.0, 8.0, 3.5, 8.5 ] },
                "west": { "texture": "#blueberry", "uv": [ 2.0, 1.0, 2.5, 1.5 ] },
                "up": { "texture": "#blueberry", "uv": [ 10.0, 4.0, 10.5, 4.5 ] },
                "down": { "texture": "#blueberry", "uv": [ 13.0, 3.5, 13.5, 4.0 ] }
              }
            },
            {
              "name": "berry60",
              "from": [ 4.5, 2.5, -0.5 ], 
              "to": [ 5.0, 2.51, 0.0 ], 
              "rotationOrigin": [ 4.5, 2.5, -0.5 ],
              "faces": {
                "north": { "texture": "#blueberry", "uv": [ 2.5, 14.0, 3.0, 14.5 ] },
                "east": { "texture": "#blueberry", "uv": [ 3.5, 11.5, 4.0, 12.0 ] },
                "south": { "texture": "#blueberry", "uv": [ 3.5, 10.5, 4.0, 11.0 ] },
                "west": { "texture": "#blueberry", "uv": [ 8.0, 5.0, 8.5, 5.5 ] },
                "up": { "texture": "#blueberry", "uv": [ 10.0, 10.5, 10.5, 11.0 ] },
                "down": { "texture": "#blueberry", "uv": [ 0.5, 9.5, 1.0, 10.0 ] }
              }
            },
            {
              "name": "berry61",
              "from": [ 6.5, 2.5, 0.5 ], 
              "to": [ 7.0, 2.51, 1.0 ], 
              "rotationOrigin": [ 6.5, 2.5, 0.5 ],
              "faces": {
                "north": { "texture": "#blueberry", "uv": [ 14.0, 6.0, 14.5, 6.5 ] },
                "east": { "texture": "#blueberry", "uv": [ 5.0, 7.0, 5.5, 7.5 ] },
                "south": { "texture": "#blueberry", "uv": [ 12.0, 10.0, 12.5, 10.5 ] },
                "west": { "texture": "#blueberry", "uv": [ 3.5, 15.0, 4.0, 15.5 ] },
                "up": { "texture": "#blueberry", "uv": [ 9.0, 2.5, 9.5, 3.0 ] },
                "down": { "texture": "#blueberry", "uv": [ 10.5, 13.0, 11.0, 13.5 ] }
              }
            },
            {
              "name": "berry62",
              "from": [ 6.0, 3.0, 1.0 ], 
              "to": [ 6.51, 3.01, 1.5 ], 
              "rotationOrigin": [ 6.0, 3.0, 1.0 ],
              "faces": {
                "north": { "texture": "#blueberry", "uv": [ 13.5, 14.5, 14.0, 15.0 ] },
                "east": { "texture": "#blueberry", "uv": [ 11.0, 8.5, 11.5, 9.0 ] },
                "south": { "texture": "#blueberry", "uv": [ 7.0, 15.0, 7.5, 15.5 ] },
                "west": { "texture": "#blueberry", "uv": [ 2.0, 3.5, 2.5, 4.0 ] },
                "up": { "texture": "#blueberry", "uv": [ 5.0, 11.0, 5.5, 11.5 ] },
                "down": { "texture": "#blueberry", "uv": [ 3.0, 5.0, 3.5, 5.5 ] }
              }
            },
            {
              "name": "berry63",
              "from": [ 5.0, 3.0, 1.5 ], 
              "to": [ 5.5, 3.01, 2.0 ], 
              "rotationOrigin": [ 5.0, 3.0, 1.5 ],
              "faces": {
                "north": { "texture": "#blueberry", "uv": [ 15.0, 14.5, 15.5, 15.0 ] },
                "east": { "texture": "#blueberry", "uv": [ 11.5, 14.0, 12.0, 14.5 ] },
                "south": { "texture": "#blueberry", "uv": [ 12.5, 11.0, 13.0, 11.5 ] },
                "west": { "texture": "#blueberry", "uv": [ 1.0, 4.5, 1.5, 5.0 ] },
                "up": { "texture": "#blueberry", "uv": [ 5.5, 13.5, 6.0, 14.0 ] },
                "down": { "texture": "#blueberry", "uv": [ 2.0, 3.0, 2.5, 3.5 ] }
              }
            },
            {
              "name": "berry64",
              "from": [ 5.5, 3.0, 0.0 ], 
              "to": [ 6.0, 3.01, 0.5 ], 
              "rotationOrigin": [ 5.5, 3.0, 0.0 ],
              "faces": {
                "north": { "texture": "#blueberry", "uv": [ 8.5, 11.5, 9.0, 12.0 ] },
                "east": { "texture": "#blueberry", "uv": [ 14.0, 10.0, 14.5, 10.5 ] },
                "south": { "texture": "#blueberry", "uv": [ 1.5, 15.0, 2.0, 15.5 ] },
                "west": { "texture": "#blueberry", "uv": [ 14.0, 9.0, 14.5, 9.5 ] },
                "up": { "texture": "#blueberry", "uv": [ 3.5, 14.5, 4.0, 15.0 ] },
                "down": { "texture": "#blueberry", "uv": [ 9.0, 8.0, 9.5, 8.5 ] }
              }
            },
            {
              "name": "berry65",
              "from": [ 4.5, 3.0, 0.0 ], 
              "to": [ 5.0, 3.01, 0.5 ], 
              "rotationOrigin": [ 4.5, 3.0, 0.0 ],
              "faces": {
                "north": { "texture": "#blueberry", "uv": [ 14.5, 11.5, 15.0, 12.0 ] },
                "east": { "texture": "#blueberry", "uv": [ 6.5, 13.0, 7.0, 13.5 ] },
                "south": { "texture": "#blueberry", "uv": [ 14.0, 12.0, 14.5, 12.5 ] },
                "west": { "texture": "#blueberry", "uv": [ 6.0, 10.0, 6.5, 10.5 ] },
                "up": { "texture": "#blueberry", "uv": [ 11.0, 5.5, 11.5, 6.0 ] },
                "down": { "texture": "#blueberry", "uv": [ 4.0, 6.5, 4.5, 7.0 ] }
              }
            },
            {
              "name": "berry66",
              "from": [ 2.0, 3.0, -0.01 ], 
              "to": [ 2.51, 3.01, 0.5 ], 
              "rotationOrigin": [ 2.0, 3.0, 0.0 ],
              "faces": {
                "north": { "texture": "#blueberry", "uv": [ 11.5, 6.0, 12.0, 6.5 ] },
                "east": { "texture": "#blueberry", "uv": [ 10.5, 7.5, 11.0, 8.0 ] },
                "south": { "texture": "#blueberry", "uv": [ 0.0, 11.0, 0.5, 11.5 ] },
                "west": { "texture": "#blueberry", "uv": [ 2.5, 4.5, 3.0, 5.0 ] },
                "up": { "texture": "#blueberry", "uv": [ 4.0, 2.5, 4.5, 3.0 ] },
                "down": { "texture": "#blueberry", "uv": [ 6.0, 13.0, 6.5, 13.5 ] }
              }
            },
            {
              "name": "berry67",
              "from": [ 2.51, 2.5, 0.0 ], 
              "to": [ 2.52, 3.0, 0.5 ], 
              "rotationOrigin": [ 2.5, 2.5, 0.0 ],
              "faces": {
                "north": { "texture": "#blueberry", "uv": [ 5.0, 13.5, 5.5, 14.0 ] },
                "east": { "texture": "#blueberry", "uv": [ 5.0, 11.0, 5.5, 11.5 ] },
                "south": { "texture": "#blueberry", "uv": [ 13.5, 13.0, 14.0, 13.5 ] },
                "west": { "texture": "#blueberry", "uv": [ 6.5, 1.5, 7.0, 2.0 ] },
                "up": { "texture": "#blueberry", "uv": [ 9.0, 8.0, 9.5, 8.5 ] },
                "down": { "texture": "#blueberry", "uv": [ 6.5, 14.0, 7.0, 14.5 ] }
              }
            },
            {
              "name": "berry68",
              "from": [ 0.5, 3.0, 0.0 ], 
              "to": [ 1.0, 3.01, 0.5 ], 
              "rotationOrigin": [ 0.5, 3.0, 0.0 ],
              "faces": {
                "north": { "texture": "#blueberry", "uv": [ 8.0, 10.0, 8.5, 10.5 ] },
                "east": { "texture": "#blueberry", "uv": [ 5.5, 13.0, 6.0, 13.5 ] },
                "south": { "texture": "#blueberry", "uv": [ 12.5, 8.5, 13.0, 9.0 ] },
                "west": { "texture": "#blueberry", "uv": [ 10.0, 11.5, 10.5, 12.0 ] },
                "up": { "texture": "#blueberry", "uv": [ 7.0, 1.0, 7.5, 1.5 ] },
                "down": { "texture": "#blueberry", "uv": [ 11.5, 5.5, 12.0, 6.0 ] }
              }
            },
            {
              "name": "berry69",
              "from": [ -0.01, 3.0, 2.0 ], 
              "to": [ 0.5, 3.01, 2.51 ], 
              "rotationOrigin": [ 0.0, 3.0, 2.0 ],
              "faces": {
                "north": { "texture": "#blueberry", "uv": [ 4.5, 6.0, 5.0, 6.5 ] },
                "east": { "texture": "#blueberry", "uv": [ 8.0, 7.5, 8.5, 8.0 ] },
                "south": { "texture": "#blueberry", "uv": [ 7.5, 13.5, 8.0, 14.0 ] },
                "west": { "texture": "#blueberry", "uv": [ 5.0, 5.5, 5.5, 6.0 ] },
                "up": { "texture": "#blueberry", "uv": [ 3.5, 0.0, 4.0, 0.5 ] },
                "down": { "texture": "#blueberry", "uv": [ 9.5, 2.5, 10.0, 3.0 ] }
              }
            },
            {
              "name": "berry70",
              "from": [ 1.0, 3.0, 2.0 ], 
              "to": [ 1.5, 3.01, 2.51 ], 
              "rotationOrigin": [ 1.0, 3.0, 2.0 ],
              "faces": {
                "north": { "texture": "#blueberry", "uv": [ 10.5, 8.5, 11.0, 9.0 ] },
                "east": { "texture": "#blueberry", "uv": [ 1.0, 12.0, 1.5, 12.5 ] },
                "south": { "texture": "#blueberry", "uv": [ 11.5, 14.0, 12.0, 14.5 ] },
                "west": { "texture": "#blueberry", "uv": [ 12.0, 2.0, 12.5, 2.5 ] },
                "up": { "texture": "#blueberry", "uv": [ 11.0, 10.5, 11.5, 11.0 ] },
                "down": { "texture": "#blueberry", "uv": [ 8.5, 14.0, 9.0, 14.5 ] }
              }
            },
            {
              "name": "berry71",
              "from": [ 2.0, 3.0, 1.5 ], 
              "to": [ 2.51, 3.01, 2.0 ], 
              "rotationOrigin": [ 2.0, 3.0, 1.5 ],
              "faces": {
                "north": { "texture": "#blueberry", "uv": [ 8.5, 10.5, 9.0, 11.0 ] },
                "east": { "texture": "#blueberry", "uv": [ 14.5, 3.5, 15.0, 4.0 ] },
                "south": { "texture": "#blueberry", "uv": [ 3.5, 7.0, 4.0, 7.5 ] },
                "west": { "texture": "#blueberry", "uv": [ 5.0, 12.5, 5.5, 13.0 ] },
                "up": { "texture": "#blueberry", "uv": [ 14.5, 14.5, 15.0, 15.0 ] },
                "down": { "texture": "#blueberry", "uv": [ 1.0, 13.5, 1.5, 14.0 ] }
              }
            },
            {
              "name": "berry74",
              "from": [ -0.01, 2.5, 2.0 ], 
              "to": [ 0.0, 3.0, 2.5 ], 
              "rotationOrigin": [ 0.0, 2.5, 2.0 ],
              "faces": {
                "north": { "texture": "#blueberry", "uv": [ 12.0, 6.5, 12.5, 7.0 ] },
                "east": { "texture": "#blueberry", "uv": [ 8.0, 8.0, 8.5, 8.5 ] },
                "south": { "texture": "#blueberry", "uv": [ 8.0, 12.0, 8.5, 12.5 ] },
                "west": { "texture": "#blueberry", "uv": [ 6.5, 11.5, 7.0, 12.0 ] },
                "up": { "texture": "#blueberry", "uv": [ 1.0, 3.0, 1.5, 3.5 ] },
                "down": { "texture": "#blueberry", "uv": [ 11.5, 13.0, 12.0, 13.5 ] }
              }
            },
            {
              "name": "berry289",
              "from": [ 6.51, 1.49, 2.5 ], 
              "to": [ 7.01, 1.5, 3.0 ], 
              "rotationOrigin": [ 6.5, 1.5, 2.5 ],
              "faces": {
                "north": { "texture": "#blueberry", "uv": [ 3.0, 11.5, 3.5, 12.0 ] },
                "east": { "texture": "#blueberry", "uv": [ 15.0, 0.5, 15.5, 1.0 ] },
                "south": { "texture": "#blueberry", "uv": [ 5.5, 1.5, 6.0, 2.0 ] },
                "west": { "texture": "#blueberry", "uv": [ 2.5, 7.0, 3.0, 7.5 ] },
                "up": { "texture": "#blueberry", "uv": [ 2.0, 4.0, 2.5, 4.5 ] },
                "down": { "texture": "#blueberry", "uv": [ 15.0, 7.0, 15.5, 7.5 ] }
              }
            },
            {
              "name": "berry290",
              "from": [ 6.01, 1.49, -0.5 ], 
              "to": [ 6.51, 1.5, 0.0 ], 
              "rotationOrigin": [ 6.0, 1.5, -0.5 ],
              "faces": {
                "north": { "texture": "#blueberry", "uv": [ 3.0, 11.5, 3.5, 12.0 ] },
                "east": { "texture": "#blueberry", "uv": [ 15.0, 0.5, 15.5, 1.0 ] },
                "south": { "texture": "#blueberry", "uv": [ 5.5, 1.5, 6.0, 2.0 ] },
                "west": { "texture": "#blueberry", "uv": [ 2.5, 7.0, 3.0, 7.5 ] },
                "up": { "texture": "#blueberry", "uv": [ 2.0, 4.0, 2.5, 4.5 ] },
                "down": { "texture": "#blueberry", "uv": [ 15.0, 7.0, 15.5, 7.5 ] }
              }
            },
            {
              "name": "berry291",
              "from": [ 2.51, 1.49, 2.5 ], 
              "to": [ 3.01, 1.5, 3.0 ], 
              "rotationOrigin": [ 2.5, 1.5, 2.5 ],
              "faces": {
                "north": { "texture": "#blueberry", "uv": [ 3.0, 11.5, 3.5, 12.0 ] },
                "east": { "texture": "#blueberry", "uv": [ 15.0, 0.5, 15.5, 1.0 ] },
                "south": { "texture": "#blueberry", "uv": [ 5.5, 1.5, 6.0, 2.0 ] },
                "west": { "texture": "#blueberry", "uv": [ 2.5, 7.0, 3.0, 7.5 ] },
                "up": { "texture": "#blueberry", "uv": [ 2.0, 4.0, 2.5, 4.5 ] },
                "down": { "texture": "#blueberry", "uv": [ 15.0, 7.0, 15.5, 7.5 ] }
              }
            },
            {
              "name": "berry292",
              "from": [ 0.01, 1.49, 2.5 ], 
              "to": [ 0.51, 1.5, 3.0 ], 
              "rotationOrigin": [ 0.0, 1.5, 2.5 ],
              "faces": {
                "north": { "texture": "#blueberry", "uv": [ 3.0, 11.5, 3.5, 12.0 ] },
                "east": { "texture": "#blueberry", "uv": [ 15.0, 0.5, 15.5, 1.0 ] },
                "south": { "texture": "#blueberry", "uv": [ 5.5, 1.5, 6.0, 2.0 ] },
                "west": { "texture": "#blueberry", "uv": [ 2.5, 7.0, 3.0, 7.5 ] },
                "up": { "texture": "#blueberry", "uv": [ 2.0, 4.0, 2.5, 4.5 ] },
                "down": { "texture": "#blueberry", "uv": [ 15.0, 7.0, 15.5, 7.5 ] }
              }
            },
            {
              "name": "berry293",
              "from": [ -0.5, 1.49, -0.5 ], 
              "to": [ 0.0, 1.5, 0.0 ], 
              "rotationOrigin": [ -0.5, 1.5, -0.5 ],
              "faces": {
                "north": { "texture": "#blueberry", "uv": [ 3.0, 11.5, 3.5, 12.0 ] },
                "east": { "texture": "#blueberry", "uv": [ 15.0, 0.5, 15.5, 1.0 ] },
                "south": { "texture": "#blueberry", "uv": [ 5.5, 1.5, 6.0, 2.0 ] },
                "west": { "texture": "#blueberry", "uv": [ 2.5, 7.0, 3.0, 7.5 ] },
                "up": { "texture": "#blueberry", "uv": [ 2.0, 4.0, 2.5, 4.5 ] },
                "down": { "texture": "#blueberry", "uv": [ 15.0, 7.0, 15.5, 7.5 ] }
              }
            },
            {
              "name": "berry294",
              "from": [ 3.5, 1.49, -0.5 ], 
              "to": [ 4.0, 1.5, 0.0 ], 
              "rotationOrigin": [ 3.5, 1.5, -0.5 ],
              "faces": {
                "north": { "texture": "#blueberry", "uv": [ 3.0, 11.5, 3.5, 12.0 ] },
                "east": { "texture": "#blueberry", "uv": [ 15.0, 0.5, 15.5, 1.0 ] },
                "south": { "texture": "#blueberry", "uv": [ 5.5, 1.5, 6.0, 2.0 ] },
                "west": { "texture": "#blueberry", "uv": [ 2.5, 7.0, 3.0, 7.5 ] },
                "up": { "texture": "#blueberry", "uv": [ 2.0, 4.0, 2.5, 4.5 ] },
                "down": { "texture": "#blueberry", "uv": [ 15.0, 7.0, 15.5, 7.5 ] }
              }
            },
            {
              "name": "berry326",
              "from": [ 6.01, -0.01, 1.5 ], 
              "to": [ 6.51, 0.0, 2.0 ], 
              "rotationOrigin": [ 6.0, 0.0, 1.5 ],
              "faces": {
                "north": { "texture": "#blueberry", "uv": [ 3.0, 11.5, 3.5, 12.0 ] },
                "east": { "texture": "#blueberry", "uv": [ 15.0, 0.5, 15.5, 1.0 ] },
                "south": { "texture": "#blueberry", "uv": [ 5.5, 1.5, 6.0, 2.0 ] },
                "west": { "texture": "#blueberry", "uv": [ 2.5, 7.0, 3.0, 7.5 ] },
                "up": { "texture": "#blueberry", "uv": [ 2.0, 4.0, 2.5, 4.5 ] },
                "down": { "texture": "#blueberry", "uv": [ 15.0, 7.0, 15.5, 7.5 ] }
              }
            },
            {
              "name": "berry327",
              "from": [ 4.01, -0.01, 2.0 ], 
              "to": [ 4.51, 0.0, 2.5 ], 
              "rotationOrigin": [ 4.0, 0.0, 2.0 ],
              "faces": {
                "north": { "texture": "#blueberry", "uv": [ 3.0, 11.5, 3.5, 12.0 ] },
                "east": { "texture": "#blueberry", "uv": [ 15.0, 0.5, 15.5, 1.0 ] },
                "south": { "texture": "#blueberry", "uv": [ 5.5, 1.5, 6.0, 2.0 ] },
                "west": { "texture": "#blueberry", "uv": [ 2.5, 7.0, 3.0, 7.5 ] },
                "up": { "texture": "#blueberry", "uv": [ 2.0, 4.0, 2.5, 4.5 ] },
                "down": { "texture": "#blueberry", "uv": [ 15.0, 7.0, 15.5, 7.5 ] }
              }
            },
            {
              "name": "berry328",
              "from": [ 5.01, -0.01, 0.0 ], 
              "to": [ 5.51, 0.0, 0.5 ], 
              "rotationOrigin": [ 5.0, 0.0, 0.0 ],
              "faces": {
                "north": { "texture": "#blueberry", "uv": [ 3.0, 11.5, 3.5, 12.0 ] },
                "east": { "texture": "#blueberry", "uv": [ 15.0, 0.5, 15.5, 1.0 ] },
                "south": { "texture": "#blueberry", "uv": [ 5.5, 1.5, 6.0, 2.0 ] },
                "west": { "texture": "#blueberry", "uv": [ 2.5, 7.0, 3.0, 7.5 ] },
                "up": { "texture": "#blueberry", "uv": [ 2.0, 4.0, 2.5, 4.5 ] },
                "down": { "texture": "#blueberry", "uv": [ 15.0, 7.0, 15.5, 7.5 ] }
              }
            },
            {
              "name": "berry329",
              "from": [ 5.01, -0.01, 1.5 ], 
              "to": [ 5.51, 0.0, 2.0 ], 
              "rotationOrigin": [ 5.0, 0.0, 1.5 ],
              "faces": {
                "north": { "texture": "#blueberry", "uv": [ 3.0, 11.5, 3.5, 12.0 ] },
                "east": { "texture": "#blueberry", "uv": [ 15.0, 0.5, 15.5, 1.0 ] },
                "south": { "texture": "#blueberry", "uv": [ 5.5, 1.5, 6.0, 2.0 ] },
                "west": { "texture": "#blueberry", "uv": [ 2.5, 7.0, 3.0, 7.5 ] },
                "up": { "texture": "#blueberry", "uv": [ 2.0, 4.0, 2.5, 4.5 ] },
                "down": { "texture": "#blueberry", "uv": [ 15.0, 7.0, 15.5, 7.5 ] }
              }
            },
            {
              "name": "berry330",
              "from": [ 0.01, -0.01, 0.0 ], 
              "to": [ 0.51, 0.0, 0.5 ], 
              "rotationOrigin": [ 0.0, 0.0, 0.0 ],
              "faces": {
                "north": { "texture": "#blueberry", "uv": [ 3.0, 11.5, 3.5, 12.0 ] },
                "east": { "texture": "#blueberry", "uv": [ 15.0, 0.5, 15.5, 1.0 ] },
                "south": { "texture": "#blueberry", "uv": [ 5.5, 1.5, 6.0, 2.0 ] },
                "west": { "texture": "#blueberry", "uv": [ 2.5, 7.0, 3.0, 7.5 ] },
                "up": { "texture": "#blueberry", "uv": [ 2.0, 4.0, 2.5, 4.5 ] },
                "down": { "texture": "#blueberry", "uv": [ 15.0, 7.0, 15.5, 7.5 ] }
              }
            },
            {
              "name": "berry331",
              "from": [ 0.01, -0.01, 1.5 ], 
              "to": [ 0.51, 0.0, 2.0 ], 
              "rotationOrigin": [ 0.0, 0.0, 1.5 ],
              "faces": {
                "north": { "texture": "#blueberry", "uv": [ 3.0, 11.5, 3.5, 12.0 ] },
                "east": { "texture": "#blueberry", "uv": [ 15.0, 0.5, 15.5, 1.0 ] },
                "south": { "texture": "#blueberry", "uv": [ 5.5, 1.5, 6.0, 2.0 ] },
                "west": { "texture": "#blueberry", "uv": [ 2.5, 7.0, 3.0, 7.5 ] },
                "up": { "texture": "#blueberry", "uv": [ 2.0, 4.0, 2.5, 4.5 ] },
                "down": { "texture": "#blueberry", "uv": [ 15.0, 7.0, 15.5, 7.5 ] }
              }
            },
            {
              "name": "berry332",
              "from": [ 0.51, -0.01, 2.0 ], 
              "to": [ 1.01, 0.0, 2.5 ], 
              "rotationOrigin": [ 0.5, 0.0, 2.0 ],
              "faces": {
                "north": { "texture": "#blueberry", "uv": [ 3.0, 11.5, 3.5, 12.0 ] },
                "east": { "texture": "#blueberry", "uv": [ 15.0, 0.5, 15.5, 1.0 ] },
                "south": { "texture": "#blueberry", "uv": [ 5.5, 1.5, 6.0, 2.0 ] },
                "west": { "texture": "#blueberry", "uv": [ 2.5, 7.0, 3.0, 7.5 ] },
                "up": { "texture": "#blueberry", "uv": [ 2.0, 4.0, 2.5, 4.5 ] },
                "down": { "texture": "#blueberry", "uv": [ 15.0, 7.0, 15.5, 7.5 ] }
              }
            },
            {
              "name": "berry333",
              "from": [ 1.51, -0.01, 1.0 ], 
              "to": [ 2.01, 0.0, 1.5 ], 
              "rotationOrigin": [ 1.5, 0.0, 1.0 ],
              "faces": {
                "north": { "texture": "#blueberry", "uv": [ 3.0, 11.5, 3.5, 12.0 ] },
                "east": { "texture": "#blueberry", "uv": [ 15.0, 0.5, 15.5, 1.0 ] },
                "south": { "texture": "#blueberry", "uv": [ 5.5, 1.5, 6.0, 2.0 ] },
                "west": { "texture": "#blueberry", "uv": [ 2.5, 7.0, 3.0, 7.5 ] },
                "up": { "texture": "#blueberry", "uv": [ 2.0, 4.0, 2.5, 4.5 ] },
                "down": { "texture": "#blueberry", "uv": [ 15.0, 7.0, 15.5, 7.5 ] }
              }
            }
          ]
        }
      ]
    }
  ]}