{
	"editor": {
		"allAngles": false,
		"entityTextureMode": false
	},
	"textureWidth": 16,
	"textureHeight": 16,
	"textureSizes": {
	},
	"textures": {
		"redcurrant": "item/food/grain/overlays/redcurrant",
	},
	"elements": [
		{
			"name": "berries",
			"from": [ 4.75, 0.0, 7.0 ], 
			"to": [ 4.75, 0.0, 7.0 ], 
			"rotationOrigin": [ 4.7, 0.0, 7.0 ],
			"faces": {
				"north": { "texture": "#redcurrant", "uv": [ 0.0, 0.0, 0.5, 0.5 ] },
				"east": { "texture": "#redcurrant", "uv": [ 0.0, 0.0, 0.5, 0.5 ] },
				"south": { "texture": "#redcurrant", "uv": [ 0.0, 0.0, 0.5, 0.5 ] },
				"west": { "texture": "#redcurrant", "uv": [ 0.0, 0.0, 0.5, 0.5 ] },
				"up": { "texture": "#redcurrant", "uv": [ 0.0, 0.0, 0.5, 0.5 ] },
				"down": { "texture": "#redcurrant", "uv": [ 0.0, 0.0, 0.5, 0.5 ] }
			},
			"children": [
				{
					"name": "redcurrant",
					"from": [ 0.0, 0.0, -0.01 ], 
					"to": [ 0.0, 0.0, -0.01 ], 
					"faces": {
						"north": { "texture": "#redcurrant", "uv": [ 7.0, 5.5, 7.5, 6.0 ] },
						"east": { "texture": "#redcurrant", "uv": [ 5.5, 13.0, 6.0, 13.5 ] },
						"south": { "texture": "#redcurrant", "uv": [ 7.0, 7.0, 7.5, 7.5 ] },
						"west": { "texture": "#redcurrant", "uv": [ 10.5, 11.0, 11.0, 11.5 ] },
						"up": { "texture": "#redcurrant", "uv": [ 11.0, 3.5, 11.5, 4.0 ] },
						"down": { "texture": "#redcurrant", "uv": [ 3.0, 15.0, 3.5, 15.5 ] }
					},
					"children": [
						{
							"name": "berry185",
							"from": [ 1.5, 0.5, 0.0 ], 
							"to": [ 2.0, 1.0, 0.01 ], 
							"rotationOrigin": [ 1.5, 0.5, 0.0 ],
							"faces": {
								"north": { "texture": "#redcurrant", "uv": [ 9.5, 6.0, 10.0, 6.5 ] },
								"east": { "texture": "#redcurrant", "uv": [ 1.0, 6.0, 1.5, 6.5 ] },
								"south": { "texture": "#redcurrant", "uv": [ 5.0, 8.5, 5.5, 9.0 ] },
								"west": { "texture": "#redcurrant", "uv": [ 4.0, 5.0, 4.5, 5.5 ] },
								"up": { "texture": "#redcurrant", "uv": [ 0.0, 7.0, 0.5, 7.5 ] },
								"down": { "texture": "#redcurrant", "uv": [ 7.5, 4.0, 8.0, 4.5 ] }
							}
						},
						{
							"name": "berry187",
							"from": [ 0.5, 0.0, 0.0 ], 
							"to": [ 1.0, 0.5, 0.01 ], 
							"rotationOrigin": [ 0.5, 0.0, 0.0 ],
							"faces": {
								"north": { "texture": "#redcurrant", "uv": [ 14.5, 13.5, 15.0, 14.0 ] },
								"east": { "texture": "#redcurrant", "uv": [ 8.5, 12.5, 9.0, 13.0 ] },
								"south": { "texture": "#redcurrant", "uv": [ 4.0, 14.5, 4.5, 15.0 ] },
								"west": { "texture": "#redcurrant", "uv": [ 9.5, 6.0, 10.0, 6.5 ] },
								"up": { "texture": "#redcurrant", "uv": [ 6.0, 7.5, 6.5, 8.0 ] },
								"down": { "texture": "#redcurrant", "uv": [ 14.5, 13.0, 15.0, 13.5 ] }
							}
						},
						{
							"name": "berry188",
							"from": [ 5.0, 1.0, 0.0 ], 
							"to": [ 5.5, 1.5, 0.01 ], 
							"rotationOrigin": [ 5.0, 1.0, 0.0 ],
							"faces": {
								"north": { "texture": "#redcurrant", "uv": [ 12.5, 9.0, 13.0, 9.5 ] },
								"east": { "texture": "#redcurrant", "uv": [ 12.0, 14.0, 12.5, 14.5 ] },
								"south": { "texture": "#redcurrant", "uv": [ 8.5, 9.0, 9.0, 9.5 ] },
								"west": { "texture": "#redcurrant", "uv": [ 7.5, 5.5, 8.0, 6.0 ] },
								"up": { "texture": "#redcurrant", "uv": [ 15.0, 11.5, 15.5, 12.0 ] },
								"down": { "texture": "#redcurrant", "uv": [ 9.0, 14.5, 9.5, 15.0 ] }
							}
						},
						{
							"name": "berry189",
							"from": [ 5.5, 0.0, 0.0 ], 
							"to": [ 6.0, 0.5, 0.01 ], 
							"rotationOrigin": [ 5.5, 0.0, 0.0 ],
							"faces": {
								"north": { "texture": "#redcurrant", "uv": [ 0.5, 7.0, 1.0, 7.5 ] },
								"east": { "texture": "#redcurrant", "uv": [ 8.5, 10.0, 9.0, 10.5 ] },
								"south": { "texture": "#redcurrant", "uv": [ 4.0, 9.0, 4.5, 9.5 ] },
								"west": { "texture": "#redcurrant", "uv": [ 5.5, 5.5, 6.0, 6.0 ] },
								"up": { "texture": "#redcurrant", "uv": [ 15.0, 1.0, 15.5, 1.5 ] },
								"down": { "texture": "#redcurrant", "uv": [ 10.0, 6.5, 10.5, 7.0 ] }
							}
						},
						{
							"name": "berry190",
							"from": [ 5.0, 2.5, 0.0 ], 
							"to": [ 5.5, 3.0, 0.01 ], 
							"rotationOrigin": [ 5.0, 2.5, 0.0 ],
							"faces": {
								"north": { "texture": "#redcurrant", "uv": [ 1.0, 14.5, 1.5, 15.0 ] },
								"east": { "texture": "#redcurrant", "uv": [ 10.5, 3.0, 11.0, 3.5 ] },
								"south": { "texture": "#redcurrant", "uv": [ 2.5, 13.0, 3.0, 13.5 ] },
								"west": { "texture": "#redcurrant", "uv": [ 8.0, 14.0, 8.5, 14.5 ] },
								"up": { "texture": "#redcurrant", "uv": [ 9.5, 11.0, 10.0, 11.5 ] },
								"down": { "texture": "#redcurrant", "uv": [ 2.0, 11.0, 2.5, 11.5 ] }
							}
						},
						{
							"name": "berry191",
							"from": [ 6.5, 0.0, 0.0 ], 
							"to": [ 6.51, 0.5, 0.51 ], 
							"rotationOrigin": [ 6.5, 0.0, 0.0 ],
							"faces": {
								"north": { "texture": "#redcurrant", "uv": [ 1.0, 8.5, 1.5, 9.0 ] },
								"east": { "texture": "#redcurrant", "uv": [ 10.5, 13.5, 11.0, 14.0 ] },
								"south": { "texture": "#redcurrant", "uv": [ 11.0, 8.5, 11.5, 9.0 ] },
								"west": { "texture": "#redcurrant", "uv": [ 9.0, 7.5, 9.5, 8.0 ] },
								"up": { "texture": "#redcurrant", "uv": [ 9.0, 11.0, 9.5, 11.5 ] },
								"down": { "texture": "#redcurrant", "uv": [ 9.5, 3.0, 10.0, 3.5 ] }
							}
						},
						{
							"name": "berry192",
							"from": [ 6.5, 1.0, 1.0 ], 
							"to": [ 6.51, 1.5, 1.5 ], 
							"rotationOrigin": [ 6.5, 1.0, 1.0 ],
							"faces": {
								"north": { "texture": "#redcurrant", "uv": [ 4.5, 1.5, 5.0, 2.0 ] },
								"east": { "texture": "#redcurrant", "uv": [ 0.0, 8.0, 0.5, 8.5 ] },
								"south": { "texture": "#redcurrant", "uv": [ 4.5, 13.0, 5.0, 13.5 ] },
								"west": { "texture": "#redcurrant", "uv": [ 5.0, 8.0, 5.5, 8.5 ] },
								"up": { "texture": "#redcurrant", "uv": [ 9.5, 11.5, 10.0, 12.0 ] },
								"down": { "texture": "#redcurrant", "uv": [ 4.0, 6.5, 4.5, 7.0 ] }
							}
						},
						{
							"name": "berry193",
							"from": [ 6.5, 1.0, 2.0 ], 
							"to": [ 6.51, 1.5, 2.51 ], 
							"rotationOrigin": [ 6.5, 1.0, 2.0 ],
							"faces": {
								"north": { "texture": "#redcurrant", "uv": [ 9.5, 9.0, 10.0, 9.5 ] },
								"east": { "texture": "#redcurrant", "uv": [ 2.5, 3.0, 3.0, 3.5 ] },
								"south": { "texture": "#redcurrant", "uv": [ 7.0, 8.0, 7.5, 8.5 ] },
								"west": { "texture": "#redcurrant", "uv": [ 5.5, 3.0, 6.0, 3.5 ] },
								"up": { "texture": "#redcurrant", "uv": [ 5.0, 7.5, 5.5, 8.0 ] },
								"down": { "texture": "#redcurrant", "uv": [ 8.0, 2.5, 8.5, 3.0 ] }
							}
						},
						{
							"name": "berry194",
							"from": [ 2.5, 1.0, 1.5 ], 
							"to": [ 2.51, 1.5, 2.01 ], 
							"rotationOrigin": [ 2.5, 1.0, 1.5 ],
							"faces": {
								"north": { "texture": "#redcurrant", "uv": [ 0.5, 7.5, 1.0, 8.0 ] },
								"east": { "texture": "#redcurrant", "uv": [ 9.0, 2.0, 9.5, 2.5 ] },
								"south": { "texture": "#redcurrant", "uv": [ 12.5, 3.0, 13.0, 3.5 ] },
								"west": { "texture": "#redcurrant", "uv": [ 14.0, 9.5, 14.5, 10.0 ] },
								"up": { "texture": "#redcurrant", "uv": [ 13.5, 2.5, 14.0, 3.0 ] },
								"down": { "texture": "#redcurrant", "uv": [ 3.0, 7.5, 3.5, 8.0 ] }
							}
						},
						{
							"name": "berry195",
							"from": [ 2.5, 0.0, 1.0 ], 
							"to": [ 2.51, 0.5, 1.51 ], 
							"rotationOrigin": [ 2.5, 0.0, 1.0 ],
							"faces": {
								"north": { "texture": "#redcurrant", "uv": [ 3.0, 13.5, 3.5, 14.0 ] },
								"east": { "texture": "#redcurrant", "uv": [ 8.5, 1.0, 9.0, 1.5 ] },
								"south": { "texture": "#redcurrant", "uv": [ 8.5, 7.5, 9.0, 8.0 ] },
								"west": { "texture": "#redcurrant", "uv": [ 15.0, 10.5, 15.5, 11.0 ] },
								"up": { "texture": "#redcurrant", "uv": [ 14.5, 10.5, 15.0, 11.0 ] },
								"down": { "texture": "#redcurrant", "uv": [ 4.0, 2.5, 4.5, 3.0 ] }
							}
						},
						{
							"name": "berry196",
							"from": [ 6.0, 1.0, 2.51 ], 
							"to": [ 6.5, 1.5, 2.52 ], 
							"rotationOrigin": [ 6.0, 1.0, 2.5 ],
							"faces": {
								"north": { "texture": "#redcurrant", "uv": [ 10.0, 0.5, 10.5, 1.0 ] },
								"east": { "texture": "#redcurrant", "uv": [ 4.0, 3.0, 4.5, 3.5 ] },
								"south": { "texture": "#redcurrant", "uv": [ 11.5, 8.5, 12.0, 9.0 ] },
								"west": { "texture": "#redcurrant", "uv": [ 5.0, 13.0, 5.5, 13.5 ] },
								"up": { "texture": "#redcurrant", "uv": [ 0.0, 5.0, 0.5, 5.5 ] },
								"down": { "texture": "#redcurrant", "uv": [ 3.5, 14.0, 4.0, 14.5 ] }
							}
						},
						{
							"name": "berry197",
							"from": [ 5.0, 0.0, 2.51 ], 
							"to": [ 5.5, 0.5, 2.52 ], 
							"rotationOrigin": [ 5.0, 0.0, 2.5 ],
							"faces": {
								"north": { "texture": "#redcurrant", "uv": [ 10.0, 1.0, 10.5, 1.5 ] },
								"east": { "texture": "#redcurrant", "uv": [ 13.5, 10.5, 14.0, 11.0 ] },
								"south": { "texture": "#redcurrant", "uv": [ 1.5, 2.0, 2.0, 2.5 ] },
								"west": { "texture": "#redcurrant", "uv": [ 2.5, 12.5, 3.0, 13.0 ] },
								"up": { "texture": "#redcurrant", "uv": [ 7.5, 6.5, 8.0, 7.0 ] },
								"down": { "texture": "#redcurrant", "uv": [ 0.0, 12.0, 0.5, 12.5 ] }
							}
						},
						{
							"name": "berry199",
							"from": [ 1.5, 0.5, 2.51 ], 
							"to": [ 2.0, 1.0, 2.52 ], 
							"rotationOrigin": [ 1.5, 0.5, 2.5 ],
							"faces": {
								"north": { "texture": "#redcurrant", "uv": [ 9.0, 6.5, 9.5, 7.0 ] },
								"east": { "texture": "#redcurrant", "uv": [ 8.0, 9.0, 8.5, 9.5 ] },
								"south": { "texture": "#redcurrant", "uv": [ 15.0, 7.0, 15.5, 7.5 ] },
								"west": { "texture": "#redcurrant", "uv": [ 1.0, 2.5, 1.5, 3.0 ] },
								"up": { "texture": "#redcurrant", "uv": [ 11.0, 15.0, 11.5, 15.5 ] },
								"down": { "texture": "#redcurrant", "uv": [ 6.5, 3.0, 7.0, 3.5 ] }
							}
						},
						{
							"name": "berry200",
							"from": [ 0.0, 1.0, 2.51 ], 
							"to": [ 0.5, 1.5, 2.52 ], 
							"rotationOrigin": [ 0.0, 1.0, 2.5 ],
							"faces": {
								"north": { "texture": "#redcurrant", "uv": [ 1.0, 5.0, 1.5, 5.5 ] },
								"east": { "texture": "#redcurrant", "uv": [ 0.0, 11.5, 0.5, 12.0 ] },
								"south": { "texture": "#redcurrant", "uv": [ 7.5, 3.0, 8.0, 3.5 ] },
								"west": { "texture": "#redcurrant", "uv": [ 3.5, 0.5, 4.0, 1.0 ] },
								"up": { "texture": "#redcurrant", "uv": [ 3.0, 12.5, 3.5, 13.0 ] },
								"down": { "texture": "#redcurrant", "uv": [ 0.5, 7.5, 1.0, 8.0 ] }
							}
						},
						{
							"name": "berry201",
							"from": [ 6.0, 2.5, 2.51 ], 
							"to": [ 6.5, 3.0, 2.52 ], 
							"rotationOrigin": [ 6.0, 2.5, 2.5 ],
							"faces": {
								"north": { "texture": "#redcurrant", "uv": [ 8.0, 0.5, 8.5, 1.0 ] },
								"east": { "texture": "#redcurrant", "uv": [ 7.5, 8.5, 8.0, 9.0 ] },
								"south": { "texture": "#redcurrant", "uv": [ 10.5, 8.0, 11.0, 8.5 ] },
								"west": { "texture": "#redcurrant", "uv": [ 9.0, 8.5, 9.5, 9.0 ] },
								"up": { "texture": "#redcurrant", "uv": [ 10.5, 5.0, 11.0, 5.5 ] },
								"down": { "texture": "#redcurrant", "uv": [ 13.5, 12.5, 14.0, 13.0 ] }
							}
						},
						{
							"name": "berry202",
							"from": [ -0.01, 1.0, 2.01 ], 
							"to": [ 0.0, 1.5, 2.51 ], 
							"rotationOrigin": [ 0.0, 1.0, 2.0 ],
							"faces": {
								"north": { "texture": "#redcurrant", "uv": [ 10.5, 10.0, 11.0, 10.5 ] },
								"east": { "texture": "#redcurrant", "uv": [ 8.5, 8.0, 9.0, 8.5 ] },
								"south": { "texture": "#redcurrant", "uv": [ 11.0, 5.5, 11.5, 6.0 ] },
								"west": { "texture": "#redcurrant", "uv": [ 4.0, 4.5, 4.5, 5.0 ] },
								"up": { "texture": "#redcurrant", "uv": [ 4.0, 10.0, 4.5, 10.5 ] },
								"down": { "texture": "#redcurrant", "uv": [ 4.5, 2.5, 5.0, 3.0 ] }
							}
						},
						{
							"name": "berry203",
							"from": [ -0.01, 0.5, 1.01 ], 
							"to": [ 0.0, 1.0, 1.51 ], 
							"rotationOrigin": [ 0.0, 0.5, 1.0 ],
							"faces": {
								"north": { "texture": "#redcurrant", "uv": [ 7.5, 2.0, 8.0, 2.5 ] },
								"east": { "texture": "#redcurrant", "uv": [ 11.5, 7.0, 12.0, 7.5 ] },
								"south": { "texture": "#redcurrant", "uv": [ 2.5, 0.0, 3.0, 0.5 ] },
								"west": { "texture": "#redcurrant", "uv": [ 13.5, 2.0, 14.0, 2.5 ] },
								"up": { "texture": "#redcurrant", "uv": [ 6.5, 4.5, 7.0, 5.0 ] },
								"down": { "texture": "#redcurrant", "uv": [ 4.0, 15.0, 4.5, 15.5 ] }
							}
						},
						{
							"name": "berry204",
							"from": [ 3.99, 0.5, 1.01 ], 
							"to": [ 4.0, 1.0, 1.51 ], 
							"rotationOrigin": [ 4.0, 0.5, 1.0 ],
							"faces": {
								"north": { "texture": "#redcurrant", "uv": [ 7.0, 4.5, 7.5, 5.0 ] },
								"east": { "texture": "#redcurrant", "uv": [ 11.5, 3.0, 12.0, 3.5 ] },
								"south": { "texture": "#redcurrant", "uv": [ 1.5, 9.0, 2.0, 9.5 ] },
								"west": { "texture": "#redcurrant", "uv": [ 11.5, 14.5, 12.0, 15.0 ] },
								"up": { "texture": "#redcurrant", "uv": [ 2.0, 14.5, 2.5, 15.0 ] },
								"down": { "texture": "#redcurrant", "uv": [ 6.5, 13.0, 7.0, 13.5 ] }
							}
						},
						{
							"name": "berry205",
							"from": [ 3.99, 0.0, 1.51 ], 
							"to": [ 4.0, 0.5, 2.01 ], 
							"rotationOrigin": [ 4.0, 0.0, 1.5 ],
							"faces": {
								"north": { "texture": "#redcurrant", "uv": [ 8.5, 8.0, 9.0, 8.5 ] },
								"east": { "texture": "#redcurrant", "uv": [ 11.0, 3.0, 11.5, 3.5 ] },
								"south": { "texture": "#redcurrant", "uv": [ 7.0, 9.0, 7.5, 9.5 ] },
								"west": { "texture": "#redcurrant", "uv": [ 3.5, 11.5, 4.0, 12.0 ] },
								"up": { "texture": "#redcurrant", "uv": [ 2.5, 4.5, 3.0, 5.0 ] },
								"down": { "texture": "#redcurrant", "uv": [ 6.0, 5.0, 6.5, 5.5 ] }
							}
						},
						{
							"name": "berry206",
							"from": [ 0.0, 2.0, 3.01 ], 
							"to": [ 0.5, 2.5, 3.02 ], 
							"rotationOrigin": [ 0.0, 2.0, 3.0 ],
							"faces": {
								"north": { "texture": "#redcurrant", "uv": [ 0.0, 1.5, 0.5, 2.0 ] },
								"east": { "texture": "#redcurrant", "uv": [ 12.0, 15.0, 12.5, 15.5 ] },
								"south": { "texture": "#redcurrant", "uv": [ 7.0, 1.5, 7.5, 2.0 ] },
								"west": { "texture": "#redcurrant", "uv": [ 1.5, 12.0, 2.0, 12.5 ] },
								"up": { "texture": "#redcurrant", "uv": [ 5.5, 1.0, 6.0, 1.5 ] },
								"down": { "texture": "#redcurrant", "uv": [ 3.5, 2.0, 4.0, 2.5 ] }
							}
						},
						{
							"name": "berry207",
							"from": [ 1.5, 1.5, 3.01 ], 
							"to": [ 2.0, 2.0, 3.02 ], 
							"rotationOrigin": [ 1.5, 1.5, 3.0 ],
							"faces": {
								"north": { "texture": "#redcurrant", "uv": [ 3.0, 4.5, 3.5, 5.0 ] },
								"east": { "texture": "#redcurrant", "uv": [ 4.5, 4.5, 5.0, 5.0 ] },
								"south": { "texture": "#redcurrant", "uv": [ 9.5, 15.0, 10.0, 15.5 ] },
								"west": { "texture": "#redcurrant", "uv": [ 5.5, 9.5, 6.0, 10.0 ] },
								"up": { "texture": "#redcurrant", "uv": [ 13.0, 2.0, 13.5, 2.5 ] },
								"down": { "texture": "#redcurrant", "uv": [ 6.5, 8.5, 7.0, 9.0 ] }
							}
						},
						{
							"name": "berry208",
							"from": [ 3.5, 1.5, 3.01 ], 
							"to": [ 4.0, 2.0, 3.02 ], 
							"rotationOrigin": [ 3.5, 1.5, 3.0 ],
							"faces": {
								"north": { "texture": "#redcurrant", "uv": [ 9.0, 10.5, 9.5, 11.0 ] },
								"east": { "texture": "#redcurrant", "uv": [ 6.0, 9.5, 6.5, 10.0 ] },
								"south": { "texture": "#redcurrant", "uv": [ 5.5, 4.5, 6.0, 5.0 ] },
								"west": { "texture": "#redcurrant", "uv": [ 5.0, 1.5, 5.5, 2.0 ] },
								"up": { "texture": "#redcurrant", "uv": [ 9.5, 9.0, 10.0, 9.5 ] },
								"down": { "texture": "#redcurrant", "uv": [ 1.0, 8.0, 1.5, 8.5 ] }
							}
						},
						{
							"name": "berry209",
							"from": [ 5.0, 2.0, 3.01 ], 
							"to": [ 5.5, 2.5, 3.02 ], 
							"rotationOrigin": [ 5.0, 2.0, 3.0 ],
							"faces": {
								"north": { "texture": "#redcurrant", "uv": [ 0.0, 7.5, 0.5, 8.0 ] },
								"east": { "texture": "#redcurrant", "uv": [ 4.0, 9.5, 4.5, 10.0 ] },
								"south": { "texture": "#redcurrant", "uv": [ 7.5, 4.0, 8.0, 4.5 ] },
								"west": { "texture": "#redcurrant", "uv": [ 9.0, 9.5, 9.5, 10.0 ] },
								"up": { "texture": "#redcurrant", "uv": [ 14.0, 8.5, 14.5, 9.0 ] },
								"down": { "texture": "#redcurrant", "uv": [ 11.0, 11.0, 11.5, 11.5 ] }
							}
						},
						{
							"name": "berry210",
							"from": [ 7.0, 2.0, 1.51 ], 
							"to": [ 7.01, 2.5, 2.01 ], 
							"rotationOrigin": [ 7.0, 2.0, 1.5 ],
							"faces": {
								"north": { "texture": "#redcurrant", "uv": [ 3.0, 12.5, 3.5, 13.0 ] },
								"east": { "texture": "#redcurrant", "uv": [ 6.0, 0.0, 6.5, 0.5 ] },
								"south": { "texture": "#redcurrant", "uv": [ 3.0, 15.0, 3.5, 15.5 ] },
								"west": { "texture": "#redcurrant", "uv": [ 2.5, 15.0, 3.0, 15.5 ] },
								"up": { "texture": "#redcurrant", "uv": [ 4.5, 0.5, 5.0, 1.0 ] },
								"down": { "texture": "#redcurrant", "uv": [ 12.5, 3.5, 13.0, 4.0 ] }
							}
						},
						{
							"name": "berry211",
							"from": [ 7.0, 1.5, 0.51 ], 
							"to": [ 7.01, 2.0, 1.01 ], 
							"rotationOrigin": [ 7.0, 1.5, 0.5 ],
							"faces": {
								"north": { "texture": "#redcurrant", "uv": [ 4.5, 5.5, 5.0, 6.0 ] },
								"east": { "texture": "#redcurrant", "uv": [ 0.0, 6.5, 0.5, 7.0 ] },
								"south": { "texture": "#redcurrant", "uv": [ 7.5, 1.0, 8.0, 1.5 ] },
								"west": { "texture": "#redcurrant", "uv": [ 12.5, 7.5, 13.0, 8.0 ] },
								"up": { "texture": "#redcurrant", "uv": [ 2.5, 10.5, 3.0, 11.0 ] },
								"down": { "texture": "#redcurrant", "uv": [ 12.0, 14.5, 12.5, 15.0 ] }
							}
						},
						{
							"name": "berry218",
							"from": [ 3.0, 1.5, 1.51 ], 
							"to": [ 3.01, 2.0, 2.01 ], 
							"rotationOrigin": [ 3.0, 1.5, 1.5 ],
							"faces": {
								"north": { "texture": "#redcurrant", "uv": [ 12.0, 6.5, 12.5, 7.0 ] },
								"east": { "texture": "#redcurrant", "uv": [ 2.0, 7.5, 2.5, 8.0 ] },
								"south": { "texture": "#redcurrant", "uv": [ 13.5, 12.0, 14.0, 12.5 ] },
								"west": { "texture": "#redcurrant", "uv": [ 4.0, 5.0, 4.5, 5.5 ] },
								"up": { "texture": "#redcurrant", "uv": [ 9.5, 2.0, 10.0, 2.5 ] },
								"down": { "texture": "#redcurrant", "uv": [ 13.5, 15.0, 14.0, 15.5 ] }
							}
						},
						{
							"name": "berry219",
							"from": [ 3.0, 2.0, -0.49 ], 
							"to": [ 3.01, 2.5, 0.01 ], 
							"rotationOrigin": [ 3.0, 2.0, -0.5 ],
							"faces": {
								"north": { "texture": "#redcurrant", "uv": [ 11.5, 9.5, 12.0, 10.0 ] },
								"east": { "texture": "#redcurrant", "uv": [ 10.0, 8.5, 10.5, 9.0 ] },
								"south": { "texture": "#redcurrant", "uv": [ 8.0, 9.5, 8.5, 10.0 ] },
								"west": { "texture": "#redcurrant", "uv": [ 15.0, 15.0, 15.5, 15.5 ] },
								"up": { "texture": "#redcurrant", "uv": [ 5.5, 7.5, 6.0, 8.0 ] },
								"down": { "texture": "#redcurrant", "uv": [ 1.0, 10.0, 1.5, 10.5 ] }
							}
						},
						{
							"name": "berry220",
							"from": [ 5.0, 1.5, -0.5 ], 
							"to": [ 5.5, 2.0, -0.49 ], 
							"rotationOrigin": [ 5.0, 1.5, -0.5 ],
							"faces": {
								"north": { "texture": "#redcurrant", "uv": [ 9.0, 3.5, 9.5, 4.0 ] },
								"east": { "texture": "#redcurrant", "uv": [ 11.0, 12.5, 11.5, 13.0 ] },
								"south": { "texture": "#redcurrant", "uv": [ 4.5, 4.0, 5.0, 4.5 ] },
								"west": { "texture": "#redcurrant", "uv": [ 11.0, 1.0, 11.5, 1.5 ] },
								"up": { "texture": "#redcurrant", "uv": [ 12.5, 10.0, 13.0, 10.5 ] },
								"down": { "texture": "#redcurrant", "uv": [ 10.0, 13.5, 10.5, 14.0 ] }
							}
						},
						{
							"name": "berry221",
							"from": [ 4.0, 1.5, -0.5 ], 
							"to": [ 4.5, 2.0, -0.49 ], 
							"rotationOrigin": [ 4.0, 1.5, -0.5 ],
							"faces": {
								"north": { "texture": "#redcurrant", "uv": [ 12.5, 9.5, 13.0, 10.0 ] },
								"east": { "texture": "#redcurrant", "uv": [ 5.5, 2.5, 6.0, 3.0 ] },
								"south": { "texture": "#redcurrant", "uv": [ 4.5, 6.0, 5.0, 6.5 ] },
								"west": { "texture": "#redcurrant", "uv": [ 1.5, 9.0, 2.0, 9.5 ] },
								"up": { "texture": "#redcurrant", "uv": [ 1.0, 8.0, 1.5, 8.5 ] },
								"down": { "texture": "#redcurrant", "uv": [ 6.5, 0.0, 7.0, 0.5 ] }
							}
						},
						{
							"name": "berry222",
							"from": [ 2.5, 2.0, -0.5 ], 
							"to": [ 3.01, 2.5, -0.49 ], 
							"rotationOrigin": [ 2.5, 2.0, -0.5 ],
							"faces": {
								"north": { "texture": "#redcurrant", "uv": [ 1.0, 12.0, 1.5, 12.5 ] },
								"east": { "texture": "#redcurrant", "uv": [ 9.0, 0.0, 9.5, 0.5 ] },
								"south": { "texture": "#redcurrant", "uv": [ 12.0, 6.0, 12.5, 6.5 ] },
								"west": { "texture": "#redcurrant", "uv": [ 1.5, 0.0, 2.0, 0.5 ] },
								"up": { "texture": "#redcurrant", "uv": [ 12.0, 3.0, 12.5, 3.5 ] },
								"down": { "texture": "#redcurrant", "uv": [ 14.5, 12.5, 15.0, 13.0 ] }
							}
						},
						{
							"name": "berry223",
							"from": [ 1.0, 1.5, -0.5 ], 
							"to": [ 1.5, 2.0, -0.49 ], 
							"rotationOrigin": [ 1.0, 1.5, -0.5 ],
							"faces": {
								"north": { "texture": "#redcurrant", "uv": [ 3.5, 9.0, 4.0, 9.5 ] },
								"east": { "texture": "#redcurrant", "uv": [ 3.5, 12.5, 4.0, 13.0 ] },
								"south": { "texture": "#redcurrant", "uv": [ 9.5, 5.0, 10.0, 5.5 ] },
								"west": { "texture": "#redcurrant", "uv": [ 9.5, 3.0, 10.0, 3.5 ] },
								"up": { "texture": "#redcurrant", "uv": [ 12.5, 6.5, 13.0, 7.0 ] },
								"down": { "texture": "#redcurrant", "uv": [ 12.0, 0.0, 12.5, 0.5 ] }
							}
						},
						{
							"name": "berry224",
							"from": [ 0.0, 1.5, -0.5 ], 
							"to": [ 0.5, 2.0, -0.49 ], 
							"rotationOrigin": [ 0.0, 1.5, -0.5 ],
							"faces": {
								"north": { "texture": "#redcurrant", "uv": [ 14.0, 2.0, 14.5, 2.5 ] },
								"east": { "texture": "#redcurrant", "uv": [ 9.0, 12.5, 9.5, 13.0 ] },
								"south": { "texture": "#redcurrant", "uv": [ 11.0, 10.5, 11.5, 11.0 ] },
								"west": { "texture": "#redcurrant", "uv": [ 5.5, 8.0, 6.0, 8.5 ] },
								"up": { "texture": "#redcurrant", "uv": [ 4.5, 12.0, 5.0, 12.5 ] },
								"down": { "texture": "#redcurrant", "uv": [ 15.0, 10.5, 15.5, 11.0 ] }
							}
						},
						{
							"name": "berry225",
							"from": [ -0.51, 1.5, 0.01 ], 
							"to": [ -0.5, 2.0, 0.51 ], 
							"rotationOrigin": [ -0.5, 1.5, 0.0 ],
							"faces": {
								"north": { "texture": "#redcurrant", "uv": [ 4.0, 8.0, 4.5, 8.5 ] },
								"east": { "texture": "#redcurrant", "uv": [ 5.0, 10.5, 5.5, 11.0 ] },
								"south": { "texture": "#redcurrant", "uv": [ 9.0, 13.5, 9.5, 14.0 ] },
								"west": { "texture": "#redcurrant", "uv": [ 0.5, 2.0, 1.0, 2.5 ] },
								"up": { "texture": "#redcurrant", "uv": [ 4.5, 3.0, 5.0, 3.5 ] },
								"down": { "texture": "#redcurrant", "uv": [ 1.0, 4.5, 1.5, 5.0 ] }
							}
						},
						{
							"name": "berry226",
							"from": [ -0.51, 2.0, 1.01 ], 
							"to": [ -0.5, 2.5, 1.51 ], 
							"rotationOrigin": [ -0.5, 2.0, 1.0 ],
							"faces": {
								"north": { "texture": "#redcurrant", "uv": [ 0.5, 7.0, 1.0, 7.5 ] },
								"east": { "texture": "#redcurrant", "uv": [ 15.0, 15.0, 15.5, 15.5 ] },
								"south": { "texture": "#redcurrant", "uv": [ 5.5, 8.5, 6.0, 9.0 ] },
								"west": { "texture": "#redcurrant", "uv": [ 1.5, 13.0, 2.0, 13.5 ] },
								"up": { "texture": "#redcurrant", "uv": [ 2.0, 3.0, 2.5, 3.5 ] },
								"down": { "texture": "#redcurrant", "uv": [ 7.0, 3.5, 7.5, 4.0 ] }
							}
						},
						{
							"name": "berry227",
							"from": [ 3.49, 2.0, 0.51 ], 
							"to": [ 3.5, 2.5, 1.01 ], 
							"rotationOrigin": [ 3.5, 2.0, 0.5 ],
							"faces": {
								"north": { "texture": "#redcurrant", "uv": [ 11.5, 1.5, 12.0, 2.0 ] },
								"east": { "texture": "#redcurrant", "uv": [ 13.5, 13.5, 14.0, 14.0 ] },
								"south": { "texture": "#redcurrant", "uv": [ 8.5, 7.0, 9.0, 7.5 ] },
								"west": { "texture": "#redcurrant", "uv": [ 12.5, 15.0, 13.0, 15.5 ] },
								"up": { "texture": "#redcurrant", "uv": [ 14.0, 14.0, 14.5, 14.5 ] },
								"down": { "texture": "#redcurrant", "uv": [ 14.0, 5.0, 14.5, 5.5 ] }
							}
						},
						{
							"name": "berry228",
							"from": [ 3.49, 2.0, 1.51 ], 
							"to": [ 3.5, 2.5, 2.01 ], 
							"rotationOrigin": [ 3.5, 2.0, 1.5 ],
							"faces": {
								"north": { "texture": "#redcurrant", "uv": [ 13.5, 1.0, 14.0, 1.5 ] },
								"east": { "texture": "#redcurrant", "uv": [ 8.5, 1.0, 9.0, 1.5 ] },
								"south": { "texture": "#redcurrant", "uv": [ 8.5, 3.0, 9.0, 3.5 ] },
								"west": { "texture": "#redcurrant", "uv": [ 10.0, 15.0, 10.5, 15.5 ] },
								"up": { "texture": "#redcurrant", "uv": [ 9.5, 1.5, 10.0, 2.0 ] },
								"down": { "texture": "#redcurrant", "uv": [ 8.0, 5.5, 8.5, 6.0 ] }
							}
						},
						{
							"name": "berry229",
							"from": [ 5.0, 3.0, 0.01 ], 
							"to": [ 5.5, 3.01, 0.51 ], 
							"rotationOrigin": [ 5.0, 3.0, 0.01 ],
							"faces": {
								"north": { "texture": "#redcurrant", "uv": [ 3.0, 4.0, 3.5, 4.5 ] },
								"east": { "texture": "#redcurrant", "uv": [ 2.5, 7.5, 3.0, 8.0 ] },
								"south": { "texture": "#redcurrant", "uv": [ 12.0, 13.0, 12.5, 13.5 ] },
								"west": { "texture": "#redcurrant", "uv": [ 0.5, 6.0, 1.0, 6.5 ] },
								"up": { "texture": "#redcurrant", "uv": [ 15.0, 0.0, 15.5, 0.5 ] },
								"down": { "texture": "#redcurrant", "uv": [ 5.5, 7.0, 6.0, 7.5 ] }
							}
						},
						{
							"name": "berry230",
							"from": [ 5.0, 3.0, 1.01 ], 
							"to": [ 5.5, 3.01, 1.51 ], 
							"rotationOrigin": [ 5.0, 3.0, 1.01 ],
							"faces": {
								"north": { "texture": "#redcurrant", "uv": [ 9.0, 15.0, 9.5, 15.5 ] },
								"east": { "texture": "#redcurrant", "uv": [ 2.0, 13.0, 2.5, 13.5 ] },
								"south": { "texture": "#redcurrant", "uv": [ 10.0, 0.5, 10.5, 1.0 ] },
								"west": { "texture": "#redcurrant", "uv": [ 11.5, 9.5, 12.0, 10.0 ] },
								"up": { "texture": "#redcurrant", "uv": [ 12.5, 1.0, 13.0, 1.5 ] },
								"down": { "texture": "#redcurrant", "uv": [ 14.5, 7.0, 15.0, 7.5 ] }
							}
						},
						{
							"name": "berry231",
							"from": [ 5.5, 3.0, 2.01 ], 
							"to": [ 6.0, 3.01, 2.51 ], 
							"rotationOrigin": [ 5.5, 3.0, 2.01 ],
							"faces": {
								"north": { "texture": "#redcurrant", "uv": [ 1.5, 12.5, 2.0, 13.0 ] },
								"east": { "texture": "#redcurrant", "uv": [ 8.0, 5.5, 8.5, 6.0 ] },
								"south": { "texture": "#redcurrant", "uv": [ 6.5, 3.5, 7.0, 4.0 ] },
								"west": { "texture": "#redcurrant", "uv": [ 2.0, 2.0, 2.5, 2.5 ] },
								"up": { "texture": "#redcurrant", "uv": [ 10.0, 5.0, 10.5, 5.5 ] },
								"down": { "texture": "#redcurrant", "uv": [ 0.5, 1.5, 1.0, 2.0 ] }
							}
						},
						{
							"name": "berry232",
							"from": [ 0.5, 3.0, 1.5 ], 
							"to": [ 1.0, 3.01, 2.0 ], 
							"rotationOrigin": [ 0.5, 3.0, 1.51 ],
							"faces": {
								"north": { "texture": "#redcurrant", "uv": [ 2.5, 2.0, 3.0, 2.5 ] },
								"east": { "texture": "#redcurrant", "uv": [ 8.0, 3.5, 8.5, 4.0 ] },
								"south": { "texture": "#redcurrant", "uv": [ 6.0, 0.5, 6.5, 1.0 ] },
								"west": { "texture": "#redcurrant", "uv": [ 10.5, 12.0, 11.0, 12.5 ] },
								"up": { "texture": "#redcurrant", "uv": [ 15.0, 11.0, 15.5, 11.5 ] },
								"down": { "texture": "#redcurrant", "uv": [ 10.5, 7.0, 11.0, 7.5 ] }
							}
						},
						{
							"name": "berry233",
							"from": [ 1.5, 3.0, 0.5 ], 
							"to": [ 2.0, 3.01, 1.0 ], 
							"rotationOrigin": [ 1.5, 3.0, 0.51 ],
							"faces": {
								"north": { "texture": "#redcurrant", "uv": [ 4.5, 8.5, 5.0, 9.0 ] },
								"east": { "texture": "#redcurrant", "uv": [ 7.5, 2.5, 8.0, 3.0 ] },
								"south": { "texture": "#redcurrant", "uv": [ 8.5, 5.0, 9.0, 5.5 ] },
								"west": { "texture": "#redcurrant", "uv": [ 4.5, 1.0, 5.0, 1.5 ] },
								"up": { "texture": "#redcurrant", "uv": [ 11.0, 14.0, 11.5, 14.5 ] },
								"down": { "texture": "#redcurrant", "uv": [ 8.5, 10.5, 9.0, 11.0 ] }
							}
						},
						{
							"name": "berry308",
							"from": [ 3.5, 1.49, 2.5 ], 
							"to": [ 4.0, 1.5, 3.0 ], 
							"rotationOrigin": [ 3.5, 1.5, 2.51 ],
							"faces": {
								"north": { "texture": "#redcurrant", "uv": [ 3.0, 11.5, 3.5, 12.0 ] },
								"east": { "texture": "#redcurrant", "uv": [ 15.0, 0.5, 15.5, 1.0 ] },
								"south": { "texture": "#redcurrant", "uv": [ 5.5, 1.5, 6.0, 2.0 ] },
								"west": { "texture": "#redcurrant", "uv": [ 2.5, 7.0, 3.0, 7.5 ] },
								"up": { "texture": "#redcurrant", "uv": [ 2.0, 4.0, 2.5, 4.5 ] },
								"down": { "texture": "#redcurrant", "uv": [ 15.0, 7.0, 15.5, 7.5 ] }
							}
						},
						{
							"name": "berry309",
							"from": [ 1.5, 1.49, 2.5 ], 
							"to": [ 2.0, 1.5, 3.0 ], 
							"rotationOrigin": [ 1.5, 1.5, 2.51 ],
							"faces": {
								"north": { "texture": "#redcurrant", "uv": [ 3.0, 11.5, 3.5, 12.0 ] },
								"east": { "texture": "#redcurrant", "uv": [ 15.0, 0.5, 15.5, 1.0 ] },
								"south": { "texture": "#redcurrant", "uv": [ 5.5, 1.5, 6.0, 2.0 ] },
								"west": { "texture": "#redcurrant", "uv": [ 2.5, 7.0, 3.0, 7.5 ] },
								"up": { "texture": "#redcurrant", "uv": [ 2.0, 4.0, 2.5, 4.5 ] },
								"down": { "texture": "#redcurrant", "uv": [ 15.0, 7.0, 15.5, 7.5 ] }
							}
						},
						{
							"name": "berry310",
							"from": [ -0.5, 1.49, 0.0 ], 
							"to": [ 0.0, 1.5, 0.5 ], 
							"rotationOrigin": [ -0.5, 1.5, 0.01 ],
							"faces": {
								"north": { "texture": "#redcurrant", "uv": [ 3.0, 11.5, 3.5, 12.0 ] },
								"east": { "texture": "#redcurrant", "uv": [ 15.0, 0.5, 15.5, 1.0 ] },
								"south": { "texture": "#redcurrant", "uv": [ 5.5, 1.5, 6.0, 2.0 ] },
								"west": { "texture": "#redcurrant", "uv": [ 2.5, 7.0, 3.0, 7.5 ] },
								"up": { "texture": "#redcurrant", "uv": [ 2.0, 4.0, 2.5, 4.5 ] },
								"down": { "texture": "#redcurrant", "uv": [ 15.0, 7.0, 15.5, 7.5 ] }
							}
						},
						{
							"name": "berry311",
							"from": [ 0.0, 1.49, -0.5 ], 
							"to": [ 0.5, 1.5, 0.0 ], 
							"rotationOrigin": [ 0.0, 1.5, -0.49 ],
							"faces": {
								"north": { "texture": "#redcurrant", "uv": [ 3.0, 11.5, 3.5, 12.0 ] },
								"east": { "texture": "#redcurrant", "uv": [ 15.0, 0.5, 15.5, 1.0 ] },
								"south": { "texture": "#redcurrant", "uv": [ 5.5, 1.5, 6.0, 2.0 ] },
								"west": { "texture": "#redcurrant", "uv": [ 2.5, 7.0, 3.0, 7.5 ] },
								"up": { "texture": "#redcurrant", "uv": [ 2.0, 4.0, 2.5, 4.5 ] },
								"down": { "texture": "#redcurrant", "uv": [ 15.0, 7.0, 15.5, 7.5 ] }
							}
						},
						{
							"name": "berry312",
							"from": [ 1.0, 1.49, -0.5 ], 
							"to": [ 1.5, 1.5, 0.0 ], 
							"rotationOrigin": [ 1.0, 1.5, -0.49 ],
							"faces": {
								"north": { "texture": "#redcurrant", "uv": [ 3.0, 11.5, 3.5, 12.0 ] },
								"east": { "texture": "#redcurrant", "uv": [ 15.0, 0.5, 15.5, 1.0 ] },
								"south": { "texture": "#redcurrant", "uv": [ 5.5, 1.5, 6.0, 2.0 ] },
								"west": { "texture": "#redcurrant", "uv": [ 2.5, 7.0, 3.0, 7.5 ] },
								"up": { "texture": "#redcurrant", "uv": [ 2.0, 4.0, 2.5, 4.5 ] },
								"down": { "texture": "#redcurrant", "uv": [ 15.0, 7.0, 15.5, 7.5 ] }
							}
						},
						{
							"name": "berry313",
							"from": [ 4.0, 1.49, -0.5 ], 
							"to": [ 4.5, 1.5, 0.0 ], 
							"rotationOrigin": [ 4.0, 1.5, -0.49 ],
							"faces": {
								"north": { "texture": "#redcurrant", "uv": [ 3.0, 11.5, 3.5, 12.0 ] },
								"east": { "texture": "#redcurrant", "uv": [ 15.0, 0.5, 15.5, 1.0 ] },
								"south": { "texture": "#redcurrant", "uv": [ 5.5, 1.5, 6.0, 2.0 ] },
								"west": { "texture": "#redcurrant", "uv": [ 2.5, 7.0, 3.0, 7.5 ] },
								"up": { "texture": "#redcurrant", "uv": [ 2.0, 4.0, 2.5, 4.5 ] },
								"down": { "texture": "#redcurrant", "uv": [ 15.0, 7.0, 15.5, 7.5 ] }
							}
						},
						{
							"name": "berry314",
							"from": [ 5.0, 1.49, -0.5 ], 
							"to": [ 5.5, 1.5, 0.0 ], 
							"rotationOrigin": [ 5.0, 1.5, -0.49 ],
							"faces": {
								"north": { "texture": "#redcurrant", "uv": [ 3.0, 11.5, 3.5, 12.0 ] },
								"east": { "texture": "#redcurrant", "uv": [ 15.0, 0.5, 15.5, 1.0 ] },
								"south": { "texture": "#redcurrant", "uv": [ 5.5, 1.5, 6.0, 2.0 ] },
								"west": { "texture": "#redcurrant", "uv": [ 2.5, 7.0, 3.0, 7.5 ] },
								"up": { "texture": "#redcurrant", "uv": [ 2.0, 4.0, 2.5, 4.5 ] },
								"down": { "texture": "#redcurrant", "uv": [ 15.0, 7.0, 15.5, 7.5 ] }
							}
						},
						{
							"name": "berry315",
							"from": [ 6.5, 1.49, 0.5 ], 
							"to": [ 7.0, 1.5, 1.0 ], 
							"rotationOrigin": [ 6.5, 1.5, 0.51 ],
							"faces": {
								"north": { "texture": "#redcurrant", "uv": [ 3.0, 11.5, 3.5, 12.0 ] },
								"east": { "texture": "#redcurrant", "uv": [ 15.0, 0.5, 15.5, 1.0 ] },
								"south": { "texture": "#redcurrant", "uv": [ 5.5, 1.5, 6.0, 2.0 ] },
								"west": { "texture": "#redcurrant", "uv": [ 2.5, 7.0, 3.0, 7.5 ] },
								"up": { "texture": "#redcurrant", "uv": [ 2.0, 4.0, 2.5, 4.5 ] },
								"down": { "texture": "#redcurrant", "uv": [ 15.0, 7.0, 15.5, 7.5 ] }
							}
						},
						{
							"name": "berry349",
							"from": [ 0.5, -0.01, 0.0 ], 
							"to": [ 1.0, 0.0, 0.5 ], 
							"rotationOrigin": [ 0.5, 0.0, 0.01 ],
							"faces": {
								"north": { "texture": "#redcurrant", "uv": [ 3.0, 11.5, 3.5, 12.0 ] },
								"east": { "texture": "#redcurrant", "uv": [ 15.0, 0.5, 15.5, 1.0 ] },
								"south": { "texture": "#redcurrant", "uv": [ 5.5, 1.5, 6.0, 2.0 ] },
								"west": { "texture": "#redcurrant", "uv": [ 2.5, 7.0, 3.0, 7.5 ] },
								"up": { "texture": "#redcurrant", "uv": [ 2.0, 4.0, 2.5, 4.5 ] },
								"down": { "texture": "#redcurrant", "uv": [ 15.0, 7.0, 15.5, 7.5 ] }
							}
						},
						{
							"name": "berry350",
							"from": [ 2.0, -0.01, 1.0 ], 
							"to": [ 2.5, 0.0, 1.5 ], 
							"rotationOrigin": [ 2.0, 0.0, 1.01 ],
							"faces": {
								"north": { "texture": "#redcurrant", "uv": [ 3.0, 11.5, 3.5, 12.0 ] },
								"east": { "texture": "#redcurrant", "uv": [ 15.0, 0.5, 15.5, 1.0 ] },
								"south": { "texture": "#redcurrant", "uv": [ 5.5, 1.5, 6.0, 2.0 ] },
								"west": { "texture": "#redcurrant", "uv": [ 2.5, 7.0, 3.0, 7.5 ] },
								"up": { "texture": "#redcurrant", "uv": [ 2.0, 4.0, 2.5, 4.5 ] },
								"down": { "texture": "#redcurrant", "uv": [ 15.0, 7.0, 15.5, 7.5 ] }
							}
						},
						{
							"name": "berry351",
							"from": [ 1.5, -0.01, 2.0 ], 
							"to": [ 2.0, 0.0, 2.5 ], 
							"rotationOrigin": [ 1.5, 0.0, 2.01 ],
							"faces": {
								"north": { "texture": "#redcurrant", "uv": [ 3.0, 11.5, 3.5, 12.0 ] },
								"east": { "texture": "#redcurrant", "uv": [ 15.0, 0.5, 15.5, 1.0 ] },
								"south": { "texture": "#redcurrant", "uv": [ 5.5, 1.5, 6.0, 2.0 ] },
								"west": { "texture": "#redcurrant", "uv": [ 2.5, 7.0, 3.0, 7.5 ] },
								"up": { "texture": "#redcurrant", "uv": [ 2.0, 4.0, 2.5, 4.5 ] },
								"down": { "texture": "#redcurrant", "uv": [ 15.0, 7.0, 15.5, 7.5 ] }
							}
						},
						{
							"name": "berry352",
							"from": [ 5.0, -0.01, 2.0 ], 
							"to": [ 5.5, 0.0, 2.5 ], 
							"rotationOrigin": [ 5.0, 0.0, 2.01 ],
							"faces": {
								"north": { "texture": "#redcurrant", "uv": [ 3.0, 11.5, 3.5, 12.0 ] },
								"east": { "texture": "#redcurrant", "uv": [ 15.0, 0.5, 15.5, 1.0 ] },
								"south": { "texture": "#redcurrant", "uv": [ 5.5, 1.5, 6.0, 2.0 ] },
								"west": { "texture": "#redcurrant", "uv": [ 2.5, 7.0, 3.0, 7.5 ] },
								"up": { "texture": "#redcurrant", "uv": [ 2.0, 4.0, 2.5, 4.5 ] },
								"down": { "texture": "#redcurrant", "uv": [ 15.0, 7.0, 15.5, 7.5 ] }
							}
						},
						{
							"name": "berry353",
							"from": [ 5.5, -0.01, 0.0 ], 
							"to": [ 6.0, 0.0, 0.5 ], 
							"rotationOrigin": [ 5.5, 0.0, 0.01 ],
							"faces": {
								"north": { "texture": "#redcurrant", "uv": [ 3.0, 11.5, 3.5, 12.0 ] },
								"east": { "texture": "#redcurrant", "uv": [ 15.0, 0.5, 15.5, 1.0 ] },
								"south": { "texture": "#redcurrant", "uv": [ 5.5, 1.5, 6.0, 2.0 ] },
								"west": { "texture": "#redcurrant", "uv": [ 2.5, 7.0, 3.0, 7.5 ] },
								"up": { "texture": "#redcurrant", "uv": [ 2.0, 4.0, 2.5, 4.5 ] },
								"down": { "texture": "#redcurrant", "uv": [ 15.0, 7.0, 15.5, 7.5 ] }
							}
						},
						{
							"name": "berry354",
							"from": [ 4.0, -0.01, 1.5 ], 
							"to": [ 4.5, 0.0, 2.0 ], 
							"rotationOrigin": [ 4.0, 0.0, 1.51 ],
							"faces": {
								"north": { "texture": "#redcurrant", "uv": [ 3.0, 11.5, 3.5, 12.0 ] },
								"east": { "texture": "#redcurrant", "uv": [ 15.0, 0.5, 15.5, 1.0 ] },
								"south": { "texture": "#redcurrant", "uv": [ 5.5, 1.5, 6.0, 2.0 ] },
								"west": { "texture": "#redcurrant", "uv": [ 2.5, 7.0, 3.0, 7.5 ] },
								"up": { "texture": "#redcurrant", "uv": [ 2.0, 4.0, 2.5, 4.5 ] },
								"down": { "texture": "#redcurrant", "uv": [ 15.0, 7.0, 15.5, 7.5 ] }
							}
						},
						{
							"name": "berry355",
							"from": [ 5.0, -0.01, 1.0 ], 
							"to": [ 5.5, 0.0, 1.5 ], 
							"rotationOrigin": [ 5.0, 0.0, 1.01 ],
							"faces": {
								"north": { "texture": "#redcurrant", "uv": [ 3.0, 11.5, 3.5, 12.0 ] },
								"east": { "texture": "#redcurrant", "uv": [ 15.0, 0.5, 15.5, 1.0 ] },
								"south": { "texture": "#redcurrant", "uv": [ 5.5, 1.5, 6.0, 2.0 ] },
								"west": { "texture": "#redcurrant", "uv": [ 2.5, 7.0, 3.0, 7.5 ] },
								"up": { "texture": "#redcurrant", "uv": [ 2.0, 4.0, 2.5, 4.5 ] },
								"down": { "texture": "#redcurrant", "uv": [ 15.0, 7.0, 15.5, 7.5 ] }
							}
						}
					]
				}
			]
		}
	]}