{
	"editor": {
		"allAngles": false,
		"entityTextureMode": false
	},
	"textureWidth": 16,
	"textureHeight": 16,
	"textureSizes": {
	},
	"textures": {
		"whitecurrant": "item/food/grain/overlays/whitecurrant"
	},
	"elements": [
		{
			"name": "berries",
			"from": [ 4.75, 0.0, 7.0 ], 
			"to": [ 4.75, 0.0, 7.0 ], 
			"rotationOrigin": [ 4.7, 0.0, 7.0 ],
			"faces": {
				"north": { "texture": "#whitecurrant", "uv": [ 0.0, 0.0, 0.5, 0.5 ] },
				"east": { "texture": "#whitecurrant", "uv": [ 0.0, 0.0, 0.5, 0.5 ] },
				"south": { "texture": "#whitecurrant", "uv": [ 0.0, 0.0, 0.5, 0.5 ] },
				"west": { "texture": "#whitecurrant", "uv": [ 0.0, 0.0, 0.5, 0.5 ] },
				"up": { "texture": "#whitecurrant", "uv": [ 0.0, 0.0, 0.5, 0.5 ] },
				"down": { "texture": "#whitecurrant", "uv": [ 0.0, 0.0, 0.5, 0.5 ] }
			},
			"children": [
				{
					"name": "whitecurrant",
					"from": [ 0.0, 0.0, 0.0 ], 
					"to": [ 0.0, 0.0, 0.0 ], 
					"faces": {
						"north": { "texture": "#whitecurrant", "uv": [ 0.0, 0.0, 0.5, 0.5 ] },
						"east": { "texture": "#whitecurrant", "uv": [ 0.0, 0.0, 0.5, 0.5 ] },
						"south": { "texture": "#whitecurrant", "uv": [ 0.0, 0.0, 0.5, 0.5 ] },
						"west": { "texture": "#whitecurrant", "uv": [ 0.0, 0.0, 0.5, 0.5 ] },
						"up": { "texture": "#whitecurrant", "uv": [ 0.0, 0.0, 0.5, 0.5 ] },
						"down": { "texture": "#whitecurrant", "uv": [ 0.0, 0.0, 0.5, 0.5 ] }
					},
					"children": [
						{
							"name": "berry234",
							"from": [ 0.0, 1.0, -0.01 ], 
							"to": [ 0.5, 1.5, 0.0 ], 
							"rotationOrigin": [ 0.0, 1.0, 0.0 ],
							"faces": {
								"north": { "texture": "#whitecurrant", "uv": [ 0.0, 0.0, 0.5, 0.5 ] },
								"east": { "texture": "#whitecurrant", "uv": [ 0.0, 0.0, 0.5, 0.5 ] },
								"south": { "texture": "#whitecurrant", "uv": [ 0.0, 0.0, 0.5, 0.5 ] },
								"west": { "texture": "#whitecurrant", "uv": [ 0.0, 0.0, 0.5, 0.5 ] },
								"up": { "texture": "#whitecurrant", "uv": [ 0.0, 0.0, 0.5, 0.5 ] },
								"down": { "texture": "#whitecurrant", "uv": [ 0.0, 0.0, 0.5, 0.5 ] }
							}
						},
						{
							"name": "berry236",
							"from": [ 1.5, 1.0, -0.01 ], 
							"to": [ 2.0, 1.5, 0.0 ], 
							"rotationOrigin": [ 1.5, 1.0, 0.0 ],
							"faces": {
								"north": { "texture": "#whitecurrant", "uv": [ 0.0, 0.0, 0.5, 0.5 ] },
								"east": { "texture": "#whitecurrant", "uv": [ 0.0, 0.0, 0.5, 0.5 ] },
								"south": { "texture": "#whitecurrant", "uv": [ 0.0, 0.0, 0.5, 0.5 ] },
								"west": { "texture": "#whitecurrant", "uv": [ 0.0, 0.0, 0.5, 0.5 ] },
								"up": { "texture": "#whitecurrant", "uv": [ 0.0, 0.0, 0.5, 0.5 ] },
								"down": { "texture": "#whitecurrant", "uv": [ 0.0, 0.0, 0.5, 0.5 ] }
							}
						},
						{
							"name": "berry237",
							"from": [ 4.0, 1.0, -0.01 ], 
							"to": [ 4.5, 1.5, 0.0 ], 
							"rotationOrigin": [ 4.0, 1.0, 0.0 ],
							"faces": {
								"north": { "texture": "#whitecurrant", "uv": [ 0.0, 0.0, 0.5, 0.5 ] },
								"east": { "texture": "#whitecurrant", "uv": [ 0.0, 0.0, 0.5, 0.5 ] },
								"south": { "texture": "#whitecurrant", "uv": [ 0.0, 0.0, 0.5, 0.5 ] },
								"west": { "texture": "#whitecurrant", "uv": [ 0.0, 0.0, 0.5, 0.5 ] },
								"up": { "texture": "#whitecurrant", "uv": [ 0.0, 0.0, 0.5, 0.5 ] },
								"down": { "texture": "#whitecurrant", "uv": [ 0.0, 0.0, 0.5, 0.5 ] }
							}
						},
						{
							"name": "berry238",
							"from": [ 5.0, 0.5, -0.01 ], 
							"to": [ 5.5, 1.0, 0.0 ], 
							"rotationOrigin": [ 5.0, 0.5, 0.0 ],
							"faces": {
								"north": { "texture": "#whitecurrant", "uv": [ 0.0, 0.0, 0.5, 0.5 ] },
								"east": { "texture": "#whitecurrant", "uv": [ 0.0, 0.0, 0.5, 0.5 ] },
								"south": { "texture": "#whitecurrant", "uv": [ 0.0, 0.0, 0.5, 0.5 ] },
								"west": { "texture": "#whitecurrant", "uv": [ 0.0, 0.0, 0.5, 0.5 ] },
								"up": { "texture": "#whitecurrant", "uv": [ 0.0, 0.0, 0.5, 0.5 ] },
								"down": { "texture": "#whitecurrant", "uv": [ 0.0, 0.0, 0.5, 0.5 ] }
							}
						},
						{
							"name": "berry239",
							"from": [ 6.0, 0.5, -0.01 ], 
							"to": [ 6.5, 1.0, 0.0 ], 
							"rotationOrigin": [ 6.0, 0.5, 0.0 ],
							"faces": {
								"north": { "texture": "#whitecurrant", "uv": [ 0.0, 0.0, 0.5, 0.5 ] },
								"east": { "texture": "#whitecurrant", "uv": [ 0.0, 0.0, 0.5, 0.5 ] },
								"south": { "texture": "#whitecurrant", "uv": [ 0.0, 0.0, 0.5, 0.5 ] },
								"west": { "texture": "#whitecurrant", "uv": [ 0.0, 0.0, 0.5, 0.5 ] },
								"up": { "texture": "#whitecurrant", "uv": [ 0.0, 0.0, 0.5, 0.5 ] },
								"down": { "texture": "#whitecurrant", "uv": [ 0.0, 0.0, 0.5, 0.5 ] }
							}
						},
						{
							"name": "berry240",
							"from": [ 6.5, 0.5, -0.01 ], 
							"to": [ 6.51, 1.0, 0.5 ], 
							"rotationOrigin": [ 6.5, 0.5, 0.0 ],
							"faces": {
								"north": { "texture": "#whitecurrant", "uv": [ 0.0, 0.0, 0.5, 0.5 ] },
								"east": { "texture": "#whitecurrant", "uv": [ 0.0, 0.0, 0.5, 0.5 ] },
								"south": { "texture": "#whitecurrant", "uv": [ 0.0, 0.0, 0.5, 0.5 ] },
								"west": { "texture": "#whitecurrant", "uv": [ 0.0, 0.0, 0.5, 0.5 ] },
								"up": { "texture": "#whitecurrant", "uv": [ 0.0, 0.0, 0.5, 0.5 ] },
								"down": { "texture": "#whitecurrant", "uv": [ 0.0, 0.0, 0.5, 0.5 ] }
							}
						},
						{
							"name": "berry241",
							"from": [ 6.5, 0.5, 1.5 ], 
							"to": [ 6.51, 1.0, 2.0 ], 
							"rotationOrigin": [ 6.5, 0.5, 1.5 ],
							"faces": {
								"north": { "texture": "#whitecurrant", "uv": [ 0.0, 0.0, 0.5, 0.5 ] },
								"east": { "texture": "#whitecurrant", "uv": [ 0.0, 0.0, 0.5, 0.5 ] },
								"south": { "texture": "#whitecurrant", "uv": [ 0.0, 0.0, 0.5, 0.5 ] },
								"west": { "texture": "#whitecurrant", "uv": [ 0.0, 0.0, 0.5, 0.5 ] },
								"up": { "texture": "#whitecurrant", "uv": [ 0.0, 0.0, 0.5, 0.5 ] },
								"down": { "texture": "#whitecurrant", "uv": [ 0.0, 0.0, 0.5, 0.5 ] }
							}
						},
						{
							"name": "berry242",
							"from": [ 5.5, 0.0, 2.5 ], 
							"to": [ 6.0, 0.5, 2.51 ], 
							"rotationOrigin": [ 5.5, 0.0, 2.5 ],
							"faces": {
								"north": { "texture": "#whitecurrant", "uv": [ 0.0, 0.0, 0.5, 0.5 ] },
								"east": { "texture": "#whitecurrant", "uv": [ 0.0, 0.0, 0.5, 0.5 ] },
								"south": { "texture": "#whitecurrant", "uv": [ 0.0, 0.0, 0.5, 0.5 ] },
								"west": { "texture": "#whitecurrant", "uv": [ 0.0, 0.0, 0.5, 0.5 ] },
								"up": { "texture": "#whitecurrant", "uv": [ 0.0, 0.0, 0.5, 0.5 ] },
								"down": { "texture": "#whitecurrant", "uv": [ 0.0, 0.0, 0.5, 0.5 ] }
							}
						},
						{
							"name": "berry243",
							"from": [ 4.5, 0.5, 2.5 ], 
							"to": [ 5.0, 1.0, 2.51 ], 
							"rotationOrigin": [ 4.5, 0.5, 2.5 ],
							"faces": {
								"north": { "texture": "#whitecurrant", "uv": [ 0.0, 0.0, 0.5, 0.5 ] },
								"east": { "texture": "#whitecurrant", "uv": [ 0.0, 0.0, 0.5, 0.5 ] },
								"south": { "texture": "#whitecurrant", "uv": [ 0.0, 0.0, 0.5, 0.5 ] },
								"west": { "texture": "#whitecurrant", "uv": [ 0.0, 0.0, 0.5, 0.5 ] },
								"up": { "texture": "#whitecurrant", "uv": [ 0.0, 0.0, 0.5, 0.5 ] },
								"down": { "texture": "#whitecurrant", "uv": [ 0.0, 0.0, 0.5, 0.5 ] }
							}
						},
						{
							"name": "berry244",
							"from": [ 1.0, 0.5, 2.5 ], 
							"to": [ 1.5, 1.0, 2.51 ], 
							"rotationOrigin": [ 1.0, 0.5, 2.5 ],
							"faces": {
								"north": { "texture": "#whitecurrant", "uv": [ 0.0, 0.0, 0.5, 0.5 ] },
								"east": { "texture": "#whitecurrant", "uv": [ 0.0, 0.0, 0.5, 0.5 ] },
								"south": { "texture": "#whitecurrant", "uv": [ 0.0, 0.0, 0.5, 0.5 ] },
								"west": { "texture": "#whitecurrant", "uv": [ 0.0, 0.0, 0.5, 0.5 ] },
								"up": { "texture": "#whitecurrant", "uv": [ 0.0, 0.0, 0.5, 0.5 ] },
								"down": { "texture": "#whitecurrant", "uv": [ 0.0, 0.0, 0.5, 0.5 ] }
							}
						},
						{
							"name": "berry245",
							"from": [ 0.0, 0.5, 2.5 ], 
							"to": [ 0.5, 1.0, 2.51 ], 
							"rotationOrigin": [ 0.0, 0.5, 2.5 ],
							"faces": {
								"north": { "texture": "#whitecurrant", "uv": [ 0.0, 0.0, 0.5, 0.5 ] },
								"east": { "texture": "#whitecurrant", "uv": [ 0.0, 0.0, 0.5, 0.5 ] },
								"south": { "texture": "#whitecurrant", "uv": [ 0.0, 0.0, 0.5, 0.5 ] },
								"west": { "texture": "#whitecurrant", "uv": [ 0.0, 0.0, 0.5, 0.5 ] },
								"up": { "texture": "#whitecurrant", "uv": [ 0.0, 0.0, 0.5, 0.5 ] },
								"down": { "texture": "#whitecurrant", "uv": [ 0.0, 0.0, 0.5, 0.5 ] }
							}
						},
						{
							"name": "berry246",
							"from": [ -0.01, 0.5, 2.0 ], 
							"to": [ 0.0, 1.0, 2.5 ], 
							"rotationOrigin": [ 0.0, 0.5, 2.0 ],
							"faces": {
								"north": { "texture": "#whitecurrant", "uv": [ 0.0, 0.0, 0.5, 0.5 ] },
								"east": { "texture": "#whitecurrant", "uv": [ 0.0, 0.0, 0.5, 0.5 ] },
								"south": { "texture": "#whitecurrant", "uv": [ 0.0, 0.0, 0.5, 0.5 ] },
								"west": { "texture": "#whitecurrant", "uv": [ 0.0, 0.0, 0.5, 0.5 ] },
								"up": { "texture": "#whitecurrant", "uv": [ 0.0, 0.0, 0.5, 0.5 ] },
								"down": { "texture": "#whitecurrant", "uv": [ 0.0, 0.0, 0.5, 0.5 ] }
							}
						},
						{
							"name": "berry247",
							"from": [ -0.01, 1.0, 0.0 ], 
							"to": [ 0.0, 1.5, 0.5 ], 
							"rotationOrigin": [ 0.0, 1.0, 0.0 ],
							"faces": {
								"north": { "texture": "#whitecurrant", "uv": [ 0.0, 0.0, 0.5, 0.5 ] },
								"east": { "texture": "#whitecurrant", "uv": [ 0.0, 0.0, 0.5, 0.5 ] },
								"south": { "texture": "#whitecurrant", "uv": [ 0.0, 0.0, 0.5, 0.5 ] },
								"west": { "texture": "#whitecurrant", "uv": [ 0.0, 0.0, 0.5, 0.5 ] },
								"up": { "texture": "#whitecurrant", "uv": [ 0.0, 0.0, 0.5, 0.5 ] },
								"down": { "texture": "#whitecurrant", "uv": [ 0.0, 0.0, 0.5, 0.5 ] }
							}
						},
						{
							"name": "berry248",
							"from": [ 0.5, 0.5, -0.01 ], 
							"to": [ 1.0, 1.0, 0.0 ], 
							"rotationOrigin": [ 0.5, 0.5, 0.0 ],
							"faces": {
								"north": { "texture": "#whitecurrant", "uv": [ 0.0, 0.0, 0.5, 0.5 ] },
								"east": { "texture": "#whitecurrant", "uv": [ 0.0, 0.0, 0.5, 0.5 ] },
								"south": { "texture": "#whitecurrant", "uv": [ 0.0, 0.0, 0.5, 0.5 ] },
								"west": { "texture": "#whitecurrant", "uv": [ 0.0, 0.0, 0.5, 0.5 ] },
								"up": { "texture": "#whitecurrant", "uv": [ 0.0, 0.0, 0.5, 0.5 ] },
								"down": { "texture": "#whitecurrant", "uv": [ 0.0, 0.0, 0.5, 0.5 ] }
							}
						},
						{
							"name": "berry249",
							"from": [ -0.01, 2.5, 1.5 ], 
							"to": [ 0.0, 3.0, 2.0 ], 
							"rotationOrigin": [ 0.0, 2.5, 1.5 ],
							"faces": {
								"north": { "texture": "#whitecurrant", "uv": [ 0.0, 0.0, 0.5, 0.5 ] },
								"east": { "texture": "#whitecurrant", "uv": [ 0.0, 0.0, 0.5, 0.5 ] },
								"south": { "texture": "#whitecurrant", "uv": [ 0.0, 0.0, 0.5, 0.5 ] },
								"west": { "texture": "#whitecurrant", "uv": [ 0.0, 0.0, 0.5, 0.5 ] },
								"up": { "texture": "#whitecurrant", "uv": [ 0.0, 0.0, 0.5, 0.5 ] },
								"down": { "texture": "#whitecurrant", "uv": [ 0.0, 0.0, 0.5, 0.5 ] }
							}
						},
						{
							"name": "berry250",
							"from": [ 3.99, 2.5, 1.5 ], 
							"to": [ 4.0, 3.0, 2.0 ], 
							"rotationOrigin": [ 4.0, 2.5, 1.5 ],
							"faces": {
								"north": { "texture": "#whitecurrant", "uv": [ 0.0, 0.0, 0.5, 0.5 ] },
								"east": { "texture": "#whitecurrant", "uv": [ 0.0, 0.0, 0.5, 0.5 ] },
								"south": { "texture": "#whitecurrant", "uv": [ 0.0, 0.0, 0.5, 0.5 ] },
								"west": { "texture": "#whitecurrant", "uv": [ 0.0, 0.0, 0.5, 0.5 ] },
								"up": { "texture": "#whitecurrant", "uv": [ 0.0, 0.0, 0.5, 0.5 ] },
								"down": { "texture": "#whitecurrant", "uv": [ 0.0, 0.0, 0.5, 0.5 ] }
							}
						},
						{
							"name": "berry251",
							"from": [ 3.99, 1.0, 2.0 ], 
							"to": [ 4.0, 1.5, 2.5 ], 
							"rotationOrigin": [ 4.0, 1.0, 2.0 ],
							"faces": {
								"north": { "texture": "#whitecurrant", "uv": [ 0.0, 0.0, 0.5, 0.5 ] },
								"east": { "texture": "#whitecurrant", "uv": [ 0.0, 0.0, 0.5, 0.5 ] },
								"south": { "texture": "#whitecurrant", "uv": [ 0.0, 0.0, 0.5, 0.5 ] },
								"west": { "texture": "#whitecurrant", "uv": [ 0.0, 0.0, 0.5, 0.5 ] },
								"up": { "texture": "#whitecurrant", "uv": [ 0.0, 0.0, 0.5, 0.5 ] },
								"down": { "texture": "#whitecurrant", "uv": [ 0.0, 0.0, 0.5, 0.5 ] }
							}
						},
						{
							"name": "berry252",
							"from": [ 3.99, 1.0, 0.0 ], 
							"to": [ 4.0, 1.5, 0.5 ], 
							"rotationOrigin": [ 4.0, 1.0, 0.0 ],
							"faces": {
								"north": { "texture": "#whitecurrant", "uv": [ 0.0, 0.0, 0.5, 0.5 ] },
								"east": { "texture": "#whitecurrant", "uv": [ 0.0, 0.0, 0.5, 0.5 ] },
								"south": { "texture": "#whitecurrant", "uv": [ 0.0, 0.0, 0.5, 0.5 ] },
								"west": { "texture": "#whitecurrant", "uv": [ 0.0, 0.0, 0.5, 0.5 ] },
								"up": { "texture": "#whitecurrant", "uv": [ 0.0, 0.0, 0.5, 0.5 ] },
								"down": { "texture": "#whitecurrant", "uv": [ 0.0, 0.0, 0.5, 0.5 ] }
							}
						},
						{
							"name": "berry253",
							"from": [ 2.5, 0.5, 0.5 ], 
							"to": [ 2.51, 1.0, 1.01 ], 
							"rotationOrigin": [ 2.5, 0.5, 0.5 ],
							"faces": {
								"north": { "texture": "#whitecurrant", "uv": [ 0.0, 0.0, 0.5, 0.5 ] },
								"east": { "texture": "#whitecurrant", "uv": [ 0.0, 0.0, 0.5, 0.5 ] },
								"south": { "texture": "#whitecurrant", "uv": [ 0.0, 0.0, 0.5, 0.5 ] },
								"west": { "texture": "#whitecurrant", "uv": [ 0.0, 0.0, 0.5, 0.5 ] },
								"up": { "texture": "#whitecurrant", "uv": [ 0.0, 0.0, 0.5, 0.5 ] },
								"down": { "texture": "#whitecurrant", "uv": [ 0.0, 0.0, 0.5, 0.5 ] }
							}
						},
						{
							"name": "berry254",
							"from": [ 2.5, 0.5, 1.5 ], 
							"to": [ 2.51, 1.0, 2.01 ], 
							"rotationOrigin": [ 2.5, 0.5, 1.5 ],
							"faces": {
								"north": { "texture": "#whitecurrant", "uv": [ 0.0, 0.0, 0.5, 0.5 ] },
								"east": { "texture": "#whitecurrant", "uv": [ 0.0, 0.0, 0.5, 0.5 ] },
								"south": { "texture": "#whitecurrant", "uv": [ 0.0, 0.0, 0.5, 0.5 ] },
								"west": { "texture": "#whitecurrant", "uv": [ 0.0, 0.0, 0.5, 0.5 ] },
								"up": { "texture": "#whitecurrant", "uv": [ 0.0, 0.0, 0.5, 0.5 ] },
								"down": { "texture": "#whitecurrant", "uv": [ 0.0, 0.0, 0.5, 0.5 ] }
							}
						},
						{
							"name": "berry255",
							"from": [ 0.5, 2.0, 3.0 ], 
							"to": [ 1.0, 2.5, 3.01 ], 
							"rotationOrigin": [ 0.5, 2.0, 3.0 ],
							"faces": {
								"north": { "texture": "#whitecurrant", "uv": [ 0.0, 0.0, 0.5, 0.5 ] },
								"east": { "texture": "#whitecurrant", "uv": [ 0.0, 0.0, 0.5, 0.5 ] },
								"south": { "texture": "#whitecurrant", "uv": [ 0.0, 0.0, 0.5, 0.5 ] },
								"west": { "texture": "#whitecurrant", "uv": [ 0.0, 0.0, 0.5, 0.5 ] },
								"up": { "texture": "#whitecurrant", "uv": [ 0.0, 0.0, 0.5, 0.5 ] },
								"down": { "texture": "#whitecurrant", "uv": [ 0.0, 0.0, 0.5, 0.5 ] }
							}
						},
						{
							"name": "berry256",
							"from": [ 6.5, 2.0, 3.0 ], 
							"to": [ 7.0, 2.5, 3.01 ], 
							"rotationOrigin": [ 6.5, 2.0, 3.0 ],
							"faces": {
								"north": { "texture": "#whitecurrant", "uv": [ 0.0, 0.0, 0.5, 0.5 ] },
								"east": { "texture": "#whitecurrant", "uv": [ 0.0, 0.0, 0.5, 0.5 ] },
								"south": { "texture": "#whitecurrant", "uv": [ 0.0, 0.0, 0.5, 0.5 ] },
								"west": { "texture": "#whitecurrant", "uv": [ 0.0, 0.0, 0.5, 0.5 ] },
								"up": { "texture": "#whitecurrant", "uv": [ 0.0, 0.0, 0.5, 0.5 ] },
								"down": { "texture": "#whitecurrant", "uv": [ 0.0, 0.0, 0.5, 0.5 ] }
							}
						},
						{
							"name": "berry257",
							"from": [ 5.5, 1.5, 3.0 ], 
							"to": [ 6.0, 2.0, 3.01 ], 
							"rotationOrigin": [ 5.5, 1.5, 3.0 ],
							"faces": {
								"north": { "texture": "#whitecurrant", "uv": [ 0.0, 0.0, 0.5, 0.5 ] },
								"east": { "texture": "#whitecurrant", "uv": [ 0.0, 0.0, 0.5, 0.5 ] },
								"south": { "texture": "#whitecurrant", "uv": [ 0.0, 0.0, 0.5, 0.5 ] },
								"west": { "texture": "#whitecurrant", "uv": [ 0.0, 0.0, 0.5, 0.5 ] },
								"up": { "texture": "#whitecurrant", "uv": [ 0.0, 0.0, 0.5, 0.5 ] },
								"down": { "texture": "#whitecurrant", "uv": [ 0.0, 0.0, 0.5, 0.5 ] }
							}
						},
						{
							"name": "berry258",
							"from": [ 4.0, 1.5, 3.0 ], 
							"to": [ 4.5, 2.0, 3.01 ], 
							"rotationOrigin": [ 4.0, 1.5, 3.0 ],
							"faces": {
								"north": { "texture": "#whitecurrant", "uv": [ 0.0, 0.0, 0.5, 0.5 ] },
								"east": { "texture": "#whitecurrant", "uv": [ 0.0, 0.0, 0.5, 0.5 ] },
								"south": { "texture": "#whitecurrant", "uv": [ 0.0, 0.0, 0.5, 0.5 ] },
								"west": { "texture": "#whitecurrant", "uv": [ 0.0, 0.0, 0.5, 0.5 ] },
								"up": { "texture": "#whitecurrant", "uv": [ 0.0, 0.0, 0.5, 0.5 ] },
								"down": { "texture": "#whitecurrant", "uv": [ 0.0, 0.0, 0.5, 0.5 ] }
							}
						},
						{
							"name": "berry259",
							"from": [ 2.0, 1.5, 3.0 ], 
							"to": [ 2.5, 2.0, 3.01 ], 
							"rotationOrigin": [ 2.0, 1.5, 3.0 ],
							"faces": {
								"north": { "texture": "#whitecurrant", "uv": [ 0.0, 0.0, 0.5, 0.5 ] },
								"east": { "texture": "#whitecurrant", "uv": [ 0.0, 0.0, 0.5, 0.5 ] },
								"south": { "texture": "#whitecurrant", "uv": [ 0.0, 0.0, 0.5, 0.5 ] },
								"west": { "texture": "#whitecurrant", "uv": [ 0.0, 0.0, 0.5, 0.5 ] },
								"up": { "texture": "#whitecurrant", "uv": [ 0.0, 0.0, 0.5, 0.5 ] },
								"down": { "texture": "#whitecurrant", "uv": [ 0.0, 0.0, 0.5, 0.5 ] }
							}
						},
						{
							"name": "berry260",
							"from": [ -0.51, 1.5, 2.0 ], 
							"to": [ -0.5, 2.0, 2.5 ], 
							"rotationOrigin": [ -0.5, 1.5, 2.0 ],
							"faces": {
								"north": { "texture": "#whitecurrant", "uv": [ 0.0, 0.0, 0.5, 0.5 ] },
								"east": { "texture": "#whitecurrant", "uv": [ 0.0, 0.0, 0.5, 0.5 ] },
								"south": { "texture": "#whitecurrant", "uv": [ 0.0, 0.0, 0.5, 0.5 ] },
								"west": { "texture": "#whitecurrant", "uv": [ 0.0, 0.0, 0.5, 0.5 ] },
								"up": { "texture": "#whitecurrant", "uv": [ 0.0, 0.0, 0.5, 0.5 ] },
								"down": { "texture": "#whitecurrant", "uv": [ 0.0, 0.0, 0.5, 0.5 ] }
							}
						},
						{
							"name": "berry261",
							"from": [ -0.51, 1.5, 1.0 ], 
							"to": [ -0.5, 2.0, 1.5 ], 
							"rotationOrigin": [ -0.5, 1.5, 1.0 ],
							"faces": {
								"north": { "texture": "#whitecurrant", "uv": [ 0.0, 0.0, 0.5, 0.5 ] },
								"east": { "texture": "#whitecurrant", "uv": [ 0.0, 0.0, 0.5, 0.5 ] },
								"south": { "texture": "#whitecurrant", "uv": [ 0.0, 0.0, 0.5, 0.5 ] },
								"west": { "texture": "#whitecurrant", "uv": [ 0.0, 0.0, 0.5, 0.5 ] },
								"up": { "texture": "#whitecurrant", "uv": [ 0.0, 0.0, 0.5, 0.5 ] },
								"down": { "texture": "#whitecurrant", "uv": [ 0.0, 0.0, 0.5, 0.5 ] }
							}
						},
						{
							"name": "berry262",
							"from": [ -0.51, 2.0, -0.5 ], 
							"to": [ -0.5, 2.5, 0.0 ], 
							"rotationOrigin": [ -0.5, 2.0, -0.5 ],
							"faces": {
								"north": { "texture": "#whitecurrant", "uv": [ 0.0, 0.0, 0.5, 0.5 ] },
								"east": { "texture": "#whitecurrant", "uv": [ 0.0, 0.0, 0.5, 0.5 ] },
								"south": { "texture": "#whitecurrant", "uv": [ 0.0, 0.0, 0.5, 0.5 ] },
								"west": { "texture": "#whitecurrant", "uv": [ 0.0, 0.0, 0.5, 0.5 ] },
								"up": { "texture": "#whitecurrant", "uv": [ 0.0, 0.0, 0.5, 0.5 ] },
								"down": { "texture": "#whitecurrant", "uv": [ 0.0, 0.0, 0.5, 0.5 ] }
							}
						},
						{
							"name": "berry263",
							"from": [ -0.5, 2.0, -0.51 ], 
							"to": [ 0.0, 2.5, -0.5 ], 
							"rotationOrigin": [ -0.5, 2.0, -0.5 ],
							"faces": {
								"north": { "texture": "#whitecurrant", "uv": [ 0.0, 0.0, 0.5, 0.5 ] },
								"east": { "texture": "#whitecurrant", "uv": [ 0.0, 0.0, 0.5, 0.5 ] },
								"south": { "texture": "#whitecurrant", "uv": [ 0.0, 0.0, 0.5, 0.5 ] },
								"west": { "texture": "#whitecurrant", "uv": [ 0.0, 0.0, 0.5, 0.5 ] },
								"up": { "texture": "#whitecurrant", "uv": [ 0.0, 0.0, 0.5, 0.5 ] },
								"down": { "texture": "#whitecurrant", "uv": [ 0.0, 0.0, 0.5, 0.5 ] }
							}
						},
						{
							"name": "berry264",
							"from": [ 1.5, 1.5, -0.51 ], 
							"to": [ 2.0, 2.0, -0.5 ], 
							"rotationOrigin": [ 1.5, 1.5, -0.5 ],
							"faces": {
								"north": { "texture": "#whitecurrant", "uv": [ 0.0, 0.0, 0.5, 0.5 ] },
								"east": { "texture": "#whitecurrant", "uv": [ 0.0, 0.0, 0.5, 0.5 ] },
								"south": { "texture": "#whitecurrant", "uv": [ 0.0, 0.0, 0.5, 0.5 ] },
								"west": { "texture": "#whitecurrant", "uv": [ 0.0, 0.0, 0.5, 0.5 ] },
								"up": { "texture": "#whitecurrant", "uv": [ 0.0, 0.0, 0.5, 0.5 ] },
								"down": { "texture": "#whitecurrant", "uv": [ 0.0, 0.0, 0.5, 0.5 ] }
							}
						},
						{
							"name": "berry265",
							"from": [ 3.5, 2.0, -0.51 ], 
							"to": [ 4.0, 2.5, -0.5 ], 
							"rotationOrigin": [ 3.5, 2.0, -0.5 ],
							"faces": {
								"north": { "texture": "#whitecurrant", "uv": [ 0.0, 0.0, 0.5, 0.5 ] },
								"east": { "texture": "#whitecurrant", "uv": [ 0.0, 0.0, 0.5, 0.5 ] },
								"south": { "texture": "#whitecurrant", "uv": [ 0.0, 0.0, 0.5, 0.5 ] },
								"west": { "texture": "#whitecurrant", "uv": [ 0.0, 0.0, 0.5, 0.5 ] },
								"up": { "texture": "#whitecurrant", "uv": [ 0.0, 0.0, 0.5, 0.5 ] },
								"down": { "texture": "#whitecurrant", "uv": [ 0.0, 0.0, 0.5, 0.5 ] }
							}
						},
						{
							"name": "berry266",
							"from": [ 5.5, 1.5, -0.51 ], 
							"to": [ 6.0, 2.0, -0.5 ], 
							"rotationOrigin": [ 5.5, 1.5, -0.5 ],
							"faces": {
								"north": { "texture": "#whitecurrant", "uv": [ 0.0, 0.0, 0.5, 0.5 ] },
								"east": { "texture": "#whitecurrant", "uv": [ 0.0, 0.0, 0.5, 0.5 ] },
								"south": { "texture": "#whitecurrant", "uv": [ 0.0, 0.0, 0.5, 0.5 ] },
								"west": { "texture": "#whitecurrant", "uv": [ 0.0, 0.0, 0.5, 0.5 ] },
								"up": { "texture": "#whitecurrant", "uv": [ 0.0, 0.0, 0.5, 0.5 ] },
								"down": { "texture": "#whitecurrant", "uv": [ 0.0, 0.0, 0.5, 0.5 ] }
							}
						},
						{
							"name": "berry267",
							"from": [ 7.0, 1.5, -0.51 ], 
							"to": [ 7.01, 2.0, -0.01 ], 
							"rotationOrigin": [ 7.0, 1.5, -0.5 ],
							"faces": {
								"north": { "texture": "#whitecurrant", "uv": [ 0.0, 0.0, 0.5, 0.5 ] },
								"east": { "texture": "#whitecurrant", "uv": [ 0.0, 0.0, 0.5, 0.5 ] },
								"south": { "texture": "#whitecurrant", "uv": [ 0.0, 0.0, 0.5, 0.5 ] },
								"west": { "texture": "#whitecurrant", "uv": [ 0.0, 0.0, 0.5, 0.5 ] },
								"up": { "texture": "#whitecurrant", "uv": [ 0.0, 0.0, 0.5, 0.5 ] },
								"down": { "texture": "#whitecurrant", "uv": [ 0.0, 0.0, 0.5, 0.5 ] }
							}
						},
						{
							"name": "berry268",
							"from": [ 7.0, 2.0, 1.0 ], 
							"to": [ 7.01, 2.5, 1.5 ], 
							"rotationOrigin": [ 7.0, 2.0, 1.0 ],
							"faces": {
								"north": { "texture": "#whitecurrant", "uv": [ 0.0, 0.0, 0.5, 0.5 ] },
								"east": { "texture": "#whitecurrant", "uv": [ 0.0, 0.0, 0.5, 0.5 ] },
								"south": { "texture": "#whitecurrant", "uv": [ 0.0, 0.0, 0.5, 0.5 ] },
								"west": { "texture": "#whitecurrant", "uv": [ 0.0, 0.0, 0.5, 0.5 ] },
								"up": { "texture": "#whitecurrant", "uv": [ 0.0, 0.0, 0.5, 0.5 ] },
								"down": { "texture": "#whitecurrant", "uv": [ 0.0, 0.0, 0.5, 0.5 ] }
							}
						},
						{
							"name": "berry269",
							"from": [ 7.0, 2.0, 2.5 ], 
							"to": [ 7.01, 2.5, 3.01 ], 
							"rotationOrigin": [ 7.0, 2.0, 2.5 ],
							"faces": {
								"north": { "texture": "#whitecurrant", "uv": [ 0.0, 0.0, 0.5, 0.5 ] },
								"east": { "texture": "#whitecurrant", "uv": [ 0.0, 0.0, 0.5, 0.5 ] },
								"south": { "texture": "#whitecurrant", "uv": [ 0.0, 0.0, 0.5, 0.5 ] },
								"west": { "texture": "#whitecurrant", "uv": [ 0.0, 0.0, 0.5, 0.5 ] },
								"up": { "texture": "#whitecurrant", "uv": [ 0.0, 0.0, 0.5, 0.5 ] },
								"down": { "texture": "#whitecurrant", "uv": [ 0.0, 0.0, 0.5, 0.5 ] }
							}
						},
						{
							"name": "berry270",
							"from": [ 3.0, 2.0, 2.0 ], 
							"to": [ 3.01, 2.5, 2.5 ], 
							"rotationOrigin": [ 3.0, 2.0, 2.0 ],
							"faces": {
								"north": { "texture": "#whitecurrant", "uv": [ 0.0, 0.0, 0.5, 0.5 ] },
								"east": { "texture": "#whitecurrant", "uv": [ 0.0, 0.0, 0.5, 0.5 ] },
								"south": { "texture": "#whitecurrant", "uv": [ 0.0, 0.0, 0.5, 0.5 ] },
								"west": { "texture": "#whitecurrant", "uv": [ 0.0, 0.0, 0.5, 0.5 ] },
								"up": { "texture": "#whitecurrant", "uv": [ 0.0, 0.0, 0.5, 0.5 ] },
								"down": { "texture": "#whitecurrant", "uv": [ 0.0, 0.0, 0.5, 0.5 ] }
							}
						},
						{
							"name": "berry271",
							"from": [ 3.0, 1.5, 0.5 ], 
							"to": [ 3.01, 2.0, 1.0 ], 
							"rotationOrigin": [ 3.0, 1.5, 0.5 ],
							"faces": {
								"north": { "texture": "#whitecurrant", "uv": [ 0.0, 0.0, 0.5, 0.5 ] },
								"east": { "texture": "#whitecurrant", "uv": [ 0.0, 0.0, 0.5, 0.5 ] },
								"south": { "texture": "#whitecurrant", "uv": [ 0.0, 0.0, 0.5, 0.5 ] },
								"west": { "texture": "#whitecurrant", "uv": [ 0.0, 0.0, 0.5, 0.5 ] },
								"up": { "texture": "#whitecurrant", "uv": [ 0.0, 0.0, 0.5, 0.5 ] },
								"down": { "texture": "#whitecurrant", "uv": [ 0.0, 0.0, 0.5, 0.5 ] }
							}
						},
						{
							"name": "berry272",
							"from": [ 6.5, 1.5, -0.51 ], 
							"to": [ 7.01, 2.0, -0.5 ], 
							"rotationOrigin": [ 6.5, 1.5, -0.5 ],
							"faces": {
								"north": { "texture": "#whitecurrant", "uv": [ 0.0, 0.0, 0.5, 0.5 ] },
								"east": { "texture": "#whitecurrant", "uv": [ 0.0, 0.0, 0.5, 0.5 ] },
								"south": { "texture": "#whitecurrant", "uv": [ 0.0, 0.0, 0.5, 0.5 ] },
								"west": { "texture": "#whitecurrant", "uv": [ 0.0, 0.0, 0.5, 0.5 ] },
								"up": { "texture": "#whitecurrant", "uv": [ 0.0, 0.0, 0.5, 0.5 ] },
								"down": { "texture": "#whitecurrant", "uv": [ 0.0, 0.0, 0.5, 0.5 ] }
							}
						},
						{
							"name": "berry273",
							"from": [ -0.01, 3.0, 1.5 ], 
							"to": [ 0.5, 3.01, 2.0 ], 
							"rotationOrigin": [ 0.0, 3.0, 1.5 ],
							"faces": {
								"north": { "texture": "#whitecurrant", "uv": [ 10.0, 13.5, 10.5, 14.0 ] },
								"east": { "texture": "#whitecurrant", "uv": [ 14.0, 0.0, 14.5, 0.5 ] },
								"south": { "texture": "#whitecurrant", "uv": [ 0.0, 8.5, 0.5, 9.0 ] },
								"west": { "texture": "#whitecurrant", "uv": [ 11.0, 6.5, 11.5, 7.0 ] },
								"up": { "texture": "#whitecurrant", "uv": [ 13.0, 2.5, 13.5, 3.0 ] },
								"down": { "texture": "#whitecurrant", "uv": [ 2.5, 1.0, 3.0, 1.5 ] }
							}
						},
						{
							"name": "berry274",
							"from": [ 1.0, 3.0, 1.5 ], 
							"to": [ 1.5, 3.01, 2.0 ], 
							"rotationOrigin": [ 1.0, 3.0, 1.5 ],
							"faces": {
								"north": { "texture": "#whitecurrant", "uv": [ 10.0, 13.5, 10.5, 14.0 ] },
								"east": { "texture": "#whitecurrant", "uv": [ 14.0, 0.0, 14.5, 0.5 ] },
								"south": { "texture": "#whitecurrant", "uv": [ 0.0, 8.5, 0.5, 9.0 ] },
								"west": { "texture": "#whitecurrant", "uv": [ 11.0, 6.5, 11.5, 7.0 ] },
								"up": { "texture": "#whitecurrant", "uv": [ 13.0, 2.5, 13.5, 3.0 ] },
								"down": { "texture": "#whitecurrant", "uv": [ 2.5, 1.0, 3.0, 1.5 ] }
							}
						},
						{
							"name": "berry275",
							"from": [ 1.5, 3.0, 1.0 ], 
							"to": [ 2.0, 3.01, 1.5 ], 
							"rotationOrigin": [ 1.5, 3.0, 1.0 ],
							"faces": {
								"north": { "texture": "#whitecurrant", "uv": [ 10.0, 13.5, 10.5, 14.0 ] },
								"east": { "texture": "#whitecurrant", "uv": [ 14.0, 0.0, 14.5, 0.5 ] },
								"south": { "texture": "#whitecurrant", "uv": [ 0.0, 8.5, 0.5, 9.0 ] },
								"west": { "texture": "#whitecurrant", "uv": [ 11.0, 6.5, 11.5, 7.0 ] },
								"up": { "texture": "#whitecurrant", "uv": [ 13.0, 2.5, 13.5, 3.0 ] },
								"down": { "texture": "#whitecurrant", "uv": [ 2.5, 1.0, 3.0, 1.5 ] }
							}
						},
						{
							"name": "berry276",
							"from": [ 3.99, 3.0, 1.5 ], 
							"to": [ 4.5, 3.01, 2.0 ], 
							"rotationOrigin": [ 4.0, 3.0, 1.5 ],
							"faces": {
								"north": { "texture": "#whitecurrant", "uv": [ 10.0, 13.5, 10.5, 14.0 ] },
								"east": { "texture": "#whitecurrant", "uv": [ 14.0, 0.0, 14.5, 0.5 ] },
								"south": { "texture": "#whitecurrant", "uv": [ 0.0, 8.5, 0.5, 9.0 ] },
								"west": { "texture": "#whitecurrant", "uv": [ 11.0, 6.5, 11.5, 7.0 ] },
								"up": { "texture": "#whitecurrant", "uv": [ 13.0, 2.5, 13.5, 3.0 ] },
								"down": { "texture": "#whitecurrant", "uv": [ 2.5, 1.0, 3.0, 1.5 ] }
							}
						},
						{
							"name": "berry277",
							"from": [ 5.0, 3.0, 2.0 ], 
							"to": [ 5.5, 3.01, 2.5 ], 
							"rotationOrigin": [ 5.0, 3.0, 2.0 ],
							"faces": {
								"north": { "texture": "#whitecurrant", "uv": [ 10.0, 13.5, 10.5, 14.0 ] },
								"east": { "texture": "#whitecurrant", "uv": [ 14.0, 0.0, 14.5, 0.5 ] },
								"south": { "texture": "#whitecurrant", "uv": [ 0.0, 8.5, 0.5, 9.0 ] },
								"west": { "texture": "#whitecurrant", "uv": [ 11.0, 6.5, 11.5, 7.0 ] },
								"up": { "texture": "#whitecurrant", "uv": [ 13.0, 2.5, 13.5, 3.0 ] },
								"down": { "texture": "#whitecurrant", "uv": [ 2.5, 1.0, 3.0, 1.5 ] }
							}
						},
						{
							"name": "berry278",
							"from": [ 5.5, 3.0, 0.5 ], 
							"to": [ 6.0, 3.01, 1.0 ], 
							"rotationOrigin": [ 5.5, 3.0, 0.5 ],
							"faces": {
								"north": { "texture": "#whitecurrant", "uv": [ 10.0, 13.5, 10.5, 14.0 ] },
								"east": { "texture": "#whitecurrant", "uv": [ 14.0, 0.0, 14.5, 0.5 ] },
								"south": { "texture": "#whitecurrant", "uv": [ 0.0, 8.5, 0.5, 9.0 ] },
								"west": { "texture": "#whitecurrant", "uv": [ 11.0, 6.5, 11.5, 7.0 ] },
								"up": { "texture": "#whitecurrant", "uv": [ 13.0, 2.5, 13.5, 3.0 ] },
								"down": { "texture": "#whitecurrant", "uv": [ 2.5, 1.0, 3.0, 1.5 ] }
							}
						},
						{
							"name": "berry279",
							"from": [ 6.5, 2.5, 1.0 ], 
							"to": [ 7.01, 2.51, 1.5 ], 
							"rotationOrigin": [ 6.5, 2.5, 1.0 ],
							"faces": {
								"north": { "texture": "#whitecurrant", "uv": [ 0.0, 1.5, 0.5, 2.0 ] },
								"east": { "texture": "#whitecurrant", "uv": [ 3.0, 4.0, 3.5, 4.5 ] },
								"south": { "texture": "#whitecurrant", "uv": [ 8.5, 3.0, 9.0, 3.5 ] },
								"west": { "texture": "#whitecurrant", "uv": [ 3.5, 7.0, 4.0, 7.5 ] },
								"up": { "texture": "#whitecurrant", "uv": [ 10.5, 8.0, 11.0, 8.5 ] },
								"down": { "texture": "#whitecurrant", "uv": [ 0.0, 3.5, 0.5, 4.0 ] }
							}
						},
						{
							"name": "berry280",
							"from": [ 6.5, 2.5, 2.5 ], 
							"to": [ 7.01, 2.51, 3.01 ], 
							"rotationOrigin": [ 6.5, 2.5, 2.5 ],
							"faces": {
								"north": { "texture": "#whitecurrant", "uv": [ 0.0, 1.5, 0.5, 2.0 ] },
								"east": { "texture": "#whitecurrant", "uv": [ 3.0, 4.0, 3.5, 4.5 ] },
								"south": { "texture": "#whitecurrant", "uv": [ 8.5, 3.0, 9.0, 3.5 ] },
								"west": { "texture": "#whitecurrant", "uv": [ 3.5, 7.0, 4.0, 7.5 ] },
								"up": { "texture": "#whitecurrant", "uv": [ 10.5, 8.0, 11.0, 8.5 ] },
								"down": { "texture": "#whitecurrant", "uv": [ 0.0, 3.5, 0.5, 4.0 ] }
							}
						},
						{
							"name": "berry281",
							"from": [ 3.5, 2.5, 1.5 ], 
							"to": [ 4.0, 2.51, 2.0 ], 
							"rotationOrigin": [ 3.5, 2.5, 1.5 ],
							"faces": {
								"north": { "texture": "#whitecurrant", "uv": [ 0.0, 1.5, 0.5, 2.0 ] },
								"east": { "texture": "#whitecurrant", "uv": [ 3.0, 4.0, 3.5, 4.5 ] },
								"south": { "texture": "#whitecurrant", "uv": [ 8.5, 3.0, 9.0, 3.5 ] },
								"west": { "texture": "#whitecurrant", "uv": [ 3.5, 7.0, 4.0, 7.5 ] },
								"up": { "texture": "#whitecurrant", "uv": [ 10.5, 8.0, 11.0, 8.5 ] },
								"down": { "texture": "#whitecurrant", "uv": [ 0.0, 3.5, 0.5, 4.0 ] }
							}
						},
						{
							"name": "berry282",
							"from": [ 0.5, 2.5, 2.5 ], 
							"to": [ 1.0, 2.51, 3.01 ], 
							"rotationOrigin": [ 0.5, 2.5, 2.5 ],
							"faces": {
								"north": { "texture": "#whitecurrant", "uv": [ 0.0, 1.5, 0.5, 2.0 ] },
								"east": { "texture": "#whitecurrant", "uv": [ 3.0, 4.0, 3.5, 4.5 ] },
								"south": { "texture": "#whitecurrant", "uv": [ 8.5, 3.0, 9.0, 3.5 ] },
								"west": { "texture": "#whitecurrant", "uv": [ 3.5, 7.0, 4.0, 7.5 ] },
								"up": { "texture": "#whitecurrant", "uv": [ 10.5, 8.0, 11.0, 8.5 ] },
								"down": { "texture": "#whitecurrant", "uv": [ 0.0, 3.5, 0.5, 4.0 ] }
							}
						},
						{
							"name": "berry283",
							"from": [ -0.5, 2.5, 1.5 ], 
							"to": [ 0.0, 2.51, 2.0 ], 
							"rotationOrigin": [ -0.5, 2.5, 1.5 ],
							"faces": {
								"north": { "texture": "#whitecurrant", "uv": [ 0.0, 1.5, 0.5, 2.0 ] },
								"east": { "texture": "#whitecurrant", "uv": [ 3.0, 4.0, 3.5, 4.5 ] },
								"south": { "texture": "#whitecurrant", "uv": [ 8.5, 3.0, 9.0, 3.5 ] },
								"west": { "texture": "#whitecurrant", "uv": [ 3.5, 7.0, 4.0, 7.5 ] },
								"up": { "texture": "#whitecurrant", "uv": [ 10.5, 8.0, 11.0, 8.5 ] },
								"down": { "texture": "#whitecurrant", "uv": [ 0.0, 3.5, 0.5, 4.0 ] }
							}
						},
						{
							"name": "berry284",
							"from": [ -0.51, 2.5, -0.51 ], 
							"to": [ 0.0, 2.51, 0.0 ], 
							"rotationOrigin": [ -0.5, 2.5, -0.5 ],
							"faces": {
								"north": { "texture": "#whitecurrant", "uv": [ 0.0, 1.5, 0.5, 2.0 ] },
								"east": { "texture": "#whitecurrant", "uv": [ 3.0, 4.0, 3.5, 4.5 ] },
								"south": { "texture": "#whitecurrant", "uv": [ 8.5, 3.0, 9.0, 3.5 ] },
								"west": { "texture": "#whitecurrant", "uv": [ 3.5, 7.0, 4.0, 7.5 ] },
								"up": { "texture": "#whitecurrant", "uv": [ 10.5, 8.0, 11.0, 8.5 ] },
								"down": { "texture": "#whitecurrant", "uv": [ 0.0, 3.5, 0.5, 4.0 ] }
							}
						},
						{
							"name": "berry285",
							"from": [ 3.49, 2.5, -0.51 ], 
							"to": [ 4.0, 2.51, 0.0 ], 
							"rotationOrigin": [ 3.5, 2.5, -0.5 ],
							"faces": {
								"north": { "texture": "#whitecurrant", "uv": [ 0.0, 1.5, 0.5, 2.0 ] },
								"east": { "texture": "#whitecurrant", "uv": [ 3.0, 4.0, 3.5, 4.5 ] },
								"south": { "texture": "#whitecurrant", "uv": [ 8.5, 3.0, 9.0, 3.5 ] },
								"west": { "texture": "#whitecurrant", "uv": [ 3.5, 7.0, 4.0, 7.5 ] },
								"up": { "texture": "#whitecurrant", "uv": [ 10.5, 8.0, 11.0, 8.5 ] },
								"down": { "texture": "#whitecurrant", "uv": [ 0.0, 3.5, 0.5, 4.0 ] }
							}
						},
						{
							"name": "berry286",
							"from": [ 3.49, 2.0, -0.5 ], 
							"to": [ 3.5, 2.5, 0.0 ], 
							"rotationOrigin": [ 3.5, 2.0, -0.5 ],
							"faces": {
								"north": { "texture": "#whitecurrant", "uv": [ 0.0, 0.0, 0.5, 0.5 ] },
								"east": { "texture": "#whitecurrant", "uv": [ 0.0, 0.0, 0.5, 0.5 ] },
								"south": { "texture": "#whitecurrant", "uv": [ 0.0, 0.0, 0.5, 0.5 ] },
								"west": { "texture": "#whitecurrant", "uv": [ 0.0, 0.0, 0.5, 0.5 ] },
								"up": { "texture": "#whitecurrant", "uv": [ 0.0, 0.0, 0.5, 0.5 ] },
								"down": { "texture": "#whitecurrant", "uv": [ 0.0, 0.0, 0.5, 0.5 ] }
							}
						},
						{
							"name": "berry287",
							"from": [ 3.49, 2.0, 2.0 ], 
							"to": [ 3.5, 2.5, 2.5 ], 
							"rotationOrigin": [ 3.5, 2.0, 2.0 ],
							"faces": {
								"north": { "texture": "#whitecurrant", "uv": [ 0.0, 0.0, 0.5, 0.5 ] },
								"east": { "texture": "#whitecurrant", "uv": [ 0.0, 0.0, 0.5, 0.5 ] },
								"south": { "texture": "#whitecurrant", "uv": [ 0.0, 0.0, 0.5, 0.5 ] },
								"west": { "texture": "#whitecurrant", "uv": [ 0.0, 0.0, 0.5, 0.5 ] },
								"up": { "texture": "#whitecurrant", "uv": [ 0.0, 0.0, 0.5, 0.5 ] },
								"down": { "texture": "#whitecurrant", "uv": [ 0.0, 0.0, 0.5, 0.5 ] }
							}
						},
						{
							"name": "berry288",
							"from": [ 2.0, 2.5, -0.5 ], 
							"to": [ 2.5, 2.51, 0.0 ], 
							"rotationOrigin": [ 2.0, 2.5, -0.5 ],
							"faces": {
								"north": { "texture": "#whitecurrant", "uv": [ 0.0, 1.5, 0.5, 2.0 ] },
								"east": { "texture": "#whitecurrant", "uv": [ 3.0, 4.0, 3.5, 4.5 ] },
								"south": { "texture": "#whitecurrant", "uv": [ 8.5, 3.0, 9.0, 3.5 ] },
								"west": { "texture": "#whitecurrant", "uv": [ 3.5, 7.0, 4.0, 7.5 ] },
								"up": { "texture": "#whitecurrant", "uv": [ 10.5, 8.0, 11.0, 8.5 ] },
								"down": { "texture": "#whitecurrant", "uv": [ 0.0, 3.5, 0.5, 4.0 ] }
							}
						},
						{
							"name": "berry316",
							"from": [ 6.5, 1.49, -0.5 ], 
							"to": [ 7.0, 1.5, 0.0 ], 
							"rotationOrigin": [ 6.5, 1.5, -0.5 ],
							"faces": {
								"north": { "texture": "#whitecurrant", "uv": [ 3.0, 11.5, 3.5, 12.0 ] },
								"east": { "texture": "#whitecurrant", "uv": [ 15.0, 0.5, 15.5, 1.0 ] },
								"south": { "texture": "#whitecurrant", "uv": [ 5.5, 1.5, 6.0, 2.0 ] },
								"west": { "texture": "#whitecurrant", "uv": [ 2.5, 7.0, 3.0, 7.5 ] },
								"up": { "texture": "#whitecurrant", "uv": [ 2.0, 4.0, 2.5, 4.5 ] },
								"down": { "texture": "#whitecurrant", "uv": [ 15.0, 7.0, 15.5, 7.5 ] }
							}
						},
						{
							"name": "berry317",
							"from": [ 5.5, 1.49, -0.5 ], 
							"to": [ 6.0, 1.5, 0.0 ], 
							"rotationOrigin": [ 5.5, 1.5, -0.5 ],
							"faces": {
								"north": { "texture": "#whitecurrant", "uv": [ 3.0, 11.5, 3.5, 12.0 ] },
								"east": { "texture": "#whitecurrant", "uv": [ 15.0, 0.5, 15.5, 1.0 ] },
								"south": { "texture": "#whitecurrant", "uv": [ 5.5, 1.5, 6.0, 2.0 ] },
								"west": { "texture": "#whitecurrant", "uv": [ 2.5, 7.0, 3.0, 7.5 ] },
								"up": { "texture": "#whitecurrant", "uv": [ 2.0, 4.0, 2.5, 4.5 ] },
								"down": { "texture": "#whitecurrant", "uv": [ 15.0, 7.0, 15.5, 7.5 ] }
							}
						},
						{
							"name": "berry318",
							"from": [ 5.5, 1.49, 2.5 ], 
							"to": [ 6.0, 1.5, 3.0 ], 
							"rotationOrigin": [ 5.5, 1.5, 2.5 ],
							"faces": {
								"north": { "texture": "#whitecurrant", "uv": [ 3.0, 11.5, 3.5, 12.0 ] },
								"east": { "texture": "#whitecurrant", "uv": [ 15.0, 0.5, 15.5, 1.0 ] },
								"south": { "texture": "#whitecurrant", "uv": [ 5.5, 1.5, 6.0, 2.0 ] },
								"west": { "texture": "#whitecurrant", "uv": [ 2.5, 7.0, 3.0, 7.5 ] },
								"up": { "texture": "#whitecurrant", "uv": [ 2.0, 4.0, 2.5, 4.5 ] },
								"down": { "texture": "#whitecurrant", "uv": [ 15.0, 7.0, 15.5, 7.5 ] }
							}
						},
						{
							"name": "berry319",
							"from": [ 4.0, 1.49, 2.5 ], 
							"to": [ 4.5, 1.5, 3.0 ], 
							"rotationOrigin": [ 4.0, 1.5, 2.5 ],
							"faces": {
								"north": { "texture": "#whitecurrant", "uv": [ 3.0, 11.5, 3.5, 12.0 ] },
								"east": { "texture": "#whitecurrant", "uv": [ 15.0, 0.5, 15.5, 1.0 ] },
								"south": { "texture": "#whitecurrant", "uv": [ 5.5, 1.5, 6.0, 2.0 ] },
								"west": { "texture": "#whitecurrant", "uv": [ 2.5, 7.0, 3.0, 7.5 ] },
								"up": { "texture": "#whitecurrant", "uv": [ 2.0, 4.0, 2.5, 4.5 ] },
								"down": { "texture": "#whitecurrant", "uv": [ 15.0, 7.0, 15.5, 7.5 ] }
							}
						},
						{
							"name": "berry320",
							"from": [ 2.0, 1.49, 2.5 ], 
							"to": [ 2.5, 1.5, 3.0 ], 
							"rotationOrigin": [ 2.0, 1.5, 2.5 ],
							"faces": {
								"north": { "texture": "#whitecurrant", "uv": [ 3.0, 11.5, 3.5, 12.0 ] },
								"east": { "texture": "#whitecurrant", "uv": [ 15.0, 0.5, 15.5, 1.0 ] },
								"south": { "texture": "#whitecurrant", "uv": [ 5.5, 1.5, 6.0, 2.0 ] },
								"west": { "texture": "#whitecurrant", "uv": [ 2.5, 7.0, 3.0, 7.5 ] },
								"up": { "texture": "#whitecurrant", "uv": [ 2.0, 4.0, 2.5, 4.5 ] },
								"down": { "texture": "#whitecurrant", "uv": [ 15.0, 7.0, 15.5, 7.5 ] }
							}
						},
						{
							"name": "berry321",
							"from": [ -0.5, 1.49, 2.0 ], 
							"to": [ 0.0, 1.5, 2.5 ], 
							"rotationOrigin": [ -0.5, 1.5, 2.0 ],
							"faces": {
								"north": { "texture": "#whitecurrant", "uv": [ 3.0, 11.5, 3.5, 12.0 ] },
								"east": { "texture": "#whitecurrant", "uv": [ 15.0, 0.5, 15.5, 1.0 ] },
								"south": { "texture": "#whitecurrant", "uv": [ 5.5, 1.5, 6.0, 2.0 ] },
								"west": { "texture": "#whitecurrant", "uv": [ 2.5, 7.0, 3.0, 7.5 ] },
								"up": { "texture": "#whitecurrant", "uv": [ 2.0, 4.0, 2.5, 4.5 ] },
								"down": { "texture": "#whitecurrant", "uv": [ 15.0, 7.0, 15.5, 7.5 ] }
							}
						},
						{
							"name": "berry322",
							"from": [ -0.5, 1.49, 1.0 ], 
							"to": [ 0.0, 1.5, 1.5 ], 
							"rotationOrigin": [ -0.5, 1.5, 1.0 ],
							"faces": {
								"north": { "texture": "#whitecurrant", "uv": [ 3.0, 11.5, 3.5, 12.0 ] },
								"east": { "texture": "#whitecurrant", "uv": [ 15.0, 0.5, 15.5, 1.0 ] },
								"south": { "texture": "#whitecurrant", "uv": [ 5.5, 1.5, 6.0, 2.0 ] },
								"west": { "texture": "#whitecurrant", "uv": [ 2.5, 7.0, 3.0, 7.5 ] },
								"up": { "texture": "#whitecurrant", "uv": [ 2.0, 4.0, 2.5, 4.5 ] },
								"down": { "texture": "#whitecurrant", "uv": [ 15.0, 7.0, 15.5, 7.5 ] }
							}
						},
						{
							"name": "berry323",
							"from": [ 1.5, 1.49, -0.5 ], 
							"to": [ 2.0, 1.5, 0.0 ], 
							"rotationOrigin": [ 1.5, 1.5, -0.5 ],
							"faces": {
								"north": { "texture": "#whitecurrant", "uv": [ 3.0, 11.5, 3.5, 12.0 ] },
								"east": { "texture": "#whitecurrant", "uv": [ 15.0, 0.5, 15.5, 1.0 ] },
								"south": { "texture": "#whitecurrant", "uv": [ 5.5, 1.5, 6.0, 2.0 ] },
								"west": { "texture": "#whitecurrant", "uv": [ 2.5, 7.0, 3.0, 7.5 ] },
								"up": { "texture": "#whitecurrant", "uv": [ 2.0, 4.0, 2.5, 4.5 ] },
								"down": { "texture": "#whitecurrant", "uv": [ 15.0, 7.0, 15.5, 7.5 ] }
							}
						},
						{
							"name": "berry324",
							"from": [ 2.5, 1.49, 0.5 ], 
							"to": [ 3.0, 1.5, 1.0 ], 
							"rotationOrigin": [ 2.5, 1.5, 0.5 ],
							"faces": {
								"north": { "texture": "#whitecurrant", "uv": [ 3.0, 11.5, 3.5, 12.0 ] },
								"east": { "texture": "#whitecurrant", "uv": [ 15.0, 0.5, 15.5, 1.0 ] },
								"south": { "texture": "#whitecurrant", "uv": [ 5.5, 1.5, 6.0, 2.0 ] },
								"west": { "texture": "#whitecurrant", "uv": [ 2.5, 7.0, 3.0, 7.5 ] },
								"up": { "texture": "#whitecurrant", "uv": [ 2.0, 4.0, 2.5, 4.5 ] },
								"down": { "texture": "#whitecurrant", "uv": [ 15.0, 7.0, 15.5, 7.5 ] }
							}
						},
						{
							"name": "berry325",
							"from": [ 3.5, 1.49, 2.0 ], 
							"to": [ 4.0, 1.5, 2.5 ], 
							"rotationOrigin": [ 3.5, 1.5, 2.0 ],
							"faces": {
								"north": { "texture": "#whitecurrant", "uv": [ 3.0, 11.5, 3.5, 12.0 ] },
								"east": { "texture": "#whitecurrant", "uv": [ 15.0, 0.5, 15.5, 1.0 ] },
								"south": { "texture": "#whitecurrant", "uv": [ 5.5, 1.5, 6.0, 2.0 ] },
								"west": { "texture": "#whitecurrant", "uv": [ 2.5, 7.0, 3.0, 7.5 ] },
								"up": { "texture": "#whitecurrant", "uv": [ 2.0, 4.0, 2.5, 4.5 ] },
								"down": { "texture": "#whitecurrant", "uv": [ 15.0, 7.0, 15.5, 7.5 ] }
							}
						},
						{
							"name": "berry356",
							"from": [ 5.5, -0.01, 2.0 ], 
							"to": [ 6.0, 0.0, 2.5 ], 
							"rotationOrigin": [ 5.5, 0.0, 2.0 ],
							"faces": {
								"north": { "texture": "#whitecurrant", "uv": [ 3.0, 11.5, 3.5, 12.0 ] },
								"east": { "texture": "#whitecurrant", "uv": [ 15.0, 0.5, 15.5, 1.0 ] },
								"south": { "texture": "#whitecurrant", "uv": [ 5.5, 1.5, 6.0, 2.0 ] },
								"west": { "texture": "#whitecurrant", "uv": [ 2.5, 7.0, 3.0, 7.5 ] },
								"up": { "texture": "#whitecurrant", "uv": [ 2.0, 4.0, 2.5, 4.5 ] },
								"down": { "texture": "#whitecurrant", "uv": [ 15.0, 7.0, 15.5, 7.5 ] }
							}
						},
						{
							"name": "berry357",
							"from": [ 5.5, -0.01, 1.0 ], 
							"to": [ 6.0, 0.0, 1.5 ], 
							"rotationOrigin": [ 5.5, 0.0, 1.0 ],
							"faces": {
								"north": { "texture": "#whitecurrant", "uv": [ 3.0, 11.5, 3.5, 12.0 ] },
								"east": { "texture": "#whitecurrant", "uv": [ 15.0, 0.5, 15.5, 1.0 ] },
								"south": { "texture": "#whitecurrant", "uv": [ 5.5, 1.5, 6.0, 2.0 ] },
								"west": { "texture": "#whitecurrant", "uv": [ 2.5, 7.0, 3.0, 7.5 ] },
								"up": { "texture": "#whitecurrant", "uv": [ 2.0, 4.0, 2.5, 4.5 ] },
								"down": { "texture": "#whitecurrant", "uv": [ 15.0, 7.0, 15.5, 7.5 ] }
							}
						},
						{
							"name": "berry358",
							"from": [ 4.5, -0.01, 0.5 ], 
							"to": [ 5.0, 0.0, 1.0 ], 
							"rotationOrigin": [ 4.5, 0.0, 0.5 ],
							"faces": {
								"north": { "texture": "#whitecurrant", "uv": [ 3.0, 11.5, 3.5, 12.0 ] },
								"east": { "texture": "#whitecurrant", "uv": [ 15.0, 0.5, 15.5, 1.0 ] },
								"south": { "texture": "#whitecurrant", "uv": [ 5.5, 1.5, 6.0, 2.0 ] },
								"west": { "texture": "#whitecurrant", "uv": [ 2.5, 7.0, 3.0, 7.5 ] },
								"up": { "texture": "#whitecurrant", "uv": [ 2.0, 4.0, 2.5, 4.5 ] },
								"down": { "texture": "#whitecurrant", "uv": [ 15.0, 7.0, 15.5, 7.5 ] }
							}
						},
						{
							"name": "berry359",
							"from": [ 1.5, -0.01, 0.5 ], 
							"to": [ 2.0, 0.0, 1.0 ], 
							"rotationOrigin": [ 1.5, 0.0, 0.5 ],
							"faces": {
								"north": { "texture": "#whitecurrant", "uv": [ 3.0, 11.5, 3.5, 12.0 ] },
								"east": { "texture": "#whitecurrant", "uv": [ 15.0, 0.5, 15.5, 1.0 ] },
								"south": { "texture": "#whitecurrant", "uv": [ 5.5, 1.5, 6.0, 2.0 ] },
								"west": { "texture": "#whitecurrant", "uv": [ 2.5, 7.0, 3.0, 7.5 ] },
								"up": { "texture": "#whitecurrant", "uv": [ 2.0, 4.0, 2.5, 4.5 ] },
								"down": { "texture": "#whitecurrant", "uv": [ 15.0, 7.0, 15.5, 7.5 ] }
							}
						},
						{
							"name": "berry360",
							"from": [ 1.0, -0.01, 1.5 ], 
							"to": [ 1.5, 0.0, 2.0 ], 
							"rotationOrigin": [ 1.0, 0.0, 1.5 ],
							"faces": {
								"north": { "texture": "#whitecurrant", "uv": [ 3.0, 11.5, 3.5, 12.0 ] },
								"east": { "texture": "#whitecurrant", "uv": [ 15.0, 0.5, 15.5, 1.0 ] },
								"south": { "texture": "#whitecurrant", "uv": [ 5.5, 1.5, 6.0, 2.0 ] },
								"west": { "texture": "#whitecurrant", "uv": [ 2.5, 7.0, 3.0, 7.5 ] },
								"up": { "texture": "#whitecurrant", "uv": [ 2.0, 4.0, 2.5, 4.5 ] },
								"down": { "texture": "#whitecurrant", "uv": [ 15.0, 7.0, 15.5, 7.5 ] }
							}
						}
					]
				}
			]
		}
	]}