{
	"editor": {
		"allAngles": false,
		"entityTextureMode": false
	},
	"textureWidth": 16,
	"textureHeight": 16,
	"textureSizes": {
	},
	"textures": {
		"redcurrant": "item/food/grain/overlays/redcurrant",
	},
	"elements": [
		{
			"name": "berries",
			"from": [ 6.25, 0.0, 5.5 ], 
			"to": [ 6.25, 0.0, 5.5 ], 
			"rotationOrigin": [ 6.25, 0.0, 5.5 ],
			"faces": {
				"north": { "texture": "#blackcurrant", "uv": [ 15.0, 7.5, 15.5, 8.0 ] },
				"east": { "texture": "#blackcurrant", "uv": [ 4.0, 14.5, 4.5, 15.0 ] },
				"south": { "texture": "#blackcurrant", "uv": [ 0.5, 7.0, 1.0, 7.5 ] },
				"west": { "texture": "#blackcurrant", "uv": [ 13.0, 0.0, 13.5, 0.5 ] },
				"up": { "texture": "#blackcurrant", "uv": [ 8.5, 5.0, 9.0, 5.5 ] },
				"down": { "texture": "#blackcurrant", "uv": [ 14.0, 9.5, 14.5, 10.0 ] }
			},
			"children": [
				{
					"name": "redcurrant",
					"from": [ 2.0, 0.0, 5.01 ], 
					"to": [ 2.0, 0.0, 5.01 ], 
					"rotationOrigin": [ 2.0, 0.0, 5.01 ],
					"faces": {
						"north": { "texture": "#redcurrant", "uv": [ 11.0, 15.0, 11.5, 15.5 ] },
						"east": { "texture": "#redcurrant", "uv": [ 3.0, 11.5, 3.5, 12.0 ] },
						"south": { "texture": "#redcurrant", "uv": [ 6.5, 12.5, 7.0, 13.0 ] },
						"west": { "texture": "#redcurrant", "uv": [ 3.0, 8.5, 3.5, 9.0 ] },
						"up": { "texture": "#redcurrant", "uv": [ 13.0, 6.0, 13.5, 6.5 ] },
						"down": { "texture": "#redcurrant", "uv": [ 9.5, 11.0, 10.0, 11.5 ] }
					},
					"children": [
						{
							"name": "berry1",
							"from": [ -2.01, 0.0, -4.51 ], 
							"to": [ -2.0, 1.0, -3.51 ], 
							"rotationOrigin": [ -2.1, 0.0, -4.51 ],
							"faces": {
								"north": { "texture": "#redcurrant", "uv": [ 5.5, 11.0, 6.0, 12.0 ] },
								"east": { "texture": "#redcurrant", "uv": [ 3.0, 9.5, 4.0, 10.5 ] },
								"south": { "texture": "#redcurrant", "uv": [ 9.0, 0.5, 9.5, 1.5 ] },
								"west": { "texture": "#redcurrant", "uv": [ 4.0, 2.5, 5.0, 3.5 ] },
								"up": { "texture": "#redcurrant", "uv": [ 14.0, 11.0, 14.5, 12.0 ] },
								"down": { "texture": "#redcurrant", "uv": [ 4.5, 11.0, 5.0, 12.0 ] }
							}
						},
						{
							"name": "berry64",
							"from": [ -2.0, -0.01, -4.51 ], 
							"to": [ -1.5, 0.0, -3.51 ], 
							"rotationOrigin": [ -2.1, 0.0, -4.51 ],
							"faces": {
								"north": { "texture": "#redcurrant", "uv": [ 14.0, 8.5, 14.5, 9.0 ] },
								"east": { "texture": "#redcurrant", "uv": [ 4.0, 4.0, 5.0, 4.5 ] },
								"south": { "texture": "#redcurrant", "uv": [ 0.0, 4.5, 0.5, 5.0 ] },
								"west": { "texture": "#redcurrant", "uv": [ 10.5, 13.5, 11.5, 14.0 ] },
								"up": { "texture": "#redcurrant", "uv": [ 13.5, 6.0, 14.0, 7.0 ] },
								"down": { "texture": "#redcurrant", "uv": [ 8.0, 5.5, 8.5, 6.5 ] }
							}
						},
						{
							"name": "berry48",
							"from": [ -1.0, 1.0, -5.02 ], 
							"to": [ -0.5, 1.5, -5.01 ], 
							"rotationOrigin": [ -1.1, 1.0, -5.01 ],
							"faces": {
								"north": { "texture": "#redcurrant", "uv": [ 8.5, 7.5, 9.0, 8.0 ] },
								"east": { "texture": "#redcurrant", "uv": [ 7.5, 0.5, 8.0, 1.0 ] },
								"south": { "texture": "#redcurrant", "uv": [ 6.5, 8.0, 7.0, 8.5 ] },
								"west": { "texture": "#redcurrant", "uv": [ 11.0, 11.5, 11.5, 12.0 ] },
								"up": { "texture": "#redcurrant", "uv": [ 7.5, 10.0, 8.0, 10.5 ] },
								"down": { "texture": "#redcurrant", "uv": [ 9.5, 6.0, 10.0, 6.5 ] }
							}
						},
						{
							"name": "berry15",
							"from": [ 0.0, 2.0, -1.51 ], 
							"to": [ 1.0, 2.01, -0.51 ], 
							"rotationOrigin": [ -0.1, 2.0, -1.51 ],
							"faces": {
								"north": { "texture": "#redcurrant", "uv": [ 1.5, 5.5, 2.5, 6.0 ] },
								"east": { "texture": "#redcurrant", "uv": [ 5.5, 4.0, 6.5, 4.5 ] },
								"south": { "texture": "#redcurrant", "uv": [ 8.5, 1.5, 9.5, 2.0 ] },
								"west": { "texture": "#redcurrant", "uv": [ 7.5, 13.0, 8.5, 13.5 ] },
								"up": { "texture": "#redcurrant", "uv": [ 5.5, 7.5, 6.5, 8.5 ] },
								"down": { "texture": "#redcurrant", "uv": [ 7.0, 4.0, 8.0, 5.0 ] }
							}
						},
						{
							"name": "berry32",
							"from": [ 1.0, 1.5, -1.51 ], 
							"to": [ 1.01, 2.0, -0.51 ], 
							"rotationOrigin": [ 0.9, 1.5, -1.51 ],
							"faces": {
								"north": { "texture": "#redcurrant", "uv": [ 2.0, 10.5, 2.5, 11.0 ] },
								"east": { "texture": "#redcurrant", "uv": [ 3.0, 2.5, 4.0, 3.0 ] },
								"south": { "texture": "#redcurrant", "uv": [ 6.0, 5.0, 6.5, 5.5 ] },
								"west": { "texture": "#redcurrant", "uv": [ 2.5, 14.0, 3.5, 14.5 ] },
								"up": { "texture": "#redcurrant", "uv": [ 7.5, 10.5, 8.0, 11.5 ] },
								"down": { "texture": "#redcurrant", "uv": [ 12.5, 12.5, 13.0, 13.5 ] }
							}
						},
						{
							"name": "berry31",
							"from": [ 0.0, 1.5, -0.51 ], 
							"to": [ 1.0, 2.0, -0.5 ], 
							"rotationOrigin": [ -0.1, 1.5, -0.51 ],
							"faces": {
								"north": { "texture": "#redcurrant", "uv": [ 14.0, 13.0, 15.0, 13.5 ] },
								"east": { "texture": "#redcurrant", "uv": [ 14.0, 5.0, 14.5, 5.5 ] },
								"south": { "texture": "#redcurrant", "uv": [ 10.0, 6.0, 11.0, 6.5 ] },
								"west": { "texture": "#redcurrant", "uv": [ 14.0, 14.5, 14.5, 15.0 ] },
								"up": { "texture": "#redcurrant", "uv": [ 11.5, 10.0, 12.5, 10.5 ] },
								"down": { "texture": "#redcurrant", "uv": [ 4.0, 4.0, 5.0, 4.5 ] }
							}
						},
						{
							"name": "berry22",
							"from": [ -1.5, 2.0, -3.51 ], 
							"to": [ -1.0, 2.01, -3.01 ], 
							"rotationOrigin": [ -1.6, 2.0, -3.51 ],
							"faces": {
								"north": { "texture": "#redcurrant", "uv": [ 0.0, 2.0, 0.5, 2.5 ] },
								"east": { "texture": "#redcurrant", "uv": [ 1.0, 3.0, 1.5, 3.5 ] },
								"south": { "texture": "#redcurrant", "uv": [ 0.0, 13.0, 0.5, 13.5 ] },
								"west": { "texture": "#redcurrant", "uv": [ 6.5, 9.5, 7.0, 10.0 ] },
								"up": { "texture": "#redcurrant", "uv": [ 0.0, 2.0, 0.5, 2.5 ] },
								"down": { "texture": "#redcurrant", "uv": [ 11.0, 8.0, 11.5, 8.5 ] }
							}
						},
						{
							"name": "berry36",
							"from": [ 1.0, 1.5, -5.01 ], 
							"to": [ 1.5, 1.51, -4.51 ], 
							"rotationOrigin": [ 0.9, 1.5, -5.01 ],
							"faces": {
								"north": { "texture": "#redcurrant", "uv": [ 2.5, 1.0, 3.0, 1.5 ] },
								"east": { "texture": "#redcurrant", "uv": [ 15.0, 7.0, 15.5, 7.5 ] },
								"south": { "texture": "#redcurrant", "uv": [ 9.0, 12.0, 9.5, 12.5 ] },
								"west": { "texture": "#redcurrant", "uv": [ 11.0, 13.0, 11.5, 13.5 ] },
								"up": { "texture": "#redcurrant", "uv": [ 5.5, 9.5, 6.0, 10.0 ] },
								"down": { "texture": "#redcurrant", "uv": [ 8.5, 1.5, 9.0, 2.0 ] }
							}
						},
						{
							"name": "berry51",
							"from": [ 1.0, 1.0, -5.02 ], 
							"to": [ 1.5, 1.5, -5.01 ], 
							"rotationOrigin": [ 0.9, 1.0, -5.01 ],
							"faces": {
								"north": { "texture": "#redcurrant", "uv": [ 10.0, 4.0, 10.5, 4.5 ] },
								"east": { "texture": "#redcurrant", "uv": [ 2.0, 13.0, 2.5, 13.5 ] },
								"south": { "texture": "#redcurrant", "uv": [ 2.0, 3.5, 2.5, 4.0 ] },
								"west": { "texture": "#redcurrant", "uv": [ 7.0, 0.0, 7.5, 0.5 ] },
								"up": { "texture": "#redcurrant", "uv": [ 8.0, 14.5, 8.5, 15.0 ] },
								"down": { "texture": "#redcurrant", "uv": [ 3.5, 11.5, 4.0, 12.0 ] }
							}
						},
						{
							"name": "berry6",
							"from": [ 1.5, 1.0, -5.01 ], 
							"to": [ 1.51, 1.5, -4.51 ], 
							"rotationOrigin": [ 1.4, 1.0, -5.01 ],
							"faces": {
								"north": { "texture": "#redcurrant", "uv": [ 9.5, 3.5, 10.0, 4.0 ] },
								"east": { "texture": "#redcurrant", "uv": [ 6.5, 11.0, 7.0, 11.5 ] },
								"south": { "texture": "#redcurrant", "uv": [ 1.0, 0.0, 1.5, 0.5 ] },
								"west": { "texture": "#redcurrant", "uv": [ 1.0, 0.5, 1.5, 1.0 ] },
								"up": { "texture": "#redcurrant", "uv": [ 10.0, 12.5, 10.5, 13.0 ] },
								"down": { "texture": "#redcurrant", "uv": [ 3.5, 15.0, 4.0, 15.5 ] }
							}
						},
						{
							"name": "berry55",
							"from": [ 1.5, 0.0, -2.51 ], 
							"to": [ 1.51, 0.5, -2.01 ], 
							"rotationOrigin": [ 1.4, 0.0, -2.51 ],
							"faces": {
								"north": { "texture": "#redcurrant", "uv": [ 0.5, 14.0, 1.0, 14.5 ] },
								"east": { "texture": "#redcurrant", "uv": [ 12.5, 12.5, 13.0, 13.0 ] },
								"south": { "texture": "#redcurrant", "uv": [ 5.5, 13.0, 6.0, 13.5 ] },
								"west": { "texture": "#redcurrant", "uv": [ 10.5, 5.0, 11.0, 5.5 ] },
								"up": { "texture": "#redcurrant", "uv": [ 10.0, 3.0, 10.5, 3.5 ] },
								"down": { "texture": "#redcurrant", "uv": [ 14.5, 11.5, 15.0, 12.0 ] }
							}
						},
						{
							"name": "berry67",
							"from": [ 1.0, -0.01, -3.01 ], 
							"to": [ 1.5, 0.0, -2.01 ], 
							"rotationOrigin": [ 0.9, 0.0, -3.01 ],
							"faces": {
								"north": { "texture": "#redcurrant", "uv": [ 13.0, 3.0, 13.5, 3.5 ] },
								"east": { "texture": "#redcurrant", "uv": [ 2.5, 7.0, 3.5, 7.5 ] },
								"south": { "texture": "#redcurrant", "uv": [ 9.0, 1.0, 9.5, 1.5 ] },
								"west": { "texture": "#redcurrant", "uv": [ 13.0, 11.0, 14.0, 11.5 ] },
								"up": { "texture": "#redcurrant", "uv": [ 11.5, 3.0, 12.0, 4.0 ] },
								"down": { "texture": "#redcurrant", "uv": [ 11.5, 9.0, 12.0, 10.0 ] }
							}
						},
						{
							"name": "berry11",
							"from": [ 0.0, 0.0, 0.0 ], 
							"to": [ 1.0, 0.5, 0.01 ], 
							"rotationOrigin": [ -0.1, 0.0, -0.01 ],
							"faces": {
								"north": { "texture": "#redcurrant", "uv": [ 11.5, 4.5, 12.5, 5.0 ] },
								"east": { "texture": "#redcurrant", "uv": [ 14.0, 3.5, 14.5, 4.0 ] },
								"south": { "texture": "#redcurrant", "uv": [ 7.0, 0.0, 8.0, 0.5 ] },
								"west": { "texture": "#redcurrant", "uv": [ 15.0, 10.5, 15.5, 11.0 ] },
								"up": { "texture": "#redcurrant", "uv": [ 5.0, 15.0, 6.0, 15.5 ] },
								"down": { "texture": "#redcurrant", "uv": [ 9.5, 6.0, 10.5, 6.5 ] }
							}
						},
						{
							"name": "berry61",
							"from": [ 0.0, -0.01, -0.51 ], 
							"to": [ 1.0, 0.0, 0.0 ], 
							"rotationOrigin": [ -0.1, 0.0, -0.51 ],
							"faces": {
								"north": { "texture": "#redcurrant", "uv": [ 11.0, 5.5, 12.0, 6.0 ] },
								"east": { "texture": "#redcurrant", "uv": [ 6.0, 3.5, 6.5, 4.0 ] },
								"south": { "texture": "#redcurrant", "uv": [ 4.0, 0.0, 5.0, 0.5 ] },
								"west": { "texture": "#redcurrant", "uv": [ 1.0, 13.0, 1.5, 13.5 ] },
								"up": { "texture": "#redcurrant", "uv": [ 13.0, 4.0, 14.0, 4.5 ] },
								"down": { "texture": "#redcurrant", "uv": [ 3.5, 10.5, 4.5, 11.0 ] }
							}
						}
					]
				}
			]
		}
	]}