{
	"editor": {
		"allAngles": false,
		"entityTextureMode": false
	},
	"textureWidth": 16,
	"textureHeight": 16,
	"textureSizes": {
	},
	"textures": {
		"whitecurrant": "item/food/grain/overlays/whitecurrant"
	},
	"elements": [
		{
			"name": "berries",
			"from": [ 7.0, 0.0, 5.0 ], 
			"to": [ 7.0, 0.0, 5.0 ], 
			"rotationOrigin": [ 7.0, 0.0, 5.0 ],
			"faces": {
				"north": { "texture": "#whitecurrant", "uv": [ 0.0, 0.0, 0.5, 0.5 ] },
				"east": { "texture": "#whitecurrant", "uv": [ 0.0, 0.0, 0.5, 0.5 ] },
				"south": { "texture": "#whitecurrant", "uv": [ 0.0, 0.0, 0.5, 0.5 ] },
				"west": { "texture": "#whitecurrant", "uv": [ 0.0, 0.0, 0.5, 0.5 ] },
				"up": { "texture": "#whitecurrant", "uv": [ 0.0, 0.0, 0.5, 0.5 ] },
				"down": { "texture": "#whitecurrant", "uv": [ 0.0, 0.0, 0.5, 0.5 ] }
			},
			"children": [
				{
					"name": "whitecurrant",
					"from": [ 0.0, 0.0, 0.0 ], 
					"to": [ 0.0, 0.0, 0.0 ], 
					"faces": {
						"north": { "texture": "#whitecurrant", "uv": [ 0.0, 0.0, 0.5, 0.5 ] },
						"east": { "texture": "#whitecurrant", "uv": [ 0.0, 0.0, 0.5, 0.5 ] },
						"south": { "texture": "#whitecurrant", "uv": [ 0.0, 0.0, 0.5, 0.5 ] },
						"west": { "texture": "#whitecurrant", "uv": [ 0.0, 0.0, 0.5, 0.5 ] },
						"up": { "texture": "#whitecurrant", "uv": [ 0.0, 0.0, 0.5, 0.5 ] },
						"down": { "texture": "#whitecurrant", "uv": [ 0.0, 0.0, 0.5, 0.5 ] }
					},
					"children": [
						{
							"name": "berry101",
							"from": [ 0.0, 0.5, -0.01 ], 
							"to": [ 0.5, 1.0, 0.0 ], 
							"rotationOrigin": [ 0.0, 0.5, 0.0 ],
							"faces": {
								"north": { "texture": "#whitecurrant", "uv": [ 0.0, 0.0, 0.5, 0.5 ] },
								"east": { "texture": "#whitecurrant", "uv": [ 0.0, 0.0, 0.5, 0.5 ] },
								"south": { "texture": "#whitecurrant", "uv": [ 0.0, 0.0, 0.5, 0.5 ] },
								"west": { "texture": "#whitecurrant", "uv": [ 0.0, 0.0, 0.5, 0.5 ] },
								"up": { "texture": "#whitecurrant", "uv": [ 0.0, 0.0, 0.5, 0.5 ] },
								"down": { "texture": "#whitecurrant", "uv": [ 0.0, 0.0, 0.5, 0.5 ] }
							}
						},
						{
							"name": "berry102",
							"from": [ 1.5, 0.5, -0.01 ], 
							"to": [ 2.0, 1.0, 0.0 ], 
							"rotationOrigin": [ 1.5, 0.5, 0.0 ],
							"faces": {
								"north": { "texture": "#whitecurrant", "uv": [ 0.0, 0.0, 0.5, 0.5 ] },
								"east": { "texture": "#whitecurrant", "uv": [ 0.0, 0.0, 0.5, 0.5 ] },
								"south": { "texture": "#whitecurrant", "uv": [ 0.0, 0.0, 0.5, 0.5 ] },
								"west": { "texture": "#whitecurrant", "uv": [ 0.0, 0.0, 0.5, 0.5 ] },
								"up": { "texture": "#whitecurrant", "uv": [ 0.0, 0.0, 0.5, 0.5 ] },
								"down": { "texture": "#whitecurrant", "uv": [ 0.0, 0.0, 0.5, 0.5 ] }
							}
						},
						{
							"name": "berry103",
							"from": [ 1.5, 1.5, -0.01 ], 
							"to": [ 2.0, 2.0, 0.0 ], 
							"rotationOrigin": [ 1.5, 1.5, 0.0 ],
							"faces": {
								"north": { "texture": "#whitecurrant", "uv": [ 0.0, 0.0, 0.5, 0.5 ] },
								"east": { "texture": "#whitecurrant", "uv": [ 0.0, 0.0, 0.5, 0.5 ] },
								"south": { "texture": "#whitecurrant", "uv": [ 0.0, 0.0, 0.5, 0.5 ] },
								"west": { "texture": "#whitecurrant", "uv": [ 0.0, 0.0, 0.5, 0.5 ] },
								"up": { "texture": "#whitecurrant", "uv": [ 0.0, 0.0, 0.5, 0.5 ] },
								"down": { "texture": "#whitecurrant", "uv": [ 0.0, 0.0, 0.5, 0.5 ] }
							}
						},
						{
							"name": "berry104",
							"from": [ 2.5, 1.0, 1.0 ], 
							"to": [ 2.51, 1.5, 2.0 ], 
							"rotationOrigin": [ 2.5, 1.0, 1.0 ],
							"faces": {
								"north": { "texture": "#whitecurrant", "uv": [ 0.0, 0.0, 0.5, 0.5 ] },
								"east": { "texture": "#whitecurrant", "uv": [ 0.0, 0.0, 1.0, 0.5 ] },
								"south": { "texture": "#whitecurrant", "uv": [ 0.0, 0.0, 0.5, 0.5 ] },
								"west": { "texture": "#whitecurrant", "uv": [ 0.0, 0.0, 1.0, 0.5 ] },
								"up": { "texture": "#whitecurrant", "uv": [ 0.0, 0.0, 0.5, 1.0 ] },
								"down": { "texture": "#whitecurrant", "uv": [ 0.0, 0.0, 0.5, 1.0 ] }
							}
						},
						{
							"name": "berry105",
							"from": [ 2.5, 0.0, 3.5 ], 
							"to": [ 2.51, 0.5, 4.0 ], 
							"rotationOrigin": [ 2.5, 0.0, 3.5 ],
							"faces": {
								"north": { "texture": "#whitecurrant", "uv": [ 0.0, 0.0, 0.5, 0.5 ] },
								"east": { "texture": "#whitecurrant", "uv": [ 0.0, 0.0, 0.5, 0.5 ] },
								"south": { "texture": "#whitecurrant", "uv": [ 0.0, 0.0, 0.5, 0.5 ] },
								"west": { "texture": "#whitecurrant", "uv": [ 0.0, 0.0, 0.5, 0.5 ] },
								"up": { "texture": "#whitecurrant", "uv": [ 0.0, 0.0, 0.5, 0.5 ] },
								"down": { "texture": "#whitecurrant", "uv": [ 0.0, 0.0, 0.5, 0.5 ] }
							}
						},
						{
							"name": "berry106",
							"from": [ 2.5, 0.0, 5.0 ], 
							"to": [ 2.51, 0.5, 5.5 ], 
							"rotationOrigin": [ 2.5, 0.0, 5.0 ],
							"faces": {
								"north": { "texture": "#whitecurrant", "uv": [ 0.0, 0.0, 0.5, 0.5 ] },
								"east": { "texture": "#whitecurrant", "uv": [ 0.0, 0.0, 0.5, 0.5 ] },
								"south": { "texture": "#whitecurrant", "uv": [ 0.0, 0.0, 0.5, 0.5 ] },
								"west": { "texture": "#whitecurrant", "uv": [ 0.0, 0.0, 0.5, 0.5 ] },
								"up": { "texture": "#whitecurrant", "uv": [ 0.0, 0.0, 0.5, 0.5 ] },
								"down": { "texture": "#whitecurrant", "uv": [ 0.0, 0.0, 0.5, 0.5 ] }
							}
						},
						{
							"name": "berry107",
							"from": [ 1.5, 1.0, 6.0 ], 
							"to": [ 2.0, 1.5, 6.01 ], 
							"rotationOrigin": [ 1.5, 1.0, 6.0 ],
							"faces": {
								"north": { "texture": "#whitecurrant", "uv": [ 0.0, 0.0, 0.5, 0.5 ] },
								"east": { "texture": "#whitecurrant", "uv": [ 0.0, 0.0, 0.5, 0.5 ] },
								"south": { "texture": "#whitecurrant", "uv": [ 0.0, 0.0, 0.5, 0.5 ] },
								"west": { "texture": "#whitecurrant", "uv": [ 0.0, 0.0, 0.5, 0.5 ] },
								"up": { "texture": "#whitecurrant", "uv": [ 0.0, 0.0, 0.5, 0.5 ] },
								"down": { "texture": "#whitecurrant", "uv": [ 0.0, 0.0, 0.5, 0.5 ] }
							}
						},
						{
							"name": "berry108",
							"from": [ -0.51, 1.5, 6.0 ], 
							"to": [ 0.0, 2.0, 6.01 ], 
							"rotationOrigin": [ -0.5, 1.5, 6.0 ],
							"faces": {
								"north": { "texture": "#whitecurrant", "uv": [ 0.0, 0.0, 0.5, 0.5 ] },
								"east": { "texture": "#whitecurrant", "uv": [ 0.0, 0.0, 0.5, 0.5 ] },
								"south": { "texture": "#whitecurrant", "uv": [ 0.0, 0.0, 0.5, 0.5 ] },
								"west": { "texture": "#whitecurrant", "uv": [ 0.0, 0.0, 0.5, 0.5 ] },
								"up": { "texture": "#whitecurrant", "uv": [ 0.0, 0.0, 0.5, 0.5 ] },
								"down": { "texture": "#whitecurrant", "uv": [ 0.0, 0.0, 0.5, 0.5 ] }
							}
						},
						{
							"name": "berry109",
							"from": [ -0.5, 0.5, 6.0 ], 
							"to": [ 0.0, 1.0, 6.01 ], 
							"rotationOrigin": [ -0.5, 0.5, 6.0 ],
							"faces": {
								"north": { "texture": "#whitecurrant", "uv": [ 0.0, 0.0, 0.5, 0.5 ] },
								"east": { "texture": "#whitecurrant", "uv": [ 0.0, 0.0, 0.5, 0.5 ] },
								"south": { "texture": "#whitecurrant", "uv": [ 0.0, 0.0, 0.5, 0.5 ] },
								"west": { "texture": "#whitecurrant", "uv": [ 0.0, 0.0, 0.5, 0.5 ] },
								"up": { "texture": "#whitecurrant", "uv": [ 0.0, 0.0, 0.5, 0.5 ] },
								"down": { "texture": "#whitecurrant", "uv": [ 0.0, 0.0, 0.5, 0.5 ] }
							}
						},
						{
							"name": "berry111",
							"from": [ -0.51, 1.5, 5.5 ], 
							"to": [ -0.5, 2.0, 6.0 ], 
							"rotationOrigin": [ -0.5, 1.5, 5.5 ],
							"faces": {
								"north": { "texture": "#whitecurrant", "uv": [ 0.0, 0.0, 0.5, 0.5 ] },
								"east": { "texture": "#whitecurrant", "uv": [ 0.0, 0.0, 0.5, 0.5 ] },
								"south": { "texture": "#whitecurrant", "uv": [ 0.0, 0.0, 0.5, 0.5 ] },
								"west": { "texture": "#whitecurrant", "uv": [ 0.0, 0.0, 0.5, 0.5 ] },
								"up": { "texture": "#whitecurrant", "uv": [ 0.0, 0.0, 0.5, 0.5 ] },
								"down": { "texture": "#whitecurrant", "uv": [ 0.0, 0.0, 0.5, 0.5 ] }
							}
						},
						{
							"name": "berry110",
							"from": [ -0.51, 1.5, 5.5 ], 
							"to": [ -0.5, 2.0, 6.0 ], 
							"rotationOrigin": [ -0.5, 1.5, 5.5 ],
							"faces": {
								"north": { "texture": "#whitecurrant", "uv": [ 0.0, 0.0, 0.5, 0.5 ] },
								"east": { "texture": "#whitecurrant", "uv": [ 0.0, 0.0, 0.5, 0.5 ] },
								"south": { "texture": "#whitecurrant", "uv": [ 0.0, 0.0, 0.5, 0.5 ] },
								"west": { "texture": "#whitecurrant", "uv": [ 0.0, 0.0, 0.5, 0.5 ] },
								"up": { "texture": "#whitecurrant", "uv": [ 0.0, 0.0, 0.5, 0.5 ] },
								"down": { "texture": "#whitecurrant", "uv": [ 0.0, 0.0, 0.5, 0.5 ] }
							}
						},
						{
							"name": "berry112",
							"from": [ -0.51, 0.5, 4.5 ], 
							"to": [ -0.5, 1.5, 5.0 ], 
							"rotationOrigin": [ -0.5, 0.5, 4.5 ],
							"faces": {
								"north": { "texture": "#whitecurrant", "uv": [ 0.0, 0.0, 0.5, 1.0 ] },
								"east": { "texture": "#whitecurrant", "uv": [ 0.0, 0.0, 0.5, 1.0 ] },
								"south": { "texture": "#whitecurrant", "uv": [ 0.0, 0.0, 0.5, 1.0 ] },
								"west": { "texture": "#whitecurrant", "uv": [ 0.0, 0.0, 0.5, 1.0 ] },
								"up": { "texture": "#whitecurrant", "uv": [ 0.0, 0.0, 0.5, 0.5 ] },
								"down": { "texture": "#whitecurrant", "uv": [ 0.0, 0.0, 0.5, 0.5 ] }
							}
						},
						{
							"name": "berry113",
							"from": [ -0.51, 1.5, 3.5 ], 
							"to": [ -0.5, 2.01, 4.0 ], 
							"rotationOrigin": [ -0.5, 1.5, 3.5 ],
							"faces": {
								"north": { "texture": "#whitecurrant", "uv": [ 0.0, 0.0, 0.5, 0.5 ] },
								"east": { "texture": "#whitecurrant", "uv": [ 0.0, 0.0, 0.5, 0.5 ] },
								"south": { "texture": "#whitecurrant", "uv": [ 0.0, 0.0, 0.5, 0.5 ] },
								"west": { "texture": "#whitecurrant", "uv": [ 0.0, 0.0, 0.5, 0.5 ] },
								"up": { "texture": "#whitecurrant", "uv": [ 0.0, 0.0, 0.5, 0.5 ] },
								"down": { "texture": "#whitecurrant", "uv": [ 0.0, 0.0, 0.5, 0.5 ] }
							}
						},
						{
							"name": "berry114",
							"from": [ -0.51, 1.0, 1.5 ], 
							"to": [ -0.5, 1.5, 2.0 ], 
							"rotationOrigin": [ -0.5, 1.0, 1.5 ],
							"faces": {
								"north": { "texture": "#whitecurrant", "uv": [ 0.0, 0.0, 0.5, 0.5 ] },
								"east": { "texture": "#whitecurrant", "uv": [ 0.0, 0.0, 0.5, 0.5 ] },
								"south": { "texture": "#whitecurrant", "uv": [ 0.0, 0.0, 0.5, 0.5 ] },
								"west": { "texture": "#whitecurrant", "uv": [ 0.0, 0.0, 0.5, 0.5 ] },
								"up": { "texture": "#whitecurrant", "uv": [ 0.0, 0.0, 0.5, 0.5 ] },
								"down": { "texture": "#whitecurrant", "uv": [ 0.0, 0.0, 0.5, 0.5 ] }
							}
						},
						{
							"name": "berry115",
							"from": [ -0.51, 0.5, 0.0 ], 
							"to": [ -0.5, 1.0, 0.5 ], 
							"rotationOrigin": [ -0.5, 0.5, 0.0 ],
							"faces": {
								"north": { "texture": "#whitecurrant", "uv": [ 0.0, 0.0, 0.5, 0.5 ] },
								"east": { "texture": "#whitecurrant", "uv": [ 0.0, 0.0, 0.5, 0.5 ] },
								"south": { "texture": "#whitecurrant", "uv": [ 0.0, 0.0, 0.5, 0.5 ] },
								"west": { "texture": "#whitecurrant", "uv": [ 0.0, 0.0, 0.5, 0.5 ] },
								"up": { "texture": "#whitecurrant", "uv": [ 0.0, 0.0, 0.5, 0.5 ] },
								"down": { "texture": "#whitecurrant", "uv": [ 0.0, 0.0, 0.5, 0.5 ] }
							}
						},
						{
							"name": "berry116",
							"from": [ -0.5, 2.0, 3.5 ], 
							"to": [ 0.0, 2.01, 4.0 ], 
							"rotationOrigin": [ -0.5, 2.0, 3.5 ],
							"faces": {
								"north": { "texture": "#whitecurrant", "uv": [ 0.0, 0.0, 0.5, 0.5 ] },
								"east": { "texture": "#whitecurrant", "uv": [ 0.0, 0.0, 0.5, 0.5 ] },
								"south": { "texture": "#whitecurrant", "uv": [ 0.0, 0.0, 0.5, 0.5 ] },
								"west": { "texture": "#whitecurrant", "uv": [ 0.0, 0.0, 0.5, 0.5 ] },
								"up": { "texture": "#whitecurrant", "uv": [ 0.0, 0.0, 0.5, 0.5 ] },
								"down": { "texture": "#whitecurrant", "uv": [ 0.0, 0.0, 0.5, 0.5 ] }
							}
						},
						{
							"name": "berry117",
							"from": [ -0.51, 2.0, 5.5 ], 
							"to": [ 0.0, 2.01, 6.01 ], 
							"rotationOrigin": [ -0.5, 2.0, 5.5 ],
							"faces": {
								"north": { "texture": "#whitecurrant", "uv": [ 0.0, 0.0, 0.5, 0.5 ] },
								"east": { "texture": "#whitecurrant", "uv": [ 0.0, 0.0, 0.5, 0.5 ] },
								"south": { "texture": "#whitecurrant", "uv": [ 0.0, 0.0, 0.5, 0.5 ] },
								"west": { "texture": "#whitecurrant", "uv": [ 0.0, 0.0, 0.5, 0.5 ] },
								"up": { "texture": "#whitecurrant", "uv": [ 0.0, 0.0, 0.5, 0.5 ] },
								"down": { "texture": "#whitecurrant", "uv": [ 0.0, 0.0, 0.5, 0.5 ] }
							}
						},
						{
							"name": "berry118",
							"from": [ 2.0, 2.0, 2.5 ], 
							"to": [ 2.5, 2.01, 3.0 ], 
							"rotationOrigin": [ 2.0, 2.0, 2.5 ],
							"faces": {
								"north": { "texture": "#whitecurrant", "uv": [ 0.0, 0.0, 0.5, 0.5 ] },
								"east": { "texture": "#whitecurrant", "uv": [ 0.0, 0.0, 0.5, 0.5 ] },
								"south": { "texture": "#whitecurrant", "uv": [ 0.0, 0.0, 0.5, 0.5 ] },
								"west": { "texture": "#whitecurrant", "uv": [ 0.0, 0.0, 0.5, 0.5 ] },
								"up": { "texture": "#whitecurrant", "uv": [ 0.0, 0.0, 0.5, 0.5 ] },
								"down": { "texture": "#whitecurrant", "uv": [ 0.0, 0.0, 0.5, 0.5 ] }
							}
						},
						{
							"name": "berry119",
							"from": [ 1.5, 2.0, -0.01 ], 
							"to": [ 2.0, 2.01, 0.5 ], 
							"rotationOrigin": [ 1.5, 2.0, 0.0 ],
							"faces": {
								"north": { "texture": "#whitecurrant", "uv": [ 0.0, 0.0, 0.5, 0.5 ] },
								"east": { "texture": "#whitecurrant", "uv": [ 0.0, 0.0, 0.5, 0.5 ] },
								"south": { "texture": "#whitecurrant", "uv": [ 0.0, 0.0, 0.5, 0.5 ] },
								"west": { "texture": "#whitecurrant", "uv": [ 0.0, 0.0, 0.5, 0.5 ] },
								"up": { "texture": "#whitecurrant", "uv": [ 0.0, 0.0, 0.5, 0.5 ] },
								"down": { "texture": "#whitecurrant", "uv": [ 0.0, 0.0, 0.5, 0.5 ] }
							}
						},
						{
							"name": "berry120",
							"from": [ -0.01, 2.0, 1.0 ], 
							"to": [ 0.0, 2.5, 1.5 ], 
							"rotationOrigin": [ 0.0, 2.0, 1.0 ],
							"faces": {
								"north": { "texture": "#whitecurrant", "uv": [ 0.0, 0.0, 0.5, 0.5 ] },
								"east": { "texture": "#whitecurrant", "uv": [ 0.0, 0.0, 0.5, 0.5 ] },
								"south": { "texture": "#whitecurrant", "uv": [ 0.0, 0.0, 0.5, 0.5 ] },
								"west": { "texture": "#whitecurrant", "uv": [ 0.0, 0.0, 0.5, 0.5 ] },
								"up": { "texture": "#whitecurrant", "uv": [ 0.0, 0.0, 0.5, 0.5 ] },
								"down": { "texture": "#whitecurrant", "uv": [ 0.0, 0.0, 0.5, 0.5 ] }
							}
						},
						{
							"name": "berry121",
							"from": [ 2.0, 2.0, 4.0 ], 
							"to": [ 2.01, 2.5, 4.5 ], 
							"rotationOrigin": [ 2.0, 2.0, 4.0 ],
							"faces": {
								"north": { "texture": "#whitecurrant", "uv": [ 0.0, 0.0, 0.5, 0.5 ] },
								"east": { "texture": "#whitecurrant", "uv": [ 0.0, 0.0, 0.5, 0.5 ] },
								"south": { "texture": "#whitecurrant", "uv": [ 0.0, 0.0, 0.5, 0.5 ] },
								"west": { "texture": "#whitecurrant", "uv": [ 0.0, 0.0, 0.5, 0.5 ] },
								"up": { "texture": "#whitecurrant", "uv": [ 0.0, 0.0, 0.5, 0.5 ] },
								"down": { "texture": "#whitecurrant", "uv": [ 0.0, 0.0, 0.5, 0.5 ] }
							}
						},
						{
							"name": "berry122",
							"from": [ -0.01, 2.5, 1.0 ], 
							"to": [ 0.5, 2.51, 1.5 ], 
							"rotationOrigin": [ 0.0, 2.5, 1.0 ],
							"faces": {
								"north": { "texture": "#whitecurrant", "uv": [ 0.0, 0.0, 0.5, 0.5 ] },
								"east": { "texture": "#whitecurrant", "uv": [ 0.0, 0.0, 0.5, 0.5 ] },
								"south": { "texture": "#whitecurrant", "uv": [ 0.0, 0.0, 0.5, 0.5 ] },
								"west": { "texture": "#whitecurrant", "uv": [ 0.0, 0.0, 0.5, 0.5 ] },
								"up": { "texture": "#whitecurrant", "uv": [ 0.0, 0.0, 0.5, 0.5 ] },
								"down": { "texture": "#whitecurrant", "uv": [ 0.0, 0.0, 0.5, 0.5 ] }
							}
						},
						{
							"name": "berry123",
							"from": [ 0.5, 2.5, 3.0 ], 
							"to": [ 1.0, 2.51, 3.5 ], 
							"rotationOrigin": [ 0.5, 2.5, 3.0 ],
							"faces": {
								"north": { "texture": "#whitecurrant", "uv": [ 0.0, 0.0, 0.5, 0.5 ] },
								"east": { "texture": "#whitecurrant", "uv": [ 0.0, 0.0, 0.5, 0.5 ] },
								"south": { "texture": "#whitecurrant", "uv": [ 0.0, 0.0, 0.5, 0.5 ] },
								"west": { "texture": "#whitecurrant", "uv": [ 0.0, 0.0, 0.5, 0.5 ] },
								"up": { "texture": "#whitecurrant", "uv": [ 0.0, 0.0, 0.5, 0.5 ] },
								"down": { "texture": "#whitecurrant", "uv": [ 0.0, 0.0, 0.5, 0.5 ] }
							}
						},
						{
							"name": "berry124",
							"from": [ 1.0, 2.5, 2.5 ], 
							"to": [ 1.5, 2.51, 3.0 ], 
							"rotationOrigin": [ 1.0, 2.5, 2.5 ],
							"faces": {
								"north": { "texture": "#whitecurrant", "uv": [ 0.0, 0.0, 0.5, 0.5 ] },
								"east": { "texture": "#whitecurrant", "uv": [ 0.0, 0.0, 0.5, 0.5 ] },
								"south": { "texture": "#whitecurrant", "uv": [ 0.0, 0.0, 0.5, 0.5 ] },
								"west": { "texture": "#whitecurrant", "uv": [ 0.0, 0.0, 0.5, 0.5 ] },
								"up": { "texture": "#whitecurrant", "uv": [ 0.0, 0.0, 0.5, 0.5 ] },
								"down": { "texture": "#whitecurrant", "uv": [ 0.0, 0.0, 0.5, 0.5 ] }
							}
						},
						{
							"name": "berry125",
							"from": [ 1.5, 2.5, 0.5 ], 
							"to": [ 2.0, 2.51, 1.0 ], 
							"rotationOrigin": [ 1.5, 2.5, 0.5 ],
							"faces": {
								"north": { "texture": "#whitecurrant", "uv": [ 0.0, 0.0, 0.5, 0.5 ] },
								"east": { "texture": "#whitecurrant", "uv": [ 0.0, 0.0, 0.5, 0.5 ] },
								"south": { "texture": "#whitecurrant", "uv": [ 0.0, 0.0, 0.5, 0.5 ] },
								"west": { "texture": "#whitecurrant", "uv": [ 0.0, 0.0, 0.5, 0.5 ] },
								"up": { "texture": "#whitecurrant", "uv": [ 0.0, 0.0, 0.5, 0.5 ] },
								"down": { "texture": "#whitecurrant", "uv": [ 0.0, 0.0, 0.5, 0.5 ] }
							}
						},
						{
							"name": "berry126",
							"from": [ 2.0, -0.01, 5.0 ], 
							"to": [ 2.51, 0.0, 5.5 ], 
							"rotationOrigin": [ 2.0, 0.0, 5.0 ],
							"faces": {
								"north": { "texture": "#whitecurrant", "uv": [ 0.0, 0.0, 0.5, 0.5 ] },
								"east": { "texture": "#whitecurrant", "uv": [ 0.0, 0.0, 0.5, 0.5 ] },
								"south": { "texture": "#whitecurrant", "uv": [ 0.0, 0.0, 0.5, 0.5 ] },
								"west": { "texture": "#whitecurrant", "uv": [ 0.0, 0.0, 0.5, 0.5 ] },
								"up": { "texture": "#whitecurrant", "uv": [ 0.0, 0.0, 0.5, 0.5 ] },
								"down": { "texture": "#whitecurrant", "uv": [ 0.0, 0.0, 0.5, 0.5 ] }
							}
						},
						{
							"name": "berry127",
							"from": [ 0.0, -0.01, 2.5 ], 
							"to": [ 1.0, 0.0, 3.0 ], 
							"rotationOrigin": [ 0.0, 0.0, 2.5 ],
							"faces": {
								"north": { "texture": "#whitecurrant", "uv": [ 0.0, 0.0, 1.0, 0.5 ] },
								"east": { "texture": "#whitecurrant", "uv": [ 0.0, 0.0, 0.5, 0.5 ] },
								"south": { "texture": "#whitecurrant", "uv": [ 0.0, 0.0, 1.0, 0.5 ] },
								"west": { "texture": "#whitecurrant", "uv": [ 0.0, 0.0, 0.5, 0.5 ] },
								"up": { "texture": "#whitecurrant", "uv": [ 0.0, 0.0, 1.0, 0.5 ] },
								"down": { "texture": "#whitecurrant", "uv": [ 0.0, 0.0, 1.0, 0.5 ] }
							}
						},
						{
							"name": "berry128",
							"from": [ 1.5, -0.01, 1.0 ], 
							"to": [ 2.0, 0.0, 1.5 ], 
							"rotationOrigin": [ 1.5, 0.0, 1.0 ],
							"faces": {
								"north": { "texture": "#whitecurrant", "uv": [ 0.0, 0.0, 0.5, 0.5 ] },
								"east": { "texture": "#whitecurrant", "uv": [ 0.0, 0.0, 0.5, 0.5 ] },
								"south": { "texture": "#whitecurrant", "uv": [ 0.0, 0.0, 0.5, 0.5 ] },
								"west": { "texture": "#whitecurrant", "uv": [ 0.0, 0.0, 0.5, 0.5 ] },
								"up": { "texture": "#whitecurrant", "uv": [ 0.0, 0.0, 0.5, 0.5 ] },
								"down": { "texture": "#whitecurrant", "uv": [ 0.0, 0.0, 0.5, 0.5 ] }
							}
						}
					]
				}
			]
		}
	]}