[
  {
    "op": "add",
    "path": "/attributes/contentConfig/17/foodFor/0",
    "value": "medievalexpansion:aurochs-male",
    "file": "game:blocktypes/wood/trough-large"
  },
  {
    "op": "add",
    "path": "/attributes/contentConfig/16/foodFor/0",
    "value": "medievalexpansion:aurochs-male",
    "file": "game:blocktypes/wood/trough-large"
  },
  {
    "op": "add",
    "path": "/attributes/contentConfig/8/foodFor/0",
    "value": "medievalexpansion:aurochs-male",
    "file": "game:blocktypes/wood/trough-large"
  },
  {
    "op": "add",
    "path": "/attributes/contentConfig/17/foodFor/0",
    "value": "medievalexpansion:aurochs-female",
    "file": "game:blocktypes/wood/trough-large"
  },
  {
    "op": "add",
    "path": "/attributes/contentConfig/16/foodFor/0",
    "value": "medievalexpansion:aurochs-female",
    "file": "game:blocktypes/wood/trough-large"
  },
  {
    "op": "add",
    "path": "/attributes/contentConfig/8/foodFor/0",
    "value": "medievalexpansion:aurochs-female",
    "file": "game:blocktypes/wood/trough-large"
  },
  {
    "op": "add",
    "path": "/attributes/contentConfig/17/foodFor/0",
    "value": "medievalexpansion:aurochs-lamb",
    "file": "game:blocktypes/wood/trough-large"
  },
  {
    "op": "add",
    "path": "/attributes/contentConfig/16/foodFor/0",
    "value": "medievalexpansion:aurochs-lamb",
    "file": "game:blocktypes/wood/trough-large"
  },
  {
    "op": "add",
    "path": "/attributes/contentConfig/8/foodFor/0",
    "value": "medievalexpansion:aurochs-lamb",
    "file": "game:blocktypes/wood/trough-large"
  }

]