[
  {
    "op": "add",
    "path": "/attributes",
    "value": {
      "maxSaturation" : 10,
      "nutrition": 5,
      "petForm" : "farmlife:wolf-pup-dog"
    },
    "file": "game:entities/land/wolf-pup.json"
  },
  {
    "op": "add",
    "path": "/client/behaviors/-",
    "value": {
      "code": "consume"
    },
    "file": "game:entities/land/wolf-pup.json"
  },

  {
    "op": "add",
    "path": "/server/behaviors/-",
    "value": {
      "code": "consume",
      "poopCodes": [
        "farmlife:poop-omnivore-small"
      ]
    },
    "file": "game:entities/land/wolf-pup.json"
  },

  {
    "op": "replace",
    "path": "/server/behaviors/9",
    "value": {
      "hoursToGrow": 192,
      "adultEntityCodes": [
        "wolf-male",
        "wolf-female",
        "wolf-female"
      ],
      "code": "foodgrow"
    },
    "file": "game:entities/land/wolf-pup.json"
  },

  {
    "op": "add",
    "path": "/server/behaviors/10/aitasks/-",
    "value": {
      "code": "seekfoodandeat",
      "movespeed": 0.01,
      "priority": 1.48,
      "eatLooseItems": true,
      "eatItemCategories": [
        "Protein"
      ],
      "eatItemCodes": [
        "game:redmeat-raw",
        "game:bushmeat-raw",
        "game:egg-chicken-raw",
        "game:poultry-raw",
        "farmlife:animalfeed"
      ],
      "eatSound": "player/eat",
      "eatTime": 1.5,
      "animationSpeed": 1.4,
      "animation": "Walk",
      "eatAnimation": "Eat",
      "mincooldownHours": 0,
      "maxcooldownHours": 0
    },
    "file": "game:entities/land/wolf-pup.json"
  }
]
