[
  {
    "op": "add",
    "path": "/attributes",
    "value": {
      "nutrition": 10,
      "maxBirths" : 5,
      "petForm" : "farmlife:wolf-female-dog"
    },
    "file": "game:entities/land/wolf-female.json"
  },
  {
    "op": "add",
    "path": "/client/behaviors/-",
    "value": {
      "code": "foodmultiply"
    },
    "file": "game:entities/land/wolf-female.json"
  },
  {
    "op": "add",
    "path": "/client/behaviors/-",
    "value": {
      "code": "consume"
    },
    "file": "game:entities/land/wolf-female.json"
  },

  {
    "op": "replace",
    "path": "/server/behaviors/8",
    "value": {
      "code": "foodmultiply",
      "spawnEntityCode": "wolf-pup",
      "requiresNearbyEntityCode": "wolf-male",
      "requiresNearbyEntityRange": 10,
      "spawnQuantityMin": 4,
      "spawnQuantityMax": 6,
      "pregnancyDays": 12,
      "multiplyCooldownDaysMin": 7,
      "multiplyCooldownDaysMax": 10
    },
    "file": "game:entities/land/wolf-female.json"
  },

  {
    "op": "add",
    "path": "/server/behaviors/-",
    "value": {
      "code": "consume",
      "poopCodes": [
        "farmlife:poop-omnivore-small",
        "farmlife:poop-omnivore-medium"
      ]
    },
    "file": "game:entities/land/wolf-female.json"
  },

  {
    "op": "add",
    "path": "/server/behaviors/10/aitasks/-",
    "value": {
      "code": "seekfoodandeat",
      "movespeed": 0.01,
      "priority": 1.48,
      "eatLooseItems": true,
      "eatItemCategories": [
        "Protein"
      ],
      "eatItemCodes": [
        "game:redmeat-raw",
        "game:bushmeat-raw",
        "game:egg-chicken-raw",
        "game:poultry-raw",
        "farmlife:animalfeed"
      ],
      "eatSound": "player/eat",
      "eatTime": 1.5,
      "animationSpeed": 1.4,
      "animation": "Walk",
      "eatAnimation": "Eat",
      "mincooldownHours": 0,
      "maxcooldownHours": 0
    },
    "file": "game:entities/land/wolf-female.json"
  }
]
