{
	"editor": {
		"allAngles": false,
		"entityTextureMode": false
	},
	"textureWidth": 8,
	"textureHeight": 8,
	"textureSizes": {
	},
	"textures": {
	},
	"elements": [
		{
			"name": "Cube8",
			"from": [ 7.0, 0.0, 7.0 ], 
			"to": [ 8.3, 0.7, 8.5 ], 
			"rotationOrigin": [ 7.0, 0.0, 7.0 ],
			"rotationY": -5.0,
			"faces": {
				"north": { "texture": "#cooked", "uv": [ 0.0, 0.0, 1.25, 0.625 ] },
				"east": { "texture": "#cooked", "uv": [ 0.0, 0.625, 1.5, 1.25 ] },
				"south": { "texture": "#cooked", "uv": [ 0.625, 0.625, 1.875, 1.25 ] },
				"west": { "texture": "#cooked", "uv": [ 0.5, 1.25, 2.0, 1.875 ] },
				"up": { "texture": "#cooked", "uv": [ 0.625, 0.0, 1.875, 1.5 ] },
				"down": { "texture": "#cooked", "uv": [ 0.5, 0.25, 1.75, 1.75 ] }
			},
			"children": [
				{
					"name": "Cube9",
					"from": [ 0.2, 0.7, 0.2 ], 
					"to": [ 1.1, 0.9, 1.3 ], 
					"rotationOrigin": [ 0.2, 0.7, 0.2 ],
					"faces": {
						"north": { "texture": "#cooked", "uv": [ 0.625, 0.75, 1.5, 0.875 ] },
						"east": { "texture": "#cooked", "uv": [ 0.625, 1.0, 1.625, 1.125 ] },
						"south": { "texture": "#cooked", "uv": [ 1.25, 0.0, 2.125, 0.125 ] },
						"west": { "texture": "#cooked", "uv": [ 0.0, 1.5, 1.0, 1.625 ] },
						"up": { "texture": "#cooked", "uv": [ 0.625, 0.125, 1.5, 1.125 ] },
						"down": { "texture": "#cooked", "uv": [ 1.0, 0.625, 1.875, 1.625 ] }
					}
				}
			]
		},
		{
			"name": "Cube10",
			"from": [ 6.0, 0.0, 8.9 ], 
			"to": [ 6.8, 0.5, 9.7 ], 
			"rotationOrigin": [ 6.0, 0.0, 8.9 ],
			"rotationY": 18.0,
			"faces": {
				"north": { "texture": "#cooked", "uv": [ 0.875, 1.0, 1.625, 1.5 ] },
				"east": { "texture": "#cooked", "uv": [ 0.25, 0.75, 1.0, 1.25 ] },
				"south": { "texture": "#cooked", "uv": [ 1.125, 0.125, 1.875, 0.625 ] },
				"west": { "texture": "#cooked", "uv": [ 0.25, 1.25, 1.0, 1.75 ] },
				"up": { "texture": "#cooked", "uv": [ 0.75, 0.125, 1.5, 0.875 ] },
				"down": { "texture": "#cooked", "uv": [ 0.125, 0.75, 0.875, 1.5 ] }
			},
			"children": [
				{
					"name": "Cube11",
					"from": [ 0.15, 0.5, 0.15 ], 
					"to": [ 0.65, 0.6, 0.65 ], 
					"rotationOrigin": [ 0.2, 0.5, 0.2 ],
					"faces": {
						"north": { "texture": "#cooked", "uv": [ 0.375, 0.75, 0.875, 0.875 ] },
						"east": { "texture": "#cooked", "uv": [ 1.0, 0.75, 1.5, 0.875 ] },
						"south": { "texture": "#cooked", "uv": [ 0.125, 0.875, 0.625, 1.0 ] },
						"west": { "texture": "#cooked", "uv": [ 1.375, 0.0, 1.875, 0.125 ] },
						"up": { "texture": "#cooked", "uv": [ 1.375, 1.0, 1.875, 1.5 ] },
						"down": { "texture": "#cooked", "uv": [ 0.125, 0.5, 0.625, 1.0 ] }
					}
				}
			]
		},
		{
			"name": "Cube14",
			"from": [ 6.38, 0.0, 6.41 ], 
			"to": [ 6.98, 0.4, 7.01 ], 
			"rotationOrigin": [ 6.3826, 0.0, 6.4055 ],
			"rotationY": -55.0,
			"faces": {
				"north": { "texture": "#cooked", "uv": [ 0.625, 0.625, 1.125, 1.0 ] },
				"east": { "texture": "#cooked", "uv": [ 0.75, 0.5, 1.25, 0.875 ] },
				"south": { "texture": "#cooked", "uv": [ 0.0, 0.5, 0.5, 0.875 ] },
				"west": { "texture": "#cooked", "uv": [ 0.875, 0.0, 1.375, 0.375 ] },
				"up": { "texture": "#cooked", "uv": [ 0.125, 0.75, 0.625, 1.25 ] },
				"down": { "texture": "#cooked", "uv": [ 0.375, 0.875, 0.875, 1.375 ] }
			},
			"children": [
				{
					"name": "Cube15",
					"from": [ 0.1, 0.4, 0.1 ], 
					"to": [ 0.5, 0.5, 0.5 ], 
					"rotationOrigin": [ 0.1, 0.4, 0.1 ],
					"faces": {
						"north": { "texture": "#cooked", "uv": [ 0.375, 0.5, 0.75, 0.625 ] },
						"east": { "texture": "#cooked", "uv": [ 1.375, 1.125, 1.75, 1.25 ] },
						"south": { "texture": "#cooked", "uv": [ 1.0, 1.625, 1.375, 1.75 ] },
						"west": { "texture": "#cooked", "uv": [ 1.625, 0.375, 2.0, 0.5 ] },
						"up": { "texture": "#cooked", "uv": [ 0.75, 0.0, 1.125, 0.375 ] },
						"down": { "texture": "#cooked", "uv": [ 1.0, 1.125, 1.375, 1.5 ] }
					}
				}
			]
		},
		{
			"name": "Cube18",
			"from": [ 8.83, 0.0, 7.27 ], 
			"to": [ 9.23, 0.35, 7.67 ], 
			"rotationOrigin": [ 8.825, 0.25, 7.2685 ],
			"rotationY": -62.5,
			"faces": {
				"north": { "texture": "#cooked", "uv": [ 0.375, 0.625, 0.75, 0.875 ] },
				"east": { "texture": "#cooked", "uv": [ 1.25, 0.5, 1.625, 0.75 ] },
				"south": { "texture": "#cooked", "uv": [ 0.5, 0.875, 0.875, 1.125 ] },
				"west": { "texture": "#cooked", "uv": [ 0.5, 0.75, 0.875, 1.0 ] },
				"up": { "texture": "#cooked", "uv": [ 0.0, 0.0, 0.375, 0.375 ] },
				"down": { "texture": "#cooked", "uv": [ 0.5, 0.75, 0.875, 1.125 ] }
			},
			"children": [
				{
					"name": "Cube19",
					"from": [ 0.05, 0.35, 0.05 ], 
					"to": [ 0.35, 0.4, 0.35 ], 
					"rotationOrigin": [ 0.0, 0.1, 0.0 ],
					"faces": {
						"north": { "texture": "#cooked", "uv": [ 0.875, 0.0, 1.125, 0.125 ] },
						"east": { "texture": "#cooked", "uv": [ 1.125, 0.75, 1.375, 0.875 ] },
						"south": { "texture": "#cooked", "uv": [ 0.375, 1.125, 0.625, 1.25 ] },
						"west": { "texture": "#cooked", "uv": [ 0.5, 1.25, 0.75, 1.375 ] },
						"up": { "texture": "#cooked", "uv": [ 0.75, 1.375, 1.0, 1.625 ] },
						"down": { "texture": "#cooked", "uv": [ 0.25, 0.875, 0.5, 1.125 ] }
					}
				}
			]
		},
		{
			"name": "Cube20",
			"from": [ 9.0, 0.0, 8.44 ], 
			"to": [ 9.5, 0.45, 8.94 ], 
			"rotationOrigin": [ 9.0048, 0.35, 8.4411 ],
			"rotationY": -98.5,
			"faces": {
				"north": { "texture": "#cooked", "uv": [ 1.0, 1.25, 1.5, 1.625 ] },
				"east": { "texture": "#cooked", "uv": [ 1.5, 0.375, 2.0, 0.75 ] },
				"south": { "texture": "#cooked", "uv": [ 0.125, 0.625, 0.625, 1.0 ] },
				"west": { "texture": "#cooked", "uv": [ 0.25, 1.25, 0.75, 1.625 ] },
				"up": { "texture": "#cooked", "uv": [ 1.0, 0.25, 1.5, 0.75 ] },
				"down": { "texture": "#cooked", "uv": [ 0.0, 0.875, 0.5, 1.375 ] }
			},
			"children": [
				{
					"name": "Cube21",
					"from": [ 0.05, 0.45, 0.05 ], 
					"to": [ 0.45, 0.52, 0.45 ], 
					"rotationOrigin": [ 0.0, 0.5, 0.0 ],
					"faces": {
						"north": { "texture": "#cooked", "uv": [ 1.375, 0.625, 1.75, 0.75 ] },
						"east": { "texture": "#cooked", "uv": [ 0.125, 1.25, 0.5, 1.375 ] },
						"south": { "texture": "#cooked", "uv": [ 1.5, 0.375, 1.875, 0.5 ] },
						"west": { "texture": "#cooked", "uv": [ 0.0, 1.0, 0.375, 1.125 ] },
						"up": { "texture": "#cooked", "uv": [ 1.5, 0.75, 1.875, 1.125 ] },
						"down": { "texture": "#cooked", "uv": [ 0.25, 1.25, 0.625, 1.625 ] }
					}
				}
			]
		}
	]}