{
	"editor": {
		"allAngles": false,
		"entityTextureMode": false
	},
	"textureWidth": 16,
	"textureHeight": 16,
	"textureSizes": {
	},
	"elements": [
		{
			"name": "Cube1",
			"from": [ 5.5, 0.0, 6.8 ], 
			"to": [ 11.9, 0.5, 8.8 ], 
			"rotationOrigin": [ 5.5, 0.0, 6.8 ],
			"faces": {
				"north": { "texture": "#cooked", "uv": [ 0.0, 1.0, 6.0, 1.5 ] },
				"east": { "texture": "#cooked", "uv": [ 6.0, 2.0, 8.0, 2.5 ] },
				"south": { "texture": "#cooked", "uv": [ 0.0, 0.0, 6.0, 0.5 ] },
				"west": { "texture": "#cooked", "uv": [ 6.0, 3.0, 8.0, 3.5 ] },
				"up": { "texture": "#cooked", "uv": [ 1.0, 1.0, 7.0, 3.0 ] },
				"down": { "texture": "#cooked", "uv": [ 2.0, 0.0, 8.0, 2.0 ] }
			},
			"children": [
				{
					"name": "Cube3",
					"from": [ 0.5, 0.0, 2.0 ], 
					"to": [ 5.3, 0.5, 2.6 ], 
					"rotationOrigin": [ 1.0, 0.0, -0.5 ],
					"faces": {
						"north": { "texture": "#cooked", "uv": [ 0.0, 0.0, 4.5, 0.5 ], "enabled": false },
						"east": { "texture": "#cooked", "uv": [ 7.0, 2.0, 7.5, 2.5 ] },
						"south": { "texture": "#cooked", "uv": [ 0.0, 0.0, 4.5, 0.5 ], "enabled": false },
						"west": { "texture": "#cooked", "uv": [ 0.0, 1.0, 0.5, 1.5 ] },
						"up": { "texture": "#cooked", "uv": [ 0.0, 0.5, 4.5, 1.0 ] },
						"down": { "texture": "#cooked", "uv": [ 0.0, 0.0, 4.5, 0.5 ] }
					}
				},
				{
					"name": "Cube4",
					"from": [ 0.4, 0.0, 2.6 ], 
					"to": [ 5.6, 0.5, 3.1 ], 
					"rotationOrigin": [ 0.9, 0.0, -0.4 ],
					"faces": {
						"north": { "texture": "#cooked", "uv": [ 0.0, 0.0, 5.0, 0.5 ] },
						"east": { "texture": "#cooked", "uv": [ 7.0, 3.0, 7.5, 3.5 ] },
						"south": { "texture": "#cooked", "uv": [ 1.0, 2.0, 6.0, 2.5 ] },
						"west": { "texture": "#cooked", "uv": [ 7.0, 0.0, 7.5, 0.5 ] },
						"up": { "texture": "#cooked", "uv": [ 0.0, 3.0, 5.0, 3.5 ] },
						"down": { "texture": "#cooked", "uv": [ 0.0, 0.0, 5.0, 0.5 ] }
					}
				},
				{
					"name": "Cube5",
					"from": [ 0.7, 0.0, -0.7 ], 
					"to": [ 5.3, 0.5, 0.0 ], 
					"rotationOrigin": [ 0.7, 0.0, -1.2 ],
					"faces": {
						"north": { "texture": "#cooked", "uv": [ 1.0, 3.0, 5.5, 3.5 ] },
						"east": { "texture": "#cooked", "uv": [ 6.0, 3.0, 6.5, 3.5 ] },
						"south": { "texture": "#cooked", "uv": [ 0.0, 0.0, 4.5, 0.5 ], "enabled": false },
						"west": { "texture": "#cooked", "uv": [ 3.0, 3.0, 3.5, 3.5 ] },
						"up": { "texture": "#cooked", "uv": [ 1.0, 3.0, 5.5, 3.5 ] },
						"down": { "texture": "#cooked", "uv": [ 0.0, 0.0, 4.5, 0.5 ] }
					}
				},
				{
					"name": "Cube6",
					"from": [ 1.2, 0.0, -1.4 ], 
					"to": [ 4.6, 0.3, -0.7 ], 
					"rotationOrigin": [ 0.7, 0.0, -1.4 ],
					"faces": {
						"north": { "texture": "#cooked", "uv": [ 0.0, 2.0, 3.0, 2.5 ] },
						"east": { "texture": "#cooked", "uv": [ 0.0, 0.0, 0.5, 0.5 ] },
						"south": { "texture": "#cooked", "uv": [ 0.0, 0.0, 3.0, 0.5 ], "enabled": false },
						"west": { "texture": "#cooked", "uv": [ 0.0, 0.0, 0.5, 0.5 ] },
						"up": { "texture": "#cooked", "uv": [ 1.0, 2.0, 4.0, 2.5 ] },
						"down": { "texture": "#cooked", "uv": [ 0.0, 0.0, 3.0, 0.5 ] }
					}
				},
				{
					"name": "Cube7",
					"from": [ 1.2, 0.0, 3.1 ], 
					"to": [ 4.8, 0.3, 3.9 ], 
					"rotationOrigin": [ 0.7, 0.0, -0.4 ],
					"faces": {
						"north": { "texture": "#cooked", "uv": [ 0.0, 0.0, 3.5, 0.5 ], "enabled": false },
						"east": { "texture": "#cooked", "uv": [ 5.0, 1.0, 5.5, 1.5 ] },
						"south": { "texture": "#cooked", "uv": [ 1.0, 3.0, 4.5, 3.5 ] },
						"west": { "texture": "#cooked", "uv": [ 1.0, 3.0, 1.5, 3.5 ] },
						"up": { "texture": "#cooked", "uv": [ 3.0, 3.0, 6.5, 3.5 ] },
						"down": { "texture": "#cooked", "uv": [ 0.0, 0.0, 3.5, 0.5 ] }
					}
				}
			]
		}
	]}