[
	{
		code: "focused",
		type: "positive",
		attributes: {
			"rangedWeaponsDamage": 0.4,
			"rangedWeaponsAcc": 0.2,
			"bowDrawingStrength": 0.2,
			"rangedWeaponsSpeed": 0.15
		}
	},
	{
		code: "resourceful",
		type: "positive",
		attributes: {
			"animalLootDropRate": 0.5,
			"animalHarvestingSpeed": -0.75
		}
	},
	{
		code: "scavenger",
		type: "positive",
		attributes: {
			"animalLootDropRate": 0.15,
			"animalHarvestingSpeed": -0.2,
			"forageDropRate": 0.1,
			"wildCropDropRate": 0.1
		}
	},
	{
		code: "fleetfooted",
		type: "positive",
		attributes: {
			"walkspeed": 0.1
		}
	},
	{
		code: "bowyer",
		type: "positive",
		attributes: {
		}
	},
	{
		code: "forager",
		type: "positive",
		attributes: {
			"forageDropRate": 0.2,
			"wildCropDropRate": 0.15
		}
	},
	{
		code: "pilferer",
		type: "positive",
		attributes: {
			"vesselContentsDropRate": 0.4,
			"rustyGearDropRate": 0.25,
			"wholeVesselLootChance": 0.25
		}
	},
	{
		code: "furtive",
		type: "positive",
		attributes: {
			"animalSeekingRange": -0.25
		}
	},
	{
		code: "precise",
		type: "positive",
		attributes: {
			"mechanicalsDamageMul": 0.25
		}
	},
	{
		code: "technical",
		type: "positive",
		attributes: {
			"temporalGearTLRepairCost": -1
		}
	},
	{
		code: "soldier",
		type: "positive",
		attributes: {
			"meleeWeaponsDamage": 0.5,
			"armorDurabilityLoss": -0.25
		}
	},
	{
		code: "vanguard",
		type: "positive",
		attributes: {
			"meleeWeaponsDamage": 0.25,
			"armorDurabilityLoss": -0.5
		}
	},
	{
		code: "keen",
		type: "positive",
		attributes: {
			"meleeWeaponsDamage": 0.25,
		}
	},
	{
		code: "hardy",
		type: "positive",
		attributes: {
			"miningSpeedMul": 0.15,
			"maxhealthExtraPoints": 5
		}
	},
	{
		code: "evasive",
		type: "positive",
		attributes: {
			"walkspeed": 0.15
		}
	},
	{
		code: "sneaky",
		type: "positive",
		attributes: {
			"animalSeekingRange": -0.6
		}
	},
		{
		code: "rugged",
		type: "positive",
		attributes: {
			"maxhealthExtraPoints": 5

		}
	},
		{
		code: "productive",
		type: "positive",
		attributes: {
			"wildCropDropRate": 0.25
		}
	},
	{
		code: "miner",
		type: "positive",
		attributes: {
			"oreDropRate": 0.25,
			"miningSpeedMul": 0.5
		}
	},
	{
		code: "thorough",
		type: "positive",
		attributes: {
			"vesselContentsDropRate": 0.15,
			"rustyGearDropRate": 0.1
		}
	},
	{
		code: "gearhead",
		type: "positive",
		attributes: {
			"rustyGearDropRate": 0.35
		}
	},
	{
		code: "skilled",
		type: "positive",
		attributes: {
			"forageDropRate": 0.5,
			"wildCropDropRate": 0.5
		}
	},
	{
		code: "wrecker",
		type: "positive",
		attributes: {
			"mechanicalsDamageMul": 0.15
		}
	},
	{
		code: "archer",
		type: "positive",
		attributes: {
			"rangedWeaponsDamage": 0.75,
			"rangedWeaponsAcc": 0.25,
			"bowDrawingStrength": 0.25,
			"rangedWeaponsSpeed": 0.25
		}
	},
	{
		code: "fasting",
		type: "positive",
		attributes: {
			"hungerrate": -0.18
		}
	},
	{
		code: "fasting2",
		type: "positive",
		attributes: {
			"hungerrate": -0.25
		}
	},
	{
		code: "bulwark",
		type: "positive",
		attributes: {
			"armorDurabilityLoss": -0.5 
		}
	},
	{
		code: "healer",
		type: "positive",
		attributes: {
			"healingeffectivness": 0.25 
		}
	},
	{
		code: "thrifty",
		type: "positive",
		attributes: {
		}
	},
	{
		code: "crafty",
		type: "positive",
		attributes: {
		}
	},
	{
		code: "greenthumb",
		type: "positive",
		attributes: {
		}
	},
		{
		code: "forlornhope",
		type: "positive",
		attributes: {
		}
	},
		{
		code: "blackguard",
		type: "positive",
		attributes: {
		}
	},
	{
		code: "unwell",
		type: "negative",
		attributes: {
			"healingeffectivness": -0.25 
		}
	},
	{
		code: "heavyfooted",
		type: "negative",
		attributes: {
			"animalSeekingRange": 0.2
		}
	},
	{
		code: "farsighted",
		type: "negative",
		attributes: {
			"meleeWeaponsDamage": -0.2,
			"oreDropRate": -0.15
		}
	},
	{
		code: "frail",
		type: "negative",
		attributes: {
			"maxhealthExtraPoints": -2.5,
			"bowDrawingStrength": -0.25
		}
	},
	{
		code: "exhausted",
		type: "negative",
		attributes: {
			"rangedWeaponsDamage": -0.2,
			"bowDrawingStrength": -0.2, 
			"rangedWeaponsAcc": -0.02,
			"rangedWeaponsSpeed": -0.3
		}
	},
	{
		code: "nervous",
		type: "negative",
		attributes: {
			"meleeWeaponsDamage": -0.2
		}
	},
	{
		code: "ranged",
		type: "negative",
		attributes: {
			"meleeWeaponsDamage": -0.5
		}
	},
	{
		code: "ravenous",
		type: "negative",
		attributes: {
			"hungerrate": 0.2
		}
	},
	{
		code: "nearsighted",
		type: "negative",
		attributes: {
			"rangedWeaponsDamage": -0.25
		}
	},
	{
		code: "heavyhanded",
		type: "negative",
		attributes: {
			"vesselContentsDropRate": -0.15,
			"forageDropRate": -0.2,
			"wildCropDropRate": -0.2
		}
	},
	{
		code: "weak",
		type: "negative",
		attributes: {
			"maxhealthExtraPoints": -5
		}
	},
	{
		code: "corrupted",
		type: "negative",
		attributes: {
			"maxhealthExtraPoints": -3.5
		}
	},
	{
		code: "fragile",
		type: "negative",
		attributes: {
			"maxhealthExtraPoints": -2.5
		}
	},
	{
		code: "hungry",
		type: "negative",
		attributes: {
			"hungerrate": 0.1
		}
	},
	{
		code: "sluggish",
		type: "negative",
		attributes: {
			"miningSpeedMul": -0.15
		}
	},
	{
		code: "clumsy",
		type: "negative",
		attributes: {
			"armorDurabilityLoss": 0.25
		}
	},
	{
		code: "confined",
		type: "negative",
		attributes: {
			"armorDurabilityLoss": 0.5
		}
	},
	{
		code: "largeframe",
		type: "negative",
		attributes: {
			"walkspeed": -0.1
		}
	},
	{
		code: "careless",
		type: "negative",
		attributes: {
			"oreDropRate": -0.15
		}
	},
	{
		code: "squeamish",
		type: "negative",
		attributes: {
			"animalLootDropRate": -0.25,
			"animalHarvestingSpeed": 0.15
		}
	},
	{
		code: "inaccurate",
		type: "negative",
		attributes: {
			"rangedWeaponsDamage": -0.15,
			"rangedWeaponsAcc": -0.02,
			"bowDrawingStrength": -0.15,
			"rangedWeaponsSpeed": -0.15
		}
	},
	{
		code: "mender",
		type: "positive",
		attributes: {
			"armorDurabilityLoss": -0.25
		}
	},
	{
		code: "merciless",
		type: "positive",
		attributes: {
		}
	},
	{
		code: "kind",
		type: "negative",
		attributes: {
			"animalLootDropRate": -0.25,
			"animalHarvestingTime": 0.15
		}
	},
	{
		code: "civil",
		type: "negative",
		attributes: {
			"forageDropRate": -0.15,
			"wildCropDropRate": -0.15
		}
	},
	{
		code: "clothier",
		type: "positive",
		attributes: {
		}
	},
]