{
	"editor": {
		"allAngles": false,
		"entityTextureMode": false
	},
	"textureWidth": 16,
	"textureHeight": 16,
	"textureSizes": {
	},
	"textures": {
		"furnwood13": "furnwood13",
		"frame": "frame"
	},
	"elements": [
		{
			"name": "closed",
			"from": [ 0.0, 16.0, 0.0 ], 
			"to": [ 8.0, 17.5, 16.0 ], 
			"rotationOrigin": [ 0.0, 16.0, 0.0 ],
			"rotationX": 89.99999164334537,
			"faces": {
				"north": { "texture": "#furnwood13", "uv": [ 2.0, 10.0, 10.0, 11.5 ] },
				"east": { "texture": "#furnwood13", "uv": [ 0.5, 0.0, 2.0, 16.0 ], "rotation": 90 },
				"south": { "texture": "#furnwood13", "uv": [ 1.5, 6.0, 9.5, 7.5 ] },
				"west": { "texture": "#furnwood13", "uv": [ 0.5, 0.0, 2.0, 16.0 ], "rotation": 90 },
				"up": { "texture": "#furnwood13", "uv": [ 0.0, 0.0, 8.0, 16.0 ] },
				"down": { "texture": "#furnwood13", "uv": [ 0.0, 0.0, 8.0, 16.0 ], "rotation": 180 }
			},
			"children": [
				{
					"name": "Cube11",
					"from": [ 6.5019, 1.5, 11.7499 ], 
					"to": [ 11.5019, 1.8, 12.7499 ], 
					"rotationOrigin": [ 6.0, 2.0, 11.0 ],
					"rotationX": 4.266784605949666E-7,
					"rotationY": 89.97201860485777,
					"rotationZ": 0.004942643275271504,
					"faces": {
						"north": { "texture": "#frame", "uv": [ 3.0, 8.5, 8.0, 9.0 ] },
						"east": { "texture": "#frame", "uv": [ 5.0, 8.5, 6.0, 9.0 ] },
						"south": { "texture": "#frame", "uv": [ 3.0, 8.0, 8.0, 8.5 ] },
						"west": { "texture": "#frame", "uv": [ 4.0, 8.5, 5.0, 9.0 ] },
						"up": { "texture": "#frame", "uv": [ 10.5, 2.5, 15.5, 4.0 ], "autoUv": false },
						"down": { "texture": "#frame", "uv": [ 2.0, 8.0, 7.0, 9.5 ], "autoUv": false }
					},
					"children": [
						{
							"name": "Cube14",
							"from": [ 0.5, 0.3, 0.2495 ], 
							"to": [ 1.0, 1.0, 0.7495 ], 
							"rotationOrigin": [ 1.0, 1.0, -0.7505 ],
							"faces": {
								"north": { "texture": "#frame", "uv": [ 0.0, 0.0, 0.5, 0.5 ] },
								"east": { "texture": "#frame", "uv": [ 0.0, 0.0, 0.5, 0.5 ] },
								"south": { "texture": "#frame", "uv": [ 0.0, 0.0, 0.5, 0.5 ] },
								"west": { "texture": "#frame", "uv": [ 0.0, 0.0, 0.5, 0.5 ] },
								"up": { "texture": "#frame", "uv": [ 0.0, 0.0, 0.5, 0.5 ] },
								"down": { "texture": "#frame", "uv": [ 0.0, 0.0, 0.5, 0.5 ] }
							},
							"children": [
								{
									"name": "Cube15",
									"from": [ 3.5, 0.0, 0.0 ], 
									"to": [ 4.0, 0.7, 0.5 ], 
									"rotationOrigin": [ 3.5, 0.7, -0.5 ],
									"faces": {
										"north": { "texture": "#frame", "uv": [ 0.0, 0.0, 0.5, 0.5 ] },
										"east": { "texture": "#frame", "uv": [ 0.0, 0.0, 0.5, 0.5 ] },
										"south": { "texture": "#frame", "uv": [ 0.0, 0.0, 0.5, 0.5 ] },
										"west": { "texture": "#frame", "uv": [ 0.0, 0.0, 0.5, 0.5 ] },
										"up": { "texture": "#frame", "uv": [ 0.0, 0.0, 0.5, 0.5 ] },
										"down": { "texture": "#frame", "uv": [ 0.0, 0.0, 0.5, 0.5 ] }
									}
								},
								{
									"name": "Cube16",
									"from": [ 0.0, 0.7, 0.0 ], 
									"to": [ 4.0, 1.0, 0.5 ], 
									"rotationOrigin": [ -0.5, 0.7, -0.5 ],
									"faces": {
										"north": { "texture": "#frame", "uv": [ 7.5, 9.0, 11.5, 9.5 ] },
										"east": { "texture": "#frame", "uv": [ 0.0, 0.0, 0.5, 0.5 ] },
										"south": { "texture": "#frame", "uv": [ 5.5, 8.0, 9.5, 8.5 ] },
										"west": { "texture": "#frame", "uv": [ 0.0, 0.0, 0.5, 0.5 ] },
										"up": { "texture": "#frame", "uv": [ 11.0, 3.0, 15.0, 3.5 ] },
										"down": { "texture": "#frame", "uv": [ 3.5, 8.0, 7.5, 8.5 ] }
									}
								}
							]
						}
					]
				}
			]
		},
		{
			"name": "closed6",
			"from": [ 16.0, 0.0, 0.0 ], 
			"to": [ 24.0, 1.5, 16.0 ], 
			"rotationOrigin": [ 16.0, 0.0, 0.0 ],
			"rotationX": 90.0,
			"rotationY": -180.0,
			"faces": {
				"north": { "texture": "#furnwood13", "uv": [ 2.0, 10.0, 10.0, 11.5 ] },
				"east": { "texture": "#furnwood13", "uv": [ 0.5, 0.0, 2.0, 16.0 ], "rotation": 90 },
				"south": { "texture": "#furnwood13", "uv": [ 1.5, 6.0, 9.5, 7.5 ] },
				"west": { "texture": "#furnwood13", "uv": [ 0.5, 0.0, 2.0, 16.0 ], "rotation": 90 },
				"up": { "texture": "#furnwood13", "uv": [ 8.0, 0.0, 16.0, 16.0 ], "rotation": 180 },
				"down": { "texture": "#furnwood13", "uv": [ 8.0, 0.0, 16.0, 16.0 ] }
			},
			"children": [
				{
					"name": "Cube7",
					"from": [ 6.5019, 1.5, 11.7499 ], 
					"to": [ 11.5019, 1.8, 12.7499 ], 
					"rotationOrigin": [ 6.0, 2.0, 11.0 ],
					"rotationX": 4.266784605949666E-7,
					"rotationY": 89.97201860485777,
					"rotationZ": 0.004942643275271504,
					"faces": {
						"north": { "texture": "#frame", "uv": [ 3.0, 8.5, 8.0, 9.0 ] },
						"east": { "texture": "#frame", "uv": [ 5.0, 8.5, 6.0, 9.0 ] },
						"south": { "texture": "#frame", "uv": [ 3.0, 8.0, 8.0, 8.5 ] },
						"west": { "texture": "#frame", "uv": [ 4.0, 8.5, 5.0, 9.0 ] },
						"up": { "texture": "#frame", "uv": [ 10.5, 3.0, 15.5, 4.5 ], "autoUv": false },
						"down": { "texture": "#frame", "uv": [ 2.0, 8.0, 7.0, 9.5 ], "autoUv": false }
					},
					"children": [
						{
							"name": "Cube8",
							"from": [ 0.5, 0.3, 0.2495 ], 
							"to": [ 1.0, 1.0, 0.7495 ], 
							"rotationOrigin": [ 1.0, 1.0, -0.7505 ],
							"faces": {
								"north": { "texture": "#frame", "uv": [ 0.0, 0.0, 0.5, 0.5 ] },
								"east": { "texture": "#frame", "uv": [ 0.0, 0.0, 0.5, 0.5 ] },
								"south": { "texture": "#frame", "uv": [ 0.0, 0.0, 0.5, 0.5 ] },
								"west": { "texture": "#frame", "uv": [ 0.0, 0.0, 0.5, 0.5 ] },
								"up": { "texture": "#frame", "uv": [ 0.0, 0.0, 0.5, 0.5 ] },
								"down": { "texture": "#frame", "uv": [ 0.0, 0.0, 0.5, 0.5 ] }
							},
							"children": [
								{
									"name": "Cube9",
									"from": [ 3.5, 0.0, 0.0 ], 
									"to": [ 4.0, 0.7, 0.5 ], 
									"rotationOrigin": [ 3.5, 0.7, -0.5 ],
									"faces": {
										"north": { "texture": "#frame", "uv": [ 0.0, 0.0, 0.5, 0.5 ] },
										"east": { "texture": "#frame", "uv": [ 0.0, 0.0, 0.5, 0.5 ] },
										"south": { "texture": "#frame", "uv": [ 0.0, 0.0, 0.5, 0.5 ] },
										"west": { "texture": "#frame", "uv": [ 0.0, 0.0, 0.5, 0.5 ] },
										"up": { "texture": "#frame", "uv": [ 0.0, 0.0, 0.5, 0.5 ] },
										"down": { "texture": "#frame", "uv": [ 0.0, 0.0, 0.5, 0.5 ] }
									}
								},
								{
									"name": "Cube10",
									"from": [ 0.0, 0.7, 0.0 ], 
									"to": [ 4.0, 1.0, 0.5 ], 
									"rotationOrigin": [ -0.5, 0.7, -0.5 ],
									"faces": {
										"north": { "texture": "#frame", "uv": [ 4.0, 8.5, 8.0, 9.0 ] },
										"east": { "texture": "#frame", "uv": [ 0.0, 0.0, 0.5, 0.5 ] },
										"south": { "texture": "#frame", "uv": [ 3.0, 8.5, 7.0, 9.0 ] },
										"west": { "texture": "#frame", "uv": [ 0.0, 0.0, 0.5, 0.5 ] },
										"up": { "texture": "#frame", "uv": [ 11.5, 3.0, 15.5, 3.5 ] },
										"down": { "texture": "#frame", "uv": [ 3.5, 8.0, 7.5, 8.5 ] }
									}
								}
							]
						}
					]
				}
			]
		}
	]}