{
	"editor": {
		"allAngles": false,
		"entityTextureMode": false
	},
	"textureWidth": 16,
	"textureHeight": 16,
	"textureSizes": {
	},
	"textures": {
		"glass": "glass",
		"furnwood13": "furnwood13",
		"frame": "frame"
	},
	"elements": [
		{
			"name": "closed15",
			"from": [ 2.5, 16.5, 6.0 ], 
			"to": [ 4.0, 18.0, 22.0 ], 
			"rotationOrigin": [ 2.0, 16.0, 6.0 ],
			"rotationX": 90.0,
			"rotationZ": 90.0,
			"faces": {
				"north": { "texture": "#furnwood13", "uv": [ 1.5, 4.5, 3.0, 6.0 ] },
				"east": { "texture": "#furnwood13", "uv": [ 4.5, 0.0, 6.0, 16.0 ], "rotation": 90 },
				"south": { "texture": "#furnwood13", "uv": [ 1.0, 4.0, 2.5, 5.5 ] },
				"west": { "texture": "#furnwood13", "uv": [ 13.0, 0.0, 14.5, 16.0 ], "rotation": 90 },
				"up": { "texture": "#furnwood13", "uv": [ 1.5, 0.0, 3.0, 16.0 ] },
				"down": { "texture": "#furnwood13", "uv": [ 5.0, 0.0, 6.5, 16.0 ] }
			},
			"children": [
				{
					"name": "closed16",
					"from": [ -5.0, 0.0, 0.0 ], 
					"to": [ 0.0, 1.5, 1.5 ], 
					"rotationOrigin": [ -5.5, 0.0, 0.0 ],
					"faces": {
						"north": { "texture": "#furnwood13", "uv": [ 0.0, 10.0, 1.5, 15.0 ], "rotation": 90 },
						"east": { "texture": "#furnwood13", "uv": [ 0.0, 7.0, 1.5, 8.5 ] },
						"south": { "texture": "#furnwood13", "uv": [ 5.0, 4.0, 6.5, 9.0 ], "rotation": 90 },
						"west": { "texture": "#furnwood13", "uv": [ 0.0, 7.5, 1.5, 9.0 ] },
						"up": { "texture": "#furnwood13", "uv": [ 4.5, 5.0, 6.0, 10.0 ], "rotation": 90 },
						"down": { "texture": "#furnwood13", "uv": [ 2.0, 7.0, 3.5, 12.0 ], "rotation": 90 }
					}
				},
				{
					"name": "closed17",
					"from": [ -5.0, 0.0, 14.5 ], 
					"to": [ 0.0, 1.5, 16.0 ], 
					"rotationOrigin": [ -5.5, 0.0, 14.0 ],
					"faces": {
						"north": { "texture": "#furnwood13", "uv": [ 11.0, 5.5, 12.5, 10.5 ], "rotation": 90 },
						"east": { "texture": "#furnwood13", "uv": [ 0.0, 7.0, 1.5, 8.5 ] },
						"south": { "texture": "#furnwood13", "uv": [ 2.0, 6.0, 3.5, 11.0 ], "rotation": 90 },
						"west": { "texture": "#furnwood13", "uv": [ 0.0, 7.5, 1.5, 9.0 ] },
						"up": { "texture": "#furnwood13", "uv": [ 10.5, 5.0, 12.0, 10.0 ], "rotation": 90 },
						"down": { "texture": "#furnwood13", "uv": [ 6.5, 4.0, 8.0, 9.0 ], "rotation": 90 }
					}
				},
				{
					"name": "closed",
					"from": [ -6.5, 0.0, 0.0 ], 
					"to": [ -5.0, 1.5, 16.0 ], 
					"rotationOrigin": [ -6.5, 0.0, 0.0 ],
					"faces": {
						"north": { "texture": "#furnwood13", "uv": [ 2.0, 10.0, 3.5, 11.5 ] },
						"east": { "texture": "#furnwood13", "uv": [ 5.5, 0.0, 7.0, 16.0 ], "rotation": 90 },
						"south": { "texture": "#furnwood13", "uv": [ 1.5, 6.0, 3.0, 7.5 ] },
						"west": { "texture": "#furnwood13", "uv": [ 8.5, 0.0, 10.0, 16.0 ], "rotation": 90 },
						"up": { "texture": "#furnwood13", "uv": [ 1.0, 0.0, 2.5, 16.0 ] },
						"down": { "texture": "#furnwood13", "uv": [ 9.0, 0.0, 10.5, 16.0 ] }
					}
				},
				{
					"name": "Cube11",
					"from": [ 0.0, 1.5, 11.75 ], 
					"to": [ 5.0, 1.8, 12.75 ], 
					"rotationOrigin": [ -0.5, 2.0, 11.0 ],
					"rotationY": 89.9802127184967,
					"faces": {
						"north": { "texture": "#frame", "uv": [ 3.0, 8.5, 8.0, 9.0 ] },
						"east": { "texture": "#frame", "uv": [ 5.0, 8.5, 6.0, 9.0 ] },
						"south": { "texture": "#frame", "uv": [ 3.0, 8.0, 8.0, 8.5 ] },
						"west": { "texture": "#frame", "uv": [ 4.0, 8.5, 5.0, 9.0 ] },
						"up": { "texture": "#frame", "uv": [ 3.0, 8.0, 8.0, 9.5 ], "autoUv": false },
						"down": { "texture": "#frame", "uv": [ 2.0, 8.0, 7.0, 9.5 ], "autoUv": false }
					},
					"children": [
						{
							"name": "Cube14",
							"from": [ 0.5, 0.3, 0.2495 ], 
							"to": [ 1.0, 1.0, 0.7495 ], 
							"rotationOrigin": [ 1.0, 1.0, -0.7505 ],
							"faces": {
								"north": { "texture": "#frame", "uv": [ 0.0, 0.0, 0.5, 0.5 ] },
								"east": { "texture": "#frame", "uv": [ 0.0, 0.0, 0.5, 0.5 ] },
								"south": { "texture": "#frame", "uv": [ 0.0, 0.0, 0.5, 0.5 ] },
								"west": { "texture": "#frame", "uv": [ 0.0, 0.0, 0.5, 0.5 ] },
								"up": { "texture": "#frame", "uv": [ 0.0, 0.0, 0.5, 0.5 ] },
								"down": { "texture": "#frame", "uv": [ 0.0, 0.0, 0.5, 0.5 ] }
							},
							"children": [
								{
									"name": "Cube15",
									"from": [ 3.5, 0.0, 0.0 ], 
									"to": [ 4.0, 0.7, 0.5 ], 
									"rotationOrigin": [ 3.5, 0.7, -0.5 ],
									"faces": {
										"north": { "texture": "#frame", "uv": [ 0.0, 0.0, 0.5, 0.5 ] },
										"east": { "texture": "#frame", "uv": [ 0.0, 0.0, 0.5, 0.5 ] },
										"south": { "texture": "#frame", "uv": [ 0.0, 0.0, 0.5, 0.5 ] },
										"west": { "texture": "#frame", "uv": [ 0.0, 0.0, 0.5, 0.5 ] },
										"up": { "texture": "#frame", "uv": [ 0.0, 0.0, 0.5, 0.5 ] },
										"down": { "texture": "#frame", "uv": [ 0.0, 0.0, 0.5, 0.5 ] }
									}
								},
								{
									"name": "Cube16",
									"from": [ 0.0, 0.7, 0.0 ], 
									"to": [ 4.0, 1.0, 0.5 ], 
									"rotationOrigin": [ -0.5, 0.7, -0.5 ],
									"faces": {
										"north": { "texture": "#frame", "uv": [ 4.0, 8.5, 8.0, 9.0 ] },
										"east": { "texture": "#frame", "uv": [ 0.0, 0.0, 0.5, 0.5 ] },
										"south": { "texture": "#frame", "uv": [ 3.0, 8.5, 7.0, 9.0 ] },
										"west": { "texture": "#frame", "uv": [ 0.0, 0.0, 0.5, 0.5 ] },
										"up": { "texture": "#frame", "uv": [ 3.5, 8.5, 7.5, 9.0 ] },
										"down": { "texture": "#frame", "uv": [ 3.5, 8.0, 7.5, 8.5 ] }
									}
								}
							]
						}
					]
				},
				{
					"name": "Cube17",
					"from": [ 0.0, 0.25, 15.2 ], 
					"to": [ 13.0, 1.25, 15.5 ], 
					"rotationOrigin": [ -0.5, 1.0, 15.0 ],
					"rotationY": 89.9802127184967,
					"faces": {
						"north": { "texture": "#frame", "uv": [ 2.0, 10.5, 15.0, 11.5 ] },
						"east": { "texture": "#frame", "uv": [ 5.0, 8.5, 5.5, 9.5 ] },
						"south": { "texture": "#frame", "uv": [ 1.5, 8.0, 14.5, 9.0 ] },
						"west": { "texture": "#frame", "uv": [ 4.0, 8.5, 4.5, 9.5 ] },
						"up": { "texture": "#frame", "uv": [ 2.0, 8.0, 15.0, 8.5 ] },
						"down": { "texture": "#frame", "uv": [ 2.0, 8.0, 15.0, 8.5 ] }
					}
				},
				{
					"name": "Cube23",
					"from": [ -5.0, 0.25, 15.5 ], 
					"to": [ 8.0, 1.25, 15.8 ], 
					"rotationOrigin": [ -5.5, 1.0, 15.0 ],
					"rotationY": 89.9802127184967,
					"faces": {
						"north": { "texture": "#frame", "uv": [ 2.0, 10.5, 15.0, 11.5 ] },
						"east": { "texture": "#frame", "uv": [ 5.0, 8.5, 5.5, 9.5 ] },
						"south": { "texture": "#frame", "uv": [ 1.5, 8.0, 14.5, 9.0 ] },
						"west": { "texture": "#frame", "uv": [ 4.0, 8.5, 4.5, 9.5 ] },
						"up": { "texture": "#frame", "uv": [ 1.5, 8.0, 14.5, 8.5 ] },
						"down": { "texture": "#frame", "uv": [ 2.0, 8.0, 15.0, 8.5 ] }
					}
				},
				{
					"name": "Cube24",
					"from": [ -5.0, 0.25, 15.8 ], 
					"to": [ -4.7, 1.25, 20.2 ], 
					"rotationOrigin": [ -5.5, 1.0, 15.0 ],
					"rotationY": 89.9802127184967,
					"faces": {
						"north": { "texture": "#frame", "uv": [ 2.0, 10.5, 2.5, 11.5 ] },
						"east": { "texture": "#frame", "uv": [ 5.0, 8.5, 9.0, 9.5 ] },
						"south": { "texture": "#frame", "uv": [ 1.5, 8.0, 2.0, 9.0 ] },
						"west": { "texture": "#frame", "uv": [ 4.0, 8.5, 8.0, 9.5 ] },
						"up": { "texture": "#frame", "uv": [ 3.0, 8.0, 3.5, 12.0 ] },
						"down": { "texture": "#frame", "uv": [ 2.0, 8.0, 2.5, 12.0 ] }
					}
				},
				{
					"name": "Cube25",
					"from": [ -5.3, 0.25, 2.8 ], 
					"to": [ -5.0, 1.25, 7.2 ], 
					"rotationOrigin": [ -5.5, 1.0, 2.0 ],
					"rotationY": 89.9802127184967,
					"faces": {
						"north": { "texture": "#frame", "uv": [ 2.0, 10.5, 2.5, 11.5 ] },
						"east": { "texture": "#frame", "uv": [ 5.0, 8.5, 9.0, 9.5 ] },
						"south": { "texture": "#frame", "uv": [ 1.5, 8.0, 2.0, 9.0 ] },
						"west": { "texture": "#frame", "uv": [ 4.0, 8.5, 8.0, 9.5 ] },
						"up": { "texture": "#frame", "uv": [ 3.0, 8.0, 3.5, 12.0 ] },
						"down": { "texture": "#frame", "uv": [ 2.0, 8.0, 2.5, 12.0 ] }
					}
				},
				{
					"name": "Cube26",
					"from": [ -4.7, 0.25, 15.8 ], 
					"to": [ 7.7, 1.25, 20.2 ], 
					"renderPass": 3,
					"rotationOrigin": [ -5.5, 1.0, 15.0 ],
					"rotationY": 89.9802127184967,
					"faces": {
						"north": { "texture": "#frame", "uv": [ 2.0, 10.5, 14.0, 11.5 ], "enabled": false },
						"east": { "texture": "#frame", "uv": [ 5.0, 8.5, 9.0, 9.5 ], "enabled": false },
						"south": { "texture": "#frame", "uv": [ 1.5, 8.0, 13.5, 9.0 ], "enabled": false },
						"west": { "texture": "#frame", "uv": [ 4.0, 8.5, 8.0, 9.5 ], "enabled": false },
						"up": { "texture": "#glass", "uv": [ 5.5, 0.5, 10.5, 16.0 ], "rotation": 90, "autoUv": false },
						"down": { "texture": "#glass", "uv": [ 5.5, 0.5, 10.5, 16.0 ], "rotation": 270, "autoUv": false }
					}
				},
				{
					"name": "closed21",
					"from": [ 0.0, -14.0, 16.0 ], 
					"to": [ 1.5, -12.5, 32.0 ], 
					"rotationOrigin": [ -0.5, -13.5, 16.0 ],
					"rotationX": 179.9999851079241,
					"rotationY": -2.1894841424022512E-13,
					"rotationZ": 5.008955855952477E-6,
					"faces": {
						"north": { "texture": "#furnwood13", "uv": [ 1.5, 4.5, 3.0, 6.0 ] },
						"east": { "texture": "#furnwood13", "uv": [ 4.5, 0.0, 6.0, 16.0 ], "rotation": 90 },
						"south": { "texture": "#furnwood13", "uv": [ 1.0, 4.0, 2.5, 5.5 ] },
						"west": { "texture": "#furnwood13", "uv": [ 13.0, 0.0, 14.5, 16.0 ], "rotation": 90 },
						"up": { "texture": "#furnwood13", "uv": [ 1.5, 0.0, 3.0, 16.0 ] },
						"down": { "texture": "#furnwood13", "uv": [ 5.0, 0.0, 6.5, 16.0 ] }
					},
					"children": [
						{
							"name": "closed22",
							"from": [ -5.0, 0.0, 0.0 ], 
							"to": [ 0.0, 1.5, 1.5 ], 
							"rotationOrigin": [ -5.5, 0.0, 0.0 ],
							"faces": {
								"north": { "texture": "#furnwood13", "uv": [ 0.0, 10.0, 1.5, 15.0 ], "rotation": 90 },
								"east": { "texture": "#furnwood13", "uv": [ 0.0, 7.0, 1.5, 8.5 ] },
								"south": { "texture": "#furnwood13", "uv": [ 5.0, 4.0, 6.5, 9.0 ], "rotation": 90 },
								"west": { "texture": "#furnwood13", "uv": [ 0.0, 7.5, 1.5, 9.0 ] },
								"up": { "texture": "#furnwood13", "uv": [ 4.5, 5.0, 6.0, 10.0 ], "rotation": 90 },
								"down": { "texture": "#furnwood13", "uv": [ 2.0, 7.0, 3.5, 12.0 ], "rotation": 90 }
							}
						},
						{
							"name": "closed23",
							"from": [ -5.0, 0.0, 14.5 ], 
							"to": [ 0.0, 1.5, 16.0 ], 
							"rotationOrigin": [ -5.5, 0.0, 14.0 ],
							"faces": {
								"north": { "texture": "#furnwood13", "uv": [ 11.0, 5.5, 12.5, 10.5 ], "rotation": 90 },
								"east": { "texture": "#furnwood13", "uv": [ 0.0, 7.0, 1.5, 8.5 ] },
								"south": { "texture": "#furnwood13", "uv": [ 2.0, 6.0, 3.5, 11.0 ], "rotation": 90 },
								"west": { "texture": "#furnwood13", "uv": [ 0.0, 7.5, 1.5, 9.0 ] },
								"up": { "texture": "#furnwood13", "uv": [ 10.5, 5.0, 12.0, 10.0 ], "rotation": 90 },
								"down": { "texture": "#furnwood13", "uv": [ 6.5, 4.0, 8.0, 9.0 ], "rotation": 90 }
							}
						},
						{
							"name": "closed24",
							"from": [ -6.5, 0.0, 0.0 ], 
							"to": [ -5.0, 1.5, 16.0 ], 
							"rotationOrigin": [ -6.5, 0.0, 0.0 ],
							"faces": {
								"north": { "texture": "#furnwood13", "uv": [ 2.0, 10.0, 3.5, 11.5 ] },
								"east": { "texture": "#furnwood13", "uv": [ 5.5, 0.0, 7.0, 16.0 ], "rotation": 90 },
								"south": { "texture": "#furnwood13", "uv": [ 1.5, 6.0, 3.0, 7.5 ] },
								"west": { "texture": "#furnwood13", "uv": [ 8.5, 0.0, 10.0, 16.0 ], "rotation": 90 },
								"up": { "texture": "#furnwood13", "uv": [ 1.0, 0.0, 2.5, 16.0 ] },
								"down": { "texture": "#furnwood13", "uv": [ 9.0, 0.0, 10.5, 16.0 ] }
							}
						},
						{
							"name": "Cube27",
							"from": [ 0.0, 1.5, 11.75 ], 
							"to": [ 5.0, 1.8, 12.75 ], 
							"rotationOrigin": [ -0.5, 2.0, 11.0 ],
							"rotationY": 89.9802127184967,
							"faces": {
								"north": { "texture": "#frame", "uv": [ 3.0, 8.5, 8.0, 9.0 ] },
								"east": { "texture": "#frame", "uv": [ 5.0, 8.5, 6.0, 9.0 ] },
								"south": { "texture": "#frame", "uv": [ 3.0, 8.0, 8.0, 8.5 ] },
								"west": { "texture": "#frame", "uv": [ 4.0, 8.5, 5.0, 9.0 ] },
								"up": { "texture": "#frame", "uv": [ 3.0, 8.0, 8.0, 9.5 ], "autoUv": false },
								"down": { "texture": "#frame", "uv": [ 2.0, 8.0, 7.0, 9.5 ], "autoUv": false }
							},
							"children": [
								{
									"name": "Cube27",
									"from": [ 0.5, 0.3, 0.2495 ], 
									"to": [ 1.0, 1.0, 0.7495 ], 
									"rotationOrigin": [ 1.0, 1.0, -0.7505 ],
									"faces": {
										"north": { "texture": "#frame", "uv": [ 0.0, 0.0, 0.5, 0.5 ] },
										"east": { "texture": "#frame", "uv": [ 0.0, 0.0, 0.5, 0.5 ] },
										"south": { "texture": "#frame", "uv": [ 0.0, 0.0, 0.5, 0.5 ] },
										"west": { "texture": "#frame", "uv": [ 0.0, 0.0, 0.5, 0.5 ] },
										"up": { "texture": "#frame", "uv": [ 0.0, 0.0, 0.5, 0.5 ] },
										"down": { "texture": "#frame", "uv": [ 0.0, 0.0, 0.5, 0.5 ] }
									},
									"children": [
										{
											"name": "Cube27",
											"from": [ 3.5, 0.0, 0.0 ], 
											"to": [ 4.0, 0.7, 0.5 ], 
											"rotationOrigin": [ 3.5, 0.7, -0.5 ],
											"faces": {
												"north": { "texture": "#frame", "uv": [ 0.0, 0.0, 0.5, 0.5 ] },
												"east": { "texture": "#frame", "uv": [ 0.0, 0.0, 0.5, 0.5 ] },
												"south": { "texture": "#frame", "uv": [ 0.0, 0.0, 0.5, 0.5 ] },
												"west": { "texture": "#frame", "uv": [ 0.0, 0.0, 0.5, 0.5 ] },
												"up": { "texture": "#frame", "uv": [ 0.0, 0.0, 0.5, 0.5 ] },
												"down": { "texture": "#frame", "uv": [ 0.0, 0.0, 0.5, 0.5 ] }
											}
										},
										{
											"name": "Cube28",
											"from": [ 0.0, 0.7, 0.0 ], 
											"to": [ 4.0, 1.0, 0.5 ], 
											"rotationOrigin": [ -0.5, 0.7, -0.5 ],
											"faces": {
												"north": { "texture": "#frame", "uv": [ 4.0, 8.5, 8.0, 9.0 ] },
												"east": { "texture": "#frame", "uv": [ 0.0, 0.0, 0.5, 0.5 ] },
												"south": { "texture": "#frame", "uv": [ 3.0, 8.5, 7.0, 9.0 ] },
												"west": { "texture": "#frame", "uv": [ 0.0, 0.0, 0.5, 0.5 ] },
												"up": { "texture": "#frame", "uv": [ 3.5, 8.5, 7.5, 9.0 ] },
												"down": { "texture": "#frame", "uv": [ 3.5, 8.0, 7.5, 8.5 ] }
											}
										}
									]
								}
							]
						},
						{
							"name": "Cube29",
							"from": [ 0.0, 0.25, 15.2 ], 
							"to": [ 13.0, 1.25, 15.5 ], 
							"rotationOrigin": [ -0.5, 1.0, 15.0 ],
							"rotationY": 89.9802127184967,
							"faces": {
								"north": { "texture": "#frame", "uv": [ 2.0, 10.5, 15.0, 11.5 ] },
								"east": { "texture": "#frame", "uv": [ 5.0, 8.5, 5.5, 9.5 ] },
								"south": { "texture": "#frame", "uv": [ 1.5, 8.0, 14.5, 9.0 ] },
								"west": { "texture": "#frame", "uv": [ 4.0, 8.5, 4.5, 9.5 ] },
								"up": { "texture": "#frame", "uv": [ 2.0, 8.0, 15.0, 8.5 ] },
								"down": { "texture": "#frame", "uv": [ 2.0, 8.0, 15.0, 8.5 ] }
							}
						},
						{
							"name": "Cube30",
							"from": [ -5.0, 0.25, 15.5 ], 
							"to": [ 8.0, 1.25, 15.8 ], 
							"rotationOrigin": [ -5.5, 1.0, 15.0 ],
							"rotationY": 89.9802127184967,
							"faces": {
								"north": { "texture": "#frame", "uv": [ 2.0, 10.5, 15.0, 11.5 ] },
								"east": { "texture": "#frame", "uv": [ 5.0, 8.5, 5.5, 9.5 ] },
								"south": { "texture": "#frame", "uv": [ 1.5, 8.0, 14.5, 9.0 ] },
								"west": { "texture": "#frame", "uv": [ 4.0, 8.5, 4.5, 9.5 ] },
								"up": { "texture": "#frame", "uv": [ 1.5, 8.0, 14.5, 8.5 ] },
								"down": { "texture": "#frame", "uv": [ 2.0, 8.0, 15.0, 8.5 ] }
							}
						},
						{
							"name": "Cube31",
							"from": [ -5.0, 0.25, 15.8 ], 
							"to": [ -4.7, 1.25, 20.2 ], 
							"rotationOrigin": [ -5.5, 1.0, 15.0 ],
							"rotationY": 89.9802127184967,
							"faces": {
								"north": { "texture": "#frame", "uv": [ 2.0, 10.5, 2.5, 11.5 ] },
								"east": { "texture": "#frame", "uv": [ 5.0, 8.5, 9.0, 9.5 ] },
								"south": { "texture": "#frame", "uv": [ 1.5, 8.0, 2.0, 9.0 ] },
								"west": { "texture": "#frame", "uv": [ 4.0, 8.5, 8.0, 9.5 ] },
								"up": { "texture": "#frame", "uv": [ 3.0, 8.0, 3.5, 12.0 ] },
								"down": { "texture": "#frame", "uv": [ 2.0, 8.0, 2.5, 12.0 ] }
							}
						},
						{
							"name": "Cube32",
							"from": [ -5.3, 0.25, 2.8 ], 
							"to": [ -5.0, 1.25, 7.2 ], 
							"rotationOrigin": [ -5.5, 1.0, 2.0 ],
							"rotationY": 89.9802127184967,
							"faces": {
								"north": { "texture": "#frame", "uv": [ 2.0, 10.5, 2.5, 11.5 ] },
								"east": { "texture": "#frame", "uv": [ 5.0, 8.5, 9.0, 9.5 ] },
								"south": { "texture": "#frame", "uv": [ 1.5, 8.0, 2.0, 9.0 ] },
								"west": { "texture": "#frame", "uv": [ 4.0, 8.5, 8.0, 9.5 ] },
								"up": { "texture": "#frame", "uv": [ 3.0, 8.0, 3.5, 12.0 ] },
								"down": { "texture": "#frame", "uv": [ 2.0, 8.0, 2.5, 12.0 ] }
							}
						},
						{
							"name": "Cube33",
							"from": [ -4.7, 0.25, 15.8 ], 
							"to": [ 7.7, 1.25, 20.2 ], 
							"renderPass": 3,
							"rotationOrigin": [ -5.5, 1.0, 15.0 ],
							"rotationY": 89.9802127184967,
							"faces": {
								"north": { "texture": "#frame", "uv": [ 2.0, 10.5, 14.0, 11.5 ], "enabled": false },
								"east": { "texture": "#frame", "uv": [ 5.0, 8.5, 9.0, 9.5 ], "enabled": false },
								"south": { "texture": "#frame", "uv": [ 1.5, 8.0, 13.5, 9.0 ], "enabled": false },
								"west": { "texture": "#frame", "uv": [ 4.0, 8.5, 8.0, 9.5 ], "enabled": false },
								"up": { "texture": "#glass", "uv": [ 5.5, 0.5, 10.5, 16.0 ], "rotation": 90, "autoUv": false },
								"down": { "texture": "#glass", "uv": [ 5.5, 0.5, 10.5, 16.0 ], "rotation": 270, "autoUv": false }
							}
						}
					]
				}
			]
		}
	]}