{
	"editor": {
		"allAngles": false,
		"entityTextureMode": false
	},
	"textureWidth": 16,
	"textureHeight": 16,
	"textureSizes": {
	},
	"textures": {
		"furnwood16": "furnwood16",
		"frame": "frame"
	},
	"elements": [
		{
			"name": "closed",
			"from": [ 0.0, 0.0, 0.0 ], 
			"to": [ 16.0, 2.5, 16.0 ], 
			"faces": {
				"north": { "texture": "#furnwood16", "uv": [ 4.5, 0.0, 7.0, 16.0 ], "rotation": 90 },
				"east": { "texture": "#furnwood16", "uv": [ 0.0, 7.0, 16.0, 9.5 ] },
				"south": { "texture": "#furnwood16", "uv": [ 12.5, 0.0, 15.0, 16.0 ], "rotation": 90 },
				"west": { "texture": "#furnwood16", "uv": [ 0.0, 7.5, 16.0, 10.0 ] },
				"up": { "texture": "#furnwood16", "uv": [ 0.0, 0.0, 16.0, 16.0 ], "rotation": 90 },
				"down": { "texture": "#furnwood16", "uv": [ 0.0, 0.0, 16.0, 16.0 ], "rotation": 90 }
			},
			"children": [
				{
					"name": "Cube1",
					"from": [ 2.0, 2.5, 0.0 ], 
					"to": [ 3.5, 2.9, 16.0 ], 
					"rotationOrigin": [ 2.0, 3.0, 0.0 ],
					"faces": {
						"north": { "texture": "#frame", "uv": [ 0.0, 0.0, 1.5, 0.5 ] },
						"east": { "texture": "#frame", "uv": [ 0.0, 14.5, 16.0, 15.0 ] },
						"south": { "texture": "#frame", "uv": [ 0.0, 0.0, 1.5, 0.5 ] },
						"west": { "texture": "#frame", "uv": [ 0.0, 14.5, 16.0, 15.0 ] },
						"up": { "texture": "#frame", "uv": [ 0.0, 0.0, 1.5, 16.0 ] },
						"down": { "texture": "#frame", "uv": [ 0.0, 0.0, 1.5, 16.0 ] }
					},
					"children": [
						{
							"name": "Cube10",
							"from": [ 10.5, 0.0, 0.0 ], 
							"to": [ 12.0, 0.4, 16.0 ], 
							"rotationOrigin": [ 11.0, 0.5, 0.0 ],
							"faces": {
								"north": { "texture": "#frame", "uv": [ 0.0, 0.0, 1.5, 0.5 ] },
								"east": { "texture": "#frame", "uv": [ 0.0, 14.5, 16.0, 15.0 ] },
								"south": { "texture": "#frame", "uv": [ 0.0, 0.0, 1.5, 0.5 ] },
								"west": { "texture": "#frame", "uv": [ 0.0, 14.5, 16.0, 15.0 ] },
								"up": { "texture": "#frame", "uv": [ 0.0, 0.0, 1.5, 16.0 ] },
								"down": { "texture": "#frame", "uv": [ 0.0, 0.0, 1.5, 16.0 ] }
							}
						}
					]
				},
				{
					"name": "Cube11",
					"from": [ 2.0, -0.4, 0.0 ], 
					"to": [ 3.5, 0.0, 16.0 ], 
					"rotationOrigin": [ 2.0, 0.0, 0.0 ],
					"faces": {
						"north": { "texture": "#frame", "uv": [ 0.0, 0.0, 1.5, 0.5 ] },
						"east": { "texture": "#frame", "uv": [ 0.0, 14.5, 16.0, 15.0 ] },
						"south": { "texture": "#frame", "uv": [ 0.0, 0.0, 1.5, 0.5 ] },
						"west": { "texture": "#frame", "uv": [ 0.0, 14.5, 16.0, 15.0 ] },
						"up": { "texture": "#frame", "uv": [ 0.0, 0.0, 1.5, 16.0 ] },
						"down": { "texture": "#frame", "uv": [ 0.0, 0.0, 1.5, 16.0 ] }
					},
					"children": [
						{
							"name": "Cube12",
							"from": [ 10.5, 0.0, 0.0 ], 
							"to": [ 12.0, 0.4, 16.0 ], 
							"rotationOrigin": [ 11.0, 0.5, 0.0 ],
							"faces": {
								"north": { "texture": "#frame", "uv": [ 0.0, 0.0, 1.5, 0.5 ] },
								"east": { "texture": "#frame", "uv": [ 0.0, 14.5, 16.0, 15.0 ] },
								"south": { "texture": "#frame", "uv": [ 0.0, 0.0, 1.5, 0.5 ] },
								"west": { "texture": "#frame", "uv": [ 0.0, 14.5, 16.0, 15.0 ] },
								"up": { "texture": "#frame", "uv": [ 0.0, 0.0, 1.5, 16.0 ] },
								"down": { "texture": "#frame", "uv": [ 0.0, 0.0, 1.5, 16.0 ] }
							}
						}
					]
				},
				{
					"name": "Cube11",
					"from": [ 5.5, 2.5, 13.0 ], 
					"to": [ 10.5, 2.8, 15.0 ], 
					"rotationOrigin": [ 5.0, 3.0, 13.0 ],
					"faces": {
						"north": { "texture": "#frame", "uv": [ 3.0, 8.5, 8.0, 9.0 ] },
						"east": { "texture": "#frame", "uv": [ 5.0, 8.5, 7.0, 9.0 ] },
						"south": { "texture": "#frame", "uv": [ 3.0, 8.0, 8.0, 8.5 ] },
						"west": { "texture": "#frame", "uv": [ 4.0, 8.5, 6.0, 9.0 ] },
						"up": { "texture": "#frame", "uv": [ 9.5, 5.5, 14.5, 7.0 ], "autoUv": false },
						"down": { "texture": "#frame", "uv": [ 2.0, 8.0, 7.0, 9.5 ], "autoUv": false }
					},
					"children": [
						{
							"name": "Cube12",
							"from": [ -1.0, 0.0, 0.5 ], 
							"to": [ 0.0, 0.3, 1.5 ], 
							"rotationOrigin": [ -1.0, 0.0, 0.0 ],
							"faces": {
								"north": { "texture": "#frame", "uv": [ 0.0, 0.0, 1.0, 0.5 ] },
								"east": { "texture": "#frame", "uv": [ 0.0, 0.0, 1.0, 0.5 ] },
								"south": { "texture": "#frame", "uv": [ 0.0, 0.0, 1.0, 0.5 ] },
								"west": { "texture": "#frame", "uv": [ 0.0, 0.0, 1.0, 0.5 ] },
								"up": { "texture": "#frame", "uv": [ 6.5, 1.5, 8.0, 3.0 ], "autoUv": false },
								"down": { "texture": "#frame", "uv": [ 6.5, 1.5, 8.0, 3.0 ], "autoUv": false }
							}
						},
						{
							"name": "Cube14",
							"from": [ 0.5, 0.3, 0.5 ], 
							"to": [ 1.0, 1.0, 1.5 ], 
							"rotationOrigin": [ 1.0, 1.0, 0.0 ],
							"faces": {
								"north": { "texture": "#frame", "uv": [ 0.0, 0.0, 0.5, 0.5 ] },
								"east": { "texture": "#frame", "uv": [ 0.0, 0.0, 1.0, 0.5 ] },
								"south": { "texture": "#frame", "uv": [ 0.0, 0.0, 0.5, 0.5 ] },
								"west": { "texture": "#frame", "uv": [ 0.0, 0.0, 1.0, 0.5 ] },
								"up": { "texture": "#frame", "uv": [ 0.0, 0.0, 0.5, 1.0 ] },
								"down": { "texture": "#frame", "uv": [ 0.0, 0.0, 0.5, 1.0 ] }
							}
						},
						{
							"name": "Cube15",
							"from": [ 4.0, 0.3, 0.5 ], 
							"to": [ 4.5, 1.0, 1.5 ], 
							"rotationOrigin": [ 4.0, 1.0, 0.0 ],
							"faces": {
								"north": { "texture": "#frame", "uv": [ 0.0, 0.0, 0.5, 0.5 ] },
								"east": { "texture": "#frame", "uv": [ 0.0, 0.0, 1.0, 0.5 ] },
								"south": { "texture": "#frame", "uv": [ 0.0, 0.0, 0.5, 0.5 ] },
								"west": { "texture": "#frame", "uv": [ 0.0, 0.0, 1.0, 0.5 ] },
								"up": { "texture": "#frame", "uv": [ 0.0, 0.0, 0.5, 1.0 ] },
								"down": { "texture": "#frame", "uv": [ 0.0, 0.0, 0.5, 1.0 ] }
							}
						},
						{
							"name": "Cube16",
							"from": [ 0.5, 1.0, 0.5 ], 
							"to": [ 4.5, 1.3, 1.5 ], 
							"rotationOrigin": [ 0.0, 1.0, 0.0 ],
							"faces": {
								"north": { "texture": "#frame", "uv": [ 4.0, 8.5, 8.0, 9.0 ] },
								"east": { "texture": "#frame", "uv": [ 0.0, 0.0, 1.0, 0.5 ] },
								"south": { "texture": "#frame", "uv": [ 3.0, 8.5, 7.0, 9.0 ] },
								"west": { "texture": "#frame", "uv": [ 0.0, 0.0, 1.0, 0.5 ] },
								"up": { "texture": "#frame", "uv": [ 12.0, 4.5, 16.0, 5.5 ] },
								"down": { "texture": "#frame", "uv": [ 3.5, 8.0, 7.5, 9.0 ] }
							}
						},
						{
							"name": "Cube17",
							"from": [ 5.0, 0.0, 0.5 ], 
							"to": [ 6.0, 0.3, 1.5 ], 
							"rotationOrigin": [ 5.0, 0.0, 0.0 ],
							"faces": {
								"north": { "texture": "#frame", "uv": [ 0.0, 0.0, 1.0, 0.5 ] },
								"east": { "texture": "#frame", "uv": [ 0.0, 0.0, 1.0, 0.5 ] },
								"south": { "texture": "#frame", "uv": [ 0.0, 0.0, 1.0, 0.5 ] },
								"west": { "texture": "#frame", "uv": [ 0.0, 0.0, 1.0, 0.5 ] },
								"up": { "texture": "#frame", "uv": [ 6.5, 1.5, 8.0, 3.0 ], "autoUv": false },
								"down": { "texture": "#frame", "uv": [ 6.5, 1.5, 8.0, 3.0 ], "autoUv": false }
							}
						}
					]
				}
			]
		}
	]}