{
	"editor": {
		"allAngles": false,
		"entityTextureMode": false
	},
	"textureWidth": 16,
	"textureHeight": 16,
	"textureSizes": {
	},
	"textures": {
		"furnwood15": "furnwood15",
		"furnwood6": "furnwood6",
		"metal_lines": "metal_lines"
	},
	"elements": [
		{
			"name": "closed",
			"from": [ 0.0, 0.0, 2.0 ], 
			"to": [ 16.0, 2.0, 18.0 ], 
			"rotationOrigin": [ 0.0, 0.0, 2.0 ],
			"rotationX": -90.0,
			"faces": {
				"north": { "texture": "#furnwood15", "uv": [ 0.0, 8.0, 16.0, 10.0 ] },
				"east": { "texture": "#furnwood15", "uv": [ 4.5, 0.0, 6.5, 16.0 ], "rotation": 90 },
				"south": { "texture": "#furnwood15", "uv": [ 0.0, 0.0, 16.0, 2.0 ] },
				"west": { "texture": "#furnwood15", "uv": [ 0.5, 0.0, 2.5, 16.0 ], "rotation": 90 },
				"up": { "texture": "#furnwood6", "uv": [ 0.0, 0.0, 16.0, 16.0 ], "rotation": 180 },
				"down": { "texture": "#furnwood6", "uv": [ 0.0, 0.0, 16.0, 16.0 ], "rotation": 180 }
			},
			"children": [
				{
					"name": "Cube1",
					"from": [ 0.0, 2.0, 3.0 ], 
					"to": [ 16.0, 2.3, 4.5 ], 
					"rotationOrigin": [ 0.0, 3.0, 3.0 ],
					"faces": {
						"north": { "texture": "#metal_lines", "uv": [ 0.0, 3.5, 16.0, 4.0 ] },
						"east": { "texture": "#metal_lines", "uv": [ 3.5, 12.5, 5.0, 13.0 ] },
						"south": { "texture": "#metal_lines", "uv": [ 0.0, 3.5, 16.0, 4.0 ] },
						"west": { "texture": "#metal_lines", "uv": [ 4.5, 12.5, 6.0, 13.0 ] },
						"up": { "texture": "#metal_lines", "uv": [ 0.0, 4.5, 16.0, 6.0 ], "rotation": 180 },
						"down": { "texture": "#metal_lines", "uv": [ 0.0, 3.0, 16.0, 4.5 ] }
					},
					"children": [
						{
							"name": "Cube3",
							"from": [ 0.0, 0.0, 9.0 ], 
							"to": [ 16.0, 0.3, 10.5 ], 
							"rotationOrigin": [ 0.0, 0.5, 9.0 ],
							"faces": {
								"north": { "texture": "#metal_lines", "uv": [ 0.0, 3.5, 16.0, 4.0 ] },
								"east": { "texture": "#metal_lines", "uv": [ 3.5, 12.5, 5.0, 13.0 ] },
								"south": { "texture": "#metal_lines", "uv": [ 0.0, 3.5, 16.0, 4.0 ] },
								"west": { "texture": "#metal_lines", "uv": [ 5.0, 12.5, 6.5, 13.0 ] },
								"up": { "texture": "#metal_lines", "uv": [ 0.0, 12.0, 16.0, 13.5 ] },
								"down": { "texture": "#metal_lines", "uv": [ 0.0, 12.0, 16.0, 13.5 ] }
							}
						}
					]
				},
				{
					"name": "Cube4",
					"from": [ 0.0, -0.3, 3.0 ], 
					"to": [ 16.0, 0.0, 4.5 ], 
					"rotationOrigin": [ 0.0, 0.0, 3.0 ],
					"faces": {
						"north": { "texture": "#metal_lines", "uv": [ 0.0, 3.5, 16.0, 4.0 ] },
						"east": { "texture": "#metal_lines", "uv": [ 3.5, 12.5, 5.0, 13.0 ] },
						"south": { "texture": "#metal_lines", "uv": [ 0.0, 3.5, 16.0, 4.0 ] },
						"west": { "texture": "#metal_lines", "uv": [ 4.5, 12.0, 6.0, 12.5 ] },
						"up": { "texture": "#metal_lines", "uv": [ 0.0, 3.5, 16.0, 5.0 ] },
						"down": { "texture": "#metal_lines", "uv": [ 0.0, 6.0, 16.0, 7.5 ], "rotation": 180 }
					},
					"children": [
						{
							"name": "Cube5",
							"from": [ 0.0, 0.0, 9.0 ], 
							"to": [ 16.0, 0.3, 10.5 ], 
							"rotationOrigin": [ 0.0, 0.5, 9.0 ],
							"faces": {
								"north": { "texture": "#metal_lines", "uv": [ 0.0, 3.5, 16.0, 4.0 ] },
								"east": { "texture": "#metal_lines", "uv": [ 3.5, 12.5, 5.0, 13.0 ] },
								"south": { "texture": "#metal_lines", "uv": [ 0.0, 3.5, 16.0, 4.0 ] },
								"west": { "texture": "#metal_lines", "uv": [ 2.5, 12.5, 4.0, 13.0 ] },
								"up": { "texture": "#metal_lines", "uv": [ 0.0, 12.0, 16.0, 13.5 ] },
								"down": { "texture": "#metal_lines", "uv": [ 0.0, 12.0, 16.0, 13.5 ] }
							}
						}
					]
				}
			]
		}
	]}