{
	"editor": {
		"allAngles": false,
		"entityTextureMode": false
	},
	"textureWidth": 16,
	"textureHeight": 16,
	"textureSizes": {
	},
	"textures": {
		"furnwood15": "furnwood15",
		"furnwood5": "furnwood5",
		"furnwood12": "furnwood12",
		"frame": "frame"
	},
	"elements": [
		{
			"name": "closed",
			"from": [ 0.0, 0.0, 0.0 ], 
			"to": [ 16.0, 2.5, 16.0 ], 
			"faces": {
				"north": { "texture": "#furnwood15", "uv": [ 0.5, 0.0, 3.0, 16.0 ], "rotation": 90 },
				"east": { "texture": "#furnwood15", "uv": [ 0.0, 6.5, 16.0, 9.0 ], "rotation": 180 },
				"south": { "texture": "#furnwood15", "uv": [ 0.5, 0.0, 3.0, 16.0 ], "rotation": 90 },
				"west": { "texture": "#furnwood15", "uv": [ 0.0, 6.5, 16.0, 9.0 ] },
				"up": { "texture": "#furnwood5", "uv": [ 0.0, 0.0, 16.0, 16.0 ], "rotation": 90 },
				"down": { "texture": "#furnwood15", "uv": [ 0.0, 0.0, 16.0, 16.0 ], "rotation": 90 }
			},
			"children": [
				{
					"name": "Cube1",
					"from": [ 0.0, 2.5, 0.0 ], 
					"to": [ 2.5, 3.5, 16.0 ], 
					"rotationOrigin": [ 0.0, 2.0, 0.0 ],
					"faces": {
						"north": { "texture": "#furnwood12", "uv": [ 6.5, 9.5, 9.0, 10.5 ] },
						"east": { "texture": "#furnwood12", "uv": [ 0.0, 13.0, 16.0, 14.0 ] },
						"south": { "texture": "#furnwood12", "uv": [ 6.5, 6.5, 9.0, 7.5 ] },
						"west": { "texture": "#furnwood12", "uv": [ 0.0, 13.5, 16.0, 14.5 ], "rotation": 180 },
						"up": { "texture": "#furnwood12", "uv": [ 0.0, 11.0, 16.0, 13.5 ], "rotation": 270 },
						"down": { "texture": "#furnwood12", "uv": [ 0.0, 5.0, 16.0, 7.5 ], "rotation": 270 }
					}
				},
				{
					"name": "Cube10",
					"from": [ 13.5, 2.5, 0.0 ], 
					"to": [ 16.0, 3.5, 16.0 ], 
					"rotationOrigin": [ 14.0, 2.0, 0.0 ],
					"faces": {
						"north": { "texture": "#furnwood12", "uv": [ 6.5, 6.5, 9.0, 7.5 ] },
						"east": { "texture": "#furnwood12", "uv": [ 0.0, 4.0, 16.0, 5.0 ] },
						"south": { "texture": "#furnwood12", "uv": [ 6.5, 6.5, 9.0, 7.5 ] },
						"west": { "texture": "#furnwood12", "uv": [ 0.0, 13.0, 16.0, 14.0 ] },
						"up": { "texture": "#furnwood12", "uv": [ 0.0, 11.0, 16.0, 13.5 ], "rotation": 90 },
						"down": { "texture": "#furnwood12", "uv": [ 13.5, -0.5, 16.0, 15.5 ] }
					}
				},
				{
					"name": "Cube11",
					"from": [ 5.5, 2.5, 13.0 ], 
					"to": [ 10.5, 2.8, 15.0 ], 
					"rotationOrigin": [ 5.0, 3.0, 13.0 ],
					"faces": {
						"north": { "texture": "#frame", "uv": [ 3.0, 8.5, 8.0, 9.0 ] },
						"east": { "texture": "#frame", "uv": [ 5.0, 8.5, 7.0, 9.0 ] },
						"south": { "texture": "#frame", "uv": [ 3.0, 8.0, 8.0, 8.5 ] },
						"west": { "texture": "#frame", "uv": [ 4.0, 8.5, 6.0, 9.0 ] },
						"up": { "texture": "#frame", "uv": [ 3.0, 8.0, 8.0, 9.5 ], "autoUv": false },
						"down": { "texture": "#frame", "uv": [ 2.0, 8.0, 7.0, 9.5 ], "autoUv": false }
					},
					"children": [
						{
							"name": "Cube12",
							"from": [ -1.0, 0.0, 0.5 ], 
							"to": [ 0.0, 0.3, 1.5 ], 
							"rotationOrigin": [ -1.0, 0.0, 0.0 ],
							"faces": {
								"north": { "texture": "#frame", "uv": [ 0.0, 0.0, 1.0, 0.5 ] },
								"east": { "texture": "#frame", "uv": [ 0.0, 0.0, 1.0, 0.5 ] },
								"south": { "texture": "#frame", "uv": [ 0.0, 0.0, 1.0, 0.5 ] },
								"west": { "texture": "#frame", "uv": [ 0.0, 0.0, 1.0, 0.5 ] },
								"up": { "texture": "#frame", "uv": [ 6.5, 1.5, 8.0, 3.0 ], "autoUv": false },
								"down": { "texture": "#frame", "uv": [ 6.5, 1.5, 8.0, 3.0 ], "autoUv": false }
							}
						},
						{
							"name": "Cube14",
							"from": [ 0.5, 0.3, 0.5 ], 
							"to": [ 1.0, 1.0, 1.5 ], 
							"rotationOrigin": [ 1.0, 1.0, 0.0 ],
							"faces": {
								"north": { "texture": "#frame", "uv": [ 0.0, 0.0, 0.5, 0.5 ] },
								"east": { "texture": "#frame", "uv": [ 0.0, 0.0, 1.0, 0.5 ] },
								"south": { "texture": "#frame", "uv": [ 0.0, 0.0, 0.5, 0.5 ] },
								"west": { "texture": "#frame", "uv": [ 0.0, 0.0, 1.0, 0.5 ] },
								"up": { "texture": "#frame", "uv": [ 0.0, 0.0, 0.5, 1.0 ] },
								"down": { "texture": "#frame", "uv": [ 0.0, 0.0, 0.5, 1.0 ] }
							}
						},
						{
							"name": "Cube15",
							"from": [ 4.0, 0.3, 0.5 ], 
							"to": [ 4.5, 1.0, 1.5 ], 
							"rotationOrigin": [ 4.0, 1.0, 0.0 ],
							"faces": {
								"north": { "texture": "#frame", "uv": [ 0.0, 0.0, 0.5, 0.5 ] },
								"east": { "texture": "#frame", "uv": [ 0.0, 0.0, 1.0, 0.5 ] },
								"south": { "texture": "#frame", "uv": [ 0.0, 0.0, 0.5, 0.5 ] },
								"west": { "texture": "#frame", "uv": [ 0.0, 0.0, 1.0, 0.5 ] },
								"up": { "texture": "#frame", "uv": [ 0.0, 0.0, 0.5, 1.0 ] },
								"down": { "texture": "#frame", "uv": [ 0.0, 0.0, 0.5, 1.0 ] }
							}
						},
						{
							"name": "Cube16",
							"from": [ 0.5, 1.0, 0.5 ], 
							"to": [ 4.5, 1.3, 1.5 ], 
							"rotationOrigin": [ 0.0, 1.0, 0.0 ],
							"faces": {
								"north": { "texture": "#frame", "uv": [ 4.0, 8.5, 8.0, 9.0 ] },
								"east": { "texture": "#frame", "uv": [ 0.0, 0.0, 1.0, 0.5 ] },
								"south": { "texture": "#frame", "uv": [ 3.0, 8.5, 7.0, 9.0 ] },
								"west": { "texture": "#frame", "uv": [ 0.0, 0.0, 1.0, 0.5 ] },
								"up": { "texture": "#frame", "uv": [ 3.5, 8.5, 7.5, 9.5 ] },
								"down": { "texture": "#frame", "uv": [ 3.5, 8.0, 7.5, 9.0 ] }
							}
						},
						{
							"name": "Cube17",
							"from": [ 5.0, 0.0, 0.5 ], 
							"to": [ 6.0, 0.3, 1.5 ], 
							"rotationOrigin": [ 5.0, 0.0, 0.0 ],
							"faces": {
								"north": { "texture": "#frame", "uv": [ 0.0, 0.0, 1.0, 0.5 ] },
								"east": { "texture": "#frame", "uv": [ 0.0, 0.0, 1.0, 0.5 ] },
								"south": { "texture": "#frame", "uv": [ 0.0, 0.0, 1.0, 0.5 ] },
								"west": { "texture": "#frame", "uv": [ 0.0, 0.0, 1.0, 0.5 ] },
								"up": { "texture": "#frame", "uv": [ 6.5, 1.5, 8.0, 3.0 ], "autoUv": false },
								"down": { "texture": "#frame", "uv": [ 6.5, 1.5, 8.0, 3.0 ], "autoUv": false }
							}
						}
					]
				}
			]
		}
	]}