{
    "code": "jerky-fish",
    "maxstacksize": 256,
    "attributes": {
        "inContainerTextureByType": {
            "*-raw": { "base": "game:block/wood/barrel/{type}-bushmeat" },
            "*-cured": { "base": "game:block/wood/barrel/{type}-bushmeat" }
        },
        "inFirePitProps": {
            "transform": {
                "scale": 0.85,
                "origin": {
                    "x": 0.5,
                    "y": 0.0425,
                    "z": 0.5
                },
                "translation": {
                    "x": -0.03125,
                    "y": 0.125,
                    "z": 0
                },
                "rotation": {
                    "x": 0,
                    "y": 0,
                    "z": 90
                }
            },
            "useFirepitModel": "Spit"
        },
        "nutritionPropsWhenInMeal": {
            "satiety": 36,
            "foodcategory": "Protein"
        },
        "handbook": {
            "extraSections": [
                {
                    "title": "handbook-item-sources",
                    "text": "Obtained by harvesting fish"
                }
            ]
        }
    },
    "variantgroups": [
        {
            "code": "type",
            "states": [ "raw", "cooked", "cured" ]
        }
    ],
    "shape": { "base": "item/food/fish/jerky-fish" },
    "textures": {
        "fish": { "base": "primitivesurvival:item/fishing/fillet-{type}" }
    },
    "creativeinventory": {
        "general": [ "*" ],
        "items": [ "*" ],
        "primitive": [ "*" ]
    },
    "nutritionPropsByType": {
        "*-cooked": {
            "satiety": 24,
            "foodcategory": "Protein"
        },
        "*-cured": {
            "satiety": 20,
            "foodcategory": "Protein"
        }
    },
    "materialDensity": 150,
    "guiTransformByType": {
        "*-cured": {
            "rotate": false,
            "translation": {
                "x": 0.5,
                "y": 0,
                "z": 0
            },
            "rotation": {
                "x": 171,
                "y": -122,
                "z": 28
            },
            "origin": {
                "x": 0.5,
                "y": 0.05,
                "z": 0.53
            },
            "scale": 4.3
        },
        "*": {
            "rotate": false,
            "translation": {
                "x": 0,
                "y": 0,
                "z": 0
            },
            "rotation": {
                "x": 171,
                "y": -122,
                "z": 33
            },
            "origin": {
                "x": 0.5,
                "y": 0.04,
                "z": 0.53
            },
            "scale": 4.7199
        }
    },
    "fpHandTransform": {
        "translation": {
            "x": -0.06,
            "y": 0.36,
            "z": 0.23
        },
        "rotation": {
            "x": 40,
            "y": 91,
            "z": 15
        },
        "origin": {
            "x": 0.5,
            "y": 0,
            "z": 0.6
        },
        "scale": 2.5
    },
    "tpHandTransform": {
        "translation": {
            "x": 0,
            "y": 0,
            "z": 0
        },
        "rotation": {
            "x": 5,
            "y": 41,
            "z": -31
        },
        "origin": {
            "x": 0.23,
            "y": 0,
            "z": 0.13
        },
        "scale": 0.75
    },
    "groundTransform": {
        "translation": {
            "x": 0,
            "y": 0,
            "z": 0
        },
        "rotation": {
            "x": 180,
            "y": 33,
            "z": -180
        },
        "origin": {
            "x": 0.5,
            "y": 0,
            "z": 0.5
        },
        "scale": 5
    },
    "combustiblePropsByType": {
        "jerky-fish-raw": {
            "meltingPoint": 50,
            "meltingDuration": 2,
            "smeltedRatio": 1,
            "smeltingType": "cook",
            "smeltedStack": {
                "type": "item",
                "code": "jerky-fish-cooked"
            },
            "requiresContainer": false
        }
    },
    "transitionablePropsByType": {
        "*-raw": [
            {
                "type": "Cure",
                "freshHours": { "avg": 0 },
                "transitionHours": { "avg": 2 },
                "transitionedStack": {
                    "type": "item",
                    "code": "jerky-fish-cured"
                },
                "transitionRatio": 1
            }
        ],
        "*-cooked": [
            {
                "type": "Perish",
                "freshHours": { "avg": 120 },
                "spoilHours": { "avg": 36 },
                "transitionedStack": {
                    "type": "item",
                    "code": "game:rot"
                },
                "transitionRatio": 1
            }
        ],
        "*-cured": [
            {
                "type": "Perish",
                "freshHours": { "avg": 336 },
                "spoilHours": { "avg": 168 },
                "transitionedStack": {
                    "type": "item",
                    "code": "game:rot"
                },
                "transitionRatio": 1
            }
        ]
    }
}
