{
	"editor": {
		"allAngles": false,
		"entityTextureMode": false
	},
	"textureWidth": 16,
	"textureHeight": 16,
	"textureSizes": {
	},
	"textures": {
		"mattress": "",
		"metal": "",
		"pillow": "",
		"drawer": "",
		"knob": ""
	},
	"elements": [
		{
			"name": "frametop1",
			"from": [ -4.0, 4.0, 1.0 ], 
			"to": [ 8.0, 6.0, 15.0 ], 
			"rotationOrigin": [ 2.1, 2.0, 0.0 ],
			"faces": {
				"north": { "texture": "#metal", "uv": [ 0.0, 2.0, 12.0, 4.0 ] },
				"east": { "texture": "#metal", "uv": [ 0.0, 4.0, 14.0, 6.0 ] },
				"south": { "texture": "#metal", "uv": [ 0.0, 6.0, 12.0, 8.0 ] },
				"west": { "texture": "#null", "uv": [ 0.5, 1.5, 14.5, 3.5 ], "enabled": false },
				"up": { "texture": "#null", "uv": [ 0.0, 0.5, 12.0, 14.5 ], "enabled": false },
				"down": { "texture": "#metal", "uv": [ 0.0, 1.0, 12.0, 15.0 ], "rotation": 180 }
			},
			"children": [
				{
					"name": "framebottom1",
					"from": [ 1.0, -4.0, 1.5 ], 
					"to": [ 12.0, 0.0, 12.5 ], 
					"rotationOrigin": [ 1.0, -4.0, 1.0 ],
					"faces": {
						"north": { "texture": "#drawer", "uv": [ 5.0, 12.0, 16.0, 16.0 ] },
						"east": { "texture": "#drawer", "uv": [ 5.0, 8.0, 16.0, 12.0 ] },
						"south": { "texture": "#drawer", "uv": [ 0.0, 12.0, 11.0, 16.0 ] },
						"west": { "texture": "#drawer", "uv": [ 0.0, 8.0, 11.0, 12.0 ] },
						"up": { "texture": "#null", "uv": [ 0.0, 0.0, 11.0, 11.0 ], "enabled": false },
						"down": { "texture": "#drawer", "uv": [ 5.0, 5.0, 16.0, 16.0 ] }
					}
				},
				{
					"name": "leg1",
					"from": [ -3.0, -4.0, -1.0 ], 
					"to": [ 1.0, 6.0, 3.0 ], 
					"rotationOrigin": [ -2.1, -2.0, 0.0 ],
					"faces": {
						"north": { "texture": "#metal", "uv": [ 4.0, 6.0, 8.0, 16.0 ] },
						"east": { "texture": "#metal", "uv": [ 7.0, 6.0, 11.0, 16.0 ] },
						"south": { "texture": "#metal", "uv": [ 4.0, 6.0, 8.0, 16.0 ] },
						"west": { "texture": "#metal", "uv": [ 11.0, 6.0, 15.0, 16.0 ] },
						"up": { "texture": "#metal", "uv": [ 0.0, 0.0, 4.0, 4.0 ] },
						"down": { "texture": "#metal", "uv": [ 0.0, 0.0, 4.0, 4.0 ] }
					}
				},
				{
					"name": "leg2",
					"from": [ -3.0, -4.0, 11.0 ], 
					"to": [ 1.0, 6.0, 15.0 ], 
					"rotationOrigin": [ -2.1, -2.0, 0.0 ],
					"faces": {
						"north": { "texture": "#metal", "uv": [ 0.0, 6.0, 4.0, 16.0 ] },
						"east": { "texture": "#metal", "uv": [ 4.0, 6.0, 8.0, 16.0 ] },
						"south": { "texture": "#metal", "uv": [ 7.5, 6.0, 11.5, 16.0 ] },
						"west": { "texture": "#metal", "uv": [ 11.0, 6.0, 15.0, 16.0 ] },
						"up": { "texture": "#metal", "uv": [ 4.0, 0.0, 8.0, 4.0 ] },
						"down": { "texture": "#metal", "uv": [ 4.0, 0.0, 8.0, 4.0 ] }
					}
				},
				{
					"name": "head",
					"from": [ -2.0, 0.0, 3.0 ], 
					"to": [ 0.0, 5.0, 11.0 ], 
					"rotationOrigin": [ -2.0, -6.0, 0.0 ],
					"faces": {
						"north": { "texture": "#null", "uv": [ 7.0, 8.0, 9.0, 13.0 ], "enabled": false },
						"east": { "texture": "#metal", "uv": [ 7.5, 10.5, 15.5, 15.5 ] },
						"south": { "texture": "#null", "uv": [ 0.0, 0.0, 2.0, 5.0 ], "enabled": false },
						"west": { "texture": "#metal", "uv": [ 7.5, 0.5, 15.5, 5.5 ] },
						"up": { "texture": "#metal", "uv": [ 2.0, 7.5, 4.0, 15.5 ] },
						"down": { "texture": "#metal", "uv": [ 12.0, 7.5, 14.0, 15.5 ] }
					}
				},
				{
					"name": "mattress1",
					"from": [ -1.0, 2.0, 0.0 ], 
					"to": [ 12.0, 4.0, 14.0 ], 
					"rotationOrigin": [ 5.1, 0.0, -1.0 ],
					"faces": {
						"north": { "texture": "#mattress", "uv": [ 2.0, 7.0, 15.0, 9.0 ] },
						"east": { "texture": "#mattress", "uv": [ 1.0, 12.0, 15.0, 14.0 ] },
						"south": { "texture": "#mattress", "uv": [ 1.5, 2.0, 14.5, 4.0 ] },
						"west": { "texture": "#null", "uv": [ 1.0, 4.0, 15.0, 6.0 ], "enabled": false },
						"up": { "texture": "#mattress", "uv": [ 0.0, 1.0, 13.0, 15.0 ] },
						"down": { "texture": "#null", "uv": [ 1.0, 1.0, 14.0, 15.0 ], "enabled": false }
					},
					"children": [
						{
							"name": "pillow",
							"from": [ 2.0, 2.0, 2.0 ], 
							"to": [ 9.0, 3.0, 12.0 ], 
							"rotationOrigin": [ 2.0, 2.0, 2.0 ],
							"faces": {
								"north": { "texture": "#pillow", "uv": [ 0.0, 4.0, 7.0, 6.0 ], "autoUv": false },
								"east": { "texture": "#pillow", "uv": [ 0.0, 2.0, 10.0, 4.0 ], "autoUv": false },
								"south": { "texture": "#pillow", "uv": [ 0.0, 6.0, 7.0, 8.0 ], "autoUv": false },
								"west": { "texture": "#pillow", "uv": [ 0.0, 0.0, 10.0, 2.0 ], "autoUv": false },
								"up": { "texture": "#pillow", "uv": [ 9.0, 6.0, 16.0, 16.0 ] },
								"down": { "texture": "#null", "uv": [ 0.0, 0.0, 7.0, 10.0 ], "enabled": false }
							}
						}
					]
				},
				{
					"name": "drawer1",
					"from": [ 2.0, -3.5, 0.5 ], 
					"to": [ 11.0, -0.5, 13.5 ], 
					"rotationOrigin": [ 2.0, -4.0, 0.0 ],
					"faces": {
						"north": { "texture": "#drawer", "uv": [ 0.0, 0.0, 9.0, 3.0 ] },
						"east": { "texture": "#drawer", "uv": [ 0.0, 10.0, 13.0, 13.0 ] },
						"south": { "texture": "#drawer", "uv": [ 0.0, 0.0, 9.0, 3.0 ] },
						"west": { "texture": "#drawer", "uv": [ 0.0, 13.0, 13.0, 16.0 ] },
						"up": { "texture": "#drawer", "uv": [ 0.0, 3.0, 9.0, 16.0 ] },
						"down": { "texture": "#drawer", "uv": [ 0.0, 3.0, 9.0, 16.0 ] }
					},
					"children": [
						{
							"name": "knob1",
							"from": [ 3.0, 1.0, -0.5 ], 
							"to": [ 6.0, 2.0, 13.5 ], 
							"rotationOrigin": [ 3.0, 0.5, -0.5 ],
							"faces": {
								"north": { "texture": "#knob", "uv": [ 0.0, 0.0, 3.0, 1.0 ] },
								"east": { "texture": "#knob", "uv": [ 0.0, 2.0, 14.0, 3.0 ] },
								"south": { "texture": "#knob", "uv": [ 13.0, 0.0, 16.0, 1.0 ] },
								"west": { "texture": "#knob", "uv": [ 0.0, 1.0, 14.0, 2.0 ] },
								"up": { "texture": "#knob", "uv": [ 0.0, 2.0, 3.0, 16.0 ] },
								"down": { "texture": "#knob", "uv": [ 3.0, 2.0, 6.0, 16.0 ] }
							}
						}
					]
				}
			]
		},
		{
			"name": "frametop2",
			"from": [ 8.0, 4.0, 1.0 ], 
			"to": [ 21.0, 6.0, 15.0 ], 
			"rotationOrigin": [ -1.0, 2.0, 0.0 ],
			"faces": {
				"north": { "texture": "#metal", "uv": [ 1.5, 1.0, 14.5, 3.0 ] },
				"east": { "texture": "#null", "uv": [ 1.0, 4.0, 15.0, 6.0 ], "enabled": false },
				"south": { "texture": "#metal", "uv": [ 1.5, 6.5, 14.5, 8.5 ] },
				"west": { "texture": "#metal", "uv": [ 1.0, 3.0, 15.0, 5.0 ] },
				"up": { "texture": "#null", "uv": [ 0.5, 1.0, 13.5, 15.0 ], "enabled": false },
				"down": { "texture": "#metal", "uv": [ 2.0, 1.0, 15.0, 15.0 ] }
			},
			"children": [
				{
					"name": "framebottom2",
					"from": [ 0.0, -4.0, 1.5 ], 
					"to": [ 11.0, 0.0, 12.5 ], 
					"rotationOrigin": [ 0.0, 0.0, 1.0 ],
					"faces": {
						"north": { "texture": "#drawer", "uv": [ 5.0, 8.0, 16.0, 12.0 ] },
						"east": { "texture": "#drawer", "uv": [ 5.0, 12.0, 16.0, 16.0 ] },
						"south": { "texture": "#drawer", "uv": [ 0.0, 8.0, 11.0, 12.0 ] },
						"west": { "texture": "#drawer", "uv": [ 0.0, 12.0, 11.0, 16.0 ] },
						"up": { "texture": "#null", "uv": [ 0.0, 0.0, 11.0, 11.0 ], "enabled": false },
						"down": { "texture": "#drawer", "uv": [ 0.0, 5.0, 11.0, 16.0 ] }
					}
				},
				{
					"name": "leg3",
					"from": [ 11.0, -4.0, -1.0 ], 
					"to": [ 15.0, 6.0, 3.0 ], 
					"rotationOrigin": [ 0.0, -2.0, 0.0 ],
					"faces": {
						"north": { "texture": "#metal", "uv": [ 4.0, 6.0, 8.0, 16.0 ] },
						"east": { "texture": "#metal", "uv": [ 7.5, 6.0, 11.5, 16.0 ] },
						"south": { "texture": "#metal", "uv": [ 0.0, 6.0, 4.0, 16.0 ] },
						"west": { "texture": "#metal", "uv": [ 11.0, 6.0, 15.0, 16.0 ] },
						"up": { "texture": "#metal", "uv": [ 8.0, 0.0, 12.0, 4.0 ] },
						"down": { "texture": "#metal", "uv": [ 8.0, 0.0, 12.0, 4.0 ] }
					}
				},
				{
					"name": "leg4",
					"from": [ 11.0, -4.0, 11.0 ], 
					"to": [ 15.0, 6.0, 15.0 ], 
					"rotationOrigin": [ 0.0, -2.0, 0.0 ],
					"faces": {
						"north": { "texture": "#metal", "uv": [ 0.0, 6.0, 4.0, 16.0 ] },
						"east": { "texture": "#metal", "uv": [ 4.0, 6.0, 8.0, 16.0 ] },
						"south": { "texture": "#metal", "uv": [ 12.0, 6.0, 16.0, 16.0 ] },
						"west": { "texture": "#metal", "uv": [ 4.0, 6.0, 8.0, 16.0 ] },
						"up": { "texture": "#metal", "uv": [ 12.0, 0.0, 16.0, 4.0 ] },
						"down": { "texture": "#metal", "uv": [ 12.0, 0.0, 16.0, 4.0 ] }
					}
				},
				{
					"name": "base",
					"from": [ 12.0, -1.0, 3.0 ], 
					"to": [ 14.0, 5.0, 11.0 ], 
					"rotationOrigin": [ 0.0, -7.0, 0.0 ],
					"faces": {
						"north": { "texture": "#null", "uv": [ 0.0, 0.0, 2.0, 6.0 ], "enabled": false },
						"east": { "texture": "#metal", "uv": [ 0.5, 0.5, 8.5, 6.5 ] },
						"south": { "texture": "#null", "uv": [ 2.0, 2.0, 4.0, 8.0 ], "enabled": false },
						"west": { "texture": "#metal", "uv": [ 0.5, 9.5, 8.5, 15.5 ] },
						"up": { "texture": "#metal", "uv": [ 7.5, 1.5, 9.5, 9.5 ] },
						"down": { "texture": "#metal", "uv": [ 2.0, 7.5, 4.0, 15.5 ] }
					}
				},
				{
					"name": "mattress2",
					"from": [ 0.0, 2.0, 0.0 ], 
					"to": [ 13.0, 4.0, 14.0 ], 
					"rotationOrigin": [ -9.0, 0.0, -1.0 ],
					"faces": {
						"north": { "texture": "#mattress", "uv": [ 1.5, 6.0, 14.5, 8.0 ] },
						"east": { "texture": "#null", "uv": [ -3.0, 0.0, 11.0, 2.0 ], "enabled": false },
						"south": { "texture": "#mattress", "uv": [ 1.5, 11.0, 14.5, 13.0 ] },
						"west": { "texture": "#mattress", "uv": [ 1.0, 9.0, 15.0, 11.0 ] },
						"up": { "texture": "#mattress", "uv": [ 0.0, 1.0, 13.0, 15.0 ] },
						"down": { "texture": "#null", "uv": [ 0.0, 1.0, 13.0, 15.0 ], "enabled": false }
					}
				},
				{
					"name": "drawer2",
					"from": [ 1.0, -3.5, 0.5 ], 
					"to": [ 10.0, -0.5, 13.5 ], 
					"rotationOrigin": [ 1.0, -5.0, 0.0 ],
					"faces": {
						"north": { "texture": "#drawer", "uv": [ 0.0, 0.0, 9.0, 3.0 ] },
						"east": { "texture": "#drawer", "uv": [ 3.0, 11.0, 16.0, 14.0 ] },
						"south": { "texture": "#drawer", "uv": [ 0.0, 0.0, 9.0, 3.0 ] },
						"west": { "texture": "#drawer", "uv": [ 3.0, 4.5, 16.0, 7.5 ] },
						"up": { "texture": "#drawer", "uv": [ 7.0, 3.0, 16.0, 16.0 ] },
						"down": { "texture": "#drawer", "uv": [ 7.0, 3.0, 16.0, 16.0 ] }
					},
					"children": [
						{
							"name": "knob2",
							"from": [ 3.0, 1.0, -0.5 ], 
							"to": [ 6.0, 2.0, 13.5 ], 
							"rotationOrigin": [ 3.0, 0.5, -0.5 ],
							"faces": {
								"north": { "texture": "#knob", "uv": [ 0.0, 11.0, 3.0, 12.0 ] },
								"east": { "texture": "#knob", "uv": [ 0.0, 12.0, 14.0, 13.0 ] },
								"south": { "texture": "#knob", "uv": [ 13.0, 9.5, 16.0, 10.5 ] },
								"west": { "texture": "#knob", "uv": [ 0.0, 9.5, 14.0, 10.5 ] },
								"up": { "texture": "#knob", "uv": [ 6.0, 2.0, 9.0, 16.0 ] },
								"down": { "texture": "#knob", "uv": [ 9.0, 2.0, 12.0, 16.0 ] }
							}
						}
					]
				}
			]
		}
	]}