{
	"editor": {
		"allAngles": false,
		"entityTextureMode": false
	},
	"textureWidth": 16,
	"textureHeight": 16,
	"textures": {
		"sides": "",
		"chimneyrim": "",
		"chimneyinside": ""
	},
	"elements": [
		{
			"name": "Wall1",
			"from": [ 0.0, 0.0, 0.0 ], 
			"to": [ 3.0, 12.0, 16.0 ], 
			"faces": {
				"north": { "texture": "#sides", "uv": [ 13.0, 4.0, 16.0, 16.0 ] },
				"east": { "texture": "#chimneyinside", "uv": [ 0.0, 4.0, 16.0, 16.0 ] },
				"south": { "texture": "#sides", "uv": [ 0.0, 4.0, 3.0, 16.0 ] },
				"west": { "texture": "#sides", "uv": [ 0.0, 4.0, 16.0, 16.0 ] },
				"up": { "texture": "#sides", "uv": [ 0.0, 0.0, 3.0, 16.0 ] },
				"down": { "texture": "#sides", "uv": [ 13.0, 0.0, 16.0, 16.0 ] }
			}
		},
		{
			"name": "Wall2",
			"from": [ 13.0, 0.0, 0.0 ], 
			"to": [ 16.0, 12.0, 16.0 ], 
			"rotationOrigin": [ 13.0, 0.0, 0.0 ],
			"faces": {
				"north": { "texture": "#sides", "uv": [ 0.0, 4.0, 3.0, 16.0 ] },
				"east": { "texture": "#sides", "uv": [ 0.0, 4.0, 16.0, 16.0 ] },
				"south": { "texture": "#sides", "uv": [ 13.0, 4.0, 16.0, 16.0 ] },
				"west": { "texture": "#chimneyinside", "uv": [ 0.0, 4.0, 16.0, 16.0 ] },
				"up": { "texture": "#sides", "uv": [ 13.0, 0.0, 16.0, 16.0 ] },
				"down": { "texture": "#sides", "uv": [ 0.0, 0.0, 3.0, 16.0 ] }
			}
		},
		{
			"name": "Wall3",
			"from": [ 3.0, 0.0, 13.0 ], 
			"to": [ 13.0, 12.0, 16.0 ], 
			"rotationOrigin": [ 3.0, 0.0, 13.0 ],
			"faces": {
				"north": { "texture": "#chimneyinside", "uv": [ 3.0, 4.0, 13.0, 16.0 ] },
				"east": { "texture": "#east", "uv": [ 0.0, 4.0, 3.0, 16.0 ] },
				"south": { "texture": "#sides", "uv": [ 3.0, 4.0, 13.0, 16.0 ] },
				"west": { "texture": "#west", "uv": [ 0.0, 4.0, 3.0, 16.0 ] },
				"up": { "texture": "#sides", "uv": [ 3.0, 13.0, 13.0, 16.0 ] },
				"down": { "texture": "#sides", "uv": [ 3.0, 13.0, 13.0, 16.0 ] }
			}
		},
		{
			"name": "Wall4",
			"from": [ 3.0, 0.0, 0.0 ], 
			"to": [ 13.0, 12.0, 3.0 ], 
			"rotationOrigin": [ 3.0, 0.0, 0.0 ],
			"faces": {
				"north": { "texture": "#sides", "uv": [ 3.0, 4.0, 13.0, 16.0 ] },
				"east": { "texture": "#east", "uv": [ 0.0, 2.0, 3.0, 14.0 ] },
				"south": { "texture": "#chimneyinside", "uv": [ 3.0, 4.0, 13.0, 16.0 ] },
				"west": { "texture": "#west", "uv": [ 0.0, 2.0, 3.0, 14.0 ] },
				"up": { "texture": "#sides", "uv": [ 3.0, 0.0, 13.0, 3.0 ] },
				"down": { "texture": "#sides", "uv": [ 3.0, 0.0, 13.0, 3.0 ] }
			}
		},
		{
			"name": "Bottom",
			"from": [ 3.0, 0.0, 3.0 ], 
			"to": [ 13.0, 4.0, 13.0 ], 
			"rotationOrigin": [ 3.0, 0.0, 3.0 ],
			"faces": {
				"north": { "texture": "#sides", "uv": [ 0.0, 0.0, 10.0, 4.0 ] },
				"east": { "texture": "#sides", "uv": [ 0.0, 0.0, 10.0, 4.0 ] },
				"south": { "texture": "#sides", "uv": [ 0.0, 0.0, 10.0, 4.0 ] },
				"west": { "texture": "#sides", "uv": [ 0.0, 0.0, 10.0, 4.0 ] },
				"up": { "texture": "#chimneyinside", "uv": [ 3.0, 3.0, 13.0, 13.0 ] },
				"down": { "texture": "#sides", "uv": [ 3.0, 3.0, 13.0, 13.0 ] }
			}
		},
		{
			"name": "TopWall1",
			"from": [ 0.0, 14.0, 0.0 ], 
			"to": [ 4.0, 16.0, 16.0 ], 
			"rotationOrigin": [ 0.0, 14.0, 0.0 ],
			"faces": {
				"north": { "texture": "#chimneyrim", "uv": [ 12.0, 2.0, 16.0, 4.0 ] },
				"east": { "texture": "#chimneyrim", "uv": [ 0.0, 2.0, 16.0, 4.0 ] },
				"south": { "texture": "#chimneyrim", "uv": [ 0.0, 2.0, 4.0, 4.0 ] },
				"west": { "texture": "#chimneyrim", "uv": [ 0.0, 2.0, 16.0, 4.0 ] },
				"up": { "texture": "#chimneyrim", "uv": [ 0.0, 0.0, 4.0, 16.0 ] },
				"down": { "texture": "#chimneyrim", "uv": [ 0.0, 0.0, 4.0, 16.0 ] }
			}
		},
		{
			"name": "TopWall2",
			"from": [ 12.0, 14.0, 0.0 ], 
			"to": [ 16.0, 16.0, 16.0 ], 
			"rotationOrigin": [ 12.0, 14.0, 0.0 ],
			"faces": {
				"north": { "texture": "#chimneyrim", "uv": [ 0.0, 2.0, 4.0, 4.0 ] },
				"east": { "texture": "#chimneyrim", "uv": [ 0.0, 2.0, 16.0, 4.0 ] },
				"south": { "texture": "#chimneyrim", "uv": [ 12.0, 2.0, 16.0, 4.0 ] },
				"west": { "texture": "#chimneyrim", "uv": [ 0.0, 2.0, 16.0, 4.0 ] },
				"up": { "texture": "#chimneyrim", "uv": [ 12.0, 0.0, 16.0, 16.0 ] },
				"down": { "texture": "#chimneyrim", "uv": [ 12.0, 0.0, 16.0, 16.0 ] }
			}
		},
		{
			"name": "TopWall3",
			"from": [ 4.0, 14.0, 12.0 ], 
			"to": [ 12.0, 16.0, 16.0 ], 
			"rotationOrigin": [ 4.0, 14.0, 12.0 ],
			"faces": {
				"north": { "texture": "#chimneyrim", "uv": [ 4.0, 2.0, 12.0, 4.0 ] },
				"east": { "texture": "#sides", "uv": [ 0.0, 2.0, 4.0, 4.0 ] },
				"south": { "texture": "#chimneyrim", "uv": [ 4.0, 2.0, 12.0, 4.0 ] },
				"west": { "texture": "#west", "uv": [ 0.0, 2.0, 4.0, 4.0 ] },
				"up": { "texture": "#chimneyrim", "uv": [ 4.0, 12.0, 12.0, 16.0 ] },
				"down": { "texture": "#chimneyrim", "uv": [ 4.0, 12.0, 12.0, 16.0 ] }
			}
		},
		{
			"name": "TopWall4",
			"from": [ 4.0, 14.0, 0.0 ], 
			"to": [ 12.0, 16.0, 4.0 ], 
			"rotationOrigin": [ 4.0, 14.0, 0.0 ],
			"faces": {
				"north": { "texture": "#chimneyrim", "uv": [ 4.0, 2.0, 12.0, 4.0 ] },
				"east": { "texture": "#east", "uv": [ 0.0, 2.0, 4.0, 4.0 ] },
				"south": { "texture": "#chimneyrim", "uv": [ 4.0, 2.0, 12.0, 4.0 ] },
				"west": { "texture": "#west", "uv": [ 0.0, 2.0, 4.0, 4.0 ] },
				"up": { "texture": "#chimneyrim", "uv": [ 4.0, 0.0, 12.0, 4.0 ] },
				"down": { "texture": "#chimneyrim", "uv": [ 4.0, 0.0, 12.0, 4.0 ] }
			}
		},
		{
			"name": "SWall10",
			"from": [ 2.0, 12.0, 2.0 ], 
			"to": [ 3.0, 14.0, 14.0 ], 
			"rotationOrigin": [ 2.0, 12.0, 2.0 ],
			"faces": {
				"north": { "texture": "#sides", "uv": [ 13.0, 2.0, 14.0, 4.0 ] },
				"east": { "texture": "#chimneyinside", "uv": [ 2.0, 2.0, 14.0, 4.0 ] },
				"south": { "texture": "#sides", "uv": [ 2.0, 2.0, 3.0, 4.0 ] },
				"west": { "texture": "#sides", "uv": [ 2.0, 2.0, 14.0, 4.0 ] },
				"up": { "texture": "#sides", "uv": [ 0.0, 0.0, 1.0, 12.0 ] },
				"down": { "texture": "#sides", "uv": [ 12.0, 0.0, 13.0, 12.0 ] }
			}
		},
		{
			"name": "SWall11",
			"from": [ 13.0, 12.0, 2.0 ], 
			"to": [ 14.0, 14.0, 14.0 ], 
			"rotationOrigin": [ 13.0, 12.0, 2.0 ],
			"faces": {
				"north": { "texture": "#sides", "uv": [ 2.0, 2.0, 3.0, 4.0 ] },
				"east": { "texture": "#sides", "uv": [ 2.0, 2.0, 14.0, 4.0 ] },
				"south": { "texture": "#sides", "uv": [ 13.0, 2.0, 14.0, 4.0 ] },
				"west": { "texture": "#chimneyinside", "uv": [ 2.0, 2.0, 14.0, 4.0 ] },
				"up": { "texture": "#sides", "uv": [ 12.0, 0.0, 13.0, 12.0 ] },
				"down": { "texture": "#sides", "uv": [ 0.0, 0.0, 1.0, 12.0 ] }
			}
		},
		{
			"name": "SWall12",
			"from": [ 3.0, 12.0, 13.0 ], 
			"to": [ 13.0, 14.0, 14.0 ], 
			"rotationOrigin": [ 3.0, 12.0, 13.0 ],
			"faces": {
				"north": { "texture": "#chimneyinside", "uv": [ 3.0, 2.0, 13.0, 4.0 ] },
				"east": { "texture": "#east", "uv": [ 0.0, 2.0, 1.0, 4.0 ] },
				"south": { "texture": "#sides", "uv": [ 3.0, 2.0, 13.0, 4.0 ] },
				"west": { "texture": "#west", "uv": [ 0.0, 2.0, 1.0, 4.0 ] },
				"up": { "texture": "#sides", "uv": [ 4.0, 12.0, 14.0, 13.0 ] },
				"down": { "texture": "#sides", "uv": [ 4.0, 12.0, 14.0, 13.0 ] }
			}
		},
		{
			"name": "SWall13",
			"from": [ 3.0, 12.0, 2.0 ], 
			"to": [ 13.0, 14.0, 3.0 ], 
			"rotationOrigin": [ 3.0, 12.0, 2.0 ],
			"faces": {
				"north": { "texture": "#sides", "uv": [ 3.0, 2.0, 13.0, 4.0 ] },
				"east": { "texture": "#east", "uv": [ 0.0, 2.0, 1.0, 4.0 ] },
				"south": { "texture": "#chimneyinside", "uv": [ 3.0, 2.0, 13.0, 4.0 ] },
				"west": { "texture": "#west", "uv": [ 0.0, 2.0, 1.0, 4.0 ] },
				"up": { "texture": "#sides", "uv": [ 4.0, 2.0, 14.0, 3.0 ] },
				"down": { "texture": "#sides", "uv": [ 4.0, 2.0, 14.0, 3.0 ] }
			}
		}
	]}