{
	"editor": {
		"allAngles": false,
		"entityTextureMode": false
	},
	"textureWidth": 16,
	"textureHeight": 16,
	"textureSizes": {
	},
	"textures": {
		"stonetype": "",
		"stonetype1": "",
		"base": "",
		"face": "",
		"offeringtop": "",
		"offeringbase": "",
		"snow": ""
	},
	"elements": [
		{
			"name": "gravestone",
			"from": [ 0.0, 0.0, 0.0 ], 
			"to": [ 0.0, 0.0, 0.0 ], 
			"rotationOrigin": [ 8.0, 0.0, 8.0 ],
			"rotationY": -180.0,
			"faces": {
				"north": { "texture": "#base", "uv": [ 0.0, 0.0, 0.5, 0.5 ], "enabled": false },
				"east": { "texture": "#base", "uv": [ 0.0, 0.0, 0.5, 0.5 ], "enabled": false },
				"south": { "texture": "#base", "uv": [ 0.0, 0.0, 0.5, 0.5 ], "enabled": false },
				"west": { "texture": "#base", "uv": [ 0.0, 0.0, 0.5, 0.5 ], "enabled": false },
				"up": { "texture": "#base", "uv": [ 0.0, 0.0, 0.5, 0.5 ], "enabled": false },
				"down": { "texture": "#base", "uv": [ 0.0, 0.0, 0.5, 0.5 ], "enabled": false }
			},
			"children": [
				{
					"name": "grave_base",
					"from": [ 3.0, 0.0, 0.0 ], 
					"to": [ 13.0, 1.0, 16.0 ], 
					"rotationOrigin": [ 3.0, 0.0, 0.0 ],
					"faces": {
						"north": { "texture": "#base", "uv": [ 0.0, 0.0, 10.0, 1.0 ] },
						"east": { "texture": "#base", "uv": [ 0.0, 0.0, 16.0, 1.0 ] },
						"south": { "texture": "#base", "uv": [ 0.0, 0.0, 10.0, 1.0 ] },
						"west": { "texture": "#base", "uv": [ 0.0, 0.0, 16.0, 1.0 ] },
						"up": { "texture": "#base", "uv": [ 0.0, 0.0, 10.0, 16.0 ], "enabled": false },
						"down": { "texture": "#base", "uv": [ 0.0, 0.0, 10.0, 16.0 ] }
					}
				},
				{
					"name": "grave_down",
					"from": [ 3.0, 1.0, 0.0 ], 
					"to": [ 13.0, 4.0, 16.0 ], 
					"faces": {
						"north": { "texture": "#stonetype1", "uv": [ 3.0, 1.0, 13.0, 4.0 ] },
						"east": { "texture": "#stonetype1", "uv": [ 0.0, 1.0, 16.0, 4.0 ] },
						"south": { "texture": "#stonetype1", "uv": [ 3.0, 1.0, 13.0, 4.0 ] },
						"west": { "texture": "#stonetype1", "uv": [ 0.0, 1.0, 16.0, 4.0 ] },
						"up": { "texture": "#stonetype1", "uv": [ 3.0, 0.0, 13.0, 16.0 ] },
						"down": { "texture": "#base", "uv": [ 0.0, 0.0, 10.0, 16.0 ], "enabled": false }
					}
				},
				{
					"name": "grave_top",
					"from": [ 4.0, 4.0, 1.0 ], 
					"to": [ 12.0, 5.0, 14.0 ], 
					"faces": {
						"north": { "texture": "#stonetype1", "uv": [ 4.0, 4.0, 12.0, 5.0 ] },
						"east": { "texture": "#stonetype1", "uv": [ 2.0, 4.0, 15.0, 5.0 ] },
						"south": { "texture": "#stonetype1", "uv": [ 4.0, 2.0, 12.0, 3.0 ] },
						"west": { "texture": "#stonetype1", "uv": [ 2.0, 6.5, 15.0, 7.5 ] },
						"up": { "texture": "#stonetype1", "uv": [ 4.0, 1.0, 12.0, 14.0 ] },
						"down": { "texture": "#base", "uv": [ 0.0, 0.0, 8.0, 13.0 ], "enabled": false }
					}
				},
				{
					"name": "grave_side_down",
					"from": [ 3.0, 4.0, 14.0 ], 
					"to": [ 13.0, 13.0, 16.0 ], 
					"faces": {
						"north": { "texture": "#stonetype", "uv": [ 3.0, 4.0, 13.0, 13.0 ] },
						"east": { "texture": "#stonetype", "uv": [ 0.0, 3.5, 2.0, 12.5 ] },
						"south": { "texture": "#stonetype", "uv": [ 3.5, 2.0, 13.5, 11.0 ] },
						"west": { "texture": "#stonetype", "uv": [ 14.0, 4.0, 16.0, 13.0 ] },
						"up": { "texture": "#stonetype", "uv": [ 4.0, 14.0, 14.0, 16.0 ] },
						"down": { "texture": "#base", "uv": [ 0.0, 0.0, 10.0, 2.0 ], "enabled": false }
					}
				},
				{
					"name": "grave_side_top",
					"from": [ 4.0, 13.5, 14.0 ], 
					"to": [ 12.0, 14.0, 16.0 ], 
					"faces": {
						"north": { "texture": "#stonetype", "uv": [ 4.0, 13.0, 12.0, 13.5 ] },
						"east": { "texture": "#stonetype", "uv": [ 14.0, 13.0, 16.0, 13.5 ] },
						"south": { "texture": "#stonetype", "uv": [ 4.0, 13.0, 12.0, 13.5 ] },
						"west": { "texture": "#stonetype", "uv": [ 14.0, 13.0, 16.0, 13.5 ] },
						"up": { "texture": "#stonetype", "uv": [ 4.0, 14.0, 12.0, 16.0 ] },
						"down": { "texture": "#base", "uv": [ 0.0, 0.0, 8.0, 2.0 ], "enabled": false }
					}
				},
				{
					"name": "grave_side_top6",
					"from": [ 3.5, 13.0, 14.0 ], 
					"to": [ 12.5, 13.5, 16.0 ], 
					"rotationOrigin": [ -1.0, 0.0, 0.0 ],
					"faces": {
						"north": { "texture": "#stonetype", "uv": [ 4.0, 13.0, 13.0, 13.5 ] },
						"east": { "texture": "#stonetype", "uv": [ 14.0, 13.0, 16.0, 13.5 ] },
						"south": { "texture": "#stonetype", "uv": [ 4.0, 13.0, 13.0, 13.5 ] },
						"west": { "texture": "#stonetype", "uv": [ 14.0, 13.0, 16.0, 13.5 ] },
						"up": { "texture": "#stonetype", "uv": [ 4.0, 14.0, 13.0, 16.0 ] },
						"down": { "texture": "#base", "uv": [ 0.0, 0.0, 9.0, 2.0 ], "enabled": false }
					}
				},
				{
					"name": "grave_top7",
					"from": [ 3.5, 4.0, 0.5 ], 
					"to": [ 12.5, 4.5, 14.5 ], 
					"rotationOrigin": [ -1.0, 0.0, -1.0 ],
					"faces": {
						"north": { "texture": "#stonetype1", "uv": [ 4.0, 4.0, 13.0, 4.5 ] },
						"east": { "texture": "#stonetype1", "uv": [ 1.5, 4.0, 15.5, 4.5 ] },
						"south": { "texture": "#stonetype1", "uv": [ 4.0, 3.5, 13.0, 4.0 ] },
						"west": { "texture": "#stonetype1", "uv": [ 1.5, 2.0, 15.5, 2.5 ] },
						"up": { "texture": "#stonetype1", "uv": [ 3.5, 1.0, 12.5, 15.0 ] },
						"down": { "texture": "#base", "uv": [ 0.0, 0.0, 9.0, 14.0 ], "enabled": false }
					}
				},
				{
					"name": "grave_front_face",
					"from": [ 3.0, 4.0, 13.99 ], 
					"to": [ 13.0, 14.0, 13.99 ], 
					"rotationOrigin": [ 0.0, 0.0, -1.0 ],
					"faces": {
						"north": { "texture": "#face", "uv": [ 0.0, 0.0, 16.0, 16.0 ], "autoUv": false },
						"east": { "texture": "#base", "uv": [ 0.0, 3.5, 0.5, 13.5 ], "enabled": false },
						"south": { "texture": "#base", "uv": [ 3.5, 2.0, 13.5, 12.0 ], "enabled": false },
						"west": { "texture": "#base", "uv": [ 14.0, 4.0, 14.5, 14.0 ], "enabled": false },
						"up": { "texture": "#base", "uv": [ 4.0, 14.0, 14.0, 14.5 ], "enabled": false },
						"down": { "texture": "#base", "uv": [ 0.0, 0.0, 10.0, 0.5 ], "enabled": false }
					}
				},
				{
					"name": "grave_offering",
					"from": [ 6.0, 4.0, 0.0 ], 
					"to": [ 10.0, 5.5, 4.0 ], 
					"rotationOrigin": [ 6.0, 4.0, 0.0 ],
					"faces": {
						"north": { "texture": "#offeringbase", "uv": [ 0.0, 0.0, 4.0, 1.5 ] },
						"east": { "texture": "#offeringbase", "uv": [ 5.5, 0.0, 9.5, 1.5 ] },
						"south": { "texture": "#offeringbase", "uv": [ 11.0, 0.0, 15.0, 1.5 ] },
						"west": { "texture": "#offeringbase", "uv": [ 0.5, 3.5, 4.5, 5.0 ] },
						"up": { "texture": "#offeringtop", "uv": [ 0.0, 0.0, 4.0, 4.0 ] },
						"down": { "texture": "#base", "uv": [ 0.0, 0.0, 0.0, 0.0 ], "enabled": false }
					}
				},
				{
					"name": "snow",
					"from": [ 12.5, 13.0, 14.0 ], 
					"to": [ 12.5, 13.0, 14.0 ], 
					"rotationOrigin": [ 12.5, 13.0, 14.0 ],
					"faces": {
						"north": { "texture": "#base", "uv": [ 0.0, 0.0, 0.5, 0.5 ], "enabled": false },
						"east": { "texture": "#base", "uv": [ 0.0, 0.0, 0.5, 0.5 ], "enabled": false },
						"south": { "texture": "#base", "uv": [ 0.0, 0.0, 0.5, 0.5 ], "enabled": false },
						"west": { "texture": "#base", "uv": [ 0.0, 0.0, 0.5, 0.5 ], "enabled": false },
						"up": { "texture": "#base", "uv": [ 0.0, 0.0, 0.5, 0.5 ], "enabled": false },
						"down": { "texture": "#base", "uv": [ 0.0, 0.0, 0.5, 0.5 ], "enabled": false }
					},
					"children": [
						{
							"name": "snow_top_left1",
							"from": [ 0.0, 0.0, 0.0 ], 
							"to": [ 0.5, 1.0, 2.0 ], 
							"rotationOrigin": [ -0.5, 0.0, 0.0 ],
							"faces": {
								"north": { "texture": "#snow", "uv": [ 0.0, 0.0, 0.5, 1.0 ] },
								"east": { "texture": "#snow", "uv": [ 3.0, 12.0, 5.0, 13.0 ] },
								"south": { "texture": "#snow", "uv": [ 2.5, 12.5, 3.0, 13.5 ] },
								"west": { "texture": "#snow", "uv": [ 5.5, 6.0, 7.5, 7.0 ] },
								"up": { "texture": "#snow", "uv": [ 3.0, 6.0, 3.5, 8.0 ] },
								"down": { "texture": "#base", "uv": [ 0.0, 0.0, 0.0, 0.0 ], "enabled": false }
							}
						},
						{
							"name": "snow_top_left2",
							"from": [ -0.5, 0.5, 0.0 ], 
							"to": [ 0.0, 1.5, 2.0 ], 
							"rotationOrigin": [ -0.5, 0.0, 0.0 ],
							"faces": {
								"north": { "texture": "#snow", "uv": [ 3.5, 4.0, 4.0, 5.0 ] },
								"east": { "texture": "#snow", "uv": [ 2.0, 4.5, 4.0, 5.5 ] },
								"south": { "texture": "#snow", "uv": [ 2.5, 4.0, 3.0, 5.0 ] },
								"west": { "texture": "#snow", "uv": [ 7.5, 7.5, 9.5, 8.5 ] },
								"up": { "texture": "#snow", "uv": [ 4.5, 9.0, 5.0, 11.0 ] },
								"down": { "texture": "#base", "uv": [ 0.0, 0.0, 0.0, 0.0 ], "enabled": false }
							}
						},
						{
							"name": "snow_top_middle",
							"from": [ -8.5, 1.0, 0.0 ], 
							"to": [ -0.5, 2.0, 2.0 ], 
							"rotationOrigin": [ -9.5, 0.0, 0.0 ],
							"faces": {
								"north": { "texture": "#snow", "uv": [ 4.0, 9.0, 12.0, 10.0 ] },
								"east": { "texture": "#snow", "uv": [ 2.0, 6.0, 4.0, 7.0 ] },
								"south": { "texture": "#snow", "uv": [ 0.0, 1.0, 8.0, 2.0 ] },
								"west": { "texture": "#snow", "uv": [ 4.0, 10.0, 6.0, 11.0 ] },
								"up": { "texture": "#snow", "uv": [ 6.0, 3.5, 14.0, 5.5 ] },
								"down": { "texture": "#base", "uv": [ 0.0, 0.0, 0.0, 0.0 ], "enabled": false }
							}
						},
						{
							"name": "snow_top_right2",
							"from": [ -9.0, 0.5, 0.0 ], 
							"to": [ -8.5, 1.5, 2.0 ], 
							"rotationOrigin": [ -9.5, 0.0, 0.0 ],
							"faces": {
								"north": { "texture": "#snow", "uv": [ 5.5, 7.0, 6.0, 8.0 ] },
								"east": { "texture": "#snow", "uv": [ 2.5, 5.5, 4.5, 6.5 ] },
								"south": { "texture": "#snow", "uv": [ 0.0, 1.0, 0.5, 2.0 ] },
								"west": { "texture": "#snow", "uv": [ 4.5, 10.5, 6.5, 11.5 ] },
								"up": { "texture": "#snow", "uv": [ 12.5, 7.0, 13.0, 9.0 ] },
								"down": { "texture": "#base", "uv": [ 0.0, 0.0, 0.0, 0.0 ], "enabled": false }
							}
						},
						{
							"name": "snow_top_right1",
							"from": [ -9.5, 0.0, 0.0 ], 
							"to": [ -9.0, 1.0, 2.0 ], 
							"rotationOrigin": [ -9.5, 0.0, 0.0 ],
							"faces": {
								"north": { "texture": "#snow", "uv": [ 4.0, 0.0, 4.5, 1.0 ] },
								"east": { "texture": "#snow", "uv": [ 0.0, 0.0, 2.0, 1.0 ] },
								"south": { "texture": "#snow", "uv": [ 0.0, 1.0, 0.5, 2.0 ] },
								"west": { "texture": "#snow", "uv": [ 0.0, 15.0, 2.0, 16.0 ] },
								"up": { "texture": "#snow", "uv": [ 13.0, 0.0, 13.5, 2.0 ] },
								"down": { "texture": "#base", "uv": [ 0.0, 0.0, 0.0, 0.0 ], "enabled": false }
							}
						},
						{
							"name": "snow_bottom_left",
							"from": [ 0.5, -13.0, -14.0 ], 
							"to": [ 3.5, -12.0, 2.0 ], 
							"rotationOrigin": [ 0.5, -13.0, -14.0 ],
							"faces": {
								"north": { "texture": "#snow", "uv": [ 13.0, 0.0, 16.0, 1.0 ] },
								"east": { "texture": "#snow", "uv": [ 0.0, 0.0, 16.0, 1.0 ] },
								"south": { "texture": "#snow", "uv": [ 13.0, 1.0, 16.0, 2.0 ] },
								"west": { "texture": "#snow", "uv": [ 0.0, 15.0, 16.0, 16.0 ] },
								"up": { "texture": "#snow", "uv": [ 0.0, 0.0, 3.0, 16.0 ] },
								"down": { "texture": "#base", "uv": [ 0.0, 0.0, 3.0, 16.0 ] }
							}
						},
						{
							"name": "snow_bottom_right",
							"from": [ -12.5, -13.0, -14.0 ], 
							"to": [ -9.5, -12.0, 2.0 ], 
							"rotationOrigin": [ -12.5, -13.0, -14.0 ],
							"faces": {
								"north": { "texture": "#snow", "uv": [ 0.0, 0.0, 3.0, 1.0 ] },
								"east": { "texture": "#snow", "uv": [ 0.0, 0.0, 16.0, 1.0 ] },
								"south": { "texture": "#snow", "uv": [ 0.0, 1.0, 3.0, 2.0 ] },
								"west": { "texture": "#snow", "uv": [ 0.0, 15.0, 16.0, 16.0 ] },
								"up": { "texture": "#snow", "uv": [ 13.0, 0.0, 16.0, 16.0 ] },
								"down": { "texture": "#base", "uv": [ 13.0, 0.0, 16.0, 16.0 ] }
							}
						}
					]
				}
			]
		}
	]}