{
	"code": "glazedbowl",
	"class": "BlockBowl",
	"behaviors": [
                { "name": "GroundStorable", "properties": { "layout": "Quadrants", "collisionBox": { "x1": 0, "y1": 0, "z1": 0, "x2": 1, "y2": 0.125, "z2": 1 } } },
                { "name": "Unplaceable" },
                { "name": "RightClickPickup"}
        ],
	"variantgroups": [
		{ "code": "type", "states": [ "raw", "burnt", "honey", "milk" ] },
		{ "code": "glazing", "states": [ "clear", "milky" ] },
		{ "code": "color", "states": [
		       "black", "blue", "brown", "gold", "green", "greenblue", "lapislazuli",
		       "malachite", "orange", "pink", "purple", "red", "redbrown", "white", "yellow" ] },
		{ "code": "pattern", "states": [ "plain" ] }
	],
	"attributesByType": {
		"*-burnt-*": {
			"handbook": { "groupBy": [ "glazedbowl-burnt-clear-*", "glazedbowl-burnt-milky-*" ] },
			"shelvable": true,
			"contentItem2BlockCodes": {
				"honeyportion": "bricklayers:glazedbowl-honey-{glazing}-{color}-{pattern}",
				"milkportion": "bricklayers:glazedbowl-milk-{glazing}-{color}-{pattern}"
			},
			"mealContainer": true,
			"mealBlockCode": "bricklayers:glazedbowl-meal-{glazing}-{color}-{pattern}",
			"servingCapacity": 1,
			"bowlContents": null
		},
		"*-honey-*": {
			"handbook": { "groupBy": [ "glazedbowl-honey-*" ] },
			"shelvable": true,
			"contentItemCode": "game:honeyportion",
			"emptiedBlockCode": "bricklayers:glazedbowl-burnt-{glazing}-{color}-{pattern}"
		},
		"*-milk-*": {
			"handbook": { "groupBy": [ "glazedbowl-milk-*" ] },
			"shelvable": true,
			"contentItemCode": "game:milkportion",
			"emptiedBlockCode": "bricklayers:glazedbowl-burnt-{glazing}-{color}-{pattern}"
		},
		"*": {
			"handbook": { "groupBy": [ "glazedbowl-raw-clear-*", "glazedbowl-raw-milky-*" ] },
			"shelvable": true,
			"bowlContents": null
		}
	},
	"combustiblePropsByType": {
		"*-raw-*": {
			"meltingPoint": 950,
			"meltingDuration": 20,
			"smeltedRatio": 1,
			"smeltingType": "fire",
			"smeltedStack": { "type": "block", "code": "bricklayers:glazedbowl-burnt-{glazing}-{color}-{pattern}" },
			"requiresContainer": false
		}
	},
	"shapeByType": {
		"*-raw-*": { "base": "bricklayers:block/clay/bowl/bowl_glazed_empty_ground" },
		"*-honey-*": { "base": "bricklayers:block/clay/bowl/bowl_glazed_liquid_ground" },
		"*-milk-*": { "base": "bricklayers:block/clay/bowl/bowl_glazed_liquid_ground" },
		"*": { "base": "bricklayers:block/clay/bowl/bowl_glazed_empty_ground" }
	},
	"blockmaterial": "Ceramic",
	"creativeinventory": { "general": ["*"], "decorative": ["*"] },
	"replaceable": 300,
	"resistance": 0.75,
	"maxStackSizeByType": {
		"*-honey-*": 8,
		"*": 16
	},
	"lightAbsorption": 0,
	"texturesByType": {
		"*-raw-*": {
			"content": { "base": "game:block/transparent" },
			"ceramic": {  "base": "game:block/clay/ceramic" },
			"pattern_top": {  "base": "bricklayers:block/ceramic/glazed/pattern/{pattern}" },
			"top": {  "base": "bricklayers:block/ceramic/glazed/raw/{glazing}/{color}" }
		},
		"*-burnt-*": {
			"content": { "base": "game:block/transparent" },
			"ceramic": {  "base": "game:block/clay/ceramic-dark" },
			"pattern_top": {  "base": "bricklayers:block/ceramic/glazed/pattern/{pattern}" },
			"top": {  "base": "bricklayers:block/ceramic/glazed/burnt/{glazing}/{color}" }
		},
		"*-milk-*": {
			"content": { "base": "game:block/food/dairy/milk" },
			"ceramic": {  "base": "game:block/clay/ceramic-dark" },
			"pattern_top": {  "base": "bricklayers:block/ceramic/glazed/pattern/{pattern}" },
			"top": {  "base": "bricklayers:block/ceramic/glazed/burnt/{glazing}/{color}" }
		},
		"*-honey-*": {
			"content": { "base": "game:block/liquid/honey" },
			"ceramic": {  "base": "game:block/clay/ceramic-dark" },
			"pattern_top": {  "base": "bricklayers:block/ceramic/glazed/pattern/{pattern}" },
			"top": {  "base": "bricklayers:block/ceramic/glazed/burnt/{glazing}/{color}" }
		}
	},
	"sounds": { "walk": "game:walk/stone" },
	"sidesolid": { "all": false },
	"sideopaque": { "all": false },
	"emitsideao": { "all": false },
	"collisionbox": { "x1": 0.3125, "y1": 0, "z1": 0.3125, "x2": 0.6875, "y2": 0.125, "z2": 0.6875 },
	"selectionbox": { "x1": 0.3125, "y1": 0, "z1": 0.3125, "x2": 0.6875, "y2": 0.125, "z2": 0.6875 },
	"guiTransform": {
		"translation": { "x": 0, "y": 3, "z": 0 },
		"origin": { "x": 0.5, "y": 0.0625, "z": 0.5 },
		"scale": 3
	},
	"groundTransform": { "scale": 3.5 },
	"fpHandTransform": {
		"translation": { "x": 0, "y": 0.4, "z": 0 },
		"rotation": { "x": 0, "y": -14, "z": 0 },
		"scale": 2
	},
	"tpHandTransform": {
		"translation": { "x": -0.9, "y": -0.1, "z": -0.8 },
		"rotation": { "x": 0, "y": -56, "z": 0 },
		"origin": { "x": 0.5, "y": 0.1, "z": 0.5 },
		"scale": 0.66
	},
	"nutritionPropsByType": {
		"*-honey-*": {
			"saturation": 60,
			"health": 0.5,
			"eatenStack": { "type": "block", "code": "bricklayers:glazedbowl-burnt-{glazing}-{color}-{pattern}" }
		},
		"*-milk-*": {
			"foodCategory": "Dairy",
			"saturation": 30,
			"eatenStack": { "type": "block", "code": "bricklayers:glazedbowl-burnt-{glazing}-{color}-{pattern}" }
		}
	}
}
