{
	"editor": {
		"allAngles": false,
		"singleTexture": false
	},
	"textureWidth": 16,
	"textureHeight": 8,
	"textures": {
		"head": "game:item/tool/material/wood",
		"handle": "game:item/tool/material/wood"
	},
	"elements": [
		{
			"name": "handle",
			"from": [ 3.5, 7.5, 7.5 ], 
			"to": [ 14.5, 8.5, 8.5 ], 
			"rotationOrigin": [ 0.0, 0.0, 8.0 ],
			"faces": {
				"north": { "texture": "#handle", "uv": [ 2.0, 3.0, 13.0, 4.0 ] },
				"east": { "texture": "#handle", "uv": [ 3.0, 0.0, 4.0, 1.0 ] },
				"south": { "texture": "#handle", "uv": [ 1.0, 5.5, 12.0, 6.5 ] },
				"west": { "texture": "#handle", "uv": [ 4.0, 0.0, 5.0, 1.0 ] },
				"up": { "texture": "#handle", "uv": [ 5.0, 2.0, 16.0, 3.0 ] },
				"down": { "texture": "#handle", "uv": [ 0.0, 5.0, 11.0, 6.0 ] }
			}
		},
		{
			"name": "Cube1",
			"from": [ 11.0, 6.5, 6.0 ], 
			"to": [ 14.0, 9.5, 10.0 ], 
			"rotationOrigin": [ -1.0, 0.0, 0.0 ],
			"faces": {
				"north": { "texture": "#head", "uv": [ 0.0, 5.0, 3.0, 8.0 ] },
				"east": { "texture": "#head", "uv": [ 3.0, 5.0, 7.0, 8.0 ] },
				"south": { "texture": "#head", "uv": [ 7.0, 5.0, 10.0, 8.0 ] },
				"west": { "texture": "#head", "uv": [ 10.0, 5.0, 14.0, 8.0 ] },
				"up": { "texture": "#head", "uv": [ 7.0, 0.0, 10.0, 4.0 ] },
				"down": { "texture": "#head", "uv": [ 10.0, 0.0, 13.0, 4.0 ] }
			}
		}
	]}