{
	"editor": {
		"allAngles": false,
		"entityTextureMode": true
	},
	"textureWidth": 64,
	"textureHeight": 96,
	"textureSizes": {
	},
	"textures": {
	},
	"elements": [
		{
			"name": "Origin",
			"from": [ 14.7, 2.0, 0.0 ], 
			"to": [ 14.7, 2.0, 0.0 ], 
			"uv": [ 0.0, 0.0 ],
			"rotationOrigin": [ 14.7, 2.0, 0.0 ],
			"faces": {
				"north": { "texture": "#normal", "uv": [ 0.0, 0.5, 0.5, 1.0 ] },
				"east": { "texture": "#normal", "uv": [ 0.5, 0.5, 1.0, 1.0 ] },
				"south": { "texture": "#normal", "uv": [ 1.0, 0.5, 1.5, 1.0 ] },
				"west": { "texture": "#normal", "uv": [ 1.5, 0.5, 2.0, 1.0 ] },
				"up": { "texture": "#normal", "uv": [ 0.0, 0.0, 0.5, 0.5 ] },
				"down": { "texture": "#normal", "uv": [ 0.5, 0.0, 1.0, 0.5 ] }
			},
			"children": [
				{
					"name": "head",
					"from": [ -5.9, 3.2, 5.0 ], 
					"to": [ -0.9, 8.2, 11.0 ], 
					"unwrapMode": 4,
					"uv": [ 37.9, 39.7 ],
					"rotationOrigin": [ -2.6, 4.2, 8.0 ],
					"rotationZ": 22.5,
					"faces": {
						"north": { "texture": "#normal", "uv": [ 38.0, 44.25, 43.0, 48.75 ] },
						"east": { "texture": "#normal", "uv": [ 54.0, 44.25, 60.0, 48.75 ] },
						"south": { "texture": "#normal", "uv": [ 49.0, 44.25, 54.0, 48.75 ] },
						"west": { "texture": "#normal", "uv": [ 43.0, 44.25, 49.0, 48.75 ] },
						"up": { "texture": "#normal", "uv": [ 43.0, 40.0, 49.0, 45.0 ], "rotation": 90 },
						"down": { "texture": "#normal", "uv": [ 43.0, 49.0, 49.0, 54.0 ], "rotation": 90 }
					},
					"children": [
						{
							"name": "mouth up",
							"from": [ -3.2, 1.2, 1.0 ], 
							"to": [ 2.8, 4.2, 5.0 ], 
							"uv": [ 50.0, 16.0 ],
							"rotationOrigin": [ 0.8, 2.2, 0.0 ],
							"rotationZ": 28.0,
							"faces": {
								"north": { "texture": "#normal", "uv": [ 50.0, 16.0, 53.0, 22.0 ], "rotation": 270 },
								"east": { "texture": "#normal", "uv": [ 53.0, 13.0, 57.0, 16.0 ], "rotation": 180, "enabled": false },
								"south": { "texture": "#normal", "uv": [ 57.0, 16.0, 60.0, 22.0 ], "rotation": 90 },
								"west": { "texture": "#normal", "uv": [ 53.0, 22.0, 57.0, 25.0 ] },
								"up": { "texture": "#normal", "uv": [ 53.0, 16.0, 57.0, 22.0 ], "rotation": 90 },
								"down": { "texture": "#normal", "uv": [ 60.0, 16.0, 64.0, 22.0 ], "rotation": 270 }
							}
						},
						{
							"name": "mouth down",
							"from": [ -1.7, 0.3, 0.99 ], 
							"to": [ 3.3, 1.3, 5.01 ], 
							"uv": [ 39.0, 17.0 ],
							"rotationOrigin": [ 2.3, 0.3, 3.0 ],
							"rotationZ": 17.0,
							"faces": {
								"north": { "texture": "#normal", "uv": [ 39.0, 17.0, 40.0, 22.0 ], "rotation": 270 },
								"east": { "texture": "#normal", "uv": [ 40.0, 16.0, 44.0, 17.0 ], "rotation": 180, "enabled": false },
								"south": { "texture": "#normal", "uv": [ 44.0, 17.0, 45.0, 22.0 ], "rotation": 90 },
								"west": { "texture": "#normal", "uv": [ 40.0, 22.0, 44.0, 23.0 ] },
								"up": { "texture": "#normal", "uv": [ 40.0, 17.0, 44.0, 22.0 ], "rotation": 90 },
								"down": { "texture": "#normal", "uv": [ 45.0, 17.0, 49.0, 22.0 ], "rotation": 270 }
							}
						},
						{
							"name": "R horn base",
							"from": [ 3.0, 3.0, 0.5 ], 
							"to": [ 7.0, 5.0, 2.5 ], 
							"uv": [ 32.0, 0.0 ],
							"rotationOrigin": [ 3.0, 4.0, 1.5 ],
							"rotationY": 20.0,
							"rotationZ": 40.0,
							"faces": {
								"north": { "texture": "#normal", "uv": [ 32.0, 2.0, 34.0, 6.0 ], "rotation": 270 },
								"east": { "texture": "#normal", "uv": [ 34.0, 0.0, 36.0, 2.0 ], "rotation": 180 },
								"south": { "texture": "#normal", "uv": [ 36.0, 2.0, 38.0, 6.0 ], "rotation": 90 },
								"west": { "texture": "#normal", "uv": [ 34.0, 6.0, 36.0, 8.0 ], "enabled": false },
								"up": { "texture": "#normal", "uv": [ 34.0, 2.0, 36.0, 6.0 ], "rotation": 90 },
								"down": { "texture": "#normal", "uv": [ 38.0, 2.0, 40.0, 6.0 ], "rotation": 270 }
							},
							"children": [
								{
									"name": "R horn end",
									"from": [ 3.5, 0.5, 0.5 ], 
									"to": [ 6.5, 1.5, 1.5 ], 
									"uv": [ 40.0, 1.0 ],
									"rotationOrigin": [ 3.5, 1.0, 1.0 ],
									"rotationY": 10.0,
									"rotationZ": -20.0,
									"faces": {
										"north": { "texture": "#normal", "uv": [ 40.0, 2.0, 41.0, 5.0 ], "rotation": 270 },
										"east": { "texture": "#normal", "uv": [ 41.0, 1.0, 42.0, 2.0 ], "rotation": 180 },
										"south": { "texture": "#normal", "uv": [ 42.0, 2.0, 43.0, 5.0 ], "rotation": 90 },
										"west": { "texture": "#normal", "uv": [ 41.0, 5.0, 42.0, 6.0 ], "enabled": false },
										"up": { "texture": "#normal", "uv": [ 41.0, 2.0, 42.0, 5.0 ], "rotation": 90 },
										"down": { "texture": "#normal", "uv": [ 43.0, 2.0, 44.0, 5.0 ], "rotation": 270 }
									}
								}
							]
						},
						{
							"name": "R horn base17",
							"from": [ 3.0, 3.0, 3.5 ], 
							"to": [ 7.0, 5.0, 5.5 ], 
							"uv": [ 20.0, 0.0 ],
							"rotationOrigin": [ 3.0, 4.0, 4.5 ],
							"rotationY": -20.0,
							"rotationZ": 40.0,
							"faces": {
								"north": { "texture": "#normal", "uv": [ 20.0, 2.0, 22.0, 6.0 ], "rotation": 270 },
								"east": { "texture": "#normal", "uv": [ 22.0, 0.0, 24.0, 2.0 ], "rotation": 180 },
								"south": { "texture": "#normal", "uv": [ 24.0, 2.0, 26.0, 6.0 ], "rotation": 90 },
								"west": { "texture": "#normal", "uv": [ 22.0, 6.0, 24.0, 8.0 ], "enabled": false },
								"up": { "texture": "#normal", "uv": [ 22.0, 2.0, 24.0, 6.0 ], "rotation": 90 },
								"down": { "texture": "#normal", "uv": [ 26.0, 2.0, 28.0, 6.0 ], "rotation": 270 }
							},
							"children": [
								{
									"name": "R horn end18",
									"from": [ 3.5, 0.5, 0.5 ], 
									"to": [ 6.5, 1.5, 1.5 ], 
									"uv": [ 28.0, 1.0 ],
									"rotationOrigin": [ 3.5, 1.0, 1.0 ],
									"rotationY": -10.0,
									"rotationZ": -20.0,
									"faces": {
										"north": { "texture": "#normal", "uv": [ 28.0, 2.0, 29.0, 5.0 ], "rotation": 270 },
										"east": { "texture": "#normal", "uv": [ 29.0, 1.0, 30.0, 2.0 ], "rotation": 180 },
										"south": { "texture": "#normal", "uv": [ 30.0, 2.0, 31.0, 5.0 ], "rotation": 90 },
										"west": { "texture": "#normal", "uv": [ 29.0, 5.0, 30.0, 6.0 ], "enabled": false },
										"up": { "texture": "#normal", "uv": [ 29.0, 2.0, 30.0, 5.0 ], "rotation": 90 },
										"down": { "texture": "#normal", "uv": [ 31.0, 2.0, 32.0, 5.0 ], "rotation": 270 }
									}
								}
							]
						},
						{
							"name": "R ear",
							"from": [ 2.8, 2.8, -2.2 ], 
							"to": [ 3.8, 4.8, 0.8 ], 
							"uv": [ 20.0, 29.0 ],
							"rotationOrigin": [ 3.3, 3.8, 0.8 ],
							"rotationY": -30.0,
							"rotationZ": 35.0,
							"faces": {
								"north": { "texture": "#normal", "uv": [ 20.0, 30.0, 21.0, 32.0 ] },
								"east": { "texture": "#normal", "uv": [ 25.0, 30.0, 28.0, 32.0 ] },
								"south": { "texture": "#normal", "uv": [ 24.0, 30.0, 25.0, 32.0 ], "enabled": false },
								"west": { "texture": "#normal", "uv": [ 21.0, 30.0, 24.0, 32.0 ] },
								"up": { "texture": "#normal", "uv": [ 21.0, 29.0, 24.0, 30.0 ], "rotation": 90 },
								"down": { "texture": "#normal", "uv": [ 21.0, 32.0, 24.0, 33.0 ], "rotation": 90 }
							}
						},
						{
							"name": "L ear",
							"from": [ 2.3, 2.8, 2.2 ], 
							"to": [ 3.3, 4.8, 5.2 ], 
							"uv": [ 29.0, 29.0 ],
							"rotationOrigin": [ 2.8, 3.8, 5.2 ],
							"rotationY": -135.0,
							"rotationZ": -30.0,
							"faces": {
								"north": { "texture": "#normal", "uv": [ 32.0, 30.0, 33.0, 32.0 ] },
								"east": { "texture": "#normal", "uv": [ 29.0, 30.0, 32.0, 32.0 ] },
								"south": { "texture": "#normal", "uv": [ 28.0, 30.0, 29.0, 32.0 ], "enabled": false },
								"west": { "texture": "#normal", "uv": [ 33.0, 30.0, 36.0, 32.0 ] },
								"up": { "texture": "#normal", "uv": [ 29.0, 29.0, 32.0, 30.0 ], "rotation": 270 },
								"down": { "texture": "#normal", "uv": [ 29.0, 32.0, 32.0, 33.0 ], "rotation": 270 }
							}
						}
					]
				},
				{
					"name": "neck",
					"from": [ -3.3, 0.3, 5.5 ], 
					"to": [ 2.2, 4.3, 10.5 ], 
					"autoUnwrap": false,
					"uv": [ 41.0, 10.0 ],
					"rotationOrigin": [ 4.7, 4.3, 8.0 ],
					"rotationZ": -12.5,
					"faces": {
						"north": { "texture": "#normal", "uv": [ 41.0, 15.5, 45.0, 21.0 ], "rotation": 90 },
						"east": { "texture": "#normal", "uv": [ 47.0, 25.0, 52.0, 29.0 ], "rotation": 180 },
						"south": { "texture": "#normal", "uv": [ 45.0, 15.5, 49.0, 21.0 ], "rotation": 270 },
						"west": { "texture": "#normal", "uv": [ 49.0, 15.5, 54.0, 19.5 ] },
						"up": { "texture": "#normal", "uv": [ 41.0, 10.0, 46.0, 15.5 ], "rotation": 90 },
						"down": { "texture": "#normal", "uv": [ 46.0, 10.0, 51.0, 15.5 ], "rotation": 90 }
					}
				}
			]
		}
	]}