{
	"editor": {
		"allAngles": false,
		"entityTextureMode": false
	},
	"textureWidth": 16,
	"textureHeight": 16,
	"textureSizes": {
	},
	"textures": {
		"furnwood14": "furnwood14",
		"furnwood4": "furnwood4",
		"furnwood8": "furnwood8",
		"frame": "frame"
	},
	"elements": [
		{
			"name": "lower_main31",
			"from": [ 2.0, 0.0, 12.0 ], 
			"to": [ 4.0, 16.0, 28.0 ], 
			"rotationOrigin": [ 2.0, 2.0, 14.0 ],
			"rotationY": -180.0,
			"faces": {
				"north": { "texture": "#furnwood8", "uv": [ 5.5, 0.0, 7.5, 16.0 ] },
				"east": { "texture": "#furnwood4", "uv": [ 0.0, 0.0, 16.0, 16.0 ] },
				"south": { "texture": "#furnwood8", "uv": [ 5.5, 0.0, 8.0, 16.0 ], "autoUv": false },
				"west": { "texture": "#furnwood4", "uv": [ 0.0, 0.0, 16.0, 16.0 ] },
				"up": { "texture": "#furnwood8", "uv": [ 0.0, 0.0, 2.0, 16.0 ] },
				"down": { "texture": "#furnwood8", "uv": [ 0.0, 0.0, 2.0, 16.0 ] }
			},
			"children": [
				{
					"name": "Cube34",
					"from": [ 2.0, 14.5, 1.5 ], 
					"to": [ 3.0, 15.0, 2.5 ], 
					"rotationOrigin": [ 2.0, 14.5, 2.0 ],
					"faces": {
						"north": { "texture": "#frame", "uv": [ 0.0, 0.0, 1.0, 0.5 ] },
						"east": { "texture": "#frame", "uv": [ 0.0, 0.0, 1.0, 0.5 ] },
						"south": { "texture": "#frame", "uv": [ 0.0, 0.0, 1.0, 0.5 ] },
						"west": { "texture": "#frame", "uv": [ 0.0, 0.0, 1.0, 0.5 ] },
						"up": { "texture": "#frame", "uv": [ 14.0, 4.5, 15.0, 5.5 ] },
						"down": { "texture": "#frame", "uv": [ 0.0, 0.0, 1.0, 1.0 ] }
					},
					"children": [
						{
							"name": "Cube34",
							"from": [ 1.0, 0.0, 0.0 ], 
							"to": [ 1.5, 1.5, 1.0 ], 
							"rotationOrigin": [ 1.0, 0.0, 0.0 ],
							"faces": {
								"north": { "texture": "#frame", "uv": [ 0.0, 0.0, 0.5, 1.5 ] },
								"east": { "texture": "#frame", "uv": [ 6.5, 5.5, 7.5, 7.0 ] },
								"south": { "texture": "#frame", "uv": [ 0.0, 0.0, 0.5, 1.5 ] },
								"west": { "texture": "#frame", "uv": [ 0.0, 0.0, 1.0, 1.5 ] },
								"up": { "texture": "#frame", "uv": [ 0.0, 0.0, 0.5, 1.0 ] },
								"down": { "texture": "#frame", "uv": [ 0.0, 0.0, 0.5, 1.0 ] }
							}
						},
						{
							"name": "Cube34",
							"from": [ 0.0, -1.5, 0.0 ], 
							"to": [ 0.2, 1.5, 1.0 ], 
							"rotationOrigin": [ 0.0, -2.0, 1.0 ],
							"faces": {
								"north": { "texture": "#frame", "uv": [ 0.0, 0.0, 0.5, 3.0 ] },
								"east": { "texture": "#frame", "uv": [ 13.0, 2.5, 14.5, 6.0 ], "autoUv": false },
								"south": { "texture": "#frame", "uv": [ 0.0, 0.0, 0.5, 3.0 ] },
								"west": { "texture": "#frame", "uv": [ 0.0, 0.0, 1.0, 3.0 ] },
								"up": { "texture": "#frame", "uv": [ 0.0, 0.0, 0.5, 1.0 ] },
								"down": { "texture": "#frame", "uv": [ 0.0, 0.0, 0.5, 1.0 ] }
							}
						}
					]
				},
				{
					"name": "Cube40",
					"from": [ 2.0, 7.7, 15.0 ], 
					"to": [ 2.7, 10.3, 16.0 ], 
					"rotationOrigin": [ 3.5, 8.0, 15.0 ],
					"faces": {
						"north": { "texture": "#frame", "uv": [ 0.0, 0.0, 0.5, 2.5 ] },
						"east": { "texture": "#frame", "uv": [ 10.0, 3.0, 11.0, 5.5 ] },
						"south": { "texture": "#frame", "uv": [ 0.0, 0.0, 0.5, 2.5 ] },
						"west": { "texture": "#frame", "uv": [ 12.0, 4.0, 13.0, 6.5 ] },
						"up": { "texture": "#frame", "uv": [ 0.0, 0.0, 0.5, 1.0 ] },
						"down": { "texture": "#frame", "uv": [ 0.0, 0.0, 0.5, 1.0 ] }
					},
					"children": [
						{
							"name": "Cube41",
							"from": [ 0.0, 0.8, -0.8 ], 
							"to": [ 0.3, 2.0, 0.4 ], 
							"rotationOrigin": [ -1.0, -0.7, -1.0 ],
							"faces": {
								"north": { "texture": "#frame", "uv": [ 0.0, 0.0, 0.5, 1.0 ] },
								"east": { "texture": "#frame", "uv": [ 12.0, 1.0, 13.0, 2.0 ] },
								"south": { "texture": "#frame", "uv": [ 0.0, 0.0, 0.5, 1.0 ] },
								"west": { "texture": "#frame", "uv": [ 8.5, 4.0, 9.5, 5.0 ] },
								"up": { "texture": "#frame", "uv": [ 0.0, 0.0, 0.5, 1.0 ] },
								"down": { "texture": "#frame", "uv": [ 0.0, 0.0, 0.5, 1.0 ] }
							}
						}
					]
				},
				{
					"name": "Cube36",
					"from": [ -1.0, 14.5, 4.5 ], 
					"to": [ 0.0, 15.0, 5.5 ], 
					"rotationOrigin": [ -0.5, 14.5, 3.5 ],
					"rotationX": -179.99995414470382,
					"rotationY": -5.008955041730523E-6,
					"rotationZ": -179.99995414470382,
					"faces": {
						"north": { "texture": "#frame", "uv": [ 0.0, 0.0, 1.0, 0.5 ] },
						"east": { "texture": "#frame", "uv": [ 0.0, 0.0, 1.0, 0.5 ] },
						"south": { "texture": "#frame", "uv": [ 0.0, 0.0, 1.0, 0.5 ] },
						"west": { "texture": "#frame", "uv": [ 0.0, 0.0, 1.0, 0.5 ] },
						"up": { "texture": "#frame", "uv": [ 12.0, 10.5, 13.0, 11.5 ] },
						"down": { "texture": "#frame", "uv": [ 0.0, 0.0, 1.0, 1.0 ] }
					},
					"children": [
						{
							"name": "Cube37",
							"from": [ 1.0, 0.0, 0.0 ], 
							"to": [ 1.5, 1.5, 1.0 ], 
							"rotationOrigin": [ 1.0, 0.0, 0.0 ],
							"faces": {
								"north": { "texture": "#frame", "uv": [ 0.0, 0.0, 0.5, 1.5 ] },
								"east": { "texture": "#frame", "uv": [ 6.5, 5.5, 7.5, 7.0 ] },
								"south": { "texture": "#frame", "uv": [ 0.0, 0.0, 0.5, 1.5 ] },
								"west": { "texture": "#frame", "uv": [ 0.0, 0.0, 1.0, 1.5 ] },
								"up": { "texture": "#frame", "uv": [ 0.0, 0.0, 0.5, 1.0 ] },
								"down": { "texture": "#frame", "uv": [ 0.0, 0.0, 0.5, 1.0 ] }
							}
						},
						{
							"name": "Cube38",
							"from": [ 0.0, -1.5, 0.0 ], 
							"to": [ 0.2, 1.5, 1.0 ], 
							"rotationOrigin": [ 0.0, -2.0, 0.0 ],
							"faces": {
								"north": { "texture": "#frame", "uv": [ 0.0, 0.0, 0.5, 3.0 ] },
								"east": { "texture": "#frame", "uv": [ 13.0, 3.5, 14.5, 7.0 ], "autoUv": false },
								"south": { "texture": "#frame", "uv": [ 0.0, 0.0, 0.5, 3.0 ] },
								"west": { "texture": "#frame", "uv": [ 10.0, 1.5, 11.0, 4.5 ] },
								"up": { "texture": "#frame", "uv": [ 0.0, 0.0, 0.5, 1.0 ] },
								"down": { "texture": "#frame", "uv": [ 0.0, 0.0, 0.5, 1.0 ] }
							}
						}
					]
				},
				{
					"name": "Cube35",
					"from": [ -0.7, 7.7, 15.0 ], 
					"to": [ 0.0, 10.3, 16.0 ], 
					"rotationOrigin": [ 0.5, 8.0, 15.0 ],
					"faces": {
						"north": { "texture": "#frame", "uv": [ 0.0, 0.0, 0.5, 2.5 ] },
						"east": { "texture": "#frame", "uv": [ 11.5, 3.5, 12.5, 6.0 ] },
						"south": { "texture": "#frame", "uv": [ 0.0, 0.0, 0.5, 2.5 ] },
						"west": { "texture": "#frame", "uv": [ 14.5, 7.0, 15.5, 9.5 ] },
						"up": { "texture": "#frame", "uv": [ 0.0, 0.0, 0.5, 1.0 ] },
						"down": { "texture": "#frame", "uv": [ 0.0, 0.0, 0.5, 1.0 ] }
					},
					"children": [
						{
							"name": "Cube35",
							"from": [ 0.4, 0.8, -0.8 ], 
							"to": [ 0.7, 2.0, 0.4 ], 
							"rotationOrigin": [ -1.0, -0.7, -1.0 ],
							"faces": {
								"north": { "texture": "#frame", "uv": [ 0.0, 0.0, 0.5, 1.0 ] },
								"east": { "texture": "#frame", "uv": [ 6.5, 10.0, 7.5, 11.0 ] },
								"south": { "texture": "#frame", "uv": [ 0.0, 0.0, 0.5, 1.0 ] },
								"west": { "texture": "#frame", "uv": [ 15.0, 4.0, 16.0, 5.0 ] },
								"up": { "texture": "#frame", "uv": [ 0.0, 0.0, 0.5, 1.0 ] },
								"down": { "texture": "#frame", "uv": [ 0.0, 0.0, 0.5, 1.0 ] }
							}
						}
					]
				},
				{
					"name": "Cube1",
					"from": [ 2.0, 3.0, 0.0 ], 
					"to": [ 2.7, 5.0, 16.0 ], 
					"rotationOrigin": [ 2.0, 3.0, 0.0 ],
					"faces": {
						"north": { "texture": "#furnwood8", "uv": [ 9.5, 4.0, 10.0, 6.0 ] },
						"east": { "texture": "#furnwood14", "uv": [ 11.0, 0.0, 13.5, 16.0 ], "rotation": 90, "autoUv": false },
						"south": { "texture": "#furnwood8", "uv": [ 10.5, 3.5, 11.0, 5.5 ] },
						"west": { "texture": "#furnwood8", "uv": [ 6.0, 0.0, 8.5, 16.0 ], "rotation": 90, "autoUv": false },
						"up": { "texture": "#furnwood8", "uv": [ 6.5, 0.0, 7.0, 16.0 ] },
						"down": { "texture": "#furnwood8", "uv": [ 5.0, 0.0, 5.5, 16.0 ] }
					},
					"children": [
						{
							"name": "Cube24",
							"from": [ -2.7, 0.0, 0.0 ], 
							"to": [ -2.0, 2.0, 16.0 ], 
							"rotationOrigin": [ -3.0, 0.0, 0.0 ],
							"faces": {
								"north": { "texture": "#furnwood8", "uv": [ 9.5, 4.0, 10.0, 6.0 ] },
								"east": { "texture": "#furnwood14", "uv": [ 11.0, 0.0, 13.5, 16.0 ], "rotation": 90, "autoUv": false },
								"south": { "texture": "#furnwood8", "uv": [ 9.5, 3.5, 10.0, 5.5 ] },
								"west": { "texture": "#furnwood14", "uv": [ 11.0, 0.0, 13.5, 16.0 ], "rotation": 90, "autoUv": false },
								"up": { "texture": "#furnwood8", "uv": [ 6.0, 0.0, 6.5, 16.0 ] },
								"down": { "texture": "#furnwood8", "uv": [ 10.5, 0.0, 11.0, 16.0 ] }
							}
						}
					]
				}
			]
		}
	]}