{
	"editor": {
		"allAngles": false,
		"entityTextureMode": false
	},
	"textureWidth": 16,
	"textureHeight": 16,
	"textureSizes": {
	},
	"textures": {
		"furnwood3": "furnwood3",
		"furnwood14": "furnwood14",
		"furnwood8": "furnwood8",
		"frame": "frame"
	},
	"elements": [
		{
			"name": "UPPER_main22",
			"from": [ 0.0, 0.0, 0.0 ], 
			"to": [ 2.0, 16.0, 16.0 ], 
			"rotationOrigin": [ 0.0, 2.0, 2.0 ],
			"faces": {
				"north": { "texture": "#furnwood8", "uv": [ 6.0, 0.0, 8.0, 16.0 ] },
				"east": { "texture": "#furnwood3", "uv": [ 0.0, 0.0, 16.0, 16.0 ] },
				"south": { "texture": "#furnwood8", "uv": [ 5.5, 0.0, 8.0, 16.0 ], "autoUv": false },
				"west": { "texture": "#furnwood3", "uv": [ 0.0, 0.0, 16.0, 16.0 ] },
				"up": { "texture": "#furnwood8", "uv": [ 0.0, 0.0, 2.0, 16.0 ] },
				"down": { "texture": "#furnwood8", "uv": [ 0.0, 0.0, 2.0, 16.0 ] }
			},
			"children": [
				{
					"name": "Cube29",
					"from": [ -0.7, 6.7, 15.0 ], 
					"to": [ 0.0, 9.3, 16.0 ], 
					"rotationOrigin": [ 1.0, 7.0, 15.0 ],
					"faces": {
						"north": { "texture": "#frame", "uv": [ 0.0, 0.0, 0.5, 2.5 ] },
						"east": { "texture": "#frame", "uv": [ 0.0, 0.0, 1.0, 2.5 ] },
						"south": { "texture": "#frame", "uv": [ 0.0, 0.0, 0.5, 2.5 ] },
						"west": { "texture": "#frame", "uv": [ 13.0, 3.0, 14.0, 5.5 ] },
						"up": { "texture": "#frame", "uv": [ 0.0, 0.0, 0.5, 1.0 ] },
						"down": { "texture": "#frame", "uv": [ 0.0, 0.0, 0.5, 1.0 ] }
					},
					"children": [
						{
							"name": "Cube30",
							"from": [ 0.4, 0.8, -0.8 ], 
							"to": [ 0.7, 2.0, 0.4 ], 
							"rotationOrigin": [ -1.0, -0.7, -1.0 ],
							"faces": {
								"north": { "texture": "#frame", "uv": [ 0.0, 0.0, 0.5, 1.0 ] },
								"east": { "texture": "#frame", "uv": [ 6.5, 10.0, 7.5, 11.0 ] },
								"south": { "texture": "#frame", "uv": [ 0.0, 0.0, 0.5, 1.0 ] },
								"west": { "texture": "#frame", "uv": [ 7.0, 9.5, 8.0, 10.5 ] },
								"up": { "texture": "#frame", "uv": [ 0.0, 0.0, 0.5, 1.0 ] },
								"down": { "texture": "#frame", "uv": [ 0.0, 0.0, 0.5, 1.0 ] }
							}
						}
					]
				},
				{
					"name": "Cube15",
					"from": [ 0.0, 0.0, 2.5 ], 
					"to": [ 0.5, 3.0, 3.5 ], 
					"rotationOrigin": [ -0.5, 0.0, 2.5 ],
					"rotationX": -179.99995414470382,
					"rotationY": -5.008955041730523E-6,
					"rotationZ": -179.99995414470382,
					"faces": {
						"north": { "texture": "#frame", "uv": [ 0.0, 0.0, 0.5, 3.0 ] },
						"east": { "texture": "#frame", "uv": [ 14.0, 6.5, 15.0, 9.5 ] },
						"south": { "texture": "#frame", "uv": [ 0.0, 0.0, 0.5, 3.0 ] },
						"west": { "texture": "#frame", "uv": [ 10.5, 4.5, 11.5, 7.5 ] },
						"up": { "texture": "#frame", "uv": [ 0.0, 0.0, 0.5, 1.0 ] },
						"down": { "texture": "#frame", "uv": [ 0.0, 0.0, 0.5, 1.0 ] }
					},
					"children": [
						{
							"name": "Cube16",
							"from": [ -1.0, 2.5, 0.0 ], 
							"to": [ 0.0, 3.0, 1.0 ], 
							"rotationOrigin": [ -1.0, 2.0, 0.0 ],
							"faces": {
								"north": { "texture": "#frame", "uv": [ 0.0, 0.0, 1.0, 0.5 ] },
								"east": { "texture": "#frame", "uv": [ 0.0, 0.0, 1.0, 0.5 ] },
								"south": { "texture": "#frame", "uv": [ 0.0, 0.0, 1.0, 0.5 ] },
								"west": { "texture": "#frame", "uv": [ 0.0, 0.0, 1.0, 0.5 ] },
								"up": { "texture": "#frame", "uv": [ 14.0, 2.5, 15.0, 3.5 ] },
								"down": { "texture": "#frame", "uv": [ 0.0, 0.0, 1.0, 1.0 ] }
							},
							"children": [
								{
									"name": "Cube17",
									"from": [ 0.0, -2.5, 0.0 ], 
									"to": [ 0.2, 1.5, 1.0 ], 
									"rotationOrigin": [ 0.0, -2.0, 0.0 ],
									"faces": {
										"north": { "texture": "#frame", "uv": [ 0.0, 0.0, 0.5, 4.0 ] },
										"east": { "texture": "#frame", "uv": [ 9.5, 3.5, 11.0, 7.5 ], "autoUv": false },
										"south": { "texture": "#frame", "uv": [ 0.0, 0.0, 0.5, 4.0 ] },
										"west": { "texture": "#frame", "uv": [ 0.0, 0.0, 1.0, 4.0 ] },
										"up": { "texture": "#frame", "uv": [ 0.0, 0.0, 0.5, 1.0 ] },
										"down": { "texture": "#frame", "uv": [ 0.0, 0.0, 0.5, 1.0 ] }
									}
								}
							]
						}
					]
				},
				{
					"name": "Cube9",
					"from": [ 3.0, 0.0, 1.5 ], 
					"to": [ 3.5, 3.0, 2.5 ], 
					"rotationOrigin": [ 3.0, 0.0, 2.0 ],
					"faces": {
						"north": { "texture": "#frame", "uv": [ 0.0, 0.0, 0.5, 3.0 ], "autoUv": false },
						"east": { "texture": "#frame", "uv": [ 6.5, 4.5, 7.5, 7.5 ] },
						"south": { "texture": "#frame", "uv": [ 0.0, 0.0, 0.5, 3.0 ] },
						"west": { "texture": "#frame", "uv": [ 7.0, 4.0, 8.0, 7.0 ] },
						"up": { "texture": "#frame", "uv": [ 0.0, 0.0, 0.5, 1.0 ] },
						"down": { "texture": "#frame", "uv": [ 0.0, 0.0, 0.5, 1.0 ] }
					},
					"children": [
						{
							"name": "Cube10",
							"from": [ -1.0, 2.5, 0.0 ], 
							"to": [ 0.0, 3.0, 1.0 ], 
							"rotationOrigin": [ -1.0, 2.0, 0.0 ],
							"faces": {
								"north": { "texture": "#frame", "uv": [ 0.0, 0.0, 1.0, 0.5 ] },
								"east": { "texture": "#frame", "uv": [ 0.0, 0.0, 1.0, 0.5 ] },
								"south": { "texture": "#frame", "uv": [ 0.0, 0.0, 1.0, 0.5 ] },
								"west": { "texture": "#frame", "uv": [ 0.0, 0.0, 1.0, 0.5 ] },
								"up": { "texture": "#frame", "uv": [ 14.0, 2.5, 15.0, 3.5 ] },
								"down": { "texture": "#frame", "uv": [ 0.0, 0.0, 1.0, 1.0 ] }
							},
							"children": [
								{
									"name": "Cube11",
									"from": [ 0.0, -2.5, 0.0 ], 
									"to": [ 0.2, 1.5, 1.0 ], 
									"rotationOrigin": [ 0.0, -2.0, 0.0 ],
									"faces": {
										"north": { "texture": "#frame", "uv": [ 0.0, 0.0, 0.5, 4.0 ] },
										"east": { "texture": "#frame", "uv": [ 14.0, 3.0, 15.5, 7.0 ], "autoUv": false },
										"south": { "texture": "#frame", "uv": [ 0.0, 0.0, 0.5, 4.0 ] },
										"west": { "texture": "#frame", "uv": [ 0.0, 0.0, 2.0, 4.0 ], "autoUv": false },
										"up": { "texture": "#frame", "uv": [ 0.0, 0.0, 0.5, 1.0 ] },
										"down": { "texture": "#frame", "uv": [ 0.0, 0.0, 0.5, 1.0 ] }
									}
								}
							]
						}
					]
				},
				{
					"name": "Cube27",
					"from": [ 2.0, 6.7, 15.0 ], 
					"to": [ 2.7, 9.3, 16.0 ], 
					"rotationOrigin": [ 4.0, 7.0, 15.0 ],
					"faces": {
						"north": { "texture": "#frame", "uv": [ 0.0, 0.0, 0.5, 2.5 ] },
						"east": { "texture": "#frame", "uv": [ 14.5, 3.5, 15.5, 6.0 ] },
						"south": { "texture": "#frame", "uv": [ 0.0, 0.0, 0.5, 2.5 ] },
						"west": { "texture": "#frame", "uv": [ 11.5, 4.5, 12.5, 7.0 ] },
						"up": { "texture": "#frame", "uv": [ 0.0, 0.0, 0.5, 1.0 ] },
						"down": { "texture": "#frame", "uv": [ 0.0, 0.0, 0.5, 1.0 ] }
					},
					"children": [
						{
							"name": "Cube28",
							"from": [ 0.0, 0.8, -0.8 ], 
							"to": [ 0.3, 2.0, 0.4 ], 
							"rotationOrigin": [ -1.0, -0.7, -4.0 ],
							"faces": {
								"north": { "texture": "#frame", "uv": [ 0.0, 0.0, 0.5, 1.0 ] },
								"east": { "texture": "#frame", "uv": [ 5.0, 9.5, 6.0, 10.5 ] },
								"south": { "texture": "#frame", "uv": [ 0.0, 0.0, 0.5, 1.0 ] },
								"west": { "texture": "#frame", "uv": [ 0.0, 3.5, 1.0, 4.5 ] },
								"up": { "texture": "#frame", "uv": [ 0.0, 0.0, 0.5, 1.0 ] },
								"down": { "texture": "#frame", "uv": [ 0.0, 0.0, 0.5, 1.0 ] }
							}
						}
					]
				},
				{
					"name": "Cube25",
					"from": [ 2.0, 11.0, 0.0 ], 
					"to": [ 2.7, 13.0, 16.0 ], 
					"rotationOrigin": [ 2.0, 11.0, 0.0 ],
					"faces": {
						"north": { "texture": "#furnwood14", "uv": [ 9.5, 4.0, 10.0, 6.0 ] },
						"east": { "texture": "#furnwood14", "uv": [ 11.0, 0.0, 13.5, 16.0 ], "rotation": 90, "autoUv": false },
						"south": { "texture": "#furnwood14", "uv": [ 9.0, 3.5, 9.5, 5.5 ] },
						"west": { "texture": "#furnwood14", "uv": [ 5.5, 0.0, 8.0, 16.0 ], "rotation": 90, "autoUv": false },
						"up": { "texture": "#furnwood8", "uv": [ 6.5, 0.0, 7.0, 16.0 ] },
						"down": { "texture": "#furnwood14", "uv": [ 8.0, 0.0, 8.5, 16.0 ] }
					},
					"children": [
						{
							"name": "Cube26",
							"from": [ -2.7, 0.0, 0.0 ], 
							"to": [ -2.0, 2.0, 16.0 ], 
							"rotationOrigin": [ -3.0, 0.0, 0.0 ],
							"faces": {
								"north": { "texture": "#furnwood14", "uv": [ 9.5, 4.0, 10.0, 6.0 ] },
								"east": { "texture": "#furnwood14", "uv": [ 0.0, 9.0, 16.0, 11.0 ] },
								"south": { "texture": "#furnwood14", "uv": [ 9.5, 7.0, 10.0, 9.0 ] },
								"west": { "texture": "#furnwood14", "uv": [ 11.0, 0.0, 13.5, 16.0 ], "rotation": 90, "autoUv": false },
								"up": { "texture": "#furnwood14", "uv": [ 3.5, 0.0, 4.0, 16.0 ] },
								"down": { "texture": "#furnwood14", "uv": [ 5.0, 0.0, 5.5, 16.0 ] }
							}
						}
					]
				}
			]
		}
	]}