{
	code: "fruitsyrupportion",
	class: "ItemLiquidPortion",
	matterState: "liquid",
	variantgroups: [
		{ code: "type", states: ["blueberry", "cranberry", "redcurrant", "whitecurrant", "blackcurrant", "mix", "saguaro", "pineapple"] },
	],
	attributes: {
		nutritionPropsWhenInMealByType: { 
			"*-mix": { satiety: 315, health: 6, foodcategory: "Fruit" },
			"*-saguaro": { satiety: 270, health: 4.5, foodcategory: "Fruit" },
			"*": { satiety: 270, health: 3, foodcategory: "Fruit" },
		},
		waterTightContainerProps: {
			containable: true,
			itemsPerLitre: 8,
			textureByType: { 
				"*-mix": {
					base: "game:item/liquid/fruitmix",
					overlays: ["game:item/liquid/syrup"],
				},
				"*": {
					base: "game:item/liquid/{type}",
					overlays: ["game:item/liquid/syrup"],
				},
			},
			allowSpill: true,
			whenSpilled: {
				action: "DropContents",
				stack: { type: "item", code: "expandedfoods:fruitsyrupportion-{type}" }
			}
		}
	},
	shape: { base: "game:item/liquid" },
	textureByType: { 
		"*-mix": {
			base: "game:item/liquid/fruitmix",
			overlays: ["game:item/liquid/syrup"],
		},
		"*": {
			base: "game:item/liquid/{type}",
			overlays: ["game:item/liquid/syrup"],
		},
	},
	transitionableProps: [{
    		type: "Perish",
    		freshHours: { avg: 17520 },
    		transitionHours: { avg: 17520 },
    		transitionedStack: { type: "item", code: "game:rot" },
    		transitionRatio: 0.25
  	}],
	nutritionPropsByType: {
		"*-mix": { saturation: 210, health: 4, foodcategory: "Fruit" },
		"*-saguaro": { saturation: 180, health: 3, foodcategory: "Fruit" },
		"*": { saturation: 180, health: 2, foodcategory: "Fruit" },
	},
	creativeinventory: { "general": ["*"], "items": ["*"] },
	maxstacksize: 16,
	materialDensity: 200,
	guiTransform: {
		rotation: { x: 128, y: 40, z: 7 },
		origin: { x: 0.5, y: 0, z: 0.5 },
		scale: 1.4
	},
	fpHandTransform: {
		translation: { x: 0, y: 0, z: 0 },
		rotation: { x: 42, y: 129, z: -30 }
	},
	tpHandTransform: {
		translation: { x: -1.5, y: -1, z: -1.4 },
	},
}
