{
	code: "strongwineportion",
	class: "TransLiquid",
	matterState: "liquid",
	variantgroups: [
		{ code: "type", states: ["blueberry", "cranberry", "redcurrant", "whitecurrant", "blackcurrant", "mix", "pineapple"] },
	],
	attributes: {
		nutritionPropsWhenInMealByType: {
			"*-mix": { satiety: 315, health: 6, foodcategory: "Fruit" },
			"*": { satiety: 270, health: 3, foodcategory: "Fruit" },
		},
		waterTightContainerProps: {
			containable: true,
			itemsPerLitre: 8,
			texture: { base: "game:item/liquid/{type}wine" },
			allowSpill: true,
			whenSpilled: {
				action: "DropContents",
				stack: { type: "item", code: "expandedfoods:strongwineportion-{type}" }
			}
		}
	},
	transitionableProps: [{
    		type: "Perish",
    		freshHours: { avg: 672 },
    		transitionHours: { avg: 288 },
    		transitionedStack: { type: "item", code: "game:rot" },
    		transitionRatio: 0.25
  	},
	{
    		type: "Cure",
    		freshHours: { avg: 672 },
    		transitionHours: { avg: 2016 },
    		transitionedStack: { type: "item", code: "expandedfoods:potentwineportion-{type}" },
    		transitionRatio: 1
  	}],
	shape: { base: "game:item/liquid" },
	texture: { base: "game:item/liquid/{type}wine", overlays: ["game:item/liquid/syrup"]},
	creativeinventory: { "general": ["*"], "items": ["*"] },
	maxstacksize: 16,
	materialDensity: 200,
	nutritionPropsByType: {
		"*-mix": { saturation: 210, health: 4, foodcategory: "Fruit" },
		"*": { saturation: 180, health: 2, foodcategory: "Fruit" },
	},
	guiTransform: {
		rotation: { x: 128, y: 40, z: 7 },
		origin: { x: 0.5, y: 0, z: 0.5 },
		scale: 1.4
	},
	fpHandTransform: {
		translation: { x: 0, y: 0, z: 0 },
		rotation: { x: 42, y: 129, z: -30 }
	},
	tpHandTransform: {
		translation: { x: -1.5, y: -1, z: -1.4 },
	},
}
