{
	code: "muffin",
  	class: "ExpandedFood",
	maxstacksize: 32,
	variantgroups: [
		{code: "state", states: ["dough", "partbaked", "cooked", "charred", "syruppartbaked", "syrup", "syrupcharred"]}
	],
	attributes: {
		displaycaseable: true,
		shelvable: true,
    		expandedNutritionPropsByType: {
			"*-dough": {
      				"game:milkportion" : { saturation: 60, foodcategory: "Dairy" },
      				"expandedfoods:pasteurizedmilkportion" : { saturation: 45, health: 1, foodcategory: "Dairy" },
				"game:fruit-cranberry" : { saturation: 90, foodcategory: "Fruit" },
				"game:fruit-blueberry" : { saturation: 120, foodcategory: "Fruit" },
				"game:fruit-redcurrant" : { saturation: 120, foodcategory: "Fruit" },
				"game:fruit-whitecurrant" : { saturation: 120, foodcategory: "Fruit" },
				"game:fruit-blackcurrant" : { saturation: 120, foodcategory: "Fruit" },
				"game:fruit-pineapple" : { saturation: 120, foodcategory: "Fruit" },
				"expandedfoods:dryfruit-cranberry" : { saturation: 75, foodcategory: "Fruit" },
				"expandedfoods:dryfruit-blueberry" : { saturation: 105, foodcategory: "Fruit" },
				"expandedfoods:dryfruit-redcurrant" : { saturation: 105, foodcategory: "Fruit" },
				"expandedfoods:dryfruit-whitecurrant" : { saturation: 105, foodcategory: "Fruit" },
				"expandedfoods:dryfruit-blackcurrant" : { saturation: 105, foodcategory: "Fruit" },
				"expandedfoods:dryfruit-pineapple" : { saturation: 105, foodcategory: "Fruit" },
      				"game:flour-rice" : { saturation: 170, foodcategory: "Grain" },
      				"game:flour-rye" : { saturation: 140, foodcategory: "Grain" },
      				"game:flour-spelt" : { saturation: 140, foodcategory: "Grain" },
      				"game:flour-cassava" : { saturation: 140, foodcategory: "Grain" },
      				"game:flour-amaranth" : { saturation: 140, foodcategory: "Grain" },
      				"game:flour-sunflower" : { saturation: 140, foodcategory: "Grain" },
				"game:egg-chicken-raw": { saturation: 150, foodcategory: "Protein"}
			},
			"*-syrup": {
      				"game:honeyportion" : { saturation: 60, health: 0.5, foodcategory: "Fruit" },
      				"expandedfoods:fruitsyrupportion-mix" : { saturation: 210, health: 4, foodcategory: "Fruit" },
      				"expandedfoods:fruitsyrupportion-saguaro" : { saturation: 180, health: 3, foodcategory: "Fruit" },
      				"expandedfoods:fruitsyrupportion-*" : { saturation: 180, health: 2, foodcategory: "Fruit" },
      				"expandedfoods:treesyrupportion-*" : { saturation: 80, health: 1, foodcategory: "Fruit" },
			},
		},
    		renderIngredientsByType: {
			"*-partbaked": {
      				"game:flour-flax" : "expandedfoods:shapes/item/food/bread/muffins/flaxmuffinpartbaked.json",
				"game:flour-rye" : "expandedfoods:shapes/item/food/bread/muffins/ryemuffinpartbaked.json",
				"game:flour-spelt" : "expandedfoods:shapes/item/food/bread/muffins/speltmuffinpartbaked.json",
				"game:flour-rice" : "expandedfoods:shapes/item/food/bread/muffins/ricemuffinpartbaked.json",
				"game:flour-cassava" : "expandedfoods:shapes/item/food/bread/muffins/cassavamuffinpartbaked.json",
				"game:flour-amaranth" : "expandedfoods:shapes/item/food/bread/muffins/amaranthmuffinpartbaked.json",
				"game:flour-sunflower" : "expandedfoods:shapes/item/food/bread/muffins/sunflowermuffinpartbaked.json",
				"game:fruit-cranberry" : "expandedfoods:shapes/item/food/bread/overlays/muffincranberry.json",
				"game:fruit-blueberry" : "expandedfoods:shapes/item/food/bread/overlays/muffinblueberry.json",
				"game:fruit-redcurrant" : "expandedfoods:shapes/item/food/bread/overlays/muffinredcurrant.json",
				"game:fruit-blackcurrant" : "expandedfoods:shapes/item/food/bread/overlays/muffinblackcurrant.json",
				"game:fruit-whitecurrant" : "expandedfoods:shapes/item/food/bread/overlays/muffinwhitecurrant.json",
				"game:fruit-pineapple" : "expandedfoods:shapes/item/food/bread/overlays/muffinpineapple.json",
				"expandedfoods:dryfruit-cranberry" : "expandedfoods:shapes/item/food/bread/overlays/muffincranberry.json",
				"expandedfoods:dryfruit-blueberry" : "expandedfoods:shapes/item/food/bread/overlays/muffinblueberry.json",
				"expandedfoods:dryfruit-redcurrant" : "expandedfoods:shapes/item/food/bread/overlays/muffinredcurrant.json",
				"expandedfoods:dryfruit-blackcurrant" : "expandedfoods:shapes/item/food/bread/overlays/muffinblackcurrant.json",
				"expandedfoods:dryfruit-whitecurrant" : "expandedfoods:shapes/item/food/bread/overlays/muffinwhitecurrant.json",
				"expandedfoods:dryfruit-pineapple" : "expandedfoods:shapes/item/food/bread/overlays/muffinpineapple.json",
			},
			"*-cooked": {
      				"game:flour-flax" : "expandedfoods:shapes/item/food/bread/muffins/flaxmuffin.json",
				"game:flour-rye" : "expandedfoods:shapes/item/food/bread/muffins/ryemuffin.json",
				"game:flour-spelt" : "expandedfoods:shapes/item/food/bread/muffins/speltmuffin.json",
				"game:flour-rice" : "expandedfoods:shapes/item/food/bread/muffins/ricemuffin.json",
				"game:flour-cassava" : "expandedfoods:shapes/item/food/bread/muffins/cassavamuffin.json",
				"game:flour-amaranth" : "expandedfoods:shapes/item/food/bread/muffins/amaranthmuffin.json",
				"game:flour-sunflower" : "expandedfoods:shapes/item/food/bread/muffins/sunflowermuffin.json",
				"game:fruit-cranberry" : "expandedfoods:shapes/item/food/bread/overlays/muffincranberry.json",
				"game:fruit-blueberry" : "expandedfoods:shapes/item/food/bread/overlays/muffinblueberry.json",
				"game:fruit-redcurrant" : "expandedfoods:shapes/item/food/bread/overlays/muffinredcurrant.json",
				"game:fruit-blackcurrant" : "expandedfoods:shapes/item/food/bread/overlays/muffinblackcurrant.json",
				"game:fruit-whitecurrant" : "expandedfoods:shapes/item/food/bread/overlays/muffinwhitecurrant.json",
				"game:fruit-pineapple" : "expandedfoods:shapes/item/food/bread/overlays/muffinpineapple.json",
				"expandedfoods:dryfruit-cranberry" : "expandedfoods:shapes/item/food/bread/overlays/muffincranberry.json",
				"expandedfoods:dryfruit-blueberry" : "expandedfoods:shapes/item/food/bread/overlays/muffinblueberry.json",
				"expandedfoods:dryfruit-redcurrant" : "expandedfoods:shapes/item/food/bread/overlays/muffinredcurrant.json",
				"expandedfoods:dryfruit-blackcurrant" : "expandedfoods:shapes/item/food/bread/overlays/muffinblackcurrant.json",
				"expandedfoods:dryfruit-whitecurrant" : "expandedfoods:shapes/item/food/bread/overlays/muffinwhitecurrant.json",
				"expandedfoods:dryfruit-pineapple" : "expandedfoods:shapes/item/food/bread/overlays/muffinpineapple.json",
			},
			"*-charred": {
      				"game:flour-flax" : "expandedfoods:shapes/item/food/bread/muffins/flaxmuffincharred.json",
				"game:flour-rye" : "expandedfoods:shapes/item/food/bread/muffins/ryemuffincharred.json",
				"game:flour-spelt" : "expandedfoods:shapes/item/food/bread/muffins/speltmuffincharred.json",
				"game:flour-rice" : "expandedfoods:shapes/item/food/bread/muffins/ricemuffincharred.json",
				"game:flour-cassava" : "expandedfoods:shapes/item/food/bread/muffins/cassavamuffincharred.json",
				"game:flour-amaranth" : "expandedfoods:shapes/item/food/bread/muffins/amaranthmuffincharred.json",
				"game:flour-sunflower" : "expandedfoods:shapes/item/food/bread/muffins/sunflowermuffincharred.json",
				"game:fruit-cranberry" : "expandedfoods:shapes/item/food/bread/overlays/muffincranberry.json",
				"game:fruit-blueberry" : "expandedfoods:shapes/item/food/bread/overlays/muffinblueberry.json",
				"game:fruit-redcurrant" : "expandedfoods:shapes/item/food/bread/overlays/muffinredcurrant.json",
				"game:fruit-blackcurrant" : "expandedfoods:shapes/item/food/bread/overlays/muffinblackcurrant.json",
				"game:fruit-whitecurrant" : "expandedfoods:shapes/item/food/bread/overlays/muffinwhitecurrant.json",
				"game:fruit-pineapple" : "expandedfoods:shapes/item/food/bread/overlays/muffinpineapple.json",
				"expandedfoods:dryfruit-cranberry" : "expandedfoods:shapes/item/food/bread/overlays/muffincranberry.json",
				"expandedfoods:dryfruit-blueberry" : "expandedfoods:shapes/item/food/bread/overlays/muffinblueberry.json",
				"expandedfoods:dryfruit-redcurrant" : "expandedfoods:shapes/item/food/bread/overlays/muffinredcurrant.json",
				"expandedfoods:dryfruit-blackcurrant" : "expandedfoods:shapes/item/food/bread/overlays/muffinblackcurrant.json",
				"expandedfoods:dryfruit-whitecurrant" : "expandedfoods:shapes/item/food/bread/overlays/muffinwhitecurrant.json",
				"expandedfoods:dryfruit-pineapple" : "expandedfoods:shapes/item/food/bread/overlays/muffinpineapple.json",
			},
			"*-dough": {
      				"game:flour-flax" : "expandedfoods:shapes/item/food/bread/muffins/flaxmuffin-dough.json",
				"game:flour-rye" : "expandedfoods:shapes/item/food/bread/muffins/ryemuffin-dough.json",
				"game:flour-spelt" : "expandedfoods:shapes/item/food/bread/muffins/speltmuffin-dough.json",
				"game:flour-rice" : "expandedfoods:shapes/item/food/bread/muffins/ricemuffin-dough.json",
				"game:flour-cassava" : "expandedfoods:shapes/item/food/bread/muffins/cassavamuffin-dough.json",
				"game:flour-amaranth" : "expandedfoods:shapes/item/food/bread/muffins/amaranthmuffin-dough.json",
				"game:flour-sunflower" : "expandedfoods:shapes/item/food/bread/muffins/sunflowermuffin-dough.json",
				"game:fruit-cranberry" : "expandedfoods:shapes/item/food/bread/overlays/muffincranberry.json",
				"game:fruit-blueberry" : "expandedfoods:shapes/item/food/bread/overlays/muffinblueberry.json",
				"game:fruit-redcurrant" : "expandedfoods:shapes/item/food/bread/overlays/muffinredcurrant.json",
				"game:fruit-blackcurrant" : "expandedfoods:shapes/item/food/bread/overlays/muffinblackcurrant.json",
				"game:fruit-whitecurrant" : "expandedfoods:shapes/item/food/bread/overlays/muffinwhitecurrant.json",
				"game:fruit-pineapple" : "expandedfoods:shapes/item/food/bread/overlays/muffinpineapple.json",
				"expandedfoods:dryfruit-cranberry" : "expandedfoods:shapes/item/food/bread/overlays/muffincranberry.json",
				"expandedfoods:dryfruit-blueberry" : "expandedfoods:shapes/item/food/bread/overlays/muffinblueberry.json",
				"expandedfoods:dryfruit-redcurrant" : "expandedfoods:shapes/item/food/bread/overlays/muffinredcurrant.json",
				"expandedfoods:dryfruit-blackcurrant" : "expandedfoods:shapes/item/food/bread/overlays/muffinblackcurrant.json",
				"expandedfoods:dryfruit-whitecurrant" : "expandedfoods:shapes/item/food/bread/overlays/muffinwhitecurrant.json",
				"expandedfoods:dryfruit-pineapple" : "expandedfoods:shapes/item/food/bread/overlays/muffinpineapple.json",
			},
			"*-syruppartbaked": {
      				"game:flour-flax" : "expandedfoods:shapes/item/food/bread/muffins/flaxmuffinpartbaked.json",
				"game:flour-rye" : "expandedfoods:shapes/item/food/bread/muffins/ryemuffinpartbaked.json",
				"game:flour-spelt" : "expandedfoods:shapes/item/food/bread/muffins/speltmuffinpartbaked.json",
				"game:flour-rice" : "expandedfoods:shapes/item/food/bread/muffins/ricemuffinpartbaked.json",
				"game:flour-cassava" : "expandedfoods:shapes/item/food/bread/muffins/cassavamuffinpartbaked.json",
				"game:flour-amaranth" : "expandedfoods:shapes/item/food/bread/muffins/amaranthmuffinpartbaked.json",
				"game:flour-sunflower" : "expandedfoods:shapes/item/food/bread/muffins/sunflowermuffinpartbaked.json",
				"game:fruit-cranberry" : "expandedfoods:shapes/item/food/bread/overlays/muffincranberry.json",
				"game:fruit-blueberry" : "expandedfoods:shapes/item/food/bread/overlays/muffinblueberry.json",
				"game:fruit-redcurrant" : "expandedfoods:shapes/item/food/bread/overlays/muffinredcurrant.json",
				"game:fruit-blackcurrant" : "expandedfoods:shapes/item/food/bread/overlays/muffinblackcurrant.json",
				"game:fruit-whitecurrant" : "expandedfoods:shapes/item/food/bread/overlays/muffinwhitecurrant.json",
				"game:fruit-pineapple" : "expandedfoods:shapes/item/food/bread/overlays/muffinpineapple.json",
				"expandedfoods:dryfruit-cranberry" : "expandedfoods:shapes/item/food/bread/overlays/muffincranberry.json",
				"expandedfoods:dryfruit-blueberry" : "expandedfoods:shapes/item/food/bread/overlays/muffinblueberry.json",
				"expandedfoods:dryfruit-redcurrant" : "expandedfoods:shapes/item/food/bread/overlays/muffinredcurrant.json",
				"expandedfoods:dryfruit-blackcurrant" : "expandedfoods:shapes/item/food/bread/overlays/muffinblackcurrant.json",
				"expandedfoods:dryfruit-whitecurrant" : "expandedfoods:shapes/item/food/bread/overlays/muffinwhitecurrant.json",
				"expandedfoods:dryfruit-pineapple" : "expandedfoods:shapes/item/food/bread/overlays/muffinpineapple.json",
				"expandedfoods:treesyrupportion-birch": "expandedfoods:shapes/item/food/bread/overlays/syrup/muffinbirchsyrup.json",
				"expandedfoods:treesyrupportion-maple": "expandedfoods:shapes/item/food/bread/overlays/syrup/muffinmaplesyrup.json",
				"expandedfoods:fruitsyrupportion-blueberry": "expandedfoods:shapes/item/food/bread/overlays/syrup/muffinblueberrysyrup.json",
      				"expandedfoods:fruitsyrupportion-cranberry": "expandedfoods:shapes/item/food/bread/overlays/syrup/muffincranberrysyrup.json",
      				"expandedfoods:fruitsyrupportion-redcurrant": "expandedfoods:shapes/item/food/bread/overlays/syrup/muffinredcurrantsyrup.json",
      				"expandedfoods:fruitsyrupportion-blackcurrant": "expandedfoods:shapes/item/food/bread/overlays/syrup/muffinblackcurrantsyrup.json",
      				"expandedfoods:fruitsyrupportion-whitecurrant": "expandedfoods:shapes/item/food/bread/overlays/syrup/muffinwhitecurrantsyrup.json",
      				"expandedfoods:fruitsyrupportion-pineapple": "expandedfoods:shapes/item/food/bread/overlays/syrup/muffinpineapplesyrup.json",
      				"expandedfoods:fruitsyrupportion-mix": "expandedfoods:shapes/item/food/bread/overlays/syrup/muffinmixsyrup.json",
      				"expandedfoods:fruitsyrupportion-saguaro": "expandedfoods:shapes/item/food/bread/overlays/syrup/muffinsaguarosyrup.json",
				"game:honeyportion": "expandedfoods:shapes/item/food/bread/overlays/syrup/muffinhoney.json",
			},
			"*-syrup": {
      				"game:flour-flax" : "expandedfoods:shapes/item/food/bread/muffins/flaxmuffin.json",
				"game:flour-rye" : "expandedfoods:shapes/item/food/bread/muffins/ryemuffin.json",
				"game:flour-spelt" : "expandedfoods:shapes/item/food/bread/muffins/speltmuffin.json",
				"game:flour-rice" : "expandedfoods:shapes/item/food/bread/muffins/ricemuffin.json",
				"game:flour-cassava" : "expandedfoods:shapes/item/food/bread/muffins/cassavamuffin.json",
				"game:flour-amaranth" : "expandedfoods:shapes/item/food/bread/muffins/amaranthmuffin.json",
				"game:flour-sunflower" : "expandedfoods:shapes/item/food/bread/muffins/sunflowermuffin.json",
				"game:fruit-cranberry" : "expandedfoods:shapes/item/food/bread/overlays/muffincranberry.json",
				"game:fruit-blueberry" : "expandedfoods:shapes/item/food/bread/overlays/muffinblueberry.json",
				"game:fruit-redcurrant" : "expandedfoods:shapes/item/food/bread/overlays/muffinredcurrant.json",
				"game:fruit-blackcurrant" : "expandedfoods:shapes/item/food/bread/overlays/muffinblackcurrant.json",
				"game:fruit-whitecurrant" : "expandedfoods:shapes/item/food/bread/overlays/muffinwhitecurrant.json",
				"game:fruit-pineapple" : "expandedfoods:shapes/item/food/bread/overlays/muffinpineapple.json",
				"expandedfoods:dryfruit-cranberry" : "expandedfoods:shapes/item/food/bread/overlays/muffincranberry.json",
				"expandedfoods:dryfruit-blueberry" : "expandedfoods:shapes/item/food/bread/overlays/muffinblueberry.json",
				"expandedfoods:dryfruit-redcurrant" : "expandedfoods:shapes/item/food/bread/overlays/muffinredcurrant.json",
				"expandedfoods:dryfruit-blackcurrant" : "expandedfoods:shapes/item/food/bread/overlays/muffinblackcurrant.json",
				"expandedfoods:dryfruit-whitecurrant" : "expandedfoods:shapes/item/food/bread/overlays/muffinwhitecurrant.json",
				"expandedfoods:dryfruit-pineapple" : "expandedfoods:shapes/item/food/bread/overlays/muffinpineapple.json",
				"expandedfoods:treesyrupportion-birch": "expandedfoods:shapes/item/food/bread/overlays/syrup/muffinbirchsyrup.json",
				"expandedfoods:treesyrupportion-maple": "expandedfoods:shapes/item/food/bread/overlays/syrup/muffinmaplesyrup.json",
				"expandedfoods:fruitsyrupportion-blueberry": "expandedfoods:shapes/item/food/bread/overlays/syrup/muffinblueberrysyrup.json",
      				"expandedfoods:fruitsyrupportion-cranberry": "expandedfoods:shapes/item/food/bread/overlays/syrup/muffincranberrysyrup.json",
      				"expandedfoods:fruitsyrupportion-redcurrant": "expandedfoods:shapes/item/food/bread/overlays/syrup/muffinredcurrantsyrup.json",
      				"expandedfoods:fruitsyrupportion-blackcurrant": "expandedfoods:shapes/item/food/bread/overlays/syrup/muffinblackcurrantsyrup.json",
      				"expandedfoods:fruitsyrupportion-whitecurrant": "expandedfoods:shapes/item/food/bread/overlays/syrup/muffinwhitecurrantsyrup.json",
      				"expandedfoods:fruitsyrupportion-pineapple": "expandedfoods:shapes/item/food/bread/overlays/syrup/muffinpineapplesyrup.json",
      				"expandedfoods:fruitsyrupportion-mix": "expandedfoods:shapes/item/food/bread/overlays/syrup/muffinmixsyrup.json",
      				"expandedfoods:fruitsyrupportion-saguaro": "expandedfoods:shapes/item/food/bread/overlays/syrup/muffinsaguarosyrup.json",
				"game:honeyportion": "expandedfoods:shapes/item/food/bread/overlays/syrup/muffinhoney.json",
			},
			"*-syrupcharred": {
      				"game:flour-flax" : "expandedfoods:shapes/item/food/bread/muffins/flaxmuffincharred.json",
				"game:flour-rye" : "expandedfoods:shapes/item/food/bread/muffins/ryemuffincharred.json",
				"game:flour-spelt" : "expandedfoods:shapes/item/food/bread/muffins/speltmuffincharred.json",
				"game:flour-rice" : "expandedfoods:shapes/item/food/bread/muffins/ricemuffincharred.json",
				"game:flour-cassava" : "expandedfoods:shapes/item/food/bread/muffins/cassavamuffincharred.json",
				"game:flour-amaranth" : "expandedfoods:shapes/item/food/bread/muffins/amaranthmuffincharred.json",
				"game:flour-sunflower" : "expandedfoods:shapes/item/food/bread/muffins/sunflowermuffincharred.json",
				"game:fruit-cranberry" : "expandedfoods:shapes/item/food/bread/overlays/muffincranberry.json",
				"game:fruit-blueberry" : "expandedfoods:shapes/item/food/bread/overlays/muffinblueberry.json",
				"game:fruit-redcurrant" : "expandedfoods:shapes/item/food/bread/overlays/muffinredcurrant.json",
				"game:fruit-blackcurrant" : "expandedfoods:shapes/item/food/bread/overlays/muffinblackcurrant.json",
				"game:fruit-whitecurrant" : "expandedfoods:shapes/item/food/bread/overlays/muffinwhitecurrant.json",
				"game:fruit-pineapple" : "expandedfoods:shapes/item/food/bread/overlays/muffinpineapple.json",
				"expandedfoods:dryfruit-cranberry" : "expandedfoods:shapes/item/food/bread/overlays/muffincranberry.json",
				"expandedfoods:dryfruit-blueberry" : "expandedfoods:shapes/item/food/bread/overlays/muffinblueberry.json",
				"expandedfoods:dryfruit-redcurrant" : "expandedfoods:shapes/item/food/bread/overlays/muffinredcurrant.json",
				"expandedfoods:dryfruit-blackcurrant" : "expandedfoods:shapes/item/food/bread/overlays/muffinblackcurrant.json",
				"expandedfoods:dryfruit-whitecurrant" : "expandedfoods:shapes/item/food/bread/overlays/muffinwhitecurrant.json",
				"expandedfoods:dryfruit-pineapple" : "expandedfoods:shapes/item/food/bread/overlays/muffinpineapple.json",
				"expandedfoods:treesyrupportion-birch": "expandedfoods:shapes/item/food/bread/overlays/syrup/muffinbirchsyrup.json",
				"expandedfoods:treesyrupportion-maple": "expandedfoods:shapes/item/food/bread/overlays/syrup/muffinmaplesyrup.json",
				"expandedfoods:fruitsyrupportion-blueberry": "expandedfoods:shapes/item/food/bread/overlays/syrup/muffinblueberrysyrup.json",
      				"expandedfoods:fruitsyrupportion-cranberry": "expandedfoods:shapes/item/food/bread/overlays/syrup/muffincranberrysyrup.json",
      				"expandedfoods:fruitsyrupportion-redcurrant": "expandedfoods:shapes/item/food/bread/overlays/syrup/muffinredcurrantsyrup.json",
      				"expandedfoods:fruitsyrupportion-blackcurrant": "expandedfoods:shapes/item/food/bread/overlays/syrup/muffinblackcurrantsyrup.json",
      				"expandedfoods:fruitsyrupportion-whitecurrant": "expandedfoods:shapes/item/food/bread/overlays/syrup/muffinwhitecurrantsyrup.json",
      				"expandedfoods:fruitsyrupportion-pineapple": "expandedfoods:shapes/item/food/bread/overlays/syrup/muffinpineapplesyrup.json",
      				"expandedfoods:fruitsyrupportion-mix": "expandedfoods:shapes/item/food/bread/overlays/syrup/muffinmixsyrup.json",
      				"expandedfoods:fruitsyrupportion-saguaro": "expandedfoods:shapes/item/food/bread/overlays/syrup/muffinsaguarosyrup.json",
				"game:honeyportion": "expandedfoods:shapes/item/food/bread/overlays/syrup/muffinhoney.json",
			},
		},
		bakingPropertiesByType: {
			"*-dough": {
				temp: 160,
				levelFrom: 0.0,
				levelTo: 0.25,
				startScaleY: 0.95,
				endScaleY: 1.0,
				resultCode: "expandedfoods:muffin-partbaked",
			},
			"*-partbaked": {
				temp: 160,
				levelFrom: 0.25,
				levelTo: 0.5,
				startScaleY: 1.0,
				endScaleY: 1.05,
				resultCode: "expandedfoods:muffin-cooked",
				initialCode: "expandedfoods:muffin-dough"
			},
			"*-cooked": {
				temp: 160,
				levelFrom: 0.5,
				levelTo: 0.75,
				startScaleY: 1.05,
				endScaleY: 1.07,
				resultCode: "expandedfoods:muffin-charred",
				initialCode: "expandedfoods:muffin-partbaked"
			},
			"*-charred": {
				temp: 160,
				levelFrom: 0.75,
				levelTo: 1.0,
				startScaleY: 1.07,
				endScaleY: 1.0,
				initialCode: "expandedfoods:muffin-cooked"
			},
			"*-syruppartbaked": {
				temp: 160,
				levelFrom: 0.25,
				levelTo: 0.5,
				startScaleY: 1.0,
				endScaleY: 1.05,
				resultCode: "expandedfoods:muffin-syrup"
			},
			"*-syrup": {
				temp: 160,
				levelFrom: 0.5,
				levelTo: 0.75,
				startScaleY: 1.05,
				endScaleY: 1.07,
				resultCode: "expandedfoods:muffin-syrupcharred",
				initialCode: "expandedfoods:muffin-syruppartbaked"
			},
			"*-syrupcharred": {
				temp: 160,
				levelFrom: 0.75,
				levelTo: 1.0,
				startScaleY: 1.07,
				endScaleY: 1.0,
				initialCode: "expandedfoods:muffin-syrup"
			},
		},
		satMultByType: {
			"*-partbaked": 0.9,
			"*-cooked": 1,
			"*-charred": 0.8,
			"*-syruppartbaked": 0.9,
			"*-syrup": 1,
			"*-syrupcharred": 0.8
		},	
		onDisplayTransform: {
			rotation: { x: 0, y: 90, z: 0 },			
			translation: { x: 0, y: -0.125, z: 0 },
			scale: 0.75
		},
	},
	shape: { base: "expandedfoods:item/food/bread/muffins/flaxmuffin" },
  	textures: {
    		"flaxbread": {base: "game:item/food/grain/flaxbread" },
    		"ricebread": {base: "game:item/food/grain/ricebread" },
    		"speltbread": {base: "game:item/food/grain/speltbread" },
    		"ryebread": {base: "game:item/food/grain/ryebread" },
    		"cassavabread": {base: "game:item/food/grain/cassavabread" },
    		"amaranthbread": {base: "game:item/food/grain/amaranthbread" },
    		"sunflowerbread": {base: "game:item/food/grain/sunflowerbread" },
    		"flaxbread1": {base: "game:item/food/grain/flaxbread1" },
    		"ricebread1": {base: "game:item/food/grain/ricebread1" },
    		"speltbread1": {base: "game:item/food/grain/speltbread1" },
    		"ryebread1": {base: "game:item/food/grain/ryebread1" },
    		"cassavabread1": {base: "game:item/food/grain/cassavabread1" },
    		"amaranthbread1": {base: "game:item/food/grain/amaranthbread1" },
    		"sunflowerbread1": {base: "game:item/food/grain/sunflowerbread1" },
    		"flaxbread2": {base: "game:item/food/grain/flaxbread2" },
    		"ricebread2": {base: "game:item/food/grain/ricebread2" },
    		"speltbread2": {base: "game:item/food/grain/speltbread2" },
    		"ryebread2": {base: "game:item/food/grain/ryebread2" },
    		"cassavabread2": {base: "game:item/food/grain/cassavabread2" },
    		"amaranthbread2": {base: "game:item/food/grain/amaranthbread2" },
    		"sunflowerbread2": {base: "game:item/food/grain/sunflowerbread2" },
		"cranberry" : {base: "expandedfoods:item/food/grain/overlays/cranberry" },
		"blueberry" : {base: "expandedfoods:item/food/grain/overlays/blueberry" },
		"redcurrant" : {base: "expandedfoods:item/food/grain/overlays/redcurrant" },
		"blackcurrant" : {base: "expandedfoods:item/food/grain/overlays/blackcurrant" },
		"whitecurrant" : {base: "expandedfoods:item/food/grain/overlays/whitecurrant" },
		"pineapple" : {base: "expandedfoods:item/food/grain/overlays/pineapple" },
		"weaktannin": { base: "game:block/liquid/weaktannin"},
		"strongtannin": { base: "game:block/liquid/strongtannin"},
		"honey": { base: "game:block/liquid/honey"},
		"mixwine": { base: "game:item/liquid/mixwine"},
		"saguaro": { base: "game:item/liquid/saguaro"},
  	},
	creativeinventory: { "general": ["*"], "items": ["*"] },
	nutritionPropsByType: {
 		"*-partbaked": { saturation: 190, foodcategory: "Grain" },
 		"*-syruppartbaked": { saturation: 190, foodcategory: "Grain" },
 		"*-cooked": { saturation: 210, foodcategory: "Grain" },
 		"*-syrup": { saturation: 210, foodcategory: "Grain" },
 		"*-charred": { saturation: 170, foodcategory: "Grain" },
 		"*-syrupcharred": { saturation: 170, foodcategory: "Grain" },
	},
	transitionablePropsByType: { 
		"*-dough": [{
			type: "Perish",
			freshHours: { avg: 48 },
			transitionHours: { avg: 24 },
			transitionedStack: { type: "item", code: "game:rot" },
			transitionRatio: 1
		}],
		"*-charred": [{
			type: "Perish",
			freshHours: { avg: 864 },
			transitionHours: { avg: 72 },
			transitionedStack: { type: "item", code: "game:rot" },
			transitionRatio: 1
		}],
		"*-syrupcharred": [{
			type: "Perish",
			freshHours: { avg: 864 },
			transitionHours: { avg: 72 },
			transitionedStack: { type: "item", code: "game:rot" },
			transitionRatio: 1
		}],
		"*": [{
			type: "Perish",
			freshHours: { avg: 432 },
			transitionHours: { avg: 36 },
			transitionedStack: { type: "item", code: "game:rot" },
			transitionRatio: 1
		}],
	},
	combustiblePropsByType: {
		"*-dough": {
			meltingPoint: 160,
			meltingDuration: 15,
			smeltedRatio: 1,
			smeltingType: "bake",
			smeltedStack: { type: "item", code: "expandedfoods:muffin-charred" },
			requiresContainer: false
		},
		"*-partbaked": {
			meltingPoint: 160,
			meltingDuration: 15,
			smeltedRatio: 1,
			smeltingType: "bake",
			smeltedStack: { type: "item", code: "expandedfoods:muffin-charred" },
			requiresContainer: false
		},
		"*-cooked": {
			meltingPoint: 160,
			meltingDuration: 15,
			smeltedRatio: 1,
			smeltingType: "bake",
			smeltedStack: { type: "item", code: "expandedfoods:muffin-charred" },
			requiresContainer: false
		},
		"*-syruppartbaked": {
			meltingPoint: 160,
			meltingDuration: 15,
			smeltedRatio: 1,
			smeltingType: "bake",
			smeltedStack: { type: "item", code: "expandedfoods:muffin-syrupcharred" },
			requiresContainer: false
		},
		"*-syrup": {
			meltingPoint: 160,
			meltingDuration: 15,
			smeltedRatio: 1,
			smeltingType: "bake",
			smeltedStack: { type: "item", code: "expandedfoods:muffin-syrupcharred" },
			requiresContainer: false
		},
	},
	materialDensity: 200,
	guiTransform: {
		translation: { x: 2, y: 0, z: 0 },
		rotation: { x: -34, y: 30, z: 180 },
		origin: { x: 0.5, y: 0.07, z: 0.5 },
		scale: 4
	},
	groundTransform: {
		translation: { x: 0, y: 0, z: 0 },
		rotation: { x: 0, y: 0, z: 1 },
		origin: { x: 0.5, y: 0, z: 0.5 },
		scale: 4
	},
	fpHandTransform: {
		translation: { x: 0, y: 0.22, z: 0.2 },
		rotation: { x: 0, y: 0, z: 0 },
		origin: { x: 0.5, y: 0.1, z: 0.5 },
		scale: 2.5
	},
	tpHandTransform: {
		translation: { x: 0, y: 0, z: 0 },
		rotation: { x: 59, y: 87, z: 59 },
		origin: { x: 0.42, y: -0.85, z: -0.06 },
		scale: 0.8
	},
}
