{
	code: "mwindow",
	class: "BlockModularGlass",
	attributes: {
		isFence: false,
		handbook: {
			groupBy: ["mwindow-*"]
		}
	},
	variantgroups: [
		{ code: "wood", states: ["aged"], loadFromProperties: "block/wood" },
		{ code: "type", states: ["empty",  "n", "e", "s", "w", "u","d", "ns", "ew", "ud", "ne", "es", "sw", "nw","nu","eu","wu","su","nd","ed",
		"wd","sd", "nes", "new", "nsw", "esw","nud", "neu", "nwu", "nsu", "ned", "nwd", "nsd", "swu", "esu", "esd", "swd", "ewu", "ewd", 
		"wud", "eud", "sud", "nesw","nesu","nesd","newu","newd","nswu","nswd","nsud","nwud","eswu","eswd","esud","ewud","swud", "neud",
		"neswu","neswd","nesud","newud","nswud","eswud","neswud"] },
	],
	creativeinventory: { "general": ["mwindow-*-ew"], "decorative": ["mwindow-*-ew"] },	
	shapebytype: {
		"*-empty": { base: "block/glass/modularwindow/empty_mwindow" },
		"*-n": { base: "block/glass/modularwindow/n_mwindow", rotateY: 180 },
		"*-e": { base: "block/glass/modularwindow/n_mwindow", rotateY: 90 },
		"*-s": { base: "block/glass/modularwindow/n_mwindow", rotateY:   0 },
		"*-w": { base: "block/glass/modularwindow/n_mwindow", rotateY: 270 },
		"*-u": { base: "block/glass/modularwindow/empty_mwindow", rotateY: 0 },
		"*-d": { base: "block/glass/modularwindow/empty_mwindow", rotateY: 0 },

		
		"*-ns": { base: "block/glass/modularwindow/ns_mwindow", rotateY: 0 },
		"*-ew": { base: "block/glass/modularwindow/ns_mwindow", rotateY: 90 },
	    "*-ud": { base: "block/glass/modularwindow/empty_mwindow", rotateY: 0 },
	
		"*-ne": { base: "block/glass/modularwindow/es_mwindow", rotateY: 90 },
		"*-nw": { base: "block/glass/modularwindow/es_mwindow", rotateY: 180 },
		"*-es": { base: "block/glass/modularwindow/es_mwindow", rotateY: 0 },
		"*-sw": { base: "block/glass/modularwindow/es_mwindow", rotateY: 270 },
		
		"*-nu": { base: "block/glass/modularwindow/nu_mwindow", rotateY: 180 },
		"*-eu": { base: "block/glass/modularwindow/nu_mwindow", rotateY: 90 },
		"*-wu": { base: "block/glass/modularwindow/nu_mwindow", rotateY: 270 },
		"*-su": { base: "block/glass/modularwindow/nu_mwindow", rotateY: 0 },
		"*-nd": { base: "block/glass/modularwindow/nd_mwindow", rotateY: 180 },
		"*-ed": { base: "block/glass/modularwindow/nd_mwindow", rotateY: 90 },
		"*-wd": { base: "block/glass/modularwindow/nd_mwindow", rotateY: 270 },
		"*-sd": { base: "block/glass/modularwindow/nd_mwindow", rotateY: 0 },
		
		
		"*-nes": { base: "block/glass/modularwindow/nes_mwindow", rotateY: 0 },
		"*-new": { base: "block/glass/modularwindow/nes_mwindow", rotateY: 90 },
		"*-nsw": { base: "block/glass/modularwindow/nes_mwindow", rotateY: 180 },
		"*-esw": { base: "block/glass/modularwindow/nes_mwindow", rotateY: 270 },
		
		"*-neu": { base: "block/glass/modularwindow/esu_mwindow", rotateY: 90 },
		"*-nwu": { base: "block/glass/modularwindow/esu_mwindow", rotateY: 180 },
		"*-esu": { base: "block/glass/modularwindow/esu_mwindow", rotateY: 0 },
		"*-swu": { base: "block/glass/modularwindow/esu_mwindow", rotateY: 270 },
		
		"*-ned": { base: "block/glass/modularwindow/esd_mwindow", rotateY: 90 },
		"*-nwd": { base: "block/glass/modularwindow/esd_mwindow", rotateY: 180 },
		"*-esd": { base: "block/glass/modularwindow/esd_mwindow", rotateY: 0 },
		"*-swd": { base: "block/glass/modularwindow/esd_mwindow", rotateY: 270 },
		
		"*-nud": { base: "block/glass/modularwindow/nud_mwindow", rotateY: 180 },
		"*-eud": { base: "block/glass/modularwindow/nud_mwindow", rotateY: 90 },
		"*-wud": { base: "block/glass/modularwindow/nud_mwindow", rotateY: 270 },
		"*-sud": { base: "block/glass/modularwindow/nud_mwindow", rotateY: 0 },
		
		"*-nsd": { base: "block/glass/modularwindow/nsd_mwindow", rotateY: 0 },
		"*-ewd": { base: "block/glass/modularwindow/nsd_mwindow", rotateY: 90 },
		"*-nsu": { base: "block/glass/modularwindow/nsu_mwindow", rotateY: 0 },
		"*-ewu": { base: "block/glass/modularwindow/nsu_mwindow", rotateY: 90 },
		
		
		"*-neud": { base: "block/glass/modularwindow/esud_mwindow", rotateY: 90 },
		"*-nwud": { base: "block/glass/modularwindow/esud_mwindow", rotateY: 180 },
		"*-esud": { base: "block/glass/modularwindow/esud_mwindow", rotateY: 0 },
		"*-swud": { base: "block/glass/modularwindow/esud_mwindow", rotateY: 270 },
		
		"*-nesu": { base: "block/glass/modularwindow/nesu_mwindow", rotateY: 0 },
		"*-newu": { base: "block/glass/modularwindow/nesu_mwindow", rotateY: 90 },
		"*-nswu": { base: "block/glass/modularwindow/nesu_mwindow", rotateY: 180 },
		"*-eswu": { base: "block/glass/modularwindow/nesu_mwindow", rotateY: 270 },
		
		"*-nesd": { base: "block/glass/modularwindow/nesd_mwindow", rotateY: 0 },
		"*-newd": { base: "block/glass/modularwindow/nesd_mwindow", rotateY: 90 },
		"*-nswd": { base: "block/glass/modularwindow/nesd_mwindow", rotateY: 180 },
		"*-eswd": { base: "block/glass/modularwindow/nesd_mwindow", rotateY: 270 },
		
		"*-nsud": { base: "block/glass/modularwindow/nsud_mwindow", rotateY: 0 },
		"*-ewud": { base: "block/glass/modularwindow/nsud_mwindow", rotateY: 90 },
		
		"*-nesw": { base: "block/glass/modularwindow/nesw_mwindow", rotateY: 0 },
		
		
		"*-nesud": { base: "block/glass/modularwindow/nesud_mwindow", rotateY: 0 },
		"*-newud": { base: "block/glass/modularwindow/nesud_mwindow", rotateY: 90 },
		"*-nswud": { base: "block/glass/modularwindow/nesud_mwindow", rotateY: 180 },
		"*-eswud": { base: "block/glass/modularwindow/nesud_mwindow", rotateY: 270 },
		
		"*-neswu": { base: "block/glass/modularwindow/neswu_mwindow", rotateY: 0 },
		"*-neswd": { base: "block/glass/modularwindow/neswd_mwindow", rotateY: 0 },
		
		"*-neswud": { base: "block/glass/modularwindow/neswud_mwindow", rotateY: 0 }
		
		
	},
    drawtype: "json",
	blockmaterial: "Glass",
	textures: {
		"frame": { base: "frame" },
		"glass": { base: "glass" },
		"wood1": { base: "wood/{wood}" },
		"frame2": { base: "frame" },
		"squareglass": { base: "squareglass" }
	},
	sidesolid: {
		all: false
	},
	sideopaque: {
		all: false
	},
	resistance: 2,
	lightAbsorption: 0,
	sounds: {
		"place": "game:block/planks",
		"hit": "game:block/planks",
		"break": "game:block/planks",
		"walk": "game:walk/wood"
	},
	selectionboxbytype: {
		"*-empty": { x1: 0.375, y1: 0, z1: 0.375, x2: 0.625, y2: 1.0625, z2: 0.625 },
		"*-n": { x1: 0, y1: 0, z1: 0.375, x2: 1, y2: 1, z2:  0.625, rotateY: 270},
		"*-e": { x1: 0, y1: 0, z1: 0.375, x2: 1, y2: 1, z2:  0.625, rotateY: 180},
		"*-s": { x1: 0, y1: 0, z1: 0.375, x2: 1, y2: 1, z2:  0.625, rotateY: 90},
		"*-w": { x1: 0, y1: 0, z1: 0.375, x2: 1, y2: 1, z2:  0.625},
		"*-u": { x1: 0.375, y1: 0, z1: 0.375, x2: 0.625, y2: 1, z2: 0.625 },
		"*-d": { x1: 0.375, y1: 0, z1: 0.375, x2: 0.625, y2: 1, z2: 0.625 },
		
		"*-ns": { x1: 0, y1: 0, z1: 0.375, x2: 1, y2: 1, z2:  0.625, rotateY: 90},
		"*-ew": { x1: 0, y1: 0, z1: 0.375, x2: 1, y2: 1, z2:  0.625},
        "*-ud": { x1: 0.375, y1: 0, z1: 0.375, x2: 0.625, y2: 1, z2: 0.625 },
		"*-nsu": { x1: 0, y1: 0, z1: 0.375, x2: 1, y2: 1, z2:  0.625, rotateY: 90},
		"*-nsd": { x1: 0, y1: 0, z1: 0.375, x2: 1, y2: 1, z2:  0.625, rotateY: 90},
		"*-nsud": { x1: 0, y1: 0, z1: 0.375, x2: 1, y2: 1, z2:  0.625, rotateY: 90},
		"*-ewu": { x1: 0, y1: 0, z1: 0.375, x2: 1, y2: 1, z2:  0.625},
		"*-ewd": { x1: 0, y1: 0, z1: 0.375, x2: 1, y2: 1, z2:  0.625},
		"*-ewud": { x1: 0, y1: 0, z1: 0.375, x2: 1, y2: 1, z2:  0.625},
		"*-nu": { x1: 0, y1: 0, z1: 0.375, x2: 1, y2: 1, z2:  0.625, rotateY: 270},
		"*-eu": { x1: 0, y1: 0, z1: 0.375, x2: 1, y2: 1, z2:  0.625, rotateY: 180},
		"*-su": { x1: 0, y1: 0, z1: 0.375, x2: 1, y2: 1, z2:  0.625, rotateY: 90},
		"*-wu": { x1: 0, y1: 0, z1: 0.375, x2: 1, y2: 1, z2:  0.625},	
		"*-nd": { x1: 0, y1: 0, z1: 0.375, x2: 1, y2: 1, z2:  0.625, rotateY: 270},
		"*-ed": { x1: 0, y1: 0, z1: 0.375, x2: 1, y2: 1, z2:  0.625, rotateY: 180},
		"*-sd": { x1: 0, y1: 0, z1: 0.375, x2: 1, y2: 1, z2:  0.625, rotateY: 90},
		"*-wd": { x1: 0, y1: 0, z1: 0.375, x2: 1, y2: 1, z2:  0.625},
		"*-nud": { x1: 0, y1: 0, z1: 0.375, x2: 1, y2: 1, z2:  0.625, rotateY: 270},
		"*-eud": { x1: 0, y1: 0, z1: 0.375, x2: 1, y2: 1, z2:  0.625, rotateY: 180},
		"*-sud": { x1: 0, y1: 0, z1: 0.375, x2: 1, y2: 1, z2:  0.625, rotateY: 90},
		"*-wud": { x1: 0, y1: 0, z1: 0.375, x2: 1, y2: 1, z2:  0.625}
		
	},
	selectionboxesbytype: {
		"*-sw": [ { x1: 0.375, y1: 0, z1: 0.375, x2: 0.625, y2: 1, z2: 1 }, { x1: 0, y1: 0, z1: 0.375, x2: 0.375, y2: 1, z2: 0.625, rotateY: 0 } ],
		"*-ne": [ { x1: 0.375, y1: 0, z1: 0.375, x2: 0.625, y2: 1, z2: 1, rotateY: 180 }, { x1: 0, y1: 0, z1: 0.375, x2: 0.375, y2: 1, z2: 0.625, rotateY: 180 } ] ,
		"*-nw": [ { x1: 0.375, y1: 0, z1: 0.375, x2: 0.625, y2: 1, z2: 1, rotateY: 270 }, { x1: 0, y1: 0, z1: 0.375, x2: 0.375, y2: 1, z2: 0.625, rotateY: 270 } ],
		"*-es": [ { x1: 0.375, y1: 0, z1: 0.375, x2: 0.625, y2: 1, z2: 1, rotateY: 90 }, { x1: 0, y1: 0, z1: 0.375, x2: 0.375, y2: 1, z2: 0.625, rotateY: 90 } ],
		"*-swu": [ { x1: 0.375, y1: 0, z1: 0.375, x2: 0.625, y2: 1, z2: 1 }, { x1: 0, y1: 0, z1: 0.375, x2: 0.375, y2: 1, z2: 0.625, rotateY: 0 } ],
		"*-neu": [ { x1: 0.375, y1: 0, z1: 0.375, x2: 0.625, y2: 1, z2: 1, rotateY: 180 }, { x1: 0, y1: 0, z1: 0.375, x2: 0.375, y2: 1, z2: 0.625, rotateY: 180 } ] ,
		"*-nwu": [ { x1: 0.375, y1: 0, z1: 0.375, x2: 0.625, y2: 1, z2: 1, rotateY: 270 }, { x1: 0, y1: 0, z1: 0.375, x2: 0.375, y2: 1, z2: 0.625, rotateY: 270 } ],
		"*-esu": [ { x1: 0.375, y1: 0, z1: 0.375, x2: 0.625, y2: 1, z2: 1, rotateY: 90 }, { x1: 0, y1: 0, z1: 0.375, x2: 0.375, y2: 1, z2: 0.625, rotateY: 90 } ],
		"*-swd": [ { x1: 0.375, y1: 0, z1: 0.375, x2: 0.625, y2: 1, z2: 1 }, { x1: 0, y1: 0, z1: 0.375, x2: 0.375, y2: 1, z2: 0.625, rotateY: 0 } ],
		"*-ned": [ { x1: 0.375, y1: 0, z1: 0.375, x2: 0.625, y2: 1, z2: 1, rotateY: 180 }, { x1: 0, y1: 0, z1: 0.375, x2: 0.375, y2: 1, z2: 0.625, rotateY: 180 } ] ,
		"*-nwd": [ { x1: 0.375, y1: 0, z1: 0.375, x2: 0.625, y2: 1, z2: 1, rotateY: 270 }, { x1: 0, y1: 0, z1: 0.375, x2: 0.375, y2: 1, z2: 0.625, rotateY: 270 } ],
		"*-esd": [ { x1: 0.375, y1: 0, z1: 0.375, x2: 0.625, y2: 1, z2: 1, rotateY: 90 }, { x1: 0, y1: 0, z1: 0.375, x2: 0.375, y2: 1, z2: 0.625, rotateY: 90 } ],
		"*-swud": [ { x1: 0.375, y1: 0, z1: 0.375, x2: 0.625, y2: 1, z2: 1 }, { x1: 0, y1: 0, z1: 0.375, x2: 0.375, y2: 1, z2: 0.625, rotateY: 0 } ],
		"*-neud": [ { x1: 0.375, y1: 0, z1: 0.375, x2: 0.625, y2: 1, z2: 1, rotateY: 180 }, { x1: 0, y1: 0, z1: 0.375, x2: 0.375, y2: 1, z2: 0.625, rotateY: 180 } ] ,
		"*-nwud": [ { x1: 0.375, y1: 0, z1: 0.375, x2: 0.625, y2: 1, z2: 1, rotateY: 270 }, { x1: 0, y1: 0, z1: 0.375, x2: 0.375, y2: 1, z2: 0.625, rotateY: 270 } ],
		"*-esud": [ { x1: 0.375, y1: 0, z1: 0.375, x2: 0.625, y2: 1, z2: 1, rotateY: 90 }, { x1: 0, y1: 0, z1: 0.375, x2: 0.375, y2: 1, z2: 0.625, rotateY: 90 } ],
		
		"*-nes": [ { x1: 0.375, y1: 0, z1: 0, x2: 0.625, y2: 1, z2: 1, rotateY: 180 }, { x1: 0, y1: 0, z1: 0.375, x2: 0.375, y2: 1, z2: 0.625, rotateY: 180 } ],
		"*-new": [ { x1: 0.375, y1: 0, z1: 0, x2: 0.625, y2: 1, z2: 1, rotateY: 270 }, { x1: 0, y1: 0, z1: 0.375, x2: 0.375, y2: 1, z2: 0.625, rotateY: 270 } ],
		"*-nsw": [ { x1: 0.375, y1: 0, z1: 0, x2: 0.625, y2: 1, z2: 1, rotateY: 0 }, { x1: 0, y1: 0, z1: 0.375, x2: 0.375, y2: 1, z2: 0.625, rotateY: 0 } ],
		"*-esw": [ { x1: 0.375, y1: 0, z1: 0, x2: 0.625, y2: 1, z2: 1, rotateY: 90 }, { x1: 0, y1: 0, z1: 0.375, x2: 0.375, y2: 1, z2: 0.625, rotateY: 90 } ],
		"*-nesu": [ { x1: 0.375, y1: 0, z1: 0, x2: 0.625, y2: 1, z2: 1, rotateY: 180 }, { x1: 0, y1: 0, z1: 0.375, x2: 0.375, y2: 1, z2: 0.625, rotateY: 180 } ],
		"*-newu": [ { x1: 0.375, y1: 0, z1: 0, x2: 0.625, y2: 1, z2: 1, rotateY: 270 }, { x1: 0, y1: 0, z1: 0.375, x2: 0.375, y2: 1, z2: 0.625, rotateY: 270 } ],
		"*-nswu": [ { x1: 0.375, y1: 0, z1: 0, x2: 0.625, y2: 1, z2: 1, rotateY: 0 }, { x1: 0, y1: 0, z1: 0.375, x2: 0.375, y2: 1, z2: 0.625, rotateY: 0 } ],
		"*-eswu": [ { x1: 0.375, y1: 0, z1: 0, x2: 0.625, y2: 1, z2: 1, rotateY: 90 }, { x1: 0, y1: 0, z1: 0.375, x2: 0.375, y2: 1, z2: 0.625, rotateY: 90 } ],
		"*-nesd": [ { x1: 0.375, y1: 0, z1: 0, x2: 0.625, y2: 1, z2: 1, rotateY: 180 }, { x1: 0, y1: 0, z1: 0.375, x2: 0.375, y2: 1, z2: 0.625, rotateY: 180 } ],
		"*-newd": [ { x1: 0.375, y1: 0, z1: 0, x2: 0.625, y2: 1, z2: 1, rotateY: 270 }, { x1: 0, y1: 0, z1: 0.375, x2: 0.375, y2: 1, z2: 0.625, rotateY: 270 } ],
		"*-nswd": [ { x1: 0.375, y1: 0, z1: 0, x2: 0.625, y2: 1, z2: 1, rotateY: 0 }, { x1: 0, y1: 0, z1: 0.375, x2: 0.375, y2: 1, z2: 0.625, rotateY: 0 } ],
		"*-eswd": [ { x1: 0.375, y1: 0, z1: 0, x2: 0.625, y2: 1, z2: 1, rotateY: 90 }, { x1: 0, y1: 0, z1: 0.375, x2: 0.375, y2: 1, z2: 0.625, rotateY: 90 } ],
		"*-nesud": [ { x1: 0.375, y1: 0, z1: 0, x2: 0.625, y2: 1, z2: 1, rotateY: 180 }, { x1: 0, y1: 0, z1: 0.375, x2: 0.375, y2: 1, z2: 0.625, rotateY: 180 } ],
		"*-newud": [ { x1: 0.375, y1: 0, z1: 0, x2: 0.625, y2: 1, z2: 1, rotateY: 270 }, { x1: 0, y1: 0, z1: 0.375, x2: 0.375, y2: 1, z2: 0.625, rotateY: 270 } ],
		"*-nswud": [ { x1: 0.375, y1: 0, z1: 0, x2: 0.625, y2: 1, z2: 1, rotateY: 0 }, { x1: 0, y1: 0, z1: 0.375, x2: 0.375, y2: 1, z2: 0.625, rotateY: 0 } ],
		"*-eswud": [ { x1: 0.375, y1: 0, z1: 0, x2: 0.625, y2: 1, z2: 1, rotateY: 90 }, { x1: 0, y1: 0, z1: 0.375, x2: 0.375, y2: 1, z2: 0.625, rotateY: 90 } ],
		
		"*-nesw": [ { x1: 0.375, y1: 0, z1: 0, x2: 0.625, y2: 1, z2: 1 }, { x1: 0, y1: 0, z1: 0.375, x2: 1, y2: 1, z2: 0.625 } ],
		"*-neswu": [ { x1: 0.375, y1: 0, z1: 0, x2: 0.625, y2: 1, z2: 1 }, { x1: 0, y1: 0, z1: 0.375, x2: 1, y2: 1, z2: 0.625 } ],
		"*-neswd": [ { x1: 0.375, y1: 0, z1: 0, x2: 0.625, y2: 1, z2: 1 }, { x1: 0, y1: 0, z1: 0.375, x2: 1, y2: 1, z2: 0.625 } ],
		"*-neswud": [ { x1: 0.375, y1: 0, z1: 0, x2: 0.625, y2: 1, z2: 1 }, { x1: 0, y1: 0, z1: 0.375, x2: 1, y2: 1, z2: 0.625 } ]
	},
	
	collisionboxbytype: {
		"*-empty": { x1: 0.375, y1: 0, z1: 0.375, x2: 0.625, y2: 1.0625, z2: 0.625 },
		"*-n": { x1: 0, y1: 0, z1: 0.375, x2: 1, y2: 1, z2:  0.625, rotateY: 270},
		"*-e": { x1: 0, y1: 0, z1: 0.375, x2: 1, y2: 1, z2:  0.625, rotateY: 180},
		"*-s": { x1: 0, y1: 0, z1: 0.375, x2: 1, y2: 1, z2:  0.625, rotateY: 90},
		"*-w": { x1: 0, y1: 0, z1: 0.375, x2: 1, y2: 1, z2:  0.625},
		"*-u": { x1: 0.375, y1: 0, z1: 0.375, x2: 0.625, y2: 1, z2: 0.625 },
		"*-d": { x1: 0.375, y1: 0, z1: 0.375, x2: 0.625, y2: 1, z2: 0.625 },
		
		"*-ns": { x1: 0, y1: 0, z1: 0.375, x2: 1, y2: 1, z2:  0.625, rotateY: 90},
		"*-ew": { x1: 0, y1: 0, z1: 0.375, x2: 1, y2: 1, z2:  0.625},
        "*-ud": { x1: 0.375, y1: 0, z1: 0.375, x2: 0.625, y2: 1, z2: 0.625 },
		"*-nsu": { x1: 0, y1: 0, z1: 0.375, x2: 1, y2: 1, z2:  0.625, rotateY: 90},
		"*-nsd": { x1: 0, y1: 0, z1: 0.375, x2: 1, y2: 1, z2:  0.625, rotateY: 90},
		"*-nsud": { x1: 0, y1: 0, z1: 0.375, x2: 1, y2: 1, z2:  0.625, rotateY: 90},
		"*-ewu": { x1: 0, y1: 0, z1: 0.375, x2: 1, y2: 1, z2:  0.625},
		"*-ewd": { x1: 0, y1: 0, z1: 0.375, x2: 1, y2: 1, z2:  0.625},
		"*-ewud": { x1: 0, y1: 0, z1: 0.375, x2: 1, y2: 1, z2:  0.625},
		"*-nu": { x1: 0, y1: 0, z1: 0.375, x2: 1, y2: 1, z2:  0.625, rotateY: 270},
		"*-eu": { x1: 0, y1: 0, z1: 0.375, x2: 1, y2: 1, z2:  0.625, rotateY: 180},
		"*-su": { x1: 0, y1: 0, z1: 0.375, x2: 1, y2: 1, z2:  0.625, rotateY: 90},
		"*-wu": { x1: 0, y1: 0, z1: 0.375, x2: 1, y2: 1, z2:  0.625},	
		"*-nd": { x1: 0, y1: 0, z1: 0.375, x2: 1, y2: 1, z2:  0.625, rotateY: 270},
		"*-ed": { x1: 0, y1: 0, z1: 0.375, x2: 1, y2: 1, z2:  0.625, rotateY: 180},
		"*-sd": { x1: 0, y1: 0, z1: 0.375, x2: 1, y2: 1, z2:  0.625, rotateY: 90},
		"*-wd": { x1: 0, y1: 0, z1: 0.375, x2: 1, y2: 1, z2:  0.625},
		"*-nud": { x1: 0, y1: 0, z1: 0.375, x2: 1, y2: 1, z2:  0.625, rotateY: 270},
		"*-eud": { x1: 0, y1: 0, z1: 0.375, x2: 1, y2: 1, z2:  0.625, rotateY: 180},
		"*-sud": { x1: 0, y1: 0, z1: 0.375, x2: 1, y2: 1, z2:  0.625, rotateY: 90},
		"*-wud": { x1: 0, y1: 0, z1: 0.375, x2: 1, y2: 1, z2:  0.625}
	},
	collisionboxesbytype: {
		"*-sw": [ { x1: 0.375, y1: 0, z1: 0.375, x2: 0.625, y2: 1, z2: 1 }, { x1: 0, y1: 0, z1: 0.375, x2: 0.375, y2: 1, z2: 0.625, rotateY: 0 } ],
		"*-ne": [ { x1: 0.375, y1: 0, z1: 0.375, x2: 0.625, y2: 1, z2: 1, rotateY: 180 }, { x1: 0, y1: 0, z1: 0.375, x2: 0.375, y2: 1, z2: 0.625, rotateY: 180 } ] ,
		"*-nw": [ { x1: 0.375, y1: 0, z1: 0.375, x2: 0.625, y2: 1, z2: 1, rotateY: 270 }, { x1: 0, y1: 0, z1: 0.375, x2: 0.375, y2: 1, z2: 0.625, rotateY: 270 } ],
		"*-es": [ { x1: 0.375, y1: 0, z1: 0.375, x2: 0.625, y2: 1, z2: 1, rotateY: 90 }, { x1: 0, y1: 0, z1: 0.375, x2: 0.375, y2: 1, z2: 0.625, rotateY: 90 } ],
		"*-swu": [ { x1: 0.375, y1: 0, z1: 0.375, x2: 0.625, y2: 1, z2: 1 }, { x1: 0, y1: 0, z1: 0.375, x2: 0.375, y2: 1, z2: 0.625, rotateY: 0 } ],
		"*-neu": [ { x1: 0.375, y1: 0, z1: 0.375, x2: 0.625, y2: 1, z2: 1, rotateY: 180 }, { x1: 0, y1: 0, z1: 0.375, x2: 0.375, y2: 1, z2: 0.625, rotateY: 180 } ] ,
		"*-nwu": [ { x1: 0.375, y1: 0, z1: 0.375, x2: 0.625, y2: 1, z2: 1, rotateY: 270 }, { x1: 0, y1: 0, z1: 0.375, x2: 0.375, y2: 1, z2: 0.625, rotateY: 270 } ],
		"*-esu": [ { x1: 0.375, y1: 0, z1: 0.375, x2: 0.625, y2: 1, z2: 1, rotateY: 90 }, { x1: 0, y1: 0, z1: 0.375, x2: 0.375, y2: 1, z2: 0.625, rotateY: 90 } ],
		"*-swd": [ { x1: 0.375, y1: 0, z1: 0.375, x2: 0.625, y2: 1, z2: 1 }, { x1: 0, y1: 0, z1: 0.375, x2: 0.375, y2: 1, z2: 0.625, rotateY: 0 } ],
		"*-ned": [ { x1: 0.375, y1: 0, z1: 0.375, x2: 0.625, y2: 1, z2: 1, rotateY: 180 }, { x1: 0, y1: 0, z1: 0.375, x2: 0.375, y2: 1, z2: 0.625, rotateY: 180 } ] ,
		"*-nwd": [ { x1: 0.375, y1: 0, z1: 0.375, x2: 0.625, y2: 1, z2: 1, rotateY: 270 }, { x1: 0, y1: 0, z1: 0.375, x2: 0.375, y2: 1, z2: 0.625, rotateY: 270 } ],
		"*-esd": [ { x1: 0.375, y1: 0, z1: 0.375, x2: 0.625, y2: 1, z2: 1, rotateY: 90 }, { x1: 0, y1: 0, z1: 0.375, x2: 0.375, y2: 1, z2: 0.625, rotateY: 90 } ],
		"*-swud": [ { x1: 0.375, y1: 0, z1: 0.375, x2: 0.625, y2: 1, z2: 1 }, { x1: 0, y1: 0, z1: 0.375, x2: 0.375, y2: 1, z2: 0.625, rotateY: 0 } ],
		"*-neud": [ { x1: 0.375, y1: 0, z1: 0.375, x2: 0.625, y2: 1, z2: 1, rotateY: 180 }, { x1: 0, y1: 0, z1: 0.375, x2: 0.375, y2: 1, z2: 0.625, rotateY: 180 } ] ,
		"*-nwud": [ { x1: 0.375, y1: 0, z1: 0.375, x2: 0.625, y2: 1, z2: 1, rotateY: 270 }, { x1: 0, y1: 0, z1: 0.375, x2: 0.375, y2: 1, z2: 0.625, rotateY: 270 } ],
		"*-esud": [ { x1: 0.375, y1: 0, z1: 0.375, x2: 0.625, y2: 1, z2: 1, rotateY: 90 }, { x1: 0, y1: 0, z1: 0.375, x2: 0.375, y2: 1, z2: 0.625, rotateY: 90 } ],
		
		"*-nes": [ { x1: 0.375, y1: 0, z1: 0, x2: 0.625, y2: 1, z2: 1, rotateY: 180 }, { x1: 0, y1: 0, z1: 0.375, x2: 0.375, y2: 1, z2: 0.625, rotateY: 180 } ],
		"*-new": [ { x1: 0.375, y1: 0, z1: 0, x2: 0.625, y2: 1, z2: 1, rotateY: 270 }, { x1: 0, y1: 0, z1: 0.375, x2: 0.375, y2: 1, z2: 0.625, rotateY: 270 } ],
		"*-nsw": [ { x1: 0.375, y1: 0, z1: 0, x2: 0.625, y2: 1, z2: 1, rotateY: 0 }, { x1: 0, y1: 0, z1: 0.375, x2: 0.375, y2: 1, z2: 0.625, rotateY: 0 } ],
		"*-esw": [ { x1: 0.375, y1: 0, z1: 0, x2: 0.625, y2: 1, z2: 1, rotateY: 90 }, { x1: 0, y1: 0, z1: 0.375, x2: 0.375, y2: 1, z2: 0.625, rotateY: 90 } ],
		"*-nesu": [ { x1: 0.375, y1: 0, z1: 0, x2: 0.625, y2: 1, z2: 1, rotateY: 180 }, { x1: 0, y1: 0, z1: 0.375, x2: 0.375, y2: 1, z2: 0.625, rotateY: 180 } ],
		"*-newu": [ { x1: 0.375, y1: 0, z1: 0, x2: 0.625, y2: 1, z2: 1, rotateY: 270 }, { x1: 0, y1: 0, z1: 0.375, x2: 0.375, y2: 1, z2: 0.625, rotateY: 270 } ],
		"*-nswu": [ { x1: 0.375, y1: 0, z1: 0, x2: 0.625, y2: 1, z2: 1, rotateY: 0 }, { x1: 0, y1: 0, z1: 0.375, x2: 0.375, y2: 1, z2: 0.625, rotateY: 0 } ],
		"*-eswu": [ { x1: 0.375, y1: 0, z1: 0, x2: 0.625, y2: 1, z2: 1, rotateY: 90 }, { x1: 0, y1: 0, z1: 0.375, x2: 0.375, y2: 1, z2: 0.625, rotateY: 90 } ],
		"*-nesd": [ { x1: 0.375, y1: 0, z1: 0, x2: 0.625, y2: 1, z2: 1, rotateY: 180 }, { x1: 0, y1: 0, z1: 0.375, x2: 0.375, y2: 1, z2: 0.625, rotateY: 180 } ],
		"*-newd": [ { x1: 0.375, y1: 0, z1: 0, x2: 0.625, y2: 1, z2: 1, rotateY: 270 }, { x1: 0, y1: 0, z1: 0.375, x2: 0.375, y2: 1, z2: 0.625, rotateY: 270 } ],
		"*-nswd": [ { x1: 0.375, y1: 0, z1: 0, x2: 0.625, y2: 1, z2: 1, rotateY: 0 }, { x1: 0, y1: 0, z1: 0.375, x2: 0.375, y2: 1, z2: 0.625, rotateY: 0 } ],
		"*-eswd": [ { x1: 0.375, y1: 0, z1: 0, x2: 0.625, y2: 1, z2: 1, rotateY: 90 }, { x1: 0, y1: 0, z1: 0.375, x2: 0.375, y2: 1, z2: 0.625, rotateY: 90 } ],
		"*-nesud": [ { x1: 0.375, y1: 0, z1: 0, x2: 0.625, y2: 1, z2: 1, rotateY: 180 }, { x1: 0, y1: 0, z1: 0.375, x2: 0.375, y2: 1, z2: 0.625, rotateY: 180 } ],
		"*-newud": [ { x1: 0.375, y1: 0, z1: 0, x2: 0.625, y2: 1, z2: 1, rotateY: 270 }, { x1: 0, y1: 0, z1: 0.375, x2: 0.375, y2: 1, z2: 0.625, rotateY: 270 } ],
		"*-nswud": [ { x1: 0.375, y1: 0, z1: 0, x2: 0.625, y2: 1, z2: 1, rotateY: 0 }, { x1: 0, y1: 0, z1: 0.375, x2: 0.375, y2: 1, z2: 0.625, rotateY: 0 } ],
		"*-eswud": [ { x1: 0.375, y1: 0, z1: 0, x2: 0.625, y2: 1, z2: 1, rotateY: 90 }, { x1: 0, y1: 0, z1: 0.375, x2: 0.375, y2: 1, z2: 0.625, rotateY: 90 } ],
		
		"*-nesw": [ { x1: 0.375, y1: 0, z1: 0, x2: 0.625, y2: 1, z2: 1 }, { x1: 0, y1: 0, z1: 0.375, x2: 1, y2: 1, z2: 0.625 } ],
		"*-neswu": [ { x1: 0.375, y1: 0, z1: 0, x2: 0.625, y2: 1, z2: 1 }, { x1: 0, y1: 0, z1: 0.375, x2: 1, y2: 1, z2: 0.625 } ],
		"*-neswd": [ { x1: 0.375, y1: 0, z1: 0, x2: 0.625, y2: 1, z2: 1 }, { x1: 0, y1: 0, z1: 0.375, x2: 1, y2: 1, z2: 0.625 } ],
		"*-neswud": [ { x1: 0.375, y1: 0, z1: 0, x2: 0.625, y2: 1, z2: 1 }, { x1: 0, y1: 0, z1: 0.375, x2: 1, y2: 1, z2: 0.625 } ]
	},

	materialDensity: 600
}