﻿[
	{
		"op": "add",
		"file": "game:config/remaps.json",
		"side": "server",
		"path": "/acorns:v0.4.3oldbread",
		"value": [
			"/iir remapq acorns:bread-acorn-flax-perfect acorns:bread-acorn-flax force",
			"/iir remapq acorns:bread-acorn-rice-perfect acorns:bread-acorn-rice force",
			"/iir remapq acorns:bread-acorn-rye-perfect acorns:bread-acorn-rye force",
			"/iir remapq acorns:bread-acorn-spelt-perfect acorns:bread-acorn-spelt force",
			"/iir remapq acorns:bread-acorn-cassava-perfect acorns:bread-acorn-cassava force",
			"/iir remapq acorns:bread-acorn-amaranth-perfect acorns:bread-acorn-amaranth force",
			"/iir remapq acorns:bread-acorn-sunflower-perfect acorns:bread-acorn-sunflower force"
		]
	},
	{
		"op": "add",
		"file": "game:config/remaps.json",
		"side": "server",
		"path": "/acorns:v0.5.0old",
		"value": [
			"/iir remapq game:dough-acornflax acorns:dough-acorn-flax force",
			"/iir remapq game:dough-acornrice acorns:dough-acorn-rice force",
			"/iir remapq game:dough-acornrye acorns:dough-acorn-rye force",
			"/iir remapq game:dough-acornspelt acorns:dough-acorn-spelt force",
			"/iir remapq game:dough-acorncassava acorns:dough-acorn-cassava force",
			"/iir remapq game:dough-acornamaranth acorns:dough-acorn-amaranth force",
			"/iir remapq game:dough-acornsunflower acorns:dough-acorn-sunflower force",

			"/iir remapq game:bread-acornflax-partbaked acorns:bread-acorn-flax-partbaked force",
			"/iir remapq game:bread-acornrice-partbaked acorns:bread-acorn-rice-partbaked force",
			"/iir remapq game:bread-acornrye-partbaked acorns:bread-acorn-rye-partbaked force",
			"/iir remapq game:bread-acornspelt-partbaked acorns:bread-acorn-spelt-partbaked force",
			"/iir remapq game:bread-acorncassava-partbaked acorns:bread-acorn-cassava-partbaked force",
			"/iir remapq game:bread-acornamaranth-partbaked acorns:bread-acorn-amaranth-partbaked force",
			"/iir remapq game:bread-acornsunflower-partbaked acorns:bread-acorn-sunflower-partbaked force",

			"/iir remapq game:bread-acornflax-perfect acorns:bread-acorn-flax-perfect force",
			"/iir remapq game:bread-acornrice-perfect acorns:bread-acorn-rice-perfect force",
			"/iir remapq game:bread-acornrye-perfect acorns:bread-acorn-rye-perfect force",
			"/iir remapq game:bread-acornspelt-perfect acorns:bread-acorn-spelt-perfect force",
			"/iir remapq game:bread-acorncassava-perfect acorns:bread-acorn-cassava-perfect force",
			"/iir remapq game:bread-acornamaranth-perfect acorns:bread-acorn-amaranth-perfect force",
			"/iir remapq game:bread-acornsunflower-perfect acorns:bread-acorn-sunflower-perfect force",

			"/iir remapq game:bread-acornflax-charred acorns:bread-acorn-flax-charred force",
			"/iir remapq game:bread-acornrice-charred acorns:bread-acorn-rice-charred force",
			"/iir remapq game:bread-acornrye-charred acorns:bread-acorn-rye-charred force",
			"/iir remapq game:bread-acornspelt-charred acorns:bread-acorn-spelt-charred force",
			"/iir remapq game:bread-acorncassava-charred acorns:bread-acorn-cassava-charred force",
			"/iir remapq game:bread-acornamaranth-charred acorns:bread-acorn-amaranth-charred force",
			"/iir remapq game:bread-acornsunflower-charred acorns:bread-acorn-sunflower-charred force",
		]
	}
]