{
	"editor": {
		"allAngles": false,
		"entityTextureMode": false
	},
	"textureWidth": 16,
	"textureHeight": 16,
	"textureSizes": {
	},
	"textures": {
		"metal": "",
		"stick": "",
		"base": ""
	},
	"elements": [
		{
			"name": "firework",
			"from": [ 6.875, 2.75, 6.8 ], 
			"to": [ 6.875, 2.75, 6.8 ], 
			"rotationOrigin": [ 6.875, 2.75, 6.62 ],
			"faces": {
				"north": { "texture": "#null", "uv": [ 0.0, 0.0, 0.5, 0.5 ], "enabled": false },
				"east": { "texture": "#null", "uv": [ 0.0, 0.0, 0.5, 0.5 ], "enabled": false },
				"south": { "texture": "#null", "uv": [ 0.0, 0.0, 0.5, 0.5 ], "enabled": false },
				"west": { "texture": "#null", "uv": [ 0.0, 0.0, 0.5, 0.5 ], "enabled": false },
				"up": { "texture": "#null", "uv": [ 0.0, 0.0, 0.5, 0.5 ], "enabled": false },
				"down": { "texture": "#null", "uv": [ 0.0, 0.0, 0.5, 0.5 ], "enabled": false }
			},
			"children": [
				{
					"name": "body",
					"from": [ 0.125, 0.25, 0.13 ], 
					"to": [ 2.125, 5.25, 2.13 ], 
					"rotationOrigin": [ 3.125, 0.25, 1.38 ],
					"faces": {
						"north": { "texture": "#base", "uv": [ 0.0, 0.0, 2.0, 5.0 ] },
						"east": { "texture": "#base", "uv": [ 0.0, 0.0, 2.0, 5.0 ] },
						"south": { "texture": "#base", "uv": [ 0.0, 0.0, 2.0, 5.0 ] },
						"west": { "texture": "#base", "uv": [ 0.0, 0.0, 2.0, 5.0 ] },
						"up": { "texture": "#base", "uv": [ 0.0, 0.0, 2.0, 2.0 ] },
						"down": { "texture": "#base", "uv": [ 0.0, 0.0, 2.0, 2.0 ] }
					}
				},
				{
					"name": "captop",
					"from": [ 0.0, 5.0, 0.0 ], 
					"to": [ 2.25, 5.5, 2.25 ], 
					"rotationOrigin": [ 3.125, 5.25, 1.38 ],
					"faces": {
						"north": { "texture": "#metal", "uv": [ 0.0, 0.0, 8.0, 2.0 ], "autoUv": false },
						"east": { "texture": "#metal", "uv": [ 8.0, 0.0, 16.0, 2.0 ], "autoUv": false },
						"south": { "texture": "#metal", "uv": [ 0.0, 2.0, 8.0, 4.0 ], "autoUv": false },
						"west": { "texture": "#metal", "uv": [ 8.0, 2.0, 16.0, 4.0 ], "autoUv": false },
						"up": { "texture": "#metal", "uv": [ 4.0, 3.5, 12.0, 11.5 ], "autoUv": false },
						"down": { "texture": "#metal", "uv": [ 4.0, 4.0, 12.0, 12.0 ], "autoUv": false }
					}
				},
				{
					"name": "capbottom",
					"from": [ 0.0, 0.0, 0.0 ], 
					"to": [ 2.25, 0.5, 2.25 ], 
					"rotationOrigin": [ 3.125, 0.25, 1.38 ],
					"faces": {
						"north": { "texture": "#metal", "uv": [ 0.0, 14.0, 8.0, 16.0 ], "autoUv": false },
						"east": { "texture": "#metal", "uv": [ 8.0, 14.0, 16.0, 16.0 ], "autoUv": false },
						"south": { "texture": "#metal", "uv": [ 0.0, 12.0, 8.0, 14.0 ], "autoUv": false },
						"west": { "texture": "#metal", "uv": [ 8.0, 12.0, 16.0, 14.0 ], "autoUv": false },
						"up": { "texture": "#metal", "uv": [ 4.0, 4.0, 12.0, 12.0 ], "autoUv": false },
						"down": { "texture": "#metal", "uv": [ 4.0, 4.0, 12.0, 12.0 ], "autoUv": false }
					}
				},
				{
					"name": "stick",
					"from": [ 1.0, -2.75, 0.075 ], 
					"to": [ 1.25, 5.75, 0.325 ], 
					"rotationOrigin": [ 1.125, -2.75, 0.2 ],
					"faces": {
						"north": { "texture": "#stick", "uv": [ 0.0, 0.0, 2.0, 16.0 ], "autoUv": false },
						"east": { "texture": "#stick", "uv": [ 2.0, 0.0, 4.0, 16.0 ], "autoUv": false },
						"south": { "texture": "#stick", "uv": [ 4.0, 0.0, 6.0, 16.0 ], "autoUv": false },
						"west": { "texture": "#stick", "uv": [ 6.0, 0.0, 8.0, 16.0 ], "autoUv": false },
						"up": { "texture": "#stick", "uv": [ 14.0, 14.0, 16.0, 16.0 ], "autoUv": false },
						"down": { "texture": "#stick", "uv": [ 14.0, 0.0, 16.0, 2.0 ], "autoUv": false }
					}
				}
			]
		}
	]}