{
	"editor": {
		"backDropShape": "entity/humanoid/seraph-hairless",
		"allAngles": true,
		"entityTextureMode": false
	},
	"textureWidth": 8,
	"textureHeight": 8,
	"textureSizes": {
	},
	"textures": {
		"temporal": "item/resource/temporalgear",
		"reedrope": "block/cloth/ropedcloth"
	},
	"elements": [
		{
			"name": "hideme",
			"stepParentName": "UpperTorso",
			"from": [ 2.0, 5.0, 3.0 ], 
			"to": [ 2.0, 5.0, 3.0 ], 
			"rotationOrigin": [ 2.0, 5.0, 3.0 ],
			"faces": {
				"north": { "texture": "#null", "uv": [ 0.0, 0.0, 0.5, 0.5 ], "enabled": false },
				"east": { "texture": "#null", "uv": [ 0.0, 0.0, 0.5, 0.5 ], "enabled": false },
				"south": { "texture": "#null", "uv": [ 0.0, 0.0, 0.5, 0.5 ], "enabled": false },
				"west": { "texture": "#null", "uv": [ 0.0, 0.0, 0.5, 0.5 ], "enabled": false },
				"up": { "texture": "#null", "uv": [ 0.0, 0.0, 0.5, 0.5 ], "enabled": false },
				"down": { "texture": "#null", "uv": [ 0.0, 0.0, 0.5, 0.5 ], "enabled": false }
			},
			"children": [
				{
					"name": "string back",
					"from": [ 2.2, 0.2, -1.4 ], 
					"to": [ 2.4, 0.4, 1.6 ], 
					"rotationOrigin": [ 2.3, 0.3, 0.1 ],
					"rotationZ": 45.0,
					"faces": {
						"north": { "texture": "#reedrope", "uv": [ 0.0, 0.0, 0.25, 0.25 ] },
						"east": { "texture": "#reedrope", "uv": [ 0.0, 0.0, 3.0, 0.25 ] },
						"south": { "texture": "#reedrope", "uv": [ 0.0, 0.0, 0.25, 0.25 ] },
						"west": { "texture": "#reedrope", "uv": [ 0.0, 0.0, 3.0, 0.25 ] },
						"up": { "texture": "#reedrope", "uv": [ 0.0, 0.0, 0.25, 3.0 ] },
						"down": { "texture": "#reedrope", "uv": [ 0.0, 0.0, 0.25, 3.0 ] }
					}
				},
				{
					"name": "string R2",
					"from": [ -1.0, 0.2, -1.5 ], 
					"to": [ 2.3, 0.4, -1.3 ], 
					"rotationOrigin": [ 0.4, 0.3, -1.4 ],
					"rotationX": 45.0,
					"faces": {
						"north": { "texture": "#reedrope", "uv": [ 0.0, 0.0, 3.25, 0.25 ] },
						"east": { "texture": "#reedrope", "uv": [ 0.0, 0.0, 0.25, 0.25 ] },
						"south": { "texture": "#reedrope", "uv": [ 0.0, 0.0, 3.25, 0.25 ] },
						"west": { "texture": "#reedrope", "uv": [ 0.0, 0.0, 0.25, 0.25 ] },
						"up": { "texture": "#reedrope", "uv": [ 0.0, 0.0, 3.25, 0.25 ] },
						"down": { "texture": "#reedrope", "uv": [ 0.0, 0.0, 3.25, 0.25 ] }
					}
				},
				{
					"name": "string L2",
					"from": [ -1.0, 0.2, 1.5 ], 
					"to": [ 2.3, 0.4, 1.7 ], 
					"rotationOrigin": [ 0.4, 0.3, 1.6 ],
					"rotationX": 45.0,
					"faces": {
						"north": { "texture": "#reedrope", "uv": [ 0.0, 0.0, 3.25, 0.25 ] },
						"east": { "texture": "#reedrope", "uv": [ 0.0, 0.0, 0.25, 0.25 ] },
						"south": { "texture": "#reedrope", "uv": [ 0.0, 0.0, 3.25, 0.25 ] },
						"west": { "texture": "#reedrope", "uv": [ 0.0, 0.0, 0.25, 0.25 ] },
						"up": { "texture": "#reedrope", "uv": [ 0.0, 0.0, 3.25, 0.25 ] },
						"down": { "texture": "#reedrope", "uv": [ 0.0, 0.0, 3.25, 0.25 ] }
					}
				},
				{
					"name": "string R3",
					"from": [ -2.3, -0.1, -1.0 ], 
					"to": [ -0.8, 0.1, -0.8 ], 
					"rotationOrigin": [ -1.8, 0.0, -0.9 ],
					"rotationY": 33.0,
					"rotationZ": 17.0,
					"faces": {
						"north": { "texture": "#reedrope", "uv": [ 0.0, 0.0, 1.5, 0.25 ] },
						"east": { "texture": "#reedrope", "uv": [ 0.0, 0.0, 0.25, 0.25 ] },
						"south": { "texture": "#reedrope", "uv": [ 0.0, 0.0, 1.5, 0.25 ] },
						"west": { "texture": "#reedrope", "uv": [ 0.0, 0.0, 0.25, 0.25 ] },
						"up": { "texture": "#reedrope", "uv": [ 0.0, 0.0, 1.5, 0.25 ] },
						"down": { "texture": "#reedrope", "uv": [ 0.0, 0.0, 1.5, 0.25 ] }
					}
				},
				{
					"name": "string L3",
					"from": [ -2.3, -0.1, 1.0 ], 
					"to": [ -0.8, 0.1, 1.2 ], 
					"rotationOrigin": [ -1.8, 0.0, 1.1 ],
					"rotationY": -33.0,
					"rotationZ": 17.0,
					"faces": {
						"north": { "texture": "#reedrope", "uv": [ 0.0, 0.0, 1.5, 0.25 ] },
						"east": { "texture": "#reedrope", "uv": [ 0.0, 0.0, 0.25, 0.25 ] },
						"south": { "texture": "#reedrope", "uv": [ 0.0, 0.0, 1.5, 0.25 ] },
						"west": { "texture": "#reedrope", "uv": [ 0.0, 0.0, 0.25, 0.25 ] },
						"up": { "texture": "#reedrope", "uv": [ 0.0, 0.0, 1.5, 0.25 ] },
						"down": { "texture": "#reedrope", "uv": [ 0.0, 0.0, 1.5, 0.25 ] }
					}
				}
			]
		},
		{
			"name": "base ",
			"from": [ 0.25, 2.15, 1.85 ], 
			"to": [ 0.75, 5.15, 2.45 ], 
			"rotationOrigin": [ 1.0, 3.65, 3.1 ],
			"rotationY": 89.0,
			"faces": {
				"north": { "texture": "#temporal", "uv": [ 0.0, 0.0, 0.5, 3.0 ] },
				"east": { "texture": "#temporal", "uv": [ 0.0, 0.0, 0.5, 3.0 ] },
				"south": { "texture": "#temporal", "uv": [ 9.0, 9.0, 9.5, 12.0 ] },
				"west": { "texture": "#temporal", "uv": [ 0.0, 0.0, 0.5, 3.0 ] },
				"up": { "texture": "#temporal", "uv": [ 7.0, 6.0, 7.5, 6.5 ] },
				"down": { "texture": "#temporal", "uv": [ 5.0, 5.0, 5.5, 5.5 ] }
			},
			"children": [
				{
					"name": "vertical",
					"from": [ 1.0, 0.0, 0.0 ], 
					"to": [ 1.5, 3.0, 0.6 ], 
					"faces": {
						"north": { "texture": "#temporal", "uv": [ 6.0, 5.0, 6.5, 8.0 ] },
						"east": { "texture": "#temporal", "uv": [ 5.0, 6.0, 5.5, 9.0 ] },
						"south": { "texture": "#temporal", "uv": [ 13.0, 10.0, 13.5, 13.0 ] },
						"west": { "texture": "#temporal", "uv": [ 0.0, 0.0, 0.5, 3.0 ] },
						"up": { "texture": "#temporal", "uv": [ 3.0, 4.0, 3.5, 4.5 ] },
						"down": { "texture": "#temporal", "uv": [ 0.0, 0.0, 0.5, 0.5 ] }
					},
					"children": [
						{
							"name": "Cube1",
							"from": [ 0.25, 1.75, -0.05 ], 
							"to": [ 0.35, 1.85, 0.95 ], 
							"rotationOrigin": [ 0.3, 1.25, 0.0 ],
							"faces": {
								"north": { "texture": "#temporal", "uv": [ 0.0, 0.0, 0.0, 0.0 ] },
								"east": { "texture": "#temporal", "uv": [ 0.0, 0.0, 1.0, 0.0 ] },
								"south": { "texture": "#temporal", "uv": [ 0.0, 0.0, 0.0, 0.0 ] },
								"west": { "texture": "#temporal", "uv": [ 0.0, 0.0, 1.0, 0.0 ] },
								"up": { "texture": "#temporal", "uv": [ 0.0, 0.0, 0.0, 1.0 ] },
								"down": { "texture": "#temporal", "uv": [ 0.0, 0.0, 0.0, 1.0 ] }
							}
						},
						{
							"name": "Cube10",
							"from": [ -0.75, 1.2, -0.15 ], 
							"to": [ -0.65, 1.3, 0.85 ], 
							"rotationOrigin": [ 0.3, 1.25, 0.0 ],
							"faces": {
								"north": { "texture": "#temporal", "uv": [ 0.0, 0.0, 0.0, 0.0 ] },
								"east": { "texture": "#temporal", "uv": [ 0.0, 0.0, 1.0, 0.0 ] },
								"south": { "texture": "#temporal", "uv": [ 0.0, 0.0, 0.0, 0.0 ] },
								"west": { "texture": "#temporal", "uv": [ 0.0, 0.0, 1.0, 0.0 ] },
								"up": { "texture": "#temporal", "uv": [ 0.0, 0.0, 0.0, 1.0 ] },
								"down": { "texture": "#temporal", "uv": [ 0.0, 0.0, 0.0, 1.0 ] }
							}
						},
						{
							"name": "Cube11",
							"from": [ -0.5, 2.0, 0.2 ], 
							"to": [ -0.4, 2.1, 1.2 ], 
							"rotationOrigin": [ 0.3, 1.25, 0.0 ],
							"faces": {
								"north": { "texture": "#temporal", "uv": [ 0.0, 0.0, 0.0, 0.0 ] },
								"east": { "texture": "#temporal", "uv": [ 0.0, 0.0, 1.0, 0.0 ] },
								"south": { "texture": "#temporal", "uv": [ 0.0, 0.0, 0.0, 0.0 ] },
								"west": { "texture": "#temporal", "uv": [ 0.0, 0.0, 1.0, 0.0 ] },
								"up": { "texture": "#temporal", "uv": [ 0.0, 0.0, 0.0, 1.0 ] },
								"down": { "texture": "#temporal", "uv": [ 0.0, 0.0, 0.0, 1.0 ] }
							}
						},
						{
							"name": "Cube12",
							"from": [ -0.1, 1.0, -0.25 ], 
							"to": [ 0.0, 1.1, 0.75 ], 
							"rotationOrigin": [ 0.3, 1.25, 0.0 ],
							"faces": {
								"north": { "texture": "#temporal", "uv": [ 0.0, 0.0, 0.0, 0.0 ] },
								"east": { "texture": "#temporal", "uv": [ 0.0, 0.0, 1.0, 0.0 ] },
								"south": { "texture": "#temporal", "uv": [ 0.0, 0.0, 0.0, 0.0 ] },
								"west": { "texture": "#temporal", "uv": [ 0.0, 0.0, 1.0, 0.0 ] },
								"up": { "texture": "#temporal", "uv": [ 0.0, 0.0, 0.0, 1.0 ] },
								"down": { "texture": "#temporal", "uv": [ 0.0, 0.0, 0.0, 1.0 ] }
							}
						}
					]
				},
				{
					"name": "horizontal 1",
					"from": [ -0.75, 1.75, -0.05 ], 
					"to": [ 2.25, 2.25, 0.65 ], 
					"faces": {
						"north": { "texture": "#temporal", "uv": [ 0.0, 1.0, 3.0, 1.5 ] },
						"east": { "texture": "#temporal", "uv": [ 4.0, 0.0, 4.5, 0.5 ] },
						"south": { "texture": "#temporal", "uv": [ 3.0, 7.0, 6.0, 7.5 ] },
						"west": { "texture": "#temporal", "uv": [ 6.0, 7.0, 6.5, 7.5 ] },
						"up": { "texture": "#temporal", "uv": [ 0.0, 1.0, 3.0, 1.5 ] },
						"down": { "texture": "#temporal", "uv": [ 0.0, 0.0, 3.0, 0.5 ] }
					}
				},
				{
					"name": "horizontal 2",
					"from": [ -0.75, 0.75, -0.05 ], 
					"to": [ 2.25, 1.25, 0.65 ], 
					"faces": {
						"north": { "texture": "#temporal", "uv": [ 0.0, 0.0, 3.0, 0.5 ] },
						"east": { "texture": "#temporal", "uv": [ 2.0, 11.0, 2.5, 11.5 ] },
						"south": { "texture": "#temporal", "uv": [ 9.0, 6.0, 12.0, 6.5 ] },
						"west": { "texture": "#temporal", "uv": [ 13.0, 12.0, 13.5, 12.5 ] },
						"up": { "texture": "#temporal", "uv": [ 0.0, 0.0, 3.0, 0.5 ] },
						"down": { "texture": "#temporal", "uv": [ 0.0, 0.0, 3.0, 0.5 ] }
					}
				},
				{
					"name": "secondary vertical 1",
					"from": [ -0.5, 0.25, 0.05 ], 
					"to": [ 0.0, 2.75, 0.55 ], 
					"faces": {
						"north": { "texture": "#temporal", "uv": [ 0.0, 0.0, 0.5, 2.5 ] },
						"east": { "texture": "#temporal", "uv": [ 0.0, 0.0, 0.5, 2.5 ] },
						"south": { "texture": "#temporal", "uv": [ 3.0, 3.0, 3.5, 5.5 ] },
						"west": { "texture": "#temporal", "uv": [ 0.0, 0.0, 0.5, 2.5 ] },
						"up": { "texture": "#temporal", "uv": [ 11.0, 4.0, 11.5, 4.5 ] },
						"down": { "texture": "#temporal", "uv": [ 3.0, 9.0, 3.5, 9.5 ] }
					}
				},
				{
					"name": "secondary vertical 2",
					"from": [ 1.5, 0.25, 0.05 ], 
					"to": [ 2.0, 2.75, 0.55 ], 
					"faces": {
						"north": { "texture": "#temporal", "uv": [ 0.0, 0.0, 0.5, 2.5 ] },
						"east": { "texture": "#temporal", "uv": [ 0.0, 0.0, 0.5, 2.5 ] },
						"south": { "texture": "#temporal", "uv": [ 6.0, 1.0, 6.5, 3.5 ] },
						"west": { "texture": "#temporal", "uv": [ 5.0, 6.0, 5.5, 8.5 ] },
						"up": { "texture": "#temporal", "uv": [ 5.0, 3.0, 5.5, 3.5 ] },
						"down": { "texture": "#temporal", "uv": [ 1.0, 10.0, 1.5, 10.5 ] }
					}
				},
				{
					"name": "cube up",
					"from": [ 0.5, 2.25, 0.05 ], 
					"to": [ 1.0, 2.75, 0.55 ], 
					"faces": {
						"north": { "texture": "#temporal", "uv": [ 5.0, 13.0, 5.5, 13.5 ] },
						"east": { "texture": "#temporal", "uv": [ 4.0, 6.0, 4.5, 6.5 ] },
						"south": { "texture": "#temporal", "uv": [ 8.0, 6.0, 8.5, 6.5 ] },
						"west": { "texture": "#temporal", "uv": [ 4.0, 11.0, 4.5, 11.5 ] },
						"up": { "texture": "#temporal", "uv": [ 3.0, 4.0, 3.5, 4.5 ] },
						"down": { "texture": "#temporal", "uv": [ 0.0, 0.0, 0.5, 0.5 ] }
					}
				},
				{
					"name": "Cube16",
					"from": [ 0.5, 0.25, 0.05 ], 
					"to": [ 1.0, 0.75, 0.55 ], 
					"faces": {
						"north": { "texture": "#temporal", "uv": [ 0.0, 0.0, 0.5, 0.5 ] },
						"east": { "texture": "#temporal", "uv": [ 0.0, 0.0, 0.5, 0.5 ] },
						"south": { "texture": "#temporal", "uv": [ 13.0, 15.0, 13.5, 15.5 ] },
						"west": { "texture": "#temporal", "uv": [ 0.0, 0.0, 0.5, 0.5 ] },
						"up": { "texture": "#temporal", "uv": [ 2.0, 3.0, 2.5, 3.5 ] },
						"down": { "texture": "#temporal", "uv": [ 2.0, 1.0, 2.5, 1.5 ] }
					}
				}
			]
		}
	]}