{
	"editor": {
		"allAngles": false,
		"entityTextureMode": false
	},
	"textureWidth": 16,
	"textureHeight": 16,
	"textureSizes": {
	},
	"textures": {
	},
	"elements": [
		{
			"name": "Cube5",
			"from": [ 7.5, 2.0, 3.0 ], 
			"to": [ 8.5, 3.0, 5.0 ], 
			"rotationOrigin": [ 7.0, 2.0, 3.0 ],
			"faces": {
				"north": { "texture": "#null", "uv": [ 0.0, 0.0, 1.0, 1.0 ] },
				"east": { "texture": "#null", "uv": [ 0.0, 0.0, 2.0, 1.0 ] },
				"south": { "texture": "#null", "uv": [ 0.0, 0.0, 1.0, 1.0 ] },
				"west": { "texture": "#null", "uv": [ 0.0, 0.0, 2.0, 1.0 ] },
				"up": { "texture": "#null", "uv": [ 0.0, 0.0, 1.0, 2.0 ] },
				"down": { "texture": "#null", "uv": [ 0.0, 0.0, 1.0, 2.0 ] }
			},
			"children": [
				{
					"name": "Cube4",
					"from": [ 0.0, 0.0, 4.0 ], 
					"to": [ 1.0, 1.0, 9.0 ], 
					"rotationOrigin": [ 0.0, 0.0, 4.0 ],
					"faces": {
						"north": { "texture": "#null", "uv": [ 0.0, 0.0, 1.0, 1.0 ] },
						"east": { "texture": "#null", "uv": [ 0.0, 0.0, 5.0, 1.0 ] },
						"south": { "texture": "#null", "uv": [ 0.0, 0.0, 1.0, 1.0 ] },
						"west": { "texture": "#null", "uv": [ 0.0, 0.0, 5.0, 1.0 ] },
						"up": { "texture": "#null", "uv": [ 0.0, 0.0, 1.0, 5.0 ] },
						"down": { "texture": "#null", "uv": [ 0.0, 0.0, 1.0, 5.0 ] }
					}
				},
				{
					"name": "Cube3",
					"from": [ 1.0, -2.0, 1.0 ], 
					"to": [ 2.0, 1.0, 9.0 ], 
					"rotationOrigin": [ 1.0, -2.0, 1.0 ],
					"faces": {
						"north": { "texture": "#null", "uv": [ 0.0, 0.0, 1.0, 3.0 ] },
						"east": { "texture": "#null", "uv": [ 0.0, 0.0, 8.0, 3.0 ] },
						"south": { "texture": "#null", "uv": [ 0.0, 0.0, 1.0, 3.0 ] },
						"west": { "texture": "#null", "uv": [ 0.0, 0.0, 8.0, 3.0 ] },
						"up": { "texture": "#null", "uv": [ 0.0, 0.0, 1.0, 8.0 ] },
						"down": { "texture": "#null", "uv": [ 0.0, 0.0, 1.0, 8.0 ] }
					}
				},
				{
					"name": "Cube2",
					"from": [ 0.0, -2.0, 1.0 ], 
					"to": [ 1.0, -1.0, 9.0 ], 
					"rotationOrigin": [ 0.0, -2.0, 1.0 ],
					"faces": {
						"north": { "texture": "#null", "uv": [ 0.0, 0.0, 1.0, 1.0 ] },
						"east": { "texture": "#null", "uv": [ 0.0, 0.0, 8.0, 1.0 ] },
						"south": { "texture": "#null", "uv": [ 0.0, 0.0, 1.0, 1.0 ] },
						"west": { "texture": "#null", "uv": [ 0.0, 0.0, 8.0, 1.0 ] },
						"up": { "texture": "#null", "uv": [ 0.0, 0.0, 1.0, 8.0 ] },
						"down": { "texture": "#null", "uv": [ 0.0, 0.0, 1.0, 8.0 ] }
					}
				},
				{
					"name": "Cube1",
					"from": [ -1.0, -2.0, 1.0 ], 
					"to": [ 0.0, 1.0, 9.0 ], 
					"rotationOrigin": [ -1.0, -2.0, 1.0 ],
					"faces": {
						"north": { "texture": "#null", "uv": [ 0.0, 0.0, 1.0, 3.0 ] },
						"east": { "texture": "#null", "uv": [ 0.0, 0.0, 8.0, 3.0 ] },
						"south": { "texture": "#null", "uv": [ 0.0, 0.0, 1.0, 3.0 ] },
						"west": { "texture": "#null", "uv": [ 0.0, 0.0, 8.0, 3.0 ] },
						"up": { "texture": "#null", "uv": [ 0.0, 0.0, 1.0, 8.0 ] },
						"down": { "texture": "#null", "uv": [ 0.0, 0.0, 1.0, 8.0 ] }
					}
				}
			]
		}
	]}