{
	"editor": {
		"allAngles": false,
		"entityTextureMode": false
	},
	"textureWidth": 16,
	"textureHeight": 16,
	"textureSizes": {
	},
	"textures": {
		"furnwood15": "furnwood15",
		"surface": "surface"
	},
	"elements": [
		{
			"name": "upper shelf",
			"from": [ 1.0, 8.0, 1.0 ], 
			"to": [ 15.0, 10.0, 13.0 ], 
			"rotationOrigin": [ 1.0, 2.0, 1.0 ],
			"faces": {
				"north": { "texture": "#surface", "uv": [ 0.0, 0.0, 14.0, 2.0 ] },
				"east": { "texture": "#surface", "uv": [ 0.0, 0.0, 12.0, 2.0 ] },
				"south": { "texture": "#surface", "uv": [ 0.0, 3.0, 14.0, 5.0 ] },
				"west": { "texture": "#surface", "uv": [ 2.0, 2.5, 14.0, 4.5 ] },
				"up": { "texture": "#surface", "uv": [ 0.0, 3.0, 14.0, 15.0 ] },
				"down": { "texture": "#surface", "uv": [ 0.0, 3.0, 14.0, 15.0 ] }
			}
		},
		{
			"name": "lower shelf",
			"from": [ 1.0, 0.0, 1.0 ], 
			"to": [ 15.0, 2.0, 13.0 ], 
			"rotationOrigin": [ 1.0, 2.0, 1.0 ],
			"faces": {
				"north": { "texture": "#surface", "uv": [ 0.0, 2.5, 14.0, 4.5 ] },
				"east": { "texture": "#surface", "uv": [ 2.0, 2.5, 14.0, 4.5 ] },
				"south": { "texture": "#surface", "uv": [ 0.5, 3.0, 14.5, 5.0 ] },
				"west": { "texture": "#surface", "uv": [ 0.5, 5.0, 12.5, 7.0 ] },
				"up": { "texture": "#surface", "uv": [ 0.0, 3.0, 14.0, 15.0 ] },
				"down": { "texture": "#furnwood15", "uv": [ 1.0, 3.0, 15.0, 15.0 ] }
			}
		},
		{
			"name": "handle 3",
			"from": [ 0.0, 0.0, 0.0 ], 
			"to": [ 16.0, 15.0, 1.0 ], 
			"rotationOrigin": [ -1.0, -2.0, 0.0 ],
			"faces": {
				"north": { "texture": "#furnwood15", "uv": [ 0.0, 1.0, 16.0, 16.0 ], "rotation": 180 },
				"east": { "texture": "#furnwood15", "uv": [ 15.0, 1.0, 16.0, 16.0 ] },
				"south": { "texture": "#furnwood15", "uv": [ 0.0, 1.0, 16.0, 16.0 ] },
				"west": { "texture": "#furnwood15", "uv": [ 2.0, 1.0, 3.0, 16.0 ] },
				"up": { "texture": "#furnwood15", "uv": [ -0.5, 9.0, 15.5, 10.0 ] },
				"down": { "texture": "#furnwood15", "uv": [ 0.0, 15.0, 16.0, 16.0 ] }
			}
		},
		{
			"name": "handle 4",
			"from": [ 1.0, 0.0, 17.0 ], 
			"to": [ 16.0, 15.0, 18.0 ], 
			"rotationOrigin": [ 0.0, -2.0, 17.0 ],
			"rotationY": 90.0,
			"faces": {
				"north": { "texture": "#furnwood15", "uv": [ 0.0, 1.0, 15.0, 16.0 ], "rotation": 180 },
				"east": { "texture": "#furnwood15", "uv": [ 9.5, 0.5, 10.5, 15.5 ] },
				"south": { "texture": "#furnwood15", "uv": [ 1.0, 1.0, 16.0, 16.0 ] },
				"west": { "texture": "#furnwood15", "uv": [ 5.0, 0.5, 6.0, 15.5 ] },
				"up": { "texture": "#furnwood15", "uv": [ 0.5, 10.5, 15.5, 11.5 ] },
				"down": { "texture": "#furnwood15", "uv": [ 15.0, 0.5, 16.0, 15.5 ], "rotation": 90 }
			}
		},
		{
			"name": "handle 5",
			"from": [ 16.0, 0.0, 17.0 ], 
			"to": [ 31.0, 15.0, 18.0 ], 
			"rotationOrigin": [ 15.0, -2.0, 17.0 ],
			"rotationY": 90.0,
			"faces": {
				"north": { "texture": "#furnwood15", "uv": [ 1.0, 1.0, 16.0, 16.0 ], "rotation": 180 },
				"east": { "texture": "#furnwood15", "uv": [ 5.5, 0.5, 6.5, 15.5 ] },
				"south": { "texture": "#furnwood15", "uv": [ 0.0, 1.0, 15.0, 16.0 ] },
				"west": { "texture": "#furnwood15", "uv": [ 5.0, 0.5, 6.0, 15.5 ] },
				"up": { "texture": "#furnwood15", "uv": [ -0.5, 9.5, 14.5, 10.5 ] },
				"down": { "texture": "#furnwood15", "uv": [ 0.0, 1.0, 1.0, 16.0 ], "rotation": 90 }
			}
		},
		{
			"name": "handle 6",
			"from": [ 2.0, 0.0, 17.0 ], 
			"to": [ 5.0, 1.0, 31.0 ], 
			"rotationOrigin": [ 1.0, -2.0, 17.0 ],
			"rotationY": 90.0,
			"faces": {
				"north": { "texture": "#furnwood15", "uv": [ 8.0, 8.5, 11.0, 9.5 ], "rotation": 180 },
				"east": { "texture": "#furnwood15", "uv": [ 2.0, 11.5, 16.0, 12.5 ] },
				"south": { "texture": "#furnwood15", "uv": [ 10.0, 13.0, 13.0, 14.0 ] },
				"west": { "texture": "#furnwood15", "uv": [ 12.5, 1.5, 13.5, 15.5 ], "rotation": 90 },
				"up": { "texture": "#furnwood15", "uv": [ 5.0, 1.5, 8.0, 15.5 ] },
				"down": { "texture": "#furnwood15", "uv": [ 1.0, 0.0, 15.0, 3.0 ], "rotation": 270 }
			}
		},
		{
			"name": "handle 7",
			"from": [ 1.0, 15.0, 17.0 ], 
			"to": [ 17.0, 16.0, 33.0 ], 
			"rotationOrigin": [ 0.0, 13.0, 17.0 ],
			"rotationY": 90.0,
			"faces": {
				"north": { "texture": "#furnwood15", "uv": [ 0.0, 13.5, 16.0, 14.5 ], "rotation": 180 },
				"east": { "texture": "#furnwood15", "uv": [ 0.0, 11.5, 16.0, 12.5 ], "rotation": 180 },
				"south": { "texture": "#furnwood15", "uv": [ 0.0, 13.0, 16.0, 14.0 ] },
				"west": { "texture": "#furnwood15", "uv": [ 4.5, 0.0, 5.5, 16.0 ], "rotation": 90 },
				"up": { "texture": "#furnwood15", "uv": [ 0.0, 0.0, 16.0, 16.0 ] },
				"down": { "texture": "#furnwood15", "uv": [ 0.0, 0.0, 16.0, 16.0 ] }
			}
		}
	]}