{
	"editor": {
		"allAngles": false,
		"entityTextureMode": false
	},
	"textureWidth": 16,
	"textureHeight": 16,

	"elements": [
		{
			"name": "Middle",
			"from": [ 5.0007, 0.0, 16.0 ], 
			"to": [ 6.0007, 16.0, 22.0 ], 
			"rotationOrigin": [ 5.0, 15.9, 16.0 ],
			"rotationY": 89.9802127184967,
			"faces": {
				"north": { "texture": "#stone1", "uv": [ 2.0, 0.0, 3.0, 16.0 ] },
				"east": { "texture": "#stone1", "uv": [ 3.0, 0.0, 9.0, 16.0 ] },
				"south": { "texture": "#stone1", "uv": [ 5.5, 0.0, 6.5, 16.0 ] },
				"west": { "texture": "#stone1", "uv": [ 5.5, 0.0, 11.5, 16.0 ] },
				"up": { "texture": "#stone1", "uv": [ 3.5, 4.0, 4.5, 10.0 ] },
				"down": { "texture": "#stone1", "uv": [ 3.5, 3.0, 4.5, 9.0 ] }
			},
			"children": [
				{
					"name": "window27",
					"from": [ 1.3, 0.3, 1.9993 ], 
					"to": [ 7.2, 15.7, 3.9993 ], 
					"renderPass": 3,
					"rotationOrigin": [ 2.0, 0.0, 1.9993 ],
					"faces": {
						"north": { "texture": "#squareglass_big", "uv": [ 2.5, 3.0, 6.5, 13.5 ], "autoUv": false },
						"east": { "texture": "#frame", "uv": [ 0.0, 0.0, 2.0, 15.0 ], "enabled": false },
						"south": { "texture": "#squareglass_big", "uv": [ 2.5, 3.0, 6.5, 13.5 ], "autoUv": false },
						"west": { "texture": "#frame", "uv": [ 0.0, 0.0, 2.0, 15.0 ], "enabled": false },
						"up": { "texture": "#frame", "uv": [ 0.0, 0.0, 5.5, 2.0 ], "enabled": false },
						"down": { "texture": "#frame", "uv": [ 0.0, 0.0, 5.5, 2.0 ], "enabled": false }
					},
					"children": [
						{
							"name": "window28",
							"from": [ 7.5, 0.0, -0.0028 ], 
							"to": [ 13.4, 15.4, 1.9972 ], 
							"renderPass": 3,
							"rotationOrigin": [ 8.7, -0.7, -0.0028 ],
							"rotationY": -1.6675265612775547E-9,
							"faces": {
								"north": { "texture": "#squareglass_big", "uv": [ 2.5, 3.0, 6.5, 13.5 ], "rotation": 180, "autoUv": false },
								"east": { "texture": "#frame", "uv": [ 0.0, 0.0, 2.0, 15.0 ], "enabled": false },
								"south": { "texture": "#squareglass_big", "uv": [ 2.5, 3.0, 6.5, 13.5 ], "rotation": 180, "autoUv": false },
								"west": { "texture": "#frame", "uv": [ 0.0, 0.0, 2.0, 15.0 ], "enabled": false },
								"up": { "texture": "#frame", "uv": [ 0.0, 0.0, 5.5, 2.0 ], "enabled": false },
								"down": { "texture": "#frame", "uv": [ 0.0, 0.0, 5.5, 2.0 ], "enabled": false }
							}
						}
					]
				},
				{
					"name": "frame16",
					"from": [ 1.0014, 0.0, 1.9997 ], 
					"to": [ 1.3014, 16.0, 3.9997 ], 
					
					"rotationOrigin": [ 1.0, 2.0, 1.9997 ],
					"faces": {
						"north": { "texture": "#frame", "uv": [ 14.5, 0.0, 15.0, 16.0 ] },
						"east": { "texture": "#frame", "uv": [ 13.5, 0.0, 15.5, 16.0 ] },
						"south": { "texture": "#frame", "uv": [ 14.0, 0.0, 14.5, 16.0 ] },
						"west": { "texture": "#frame", "uv": [ 11.0, 0.5, 13.0, 16.5 ] },
						"up": { "texture": "#frame", "uv": [ 0.0, 0.0, 0.5, 2.0 ] },
						"down": { "texture": "#frame", "uv": [ 0.0, 0.0, 0.5, 2.0 ] }
					},
					"children": [
						{
							"name": "Cube18",
							"from": [ 13.7, 0.0, 0.0 ], 
							"to": [ 14.0, 16.0, 2.0 ], 
							
							"rotationOrigin": [ 14.0, -0.5, 0.0 ],
							"faces": {
								"north": { "texture": "#frame", "uv": [ 14.5, 0.0, 15.0, 16.0 ] },
								"east": { "texture": "#frame", "uv": [ 13.0, -0.5, 15.0, 15.5 ] },
								"south": { "texture": "#frame", "uv": [ 15.0, 0.0, 15.5, 16.0 ] },
								"west": { "texture": "#frame", "uv": [ 11.5, 0.0, 13.5, 16.0 ] },
								"up": { "texture": "#frame", "uv": [ 0.0, 0.0, 0.5, 2.0 ] },
								"down": { "texture": "#frame", "uv": [ 0.0, 0.0, 0.5, 2.0 ] }
							}
						},
						{
							"name": "Cube19",
							"from": [ 6.2, 0.0, 0.0 ], 
							"to": [ 6.5, 16.0, 2.0 ], 
							
							"rotationOrigin": [ 6.0, -0.5, 0.0 ],
							"faces": {
								"north": { "texture": "#frame", "uv": [ 13.5, 0.0, 14.0, 16.0 ] },
								"east": { "texture": "#frame", "uv": [ 13.0, 0.5, 15.0, 16.5 ] },
								"south": { "texture": "#frame", "uv": [ 13.5, 0.0, 14.0, 16.0 ] },
								"west": { "texture": "#frame", "uv": [ 10.5, 0.0, 12.5, 16.0 ] },
								"up": { "texture": "#frame", "uv": [ 0.0, 0.0, 0.5, 2.0 ] },
								"down": { "texture": "#frame", "uv": [ 0.0, 0.0, 0.5, 2.0 ] }
							},
							"children": [
								{
									"name": "Cube183",
									"from": [ -5.9, 0.0, 0.0 ], 
									"to": [ 0.0, 0.3, 2.0 ], 
									
									"rotationOrigin": [ -6.2, -2.5, 0.0 ],
									"faces": {
										"north": { "texture": "#frame", "uv": [ 2.0, 4.5, 7.5, 5.0 ] },
										"east": { "texture": "#frame", "uv": [ 0.0, 0.0, 2.0, 0.5 ] },
										"south": { "texture": "#frame", "uv": [ 1.0, 3.0, 6.5, 3.5 ] },
										"west": { "texture": "#frame", "uv": [ 0.0, 0.0, 2.0, 0.5 ] },
										"up": { "texture": "#frame", "uv": [ 2.5, 4.5, 8.0, 6.5 ] },
										"down": { "texture": "#frame", "uv": [ 1.5, 12.0, 7.0, 14.0 ] }
									}
								}
							]
						},
						{
							"name": "Cube20",
							"from": [ 7.8, 0.0, 0.0 ], 
							"to": [ 13.7, 0.3, 2.0 ], 
							
							"rotationOrigin": [ 8.0, -0.5, 0.0 ],
							"faces": {
								"north": { "texture": "#frame", "uv": [ 2.0, 4.5, 7.5, 5.0 ] },
								"east": { "texture": "#frame", "uv": [ 0.0, 0.0, 2.0, 0.5 ] },
								"south": { "texture": "#frame", "uv": [ 1.0, 3.0, 6.5, 3.5 ] },
								"west": { "texture": "#frame", "uv": [ 0.0, 0.0, 2.0, 0.5 ] },
								"up": { "texture": "#frame", "uv": [ 2.5, 4.5, 8.0, 6.5 ] },
								"down": { "texture": "#frame", "uv": [ 1.5, 12.0, 7.0, 14.0 ] }
							}
						},
						{
							"name": "Cube21",
							"from": [ 7.5, 0.0, 0.0 ], 
							"to": [ 7.8, 16.0, 2.0 ], 
							
							"rotationOrigin": [ 8.0, -0.5, 0.0 ],
							"faces": {
								"north": { "texture": "#frame", "uv": [ 14.0, 0.0, 14.5, 16.0 ] },
								"east": { "texture": "#frame", "uv": [ 13.0, 0.0, 15.0, 16.0 ] },
								"south": { "texture": "#frame", "uv": [ 13.5, 0.0, 14.0, 16.0 ] },
								"west": { "texture": "#frame", "uv": [ 13.5, -0.5, 15.5, 15.5 ] },
								"up": { "texture": "#frame", "uv": [ 0.0, 0.0, 0.5, 2.0 ] },
								"down": { "texture": "#frame", "uv": [ 0.0, 0.0, 0.5, 2.0 ] }
							}
						},
						{
							"name": "Cube28",
							"from": [ 0.3, 15.7, 0.0 ], 
							"to": [ 6.2, 16.0, 2.0 ], 
							
							"rotationOrigin": [ 0.0, 13.5, 0.0 ],
							"faces": {
								"north": { "texture": "#frame", "uv": [ 2.0, 4.5, 7.5, 5.0 ] },
								"east": { "texture": "#frame", "uv": [ 0.0, 0.0, 2.0, 0.5 ] },
								"south": { "texture": "#frame", "uv": [ 1.0, 3.0, 6.5, 3.5 ] },
								"west": { "texture": "#frame", "uv": [ 0.0, 0.0, 2.0, 0.5 ] },
								"up": { "texture": "#frame", "uv": [ 2.5, 4.5, 8.0, 6.5 ] },
								"down": { "texture": "#frame", "uv": [ 1.5, 12.0, 7.0, 14.0 ] }
							}
						},
						{
							"name": "Cube29",
							"from": [ 7.8, 15.7, 0.0 ], 
							"to": [ 13.7, 16.0, 2.0 ], 
							
							"rotationOrigin": [ 8.0, -0.5, 0.0 ],
							"faces": {
								"north": { "texture": "#frame", "uv": [ 2.0, 4.5, 7.5, 5.0 ] },
								"east": { "texture": "#frame", "uv": [ 0.0, 0.0, 2.0, 0.5 ] },
								"south": { "texture": "#frame", "uv": [ 1.0, 3.0, 6.5, 3.5 ] },
								"west": { "texture": "#frame", "uv": [ 0.0, 0.0, 2.0, 0.5 ] },
								"up": { "texture": "#frame", "uv": [ 2.5, 4.5, 8.0, 6.5 ] },
								"down": { "texture": "#frame", "uv": [ 1.5, 12.0, 7.0, 14.0 ] }
							}
						}
					]
				},
				{
					"name": "Cube24",
					"from": [ 15.0, 0.0, 0.0 ], 
					"to": [ 16.0, 16.0, 6.0 ], 
					"rotationOrigin": [ 14.9993, -0.1, -0.0052 ],
					"faces": {
						"north": { "texture": "#stone1", "uv": [ 2.0, 0.0, 3.0, 16.0 ] },
						"east": { "texture": "#stone1", "uv": [ 2.0, 0.0, 8.0, 16.0 ] },
						"south": { "texture": "#stone1", "uv": [ 10.0, 0.0, 11.0, 16.0 ] },
						"west": { "texture": "#stone1", "uv": [ 2.5, 0.0, 8.5, 16.0 ] },
						"up": { "texture": "#stone1", "uv": [ 1.5, 4.5, 2.5, 10.5 ] },
						"down": { "texture": "#stone1", "uv": [ 2.5, 5.5, 3.5, 11.5 ] }
					}
				},
				{
					"name": "Cube25",
					"from": [ 7.5, 0.0, 0.0 ], 
					"to": [ 8.5, 16.0, 6.0 ], 
					"rotationOrigin": [ 7.0, -1.1, 0.9976 ],
					"faces": {
						"north": { "texture": "#stone1", "uv": [ 2.0, 0.0, 3.0, 16.0 ] },
						"east": { "texture": "#stone1", "uv": [ 2.0, 0.0, 8.0, 16.0 ] },
						"south": { "texture": "#stone1", "uv": [ 10.0, 0.0, 11.0, 16.0 ] },
						"west": { "texture": "#stone1", "uv": [ 2.0, 0.0, 8.0, 16.0 ] },
						"up": { "texture": "#stone1", "uv": [ 1.5, 4.5, 2.5, 10.5 ] },
						"down": { "texture": "#stone1", "uv": [ 2.5, 5.5, 3.5, 11.5 ] }
					}
				}
			]
		}
	]}