{
	"editor": {
		"allAngles": false,
		"entityTextureMode": false
	},
	"textureWidth": 16,
	"textureHeight": 16,

	"elements": [
		{
			"name": "middle",
			"from": [ 5.0006, 0.0, 16.0 ], 
			"to": [ 6.0006, 16.0, 22.0 ], 
			"rotationOrigin": [ 5.0, -0.1, 16.0 ],
			"rotationY": 89.9802127184967,
			"faces": {
				"north": { "texture": "#stone1", "uv": [ 2.0, 0.0, 3.0, 16.0 ] },
				"east": { "texture": "#stone1", "uv": [ 3.0, 0.0, 9.0, 16.0 ] },
				"south": { "texture": "#stone1", "uv": [ 5.5, 0.0, 6.5, 16.0 ] },
				"west": { "texture": "#stone1", "uv": [ 5.5, 0.0, 11.5, 16.0 ] },
				"up": { "texture": "#stone1", "uv": [ 3.5, 4.0, 4.5, 10.0 ] },
				"down": { "texture": "#stone1", "uv": [ 3.5, 3.0, 4.5, 9.0 ] }
			},
			"children": [
				{
					"name": "Cube3",
					"from": [ 15.0, 0.0, 0.0 ], 
					"to": [ 16.0, 16.0, 6.0 ], 
					"rotationOrigin": [ 14.9994, -0.1, -0.0052 ],
					"faces": {
						"north": { "texture": "#stone1", "uv": [ 2.0, 0.0, 3.0, 16.0 ] },
						"east": { "texture": "#stone1", "uv": [ 2.0, 0.0, 8.0, 16.0 ] },
						"south": { "texture": "#stone1", "uv": [ 10.0, 0.0, 11.0, 16.0 ] },
						"west": { "texture": "#stone1", "uv": [ 2.5, 0.0, 8.5, 16.0 ] },
						"up": { "texture": "#stone1", "uv": [ 1.5, 4.5, 2.5, 10.5 ] },
						"down": { "texture": "#stone1", "uv": [ 2.5, 5.5, 3.5, 11.5 ] }
					}
				},
				{
					"name": "frame",
					"from": [ 1.0015, 0.0, 1.9997 ], 
					"to": [ 1.3015, 16.0, 3.9997 ], 
					
					"rotationOrigin": [ 1.0001, -1.0, 1.9997 ],
					"faces": {
						"north": { "texture": "#frame", "uv": [ 14.5, 0.5, 15.0, 16.5 ] },
						"east": { "texture": "#frame", "uv": [ 14.0, 0.0, 16.0, 16.0 ] },
						"south": { "texture": "#frame", "uv": [ 14.0, 0.0, 14.5, 16.0 ] },
						"west": { "texture": "#frame", "uv": [ 10.0, 0.0, 12.0, 16.0 ] },
						"up": { "texture": "#frame", "uv": [ 0.0, 0.0, 0.5, 2.0 ] },
						"down": { "texture": "#frame", "uv": [ 0.0, 0.0, 0.5, 2.0 ] }
					},
					"children": [
						{
							"name": "Cube14",
							"from": [ 13.7, 0.0, 0.0 ], 
							"to": [ 14.0, 16.0, 2.0 ], 
							
							"rotationOrigin": [ 14.0, -0.5, 0.0 ],
							"faces": {
								"north": { "texture": "#frame", "uv": [ 14.5, 0.0, 15.0, 16.0 ] },
								"east": { "texture": "#frame", "uv": [ 11.0, 0.5, 13.0, 16.5 ] },
								"south": { "texture": "#frame", "uv": [ 13.5, 0.0, 14.0, 16.0 ] },
								"west": { "texture": "#frame", "uv": [ 12.5, 0.0, 14.5, 16.0 ] },
								"up": { "texture": "#frame", "uv": [ 0.0, 0.0, 0.5, 2.0 ] },
								"down": { "texture": "#frame", "uv": [ 0.0, 0.0, 0.5, 2.0 ] }
							}
						},
						{
							"name": "Cube15",
							"from": [ 0.3, 0.0, 0.0 ], 
							"to": [ 13.7, 0.3, 2.0 ], 
							
							"rotationOrigin": [ 0.0, -0.5, 0.0 ],
							"faces": {
								"north": { "texture": "#frame", "uv": [ 2.0, 4.5, 15.0, 5.0 ] },
								"east": { "texture": "#frame", "uv": [ 0.0, 0.0, 2.0, 0.5 ] },
								"south": { "texture": "#frame", "uv": [ 1.0, 3.0, 14.0, 3.5 ] },
								"west": { "texture": "#frame", "uv": [ 0.0, 0.0, 2.0, 0.5 ] },
								"up": { "texture": "#frame", "uv": [ 2.5, 4.5, 15.5, 6.5 ] },
								"down": { "texture": "#frame", "uv": [ 1.5, 12.0, 14.5, 14.0 ] }
							}
						},
						{
							"name": "Cube10",
							"from": [ 0.3, 15.7, 0.0 ], 
							"to": [ 13.7, 16.0, 2.0 ], 
							
							"rotationOrigin": [ 0.0, 15.5, 0.0 ],
							"faces": {
								"north": { "texture": "#frame", "uv": [ 2.0, 4.5, 15.0, 5.0 ] },
								"east": { "texture": "#frame", "uv": [ 0.0, 0.0, 2.0, 0.5 ] },
								"south": { "texture": "#frame", "uv": [ 1.0, 3.0, 14.0, 3.5 ] },
								"west": { "texture": "#frame", "uv": [ 0.0, 0.0, 2.0, 0.5 ] },
								"up": { "texture": "#frame", "uv": [ 2.5, 4.5, 15.5, 6.5 ] },
								"down": { "texture": "#frame", "uv": [ 1.5, 12.0, 14.5, 14.0 ] }
							}
						}
					]
				},
				{
					"name": "window",
					"from": [ 1.3001, 0.3, 1.9993 ], 
					"to": [ 14.7001, 15.7, 3.9993 ], 
					"renderPass": 3,
					"rotationOrigin": [ 2.0001, 0.0, 1.9993 ],
					"faces": {
						"north": { "texture": "#squareglass_big", "uv": [ 2.25, 3.0, 11.25, 13.5 ], "autoUv": false },
						"east": { "texture": "#frame", "uv": [ 0.0, 0.0, 2.0, 15.0 ], "enabled": false },
						"south": { "texture": "#squareglass_big", "uv": [ 2.25, 3.0, 11.25, 13.5 ], "autoUv": false },
						"west": { "texture": "#frame", "uv": [ 0.0, 0.0, 2.0, 15.0 ], "enabled": false },
						"up": { "texture": "#frame", "uv": [ 0.0, 0.0, 13.0, 2.0 ], "enabled": false },
						"down": { "texture": "#frame", "uv": [ 0.0, 0.0, 13.0, 2.0 ], "enabled": false }
					}
				}
			]
		}
	]}