{
	"editor": {
		"allAngles": false,
		"entityTextureMode": false
	},
	"textureWidth": 16,
	"textureHeight": 16,

	"elements": [
		{
			"name": "toptopleft",
			"from": [ -8.993, 0.0, 2.0 ], 
			"to": [ 7.007, 16.0, 8.0 ], 
			"rotationOrigin": [ 5.0016, 31.3993, 1.9997 ],
			"rotationX": -42.35532931449473,
			"rotationY": 89.9802127184967,
			"rotationZ": 42.35532396389827,
			"faces": {
				"north": { "texture": "#stone1", "uv": [ -2.0, -2.0, 14.0, 14.0 ] },
				"east": { "texture": "#stone1", "uv": [ 6.0, 0.0, 12.0, 16.0 ] },
				"south": { "texture": "#stone1", "uv": [ 1.0, -0.5, 17.0, 15.5 ] },
				"west": { "texture": "#stone1", "uv": [ 8.0, 0.0, 14.0, 16.0 ] },
				"up": { "texture": "#stone1", "uv": [ 0.0, 0.5, 16.0, 6.5 ] },
				"down": { "texture": "#stone1", "uv": [ 0.0, 9.5, 16.0, 15.5 ] }
			},
			"children": [
				{
					"name": "Cube911",
					"from": [ 1.9997, 0.0, 6.004 ], 
					"to": [ 15.9997, 0.5, 8.004 ], 
					"rotationOrigin": [ 11.997, -13.5967, 6.9954 ],
					"rotationX": 0.009866120253469685,
					"rotationY": -0.004859741031947162,
					"rotationZ": 2.432407650445184E-5,
					"faces": {
						"north": { "texture": "#stone1", "uv": [ 0.5, 2.5, 14.5, 3.0 ] },
						"east": { "texture": "#stone1", "uv": [ 1.5, 7.0, 3.5, 7.5 ] },
						"south": { "texture": "#stone1", "uv": [ 1.5, 3.0, 15.5, 3.5 ] },
						"west": { "texture": "#stone1", "uv": [ 2.5, 6.5, 4.5, 7.0 ] },
						"up": { "texture": "#stone1", "uv": [ 1.0, 8.5, 15.0, 10.5 ] },
						"down": { "texture": "#stone1", "uv": [ 0.5, 11.5, 14.5, 13.5 ] }
					},
					"children": [
						{
							"name": "Cube913",
							"from": [ -0.9997, 1.0, 1.0E-4 ], 
							"to": [ 14.0003, 2.0, 2.0001 ], 
							"rotationOrigin": [ 8.9973, -13.5967, 0.9915 ],
							"rotationX": 2.368238152497537E-10,
							"rotationY": -1.250645219135151E-9,
							"rotationZ": -3.256887814995224E-12,
							"faces": {
								"north": { "texture": "#stone1", "uv": [ 0.5, 11.0, 15.5, 12.0 ] },
								"east": { "texture": "#stone1", "uv": [ 11.0, 5.0, 13.0, 6.0 ] },
								"south": { "texture": "#stone1", "uv": [ 0.5, 2.5, 15.5, 3.5 ] },
								"west": { "texture": "#stone1", "uv": [ 6.0, 10.5, 8.0, 11.5 ] },
								"up": { "texture": "#stone1", "uv": [ 0.5, 8.0, 15.5, 10.0 ] },
								"down": { "texture": "#stone1", "uv": [ 0.5, 13.0, 15.5, 15.0 ] }
							}
						},
						{
							"name": "Cube915",
							"from": [ -1.9997, 2.5, -1.0E-4 ], 
							"to": [ 14.0003, 16.0, 1.9999 ], 
							"rotationOrigin": [ 8.9973, -12.5967, 0.9914 ],
							"rotationX": 2.368238152497537E-10,
							"rotationY": -1.250645219135151E-9,
							"rotationZ": -3.256887814995224E-12,
							"faces": {
								"north": { "texture": "#stone1", "uv": [ 0.0, 0.5, 16.0, 14.0 ] },
								"east": { "texture": "#stone1", "uv": [ 10.5, 2.0, 12.5, 15.5 ] },
								"south": { "texture": "#stone1", "uv": [ 0.0, 1.5, 16.0, 15.0 ] },
								"west": { "texture": "#stone1", "uv": [ 10.0, 2.0, 12.0, 15.5 ] },
								"up": { "texture": "#stone1", "uv": [ 0.0, 11.0, 16.0, 13.0 ] },
								"down": { "texture": "#stone1", "uv": [ 0.0, 10.0, 16.0, 12.0 ] }
							}
						},
						{
							"name": "Cube914",
							"from": [ -1.4997, 2.0, -1.0E-4 ], 
							"to": [ 14.0003, 2.5, 1.9999 ], 
							"rotationOrigin": [ 8.9973, -12.5967, 0.9914 ],
							"rotationX": 1.9043498547175846E-9,
							"rotationY": -2.501290438270302E-9,
							"rotationZ": -6.513775629990448E-12,
							"faces": {
								"north": { "texture": "#stone1", "uv": [ 0.0, 7.0, 15.5, 7.5 ] },
								"east": { "texture": "#stone1", "uv": [ 1.0, 0.0, 3.0, 0.5 ] },
								"south": { "texture": "#stone1", "uv": [ 0.0, 5.0, 15.5, 5.5 ] },
								"west": { "texture": "#stone1", "uv": [ 3.0, 13.5, 5.0, 14.0 ] },
								"up": { "texture": "#stone1", "uv": [ 0.0, 8.0, 15.5, 10.0 ] },
								"down": { "texture": "#stone1", "uv": [ 0.0, 1.5, 15.5, 3.5 ] }
							}
						},
						{
							"name": "Cube912",
							"from": [ -0.4997, 0.5, 0.0 ], 
							"to": [ 14.0003, 1.0, 2.0 ], 
							"rotationOrigin": [ 9.9973, -13.5967, 0.9915 ],
							"rotationX": 1.9043498547175846E-9,
							"rotationY": -2.501290438270302E-9,
							"rotationZ": -6.513775629990448E-12,
							"faces": {
								"north": { "texture": "#stone1", "uv": [ 1.0, 10.5, 15.5, 11.0 ] },
								"east": { "texture": "#stone1", "uv": [ 6.5, 9.5, 8.5, 10.0 ] },
								"south": { "texture": "#stone1", "uv": [ 0.0, 7.0, 14.5, 7.5 ] },
								"west": { "texture": "#stone1", "uv": [ 2.0, 1.0, 4.0, 1.5 ] },
								"up": { "texture": "#stone1", "uv": [ 0.5, 9.5, 15.0, 11.5 ] },
								"down": { "texture": "#stone1", "uv": [ 0.0, 9.0, 14.5, 11.0 ] }
							}
						}
					]
				},
				{
					"name": "Cube916",
					"from": [ 4.0001, 0.0, 7.9945 ], 
					"to": [ 16.0001, 0.5, 10.9945 ], 
					"rotationOrigin": [ 14.9967, -13.5992, 9.9946 ],
					"rotationX": 0.007057416839466856,
					"rotationY": -0.004144739407672132,
					"rotationZ": 4.5505252954621224E-5,
					"faces": {
						"north": { "texture": "#stone1", "uv": [ 2.5, 14.0, 14.5, 14.5 ] },
						"east": { "texture": "#stone1", "uv": [ 8.0, 0.5, 11.0, 1.0 ] },
						"south": { "texture": "#stone1", "uv": [ 0.5, 14.0, 12.5, 14.5 ] },
						"west": { "texture": "#stone1", "uv": [ 11.0, 4.5, 14.0, 5.0 ] },
						"up": { "texture": "#stone1", "uv": [ 2.0, 12.0, 14.0, 15.0 ] },
						"down": { "texture": "#stone1", "uv": [ 0.0, 5.0, 12.0, 8.0 ] }
					},
					"children": [
						{
							"name": "Cube917",
							"from": [ -0.5001, 0.5, 0.0 ], 
							"to": [ 11.9999, 1.0, 3.0 ], 
							"rotationOrigin": [ 10.9966, -13.5992, 2.0001 ],
							"rotationX": 1.2506127178437844E-9,
							"rotationY": -4.168822863695229E-10,
							"rotationZ": 8.537589433789405E-7,
							"faces": {
								"north": { "texture": "#stone1", "uv": [ 0.0, 11.5, 12.5, 12.0 ] },
								"east": { "texture": "#stone1", "uv": [ 5.5, 13.5, 8.5, 14.0 ] },
								"south": { "texture": "#stone1", "uv": [ 2.5, 12.0, 15.0, 12.5 ] },
								"west": { "texture": "#stone1", "uv": [ 9.0, 3.5, 12.0, 4.0 ] },
								"up": { "texture": "#stone1", "uv": [ 3.0, 9.0, 15.5, 12.0 ] },
								"down": { "texture": "#stone1", "uv": [ 2.5, 5.0, 15.0, 8.0 ] }
							}
						},
						{
							"name": "Cube918",
							"from": [ -1.0001, 1.0, 0.0 ], 
							"to": [ 11.9999, 2.0, 3.0 ], 
							"rotationOrigin": [ 10.9966, -13.5992, 2.0001 ],
							"rotationX": 1.2506127178437844E-9,
							"rotationY": -4.168822863695229E-10,
							"rotationZ": 8.537589433789405E-7,
							"faces": {
								"north": { "texture": "#stone1", "uv": [ 1.0, 11.5, 14.0, 12.5 ] },
								"east": { "texture": "#stone1", "uv": [ 0.0, 14.0, 3.0, 15.0 ] },
								"south": { "texture": "#stone1", "uv": [ 1.0, 10.5, 14.0, 11.5 ] },
								"west": { "texture": "#stone1", "uv": [ 11.5, 6.5, 14.5, 7.5 ] },
								"up": { "texture": "#stone1", "uv": [ 0.5, 3.0, 13.5, 6.0 ] },
								"down": { "texture": "#stone1", "uv": [ 2.5, 6.0, 15.5, 9.0 ] }
							}
						},
						{
							"name": "Cube919",
							"from": [ -1.5001, 2.0, -1.0E-4 ], 
							"to": [ 11.9999, 2.5, 2.9999 ], 
							"rotationOrigin": [ 10.9966, -12.5992, 2.0 ],
							"rotationX": 1.2506127178437844E-9,
							"rotationY": -4.168822863695229E-10,
							"rotationZ": 8.537589433789405E-7,
							"faces": {
								"north": { "texture": "#stone1", "uv": [ 0.5, 15.0, 14.0, 15.5 ] },
								"east": { "texture": "#stone1", "uv": [ 12.5, 6.5, 15.5, 7.0 ] },
								"south": { "texture": "#stone1", "uv": [ 1.5, 3.5, 15.0, 4.0 ] },
								"west": { "texture": "#stone1", "uv": [ 11.5, 11.0, 14.5, 11.5 ] },
								"up": { "texture": "#stone1", "uv": [ 1.5, 6.0, 15.0, 9.0 ] },
								"down": { "texture": "#stone1", "uv": [ 1.0, 5.0, 14.5, 8.0 ] }
							}
						},
						{
							"name": "Cube920",
							"from": [ -2.0001, 2.5, -1.0E-4 ], 
							"to": [ 11.9999, 3.0, 2.9999 ], 
							"rotationOrigin": [ 10.9966, -12.5992, 2.0 ],
							"rotationX": 4.1685038143212623E-10,
							"rotationY": 8.337629327656282E-10,
							"rotationZ": 8.537622002667555E-7,
							"faces": {
								"north": { "texture": "#stone1", "uv": [ 0.5, 13.5, 14.5, 14.0 ] },
								"east": { "texture": "#stone1", "uv": [ 8.0, 13.0, 11.0, 13.5 ] },
								"south": { "texture": "#stone1", "uv": [ 1.5, 12.0, 15.5, 12.5 ] },
								"west": { "texture": "#stone1", "uv": [ 11.5, 7.0, 14.5, 7.5 ] },
								"up": { "texture": "#stone1", "uv": [ 0.0, 10.5, 14.0, 13.5 ] },
								"down": { "texture": "#stone1", "uv": [ 1.5, 8.5, 15.5, 11.5 ] }
							}
						},
						{
							"name": "Cube921",
							"from": [ -2.5001, 3.0, -2.0E-4 ], 
							"to": [ 11.9999, 3.5, 2.9998 ], 
							"rotationOrigin": [ 10.9966, -11.5992, 1.9999 ],
							"rotationX": 4.1685038143212623E-10,
							"rotationY": 8.337629327656282E-10,
							"rotationZ": 8.537622002667555E-7,
							"faces": {
								"north": { "texture": "#stone1", "uv": [ 0.0, 2.0, 14.5, 2.5 ] },
								"east": { "texture": "#stone1", "uv": [ 1.5, 14.5, 4.5, 15.0 ] },
								"south": { "texture": "#stone1", "uv": [ 1.0, 14.0, 15.5, 14.5 ] },
								"west": { "texture": "#stone1", "uv": [ 8.5, 1.0, 11.5, 1.5 ] },
								"up": { "texture": "#stone1", "uv": [ 0.0, 6.0, 14.5, 9.0 ] },
								"down": { "texture": "#stone1", "uv": [ 0.5, 0.0, 15.0, 3.0 ] }
							}
						},
						{
							"name": "Cube922",
							"from": [ -3.0001, 3.5, -2.0E-4 ], 
							"to": [ 11.9999, 4.0, 2.9998 ], 
							"rotationOrigin": [ 10.9966, -11.5992, 1.9999 ],
							"rotationX": 4.1685038143212623E-10,
							"rotationY": 8.337629327656282E-10,
							"rotationZ": 8.537622002667555E-7,
							"faces": {
								"north": { "texture": "#stone1", "uv": [ 0.0, 10.0, 15.0, 10.5 ] },
								"east": { "texture": "#stone1", "uv": [ 5.5, 15.0, 8.5, 15.5 ] },
								"south": { "texture": "#stone1", "uv": [ 0.0, 2.0, 15.0, 2.5 ] },
								"west": { "texture": "#stone1", "uv": [ 6.5, 4.0, 9.5, 4.5 ] },
								"up": { "texture": "#stone1", "uv": [ 0.5, 11.5, 15.5, 14.5 ] },
								"down": { "texture": "#stone1", "uv": [ 0.5, 4.5, 15.5, 7.5 ] }
							}
						},
						{
							"name": "Cube923",
							"from": [ -3.5001, 4.0, -1.0E-4 ], 
							"to": [ 11.9999, 4.5, 2.9999 ], 
							"rotationOrigin": [ 10.9966, -12.5992, 2.0 ],
							"rotationX": 4.1685038143212623E-10,
							"rotationY": 8.337629327656282E-10,
							"rotationZ": 8.537622002667555E-7,
							"faces": {
								"north": { "texture": "#stone1", "uv": [ 0.0, 7.5, 15.5, 8.0 ] },
								"east": { "texture": "#stone1", "uv": [ 1.5, 14.0, 4.5, 14.5 ] },
								"south": { "texture": "#stone1", "uv": [ 0.0, 4.0, 15.5, 4.5 ] },
								"west": { "texture": "#stone1", "uv": [ 9.5, 3.5, 12.5, 4.0 ] },
								"up": { "texture": "#stone1", "uv": [ 0.0, 12.0, 15.5, 15.0 ] },
								"down": { "texture": "#stone1", "uv": [ 0.0, 0.0, 15.5, 3.0 ] }
							}
						},
						{
							"name": "Cube924",
							"from": [ -4.0001, 4.5, -1.0E-4 ], 
							"to": [ 11.9999, 16.0, 2.9999 ], 
							"rotationOrigin": [ 10.9966, -12.5992, 2.0 ],
							"rotationX": 4.1685038143212623E-10,
							"rotationY": 8.337629327656282E-10,
							"rotationZ": 8.537622002667555E-7,
							"faces": {
								"north": { "texture": "#stone1", "uv": [ 0.0, 1.0, 16.0, 12.5 ] },
								"east": { "texture": "#stone1", "uv": [ 9.0, 3.0, 12.0, 14.5 ] },
								"south": { "texture": "#stone1", "uv": [ 0.0, 0.5, 16.0, 12.0 ] },
								"west": { "texture": "#stone1", "uv": [ 11.5, 4.0, 14.5, 15.5 ] },
								"up": { "texture": "#stone1", "uv": [ 0.0, 1.5, 16.0, 4.5 ] },
								"down": { "texture": "#stone1", "uv": [ 0.0, 7.0, 16.0, 10.0 ] }
							}
						}
					]
				},
				{
					"name": "Cube925",
					"from": [ 1.9997, 0.0, -2.0 ], 
					"to": [ 15.9997, 0.5, 0.0 ], 
					"rotationOrigin": [ 11.997, -13.5967, -1.0046 ],
					"rotationX": 0.009866120253469685,
					"rotationY": -0.004859741031947162,
					"rotationZ": 2.432407650445184E-5,
					"faces": {
						"north": { "texture": "#stone1", "uv": [ 0.5, 2.5, 14.5, 3.0 ] },
						"east": { "texture": "#stone1", "uv": [ 1.5, 7.0, 3.5, 7.5 ] },
						"south": { "texture": "#stone1", "uv": [ 1.5, 3.0, 15.5, 3.5 ] },
						"west": { "texture": "#stone1", "uv": [ 2.5, 6.5, 4.5, 7.0 ] },
						"up": { "texture": "#stone1", "uv": [ 1.0, 8.5, 15.0, 10.5 ] },
						"down": { "texture": "#stone1", "uv": [ 0.5, 11.5, 14.5, 13.5 ] }
					},
					"children": [
						{
							"name": "Cube926",
							"from": [ -0.9997, 1.0, 1.0E-4 ], 
							"to": [ 14.0003, 2.0, 2.0001 ], 
							"rotationOrigin": [ 8.9973, -13.5967, 0.9915 ],
							"rotationX": 2.368238152497537E-10,
							"rotationY": -1.250645219135151E-9,
							"rotationZ": -3.256887814995224E-12,
							"faces": {
								"north": { "texture": "#stone1", "uv": [ 0.5, 11.0, 15.5, 12.0 ] },
								"east": { "texture": "#stone1", "uv": [ 11.0, 5.0, 13.0, 6.0 ] },
								"south": { "texture": "#stone1", "uv": [ 0.5, 2.5, 15.5, 3.5 ] },
								"west": { "texture": "#stone1", "uv": [ 6.0, 10.5, 8.0, 11.5 ] },
								"up": { "texture": "#stone1", "uv": [ 0.5, 8.0, 15.5, 10.0 ] },
								"down": { "texture": "#stone1", "uv": [ 0.5, 13.0, 15.5, 15.0 ] }
							}
						},
						{
							"name": "Cube927",
							"from": [ -1.9997, 2.5, -1.0E-4 ], 
							"to": [ 14.0003, 16.0, 1.9999 ], 
							"rotationOrigin": [ 8.9973, -12.5967, 0.9914 ],
							"rotationX": 2.368238152497537E-10,
							"rotationY": -1.250645219135151E-9,
							"rotationZ": -3.256887814995224E-12,
							"faces": {
								"north": { "texture": "#stone1", "uv": [ 0.0, 0.5, 16.0, 14.0 ] },
								"east": { "texture": "#stone1", "uv": [ 10.5, 2.0, 12.5, 15.5 ] },
								"south": { "texture": "#stone1", "uv": [ 0.0, 1.5, 16.0, 15.0 ] },
								"west": { "texture": "#stone1", "uv": [ 10.0, 2.0, 12.0, 15.5 ] },
								"up": { "texture": "#stone1", "uv": [ 0.0, 11.0, 16.0, 13.0 ] },
								"down": { "texture": "#stone1", "uv": [ 0.0, 10.0, 16.0, 12.0 ] }
							}
						},
						{
							"name": "Cube928",
							"from": [ -1.4997, 2.0, -1.0E-4 ], 
							"to": [ 14.0003, 2.5, 1.9999 ], 
							"rotationOrigin": [ 8.9973, -12.5967, 0.9914 ],
							"rotationX": 1.9043498547175846E-9,
							"rotationY": -2.501290438270302E-9,
							"rotationZ": -6.513775629990448E-12,
							"faces": {
								"north": { "texture": "#stone1", "uv": [ 0.0, 7.0, 15.5, 7.5 ] },
								"east": { "texture": "#stone1", "uv": [ 1.0, 0.0, 3.0, 0.5 ] },
								"south": { "texture": "#stone1", "uv": [ 0.0, 5.0, 15.5, 5.5 ] },
								"west": { "texture": "#stone1", "uv": [ 3.0, 13.5, 5.0, 14.0 ] },
								"up": { "texture": "#stone1", "uv": [ 0.0, 8.0, 15.5, 10.0 ] },
								"down": { "texture": "#stone1", "uv": [ 0.0, 1.5, 15.5, 3.5 ] }
							}
						},
						{
							"name": "Cube929",
							"from": [ -0.4997, 0.5, 0.0 ], 
							"to": [ 14.0003, 1.0, 2.0 ], 
							"rotationOrigin": [ 9.9973, -13.5967, 0.9915 ],
							"rotationX": 1.9043498547175846E-9,
							"rotationY": -2.501290438270302E-9,
							"rotationZ": -6.513775629990448E-12,
							"faces": {
								"north": { "texture": "#stone1", "uv": [ 1.0, 10.5, 15.5, 11.0 ] },
								"east": { "texture": "#stone1", "uv": [ 6.5, 9.5, 8.5, 10.0 ] },
								"south": { "texture": "#stone1", "uv": [ 0.0, 7.0, 14.5, 7.5 ] },
								"west": { "texture": "#stone1", "uv": [ 2.0, 1.0, 4.0, 1.5 ] },
								"up": { "texture": "#stone1", "uv": [ 0.5, 9.5, 15.0, 11.5 ] },
								"down": { "texture": "#stone1", "uv": [ 0.0, 9.0, 14.5, 11.0 ] }
							}
						}
					]
				},
				{
					"name": "Cube930",
					"from": [ 4.0001, 0.0, -5.01 ], 
					"to": [ 16.0001, 0.5, -2.01 ], 
					"rotationOrigin": [ 14.9967, -13.5992, -3.0054 ],
					"rotationX": 0.007057416839466856,
					"rotationY": -0.004144739407672132,
					"rotationZ": 4.5505252954621224E-5,
					"faces": {
						"north": { "texture": "#stone1", "uv": [ 2.5, 14.0, 14.5, 14.5 ] },
						"east": { "texture": "#stone1", "uv": [ 8.0, 0.5, 11.0, 1.0 ] },
						"south": { "texture": "#stone1", "uv": [ 0.5, 14.0, 12.5, 14.5 ] },
						"west": { "texture": "#stone1", "uv": [ 11.0, 4.5, 14.0, 5.0 ] },
						"up": { "texture": "#stone1", "uv": [ 2.0, 12.0, 14.0, 15.0 ] },
						"down": { "texture": "#stone1", "uv": [ 0.0, 5.0, 12.0, 8.0 ] }
					},
					"children": [
						{
							"name": "Cube931",
							"from": [ -0.5001, 0.5, 0.0 ], 
							"to": [ 11.9999, 1.0, 3.0 ], 
							"rotationOrigin": [ 10.9966, -13.5992, 2.0001 ],
							"rotationX": 1.2506127178437844E-9,
							"rotationY": -4.168822863695229E-10,
							"rotationZ": 8.537589433789405E-7,
							"faces": {
								"north": { "texture": "#stone1", "uv": [ 0.0, 11.5, 12.5, 12.0 ] },
								"east": { "texture": "#stone1", "uv": [ 5.5, 13.5, 8.5, 14.0 ] },
								"south": { "texture": "#stone1", "uv": [ 0.0, 15.0, 12.5, 15.5 ] },
								"west": { "texture": "#stone1", "uv": [ 9.0, 3.5, 12.0, 4.0 ] },
								"up": { "texture": "#stone1", "uv": [ 3.0, 9.0, 15.5, 12.0 ] },
								"down": { "texture": "#stone1", "uv": [ 2.5, 5.0, 15.0, 8.0 ] }
							}
						},
						{
							"name": "Cube932",
							"from": [ -1.0001, 1.0, 0.0 ], 
							"to": [ 11.9999, 2.0, 3.0 ], 
							"rotationOrigin": [ 10.9966, -13.5992, 2.0001 ],
							"rotationX": 1.2506127178437844E-9,
							"rotationY": -4.168822863695229E-10,
							"rotationZ": 8.537589433789405E-7,
							"faces": {
								"north": { "texture": "#stone1", "uv": [ 1.0, 11.5, 14.0, 12.5 ] },
								"east": { "texture": "#stone1", "uv": [ 0.0, 14.0, 3.0, 15.0 ] },
								"south": { "texture": "#stone1", "uv": [ 1.0, 10.5, 14.0, 11.5 ] },
								"west": { "texture": "#stone1", "uv": [ 11.5, 6.5, 14.5, 7.5 ] },
								"up": { "texture": "#stone1", "uv": [ 0.5, 3.0, 13.5, 6.0 ] },
								"down": { "texture": "#stone1", "uv": [ 2.5, 6.0, 15.5, 9.0 ] }
							}
						},
						{
							"name": "Cube933",
							"from": [ -1.5001, 2.0, -1.0E-4 ], 
							"to": [ 11.9999, 2.5, 2.9999 ], 
							"rotationOrigin": [ 10.9966, -12.5992, 2.0 ],
							"rotationX": 1.2506127178437844E-9,
							"rotationY": -4.168822863695229E-10,
							"rotationZ": 8.537589433789405E-7,
							"faces": {
								"north": { "texture": "#stone1", "uv": [ 0.5, 10.5, 14.0, 11.0 ] },
								"east": { "texture": "#stone1", "uv": [ 12.5, 6.5, 15.5, 7.0 ] },
								"south": { "texture": "#stone1", "uv": [ 1.5, 3.5, 15.0, 4.0 ] },
								"west": { "texture": "#stone1", "uv": [ 11.5, 11.0, 14.5, 11.5 ] },
								"up": { "texture": "#stone1", "uv": [ 1.5, 6.0, 15.0, 9.0 ] },
								"down": { "texture": "#stone1", "uv": [ 1.0, 5.0, 14.5, 8.0 ] }
							}
						},
						{
							"name": "Cube934",
							"from": [ -2.0001, 2.5, -1.0E-4 ], 
							"to": [ 11.9999, 3.0, 2.9999 ], 
							"rotationOrigin": [ 10.9966, -12.5992, 2.0 ],
							"rotationX": 4.1685038143212623E-10,
							"rotationY": 8.337629327656282E-10,
							"rotationZ": 8.537622002667555E-7,
							"faces": {
								"north": { "texture": "#stone1", "uv": [ 0.5, 13.5, 14.5, 14.0 ] },
								"east": { "texture": "#stone1", "uv": [ 8.0, 13.0, 11.0, 13.5 ] },
								"south": { "texture": "#stone1", "uv": [ 1.5, 12.0, 15.5, 12.5 ] },
								"west": { "texture": "#stone1", "uv": [ 11.5, 7.0, 14.5, 7.5 ] },
								"up": { "texture": "#stone1", "uv": [ 0.0, 10.5, 14.0, 13.5 ] },
								"down": { "texture": "#stone1", "uv": [ 1.5, 8.5, 15.5, 11.5 ] }
							}
						},
						{
							"name": "Cube935",
							"from": [ -2.5001, 3.0, -2.0E-4 ], 
							"to": [ 11.9999, 3.5, 2.9998 ], 
							"rotationOrigin": [ 10.9966, -11.5992, 1.9999 ],
							"rotationX": 4.1685038143212623E-10,
							"rotationY": 8.337629327656282E-10,
							"rotationZ": 8.537622002667555E-7,
							"faces": {
								"north": { "texture": "#stone1", "uv": [ 0.0, 2.0, 14.5, 2.5 ] },
								"east": { "texture": "#stone1", "uv": [ 1.5, 14.5, 4.5, 15.0 ] },
								"south": { "texture": "#stone1", "uv": [ 1.0, 14.0, 15.5, 14.5 ] },
								"west": { "texture": "#stone1", "uv": [ 8.5, 1.0, 11.5, 1.5 ] },
								"up": { "texture": "#stone1", "uv": [ 0.0, 6.0, 14.5, 9.0 ] },
								"down": { "texture": "#stone1", "uv": [ 0.5, 0.0, 15.0, 3.0 ] }
							}
						},
						{
							"name": "Cube936",
							"from": [ -3.0001, 3.5, -2.0E-4 ], 
							"to": [ 11.9999, 4.0, 2.9998 ], 
							"rotationOrigin": [ 10.9966, -11.5992, 1.9999 ],
							"rotationX": 4.1685038143212623E-10,
							"rotationY": 8.337629327656282E-10,
							"rotationZ": 8.537622002667555E-7,
							"faces": {
								"north": { "texture": "#stone1", "uv": [ 0.0, 10.0, 15.0, 10.5 ] },
								"east": { "texture": "#stone1", "uv": [ 5.5, 15.0, 8.5, 15.5 ] },
								"south": { "texture": "#stone1", "uv": [ 0.0, 2.0, 15.0, 2.5 ] },
								"west": { "texture": "#stone1", "uv": [ 6.5, 4.0, 9.5, 4.5 ] },
								"up": { "texture": "#stone1", "uv": [ 0.5, 11.5, 15.5, 14.5 ] },
								"down": { "texture": "#stone1", "uv": [ 0.5, 4.5, 15.5, 7.5 ] }
							}
						},
						{
							"name": "Cube937",
							"from": [ -3.5001, 4.0, -1.0E-4 ], 
							"to": [ 11.9999, 4.5, 2.9999 ], 
							"rotationOrigin": [ 10.9966, -12.5992, 2.0 ],
							"rotationX": 4.1685038143212623E-10,
							"rotationY": 8.337629327656282E-10,
							"rotationZ": 8.537622002667555E-7,
							"faces": {
								"north": { "texture": "#stone1", "uv": [ 0.0, 7.5, 15.5, 8.0 ] },
								"east": { "texture": "#stone1", "uv": [ 1.5, 14.0, 4.5, 14.5 ] },
								"south": { "texture": "#stone1", "uv": [ 0.0, 4.0, 15.5, 4.5 ] },
								"west": { "texture": "#stone1", "uv": [ 9.5, 3.5, 12.5, 4.0 ] },
								"up": { "texture": "#stone1", "uv": [ 0.0, 12.0, 15.5, 15.0 ] },
								"down": { "texture": "#stone1", "uv": [ 0.0, 0.0, 15.5, 3.0 ] }
							}
						},
						{
							"name": "Cube938",
							"from": [ -4.0001, 4.5, -1.0E-4 ], 
							"to": [ 11.9999, 16.0, 2.9999 ], 
							"rotationOrigin": [ 10.9966, -12.5992, 2.0 ],
							"rotationX": 4.1685038143212623E-10,
							"rotationY": 8.337629327656282E-10,
							"rotationZ": 8.537622002667555E-7,
							"faces": {
								"north": { "texture": "#stone1", "uv": [ 0.0, 2.5, 16.0, 14.0 ], "rotation": 180 },
								"east": { "texture": "#stone1", "uv": [ 9.0, 3.0, 12.0, 14.5 ] },
								"south": { "texture": "#stone1", "uv": [ 0.0, 1.0, 16.0, 12.5 ] },
								"west": { "texture": "#stone1", "uv": [ 11.5, 4.0, 14.5, 15.5 ] },
								"up": { "texture": "#stone1", "uv": [ 0.0, 1.5, 16.0, 4.5 ] },
								"down": { "texture": "#stone1", "uv": [ 0.0, 7.0, 16.0, 10.0 ] }
							}
						}
					]
				}
			]
		}
	]}