{
	"editor": {
		"allAngles": false,
		"entityTextureMode": false
	},
	"textureWidth": 16,
	"textureHeight": 16,

	"elements": [
		{
			"name": "Round_seredina",
			"from": [ 5.0, 0.0, 16.0 ], 
			"to": [ 21.0, 1.5, 22.0 ], 
			"rotationOrigin": [ 5.0, -16.0, 16.0 ],
			"rotationY": 90.0,
			"faces": {
				"north": { "texture": "#stone1", "uv": [ 0.0, 12.0, 16.0, 13.5 ] },
				"east": { "texture": "#stone1", "uv": [ 7.0, 4.5, 13.0, 6.0 ] },
				"south": { "texture": "#stone1", "uv": [ 0.0, 14.0, 16.0, 15.5 ] },
				"west": { "texture": "#stone1", "uv": [ 0.0, 9.0, 6.0, 10.5 ] },
				"up": { "texture": "#stone1", "uv": [ 0.0, 7.5, 16.0, 13.5 ] },
				"down": { "texture": "#stone1", "uv": [ 0.0, 9.0, 16.0, 15.0 ] }
			},
			"children": [
				{
					"name": "Bottom7",
					"from": [ 0.0, 1.5, 0.0 ], 
					"to": [ 6.0, 2.0, 6.0 ], 
					"rotationOrigin": [ -1.0, -14.0, 0.0 ],
					"faces": {
						"north": { "texture": "#stone1", "uv": [ 7.5, 5.0, 13.5, 5.5 ] },
						"east": { "texture": "#stone1", "uv": [ 1.0, 2.5, 7.0, 3.0 ] },
						"south": { "texture": "#stone1", "uv": [ 9.5, 2.5, 15.5, 3.0 ] },
						"west": { "texture": "#stone1", "uv": [ 8.0, 14.0, 14.0, 14.5 ] },
						"up": { "texture": "#stone1", "uv": [ 6.5, 0.5, 12.5, 6.5 ] },
						"down": { "texture": "#stone1", "uv": [ 8.5, 4.0, 14.5, 10.0 ] }
					},
					"children": [
						{
							"name": "Bottom5",
							"from": [ 0.0, 0.5, 0.0 ], 
							"to": [ 5.0, 1.0, 6.0 ], 
							"rotationOrigin": [ -1.0, -15.5, 0.0 ],
							"faces": {
								"north": { "texture": "#stone1", "uv": [ 9.0, 7.0, 14.0, 7.5 ] },
								"east": { "texture": "#stone1", "uv": [ 5.5, 8.5, 11.5, 9.0 ] },
								"south": { "texture": "#stone1", "uv": [ 6.0, 0.5, 11.0, 1.0 ] },
								"west": { "texture": "#stone1", "uv": [ 4.5, 6.0, 10.5, 6.5 ] },
								"up": { "texture": "#stone1", "uv": [ 10.5, 9.0, 15.5, 15.0 ] },
								"down": { "texture": "#stone1", "uv": [ 1.0, 0.0, 6.0, 6.0 ] }
							}
						},
						{
							"name": "Bottom6",
							"from": [ 0.0, 1.0, 0.0 ], 
							"to": [ 4.0, 1.5, 6.0 ], 
							"rotationOrigin": [ -1.0, -15.5, 0.0 ],
							"faces": {
								"north": { "texture": "#stone1", "uv": [ 11.5, 3.0, 15.5, 3.5 ] },
								"east": { "texture": "#stone1", "uv": [ 9.5, 0.0, 15.5, 0.5 ] },
								"south": { "texture": "#stone1", "uv": [ 10.0, 3.5, 14.0, 4.0 ] },
								"west": { "texture": "#stone1", "uv": [ 2.0, 10.5, 8.0, 11.0 ] },
								"up": { "texture": "#stone1", "uv": [ 9.0, 6.5, 13.0, 12.5 ] },
								"down": { "texture": "#stone1", "uv": [ 0.5, 8.0, 4.5, 14.0 ] }
							}
						},
						{
							"name": "Bottom8",
							"from": [ 0.0, 1.5, 0.0 ], 
							"to": [ 3.5, 2.0, 6.0 ], 
							"rotationOrigin": [ -1.0, -15.5, 0.0 ],
							"faces": {
								"north": { "texture": "#stone1", "uv": [ 4.5, 7.0, 8.0, 7.5 ] },
								"east": { "texture": "#stone1", "uv": [ 5.0, 5.5, 11.0, 6.0 ] },
								"south": { "texture": "#stone1", "uv": [ 8.0, 8.5, 11.5, 9.0 ] },
								"west": { "texture": "#stone1", "uv": [ 3.5, 4.0, 9.5, 4.5 ] },
								"up": { "texture": "#stone1", "uv": [ 10.5, 0.0, 14.0, 6.0 ] },
								"down": { "texture": "#stone1", "uv": [ 6.5, 7.0, 10.0, 13.0 ] }
							}
						},
						{
							"name": "Bottom10",
							"from": [ 0.0, 2.5, 0.0 ], 
							"to": [ 2.5, 3.5, 6.0 ], 
							"rotationOrigin": [ -1.0, -15.5, 0.0 ],
							"faces": {
								"north": { "texture": "#stone1", "uv": [ 12.0, 1.0, 14.5, 2.0 ] },
								"east": { "texture": "#stone1", "uv": [ 9.0, 5.5, 15.0, 6.5 ] },
								"south": { "texture": "#stone1", "uv": [ 4.5, 5.0, 7.0, 6.0 ] },
								"west": { "texture": "#stone1", "uv": [ 1.5, 11.5, 7.5, 12.5 ] },
								"up": { "texture": "#stone1", "uv": [ 7.5, 7.5, 10.0, 13.5 ] },
								"down": { "texture": "#stone1", "uv": [ 1.5, 0.5, 4.0, 6.5 ] }
							}
						},
						{
							"name": "Bottom11",
							"from": [ 0.0, 4.5, 0.0 ], 
							"to": [ 1.5, 8.5, 6.0 ], 
							"rotationOrigin": [ -1.0, -14.5, 0.0 ],
							"faces": {
								"north": { "texture": "#stone1", "uv": [ 7.5, 2.5, 9.0, 6.5 ] },
								"east": { "texture": "#stone1", "uv": [ 1.0, 10.5, 7.0, 14.5 ] },
								"south": { "texture": "#stone1", "uv": [ 3.5, 2.5, 5.0, 6.5 ] },
								"west": { "texture": "#stone1", "uv": [ 5.5, 1.5, 11.5, 5.5 ] },
								"up": { "texture": "#stone1", "uv": [ 1.5, 7.0, 3.0, 13.0 ] },
								"down": { "texture": "#stone1", "uv": [ 14.0, 5.5, 15.5, 11.5 ] }
							}
						},
						{
							"name": "Bottom18",
							"from": [ 0.0, 2.0, 0.0 ], 
							"to": [ 3.0, 2.5, 6.0 ], 
							"rotationOrigin": [ -1.0, -15.5, 0.0 ],
							"faces": {
								"north": { "texture": "#stone1", "uv": [ 12.0, 0.5, 15.0, 1.0 ] },
								"east": { "texture": "#stone1", "uv": [ 7.5, 1.0, 13.5, 1.5 ] },
								"south": { "texture": "#stone1", "uv": [ 2.0, 0.0, 5.0, 0.5 ] },
								"west": { "texture": "#stone1", "uv": [ 8.0, 5.0, 14.0, 5.5 ] },
								"up": { "texture": "#stone1", "uv": [ 5.0, 3.5, 8.0, 9.5 ] },
								"down": { "texture": "#stone1", "uv": [ 8.5, 0.0, 11.5, 6.0 ] }
							}
						},
						{
							"name": "Bottom19",
							"from": [ 0.0, 3.5, 0.0 ], 
							"to": [ 2.0, 4.5, 6.0 ], 
							"rotationOrigin": [ -1.0, -14.5, 0.0 ],
							"faces": {
								"north": { "texture": "#stone1", "uv": [ 2.5, 13.0, 4.5, 14.0 ] },
								"east": { "texture": "#stone1", "uv": [ 9.0, 1.0, 15.0, 2.0 ] },
								"south": { "texture": "#stone1", "uv": [ 11.0, 11.0, 13.0, 12.0 ] },
								"west": { "texture": "#stone1", "uv": [ 5.5, 14.0, 11.5, 15.0 ] },
								"up": { "texture": "#stone1", "uv": [ 12.5, 8.5, 14.5, 14.5 ] },
								"down": { "texture": "#stone1", "uv": [ 11.5, 4.0, 13.5, 10.0 ] }
							}
						},
						{
							"name": "Bottom12",
							"from": [ 0.0, 8.5, 0.0 ], 
							"to": [ 2.0, 9.5, 6.0 ], 
							"rotationOrigin": [ -1.0, -9.5, 0.0 ],
							"faces": {
								"north": { "texture": "#stone1", "uv": [ 7.0, 14.0, 9.0, 15.0 ] },
								"east": { "texture": "#stone1", "uv": [ 5.0, 9.0, 11.0, 10.0 ] },
								"south": { "texture": "#stone1", "uv": [ 11.5, 5.0, 13.5, 6.0 ] },
								"west": { "texture": "#stone1", "uv": [ 0.5, 1.0, 6.5, 2.0 ] },
								"up": { "texture": "#stone1", "uv": [ 11.0, 6.5, 13.0, 12.5 ] },
								"down": { "texture": "#stone1", "uv": [ 12.0, 4.0, 14.0, 10.0 ] }
							}
						},
						{
							"name": "Bottom13",
							"from": [ 0.0, 9.5, 0.0 ], 
							"to": [ 2.5, 10.5, 6.0 ], 
							"rotationOrigin": [ -1.0, -8.5, 0.0 ],
							"faces": {
								"north": { "texture": "#stone1", "uv": [ 10.0, 7.5, 12.5, 8.5 ] },
								"east": { "texture": "#stone1", "uv": [ 3.5, 14.0, 9.5, 15.0 ] },
								"south": { "texture": "#stone1", "uv": [ 0.5, 12.0, 3.0, 13.0 ] },
								"west": { "texture": "#stone1", "uv": [ 8.0, 1.0, 14.0, 2.0 ] },
								"up": { "texture": "#stone1", "uv": [ 0.0, 4.5, 2.5, 10.5 ] },
								"down": { "texture": "#stone1", "uv": [ 8.5, 3.0, 11.0, 9.0 ] }
							}
						},
						{
							"name": "Bottom14",
							"from": [ 0.0, 10.5, 0.0 ], 
							"to": [ 3.0, 11.0, 6.0 ], 
							"rotationOrigin": [ -1.0, -6.5, 0.0 ],
							"faces": {
								"north": { "texture": "#stone1", "uv": [ 8.5, 7.0, 11.5, 7.5 ] },
								"east": { "texture": "#stone1", "uv": [ 0.0, 12.0, 6.0, 12.5 ] },
								"south": { "texture": "#stone1", "uv": [ 3.5, 5.0, 6.5, 5.5 ] },
								"west": { "texture": "#stone1", "uv": [ 8.5, 5.5, 14.5, 6.0 ] },
								"up": { "texture": "#stone1", "uv": [ 10.5, 2.5, 13.5, 8.5 ] },
								"down": { "texture": "#stone1", "uv": [ 10.0, 8.0, 13.0, 14.0 ] }
							}
						},
						{
							"name": "Bottom15",
							"from": [ 0.0, 11.0, 0.0 ], 
							"to": [ 3.5, 11.5, 6.0 ], 
							"rotationOrigin": [ -1.0, -5.5, 0.0 ],
							"faces": {
								"north": { "texture": "#stone1", "uv": [ 6.5, 0.0, 10.0, 0.5 ] },
								"east": { "texture": "#stone1", "uv": [ 8.5, 14.0, 14.5, 14.5 ] },
								"south": { "texture": "#stone1", "uv": [ 0.0, 3.0, 3.5, 3.5 ] },
								"west": { "texture": "#stone1", "uv": [ 3.0, 10.0, 9.0, 10.5 ] },
								"up": { "texture": "#stone1", "uv": [ 6.0, 4.5, 9.5, 10.5 ] },
								"down": { "texture": "#stone1", "uv": [ 8.0, 8.5, 11.5, 14.5 ] }
							}
						},
						{
							"name": "Bottom16",
							"from": [ 0.0, 11.5, 0.0 ], 
							"to": [ 4.0, 12.0, 6.0 ], 
							"rotationOrigin": [ -1.0, -4.5, 0.0 ],
							"faces": {
								"north": { "texture": "#stone1", "uv": [ 0.5, 12.0, 4.5, 12.5 ] },
								"east": { "texture": "#stone1", "uv": [ 5.0, 9.5, 11.0, 10.0 ] },
								"south": { "texture": "#stone1", "uv": [ 6.0, 6.0, 10.0, 6.5 ] },
								"west": { "texture": "#stone1", "uv": [ 7.0, 2.0, 13.0, 2.5 ] },
								"up": { "texture": "#stone1", "uv": [ 9.0, 9.5, 13.0, 15.5 ] },
								"down": { "texture": "#stone1", "uv": [ 10.0, 6.5, 14.0, 12.5 ] }
							}
						},
						{
							"name": "Bottom17",
							"from": [ 0.0, 12.0, 0.0 ], 
							"to": [ 5.0, 12.5, 6.0 ], 
							"rotationOrigin": [ -1.0, -3.5, 0.0 ],
							"faces": {
								"north": { "texture": "#stone1", "uv": [ 10.0, 2.5, 15.0, 3.0 ] },
								"east": { "texture": "#stone1", "uv": [ 8.5, 15.0, 14.5, 15.5 ] },
								"south": { "texture": "#stone1", "uv": [ 10.5, 14.0, 15.5, 14.5 ] },
								"west": { "texture": "#stone1", "uv": [ 9.5, 6.0, 15.5, 6.5 ] },
								"up": { "texture": "#stone1", "uv": [ 8.5, 4.0, 13.5, 10.0 ] },
								"down": { "texture": "#stone1", "uv": [ 2.5, 6.0, 7.5, 12.0 ] }
							}
						},
						{
							"name": "Bottom20",
							"from": [ 0.0, 12.5, 0.0 ], 
							"to": [ 6.0, 13.0, 6.0 ], 
							"rotationOrigin": [ -1.0, -2.5, 0.0 ],
							"faces": {
								"north": { "texture": "#stone1", "uv": [ 6.5, 3.0, 12.5, 3.5 ] },
								"east": { "texture": "#stone1", "uv": [ 8.5, 7.0, 14.5, 7.5 ] },
								"south": { "texture": "#stone1", "uv": [ 6.5, 13.5, 12.5, 14.0 ] },
								"west": { "texture": "#stone1", "uv": [ 5.5, 7.5, 11.5, 8.0 ] },
								"up": { "texture": "#stone1", "uv": [ 0.5, 5.0, 6.5, 11.0 ] },
								"down": { "texture": "#stone1", "uv": [ 4.0, 2.0, 10.0, 8.0 ] }
							}
						}
					]
				},
				{
					"name": "Bottom21",
					"from": [ 0.0, 14.5, 0.0 ], 
					"to": [ 16.0, 16.0, 6.0 ], 
					"rotationOrigin": [ -1.0, -1.0, 0.0 ],
					"faces": {
						"north": { "texture": "#stone1", "uv": [ 0.0, 13.5, 16.0, 15.0 ] },
						"east": { "texture": "#stone1", "uv": [ 6.0, 1.0, 12.0, 2.5 ] },
						"south": { "texture": "#stone1", "uv": [ 0.0, 5.5, 16.0, 7.0 ] },
						"west": { "texture": "#stone1", "uv": [ 5.0, 8.5, 11.0, 10.0 ] },
						"up": { "texture": "#stone1", "uv": [ 0.0, 3.5, 16.0, 9.5 ] },
						"down": { "texture": "#stone1", "uv": [ 0.0, 3.0, 16.0, 9.0 ] }
					}
				},
				{
					"name": "Bottom22",
					"from": [ 18.0, 1.5, 6.0 ], 
					"to": [ 24.0, 2.0, 12.0 ], 
					"rotationOrigin": [ 17.0, -14.0, 6.0 ],
					"rotationY": 180.0,
					"faces": {
						"north": { "texture": "#stone1", "uv": [ 7.5, 4.0, 13.5, 4.5 ] },
						"east": { "texture": "#stone1", "uv": [ 4.0, 11.0, 10.0, 11.5 ] },
						"south": { "texture": "#stone1", "uv": [ 9.0, 6.0, 15.0, 6.5 ] },
						"west": { "texture": "#stone1", "uv": [ 8.0, 12.5, 14.0, 13.0 ] },
						"up": { "texture": "#stone1", "uv": [ 0.0, 4.0, 6.0, 10.0 ] },
						"down": { "texture": "#stone1", "uv": [ 6.5, 9.0, 12.5, 15.0 ] }
					},
					"children": [
						{
							"name": "Bottom22",
							"from": [ 0.0, 0.5, 0.0 ], 
							"to": [ 5.0, 1.0, 6.0 ], 
							"rotationOrigin": [ -1.0, -15.5, 0.0 ],
							"faces": {
								"north": { "texture": "#stone1", "uv": [ 9.5, 6.5, 14.5, 7.0 ] },
								"east": { "texture": "#stone1", "uv": [ 6.0, 0.0, 12.0, 0.5 ] },
								"south": { "texture": "#stone1", "uv": [ 5.0, 15.0, 10.0, 15.5 ] },
								"west": { "texture": "#stone1", "uv": [ 7.0, 0.0, 13.0, 0.5 ] },
								"up": { "texture": "#stone1", "uv": [ 4.0, 5.0, 9.0, 11.0 ] },
								"down": { "texture": "#stone1", "uv": [ 5.5, 1.5, 10.5, 7.5 ] }
							}
						},
						{
							"name": "Bottom22",
							"from": [ 0.0, 1.0, 0.0 ], 
							"to": [ 4.0, 1.5, 6.0 ], 
							"rotationOrigin": [ -1.0, -15.5, 0.0 ],
							"faces": {
								"north": { "texture": "#stone1", "uv": [ 10.5, 3.5, 14.5, 4.0 ] },
								"east": { "texture": "#stone1", "uv": [ 2.5, 3.5, 8.5, 4.0 ] },
								"south": { "texture": "#stone1", "uv": [ 5.0, 0.0, 9.0, 0.5 ] },
								"west": { "texture": "#stone1", "uv": [ 2.5, 9.5, 8.5, 10.0 ] },
								"up": { "texture": "#stone1", "uv": [ 1.5, 4.5, 5.5, 10.5 ] },
								"down": { "texture": "#stone1", "uv": [ 10.0, 2.5, 14.0, 8.5 ] }
							}
						},
						{
							"name": "Bottom23",
							"from": [ 0.0, 1.5, 0.0 ], 
							"to": [ 3.5, 2.0, 6.0 ], 
							"rotationOrigin": [ -1.0, -15.5, 0.0 ],
							"faces": {
								"north": { "texture": "#stone1", "uv": [ 2.0, 8.0, 5.5, 8.5 ] },
								"east": { "texture": "#stone1", "uv": [ 0.0, 14.5, 6.0, 15.0 ] },
								"south": { "texture": "#stone1", "uv": [ 0.0, 12.0, 3.5, 12.5 ] },
								"west": { "texture": "#stone1", "uv": [ 7.5, 14.5, 13.5, 15.0 ] },
								"up": { "texture": "#stone1", "uv": [ 8.0, 3.5, 11.5, 9.5 ] },
								"down": { "texture": "#stone1", "uv": [ 10.5, 9.0, 14.0, 15.0 ] }
							}
						},
						{
							"name": "Bottom24",
							"from": [ 0.0, 2.5, 0.0 ], 
							"to": [ 2.5, 3.5, 6.0 ], 
							"rotationOrigin": [ -1.0, -15.5, 0.0 ],
							"faces": {
								"north": { "texture": "#stone1", "uv": [ 8.0, 0.5, 10.5, 1.5 ] },
								"east": { "texture": "#stone1", "uv": [ 1.5, 0.5, 7.5, 1.5 ] },
								"south": { "texture": "#stone1", "uv": [ 2.0, 2.0, 4.5, 3.0 ] },
								"west": { "texture": "#stone1", "uv": [ 4.5, 0.5, 10.5, 1.5 ] },
								"up": { "texture": "#stone1", "uv": [ 10.0, 9.5, 12.5, 15.5 ] },
								"down": { "texture": "#stone1", "uv": [ 2.5, 7.5, 5.0, 13.5 ] }
							}
						},
						{
							"name": "Bottom25",
							"from": [ 0.0, 4.5, 0.0 ], 
							"to": [ 1.5, 8.5, 6.0 ], 
							"rotationOrigin": [ -1.0, -14.5, 0.0 ],
							"faces": {
								"north": { "texture": "#stone1", "uv": [ 13.0, 5.5, 14.5, 9.5 ] },
								"east": { "texture": "#stone1", "uv": [ 5.5, 5.0, 11.5, 9.0 ] },
								"south": { "texture": "#stone1", "uv": [ 10.5, 2.0, 12.0, 6.0 ] },
								"west": { "texture": "#stone1", "uv": [ 0.5, 3.0, 6.5, 7.0 ] },
								"up": { "texture": "#stone1", "uv": [ 10.0, 5.0, 11.5, 11.0 ] },
								"down": { "texture": "#stone1", "uv": [ 9.5, 5.0, 11.0, 11.0 ] }
							}
						},
						{
							"name": "Bottom26",
							"from": [ 0.0, 2.0, 0.0 ], 
							"to": [ 3.0, 2.5, 6.0 ], 
							"rotationOrigin": [ -1.0, -15.5, 0.0 ],
							"faces": {
								"north": { "texture": "#stone1", "uv": [ 6.5, 0.5, 9.5, 1.0 ] },
								"east": { "texture": "#stone1", "uv": [ 6.5, 4.0, 12.5, 4.5 ] },
								"south": { "texture": "#stone1", "uv": [ 10.0, 2.0, 13.0, 2.5 ] },
								"west": { "texture": "#stone1", "uv": [ 7.5, 10.0, 13.5, 10.5 ] },
								"up": { "texture": "#stone1", "uv": [ 12.0, 0.0, 15.0, 6.0 ] },
								"down": { "texture": "#stone1", "uv": [ 1.0, 4.5, 4.0, 10.5 ] }
							}
						},
						{
							"name": "Bottom27",
							"from": [ 0.0, 3.5, 0.0 ], 
							"to": [ 2.0, 4.5, 6.0 ], 
							"rotationOrigin": [ -1.0, -14.5, 0.0 ],
							"faces": {
								"north": { "texture": "#stone1", "uv": [ 2.5, 8.5, 4.5, 9.5 ] },
								"east": { "texture": "#stone1", "uv": [ 8.0, 6.5, 14.0, 7.5 ] },
								"south": { "texture": "#stone1", "uv": [ 6.5, 8.0, 8.5, 9.0 ] },
								"west": { "texture": "#stone1", "uv": [ 5.0, 5.0, 11.0, 6.0 ] },
								"up": { "texture": "#stone1", "uv": [ 11.5, 2.5, 13.5, 8.5 ] },
								"down": { "texture": "#stone1", "uv": [ 3.5, 4.5, 5.5, 10.5 ] }
							}
						},
						{
							"name": "Bottom28",
							"from": [ 0.0, 8.5, 0.0 ], 
							"to": [ 2.0, 9.5, 6.0 ], 
							"rotationOrigin": [ -1.0, -9.5, 0.0 ],
							"faces": {
								"north": { "texture": "#stone1", "uv": [ 5.0, 11.5, 7.0, 12.5 ] },
								"east": { "texture": "#stone1", "uv": [ 7.0, 7.0, 13.0, 8.0 ] },
								"south": { "texture": "#stone1", "uv": [ 13.5, 4.5, 15.5, 5.5 ] },
								"west": { "texture": "#stone1", "uv": [ 5.5, 10.5, 11.5, 11.5 ] },
								"up": { "texture": "#stone1", "uv": [ 10.0, 5.0, 12.0, 11.0 ] },
								"down": { "texture": "#stone1", "uv": [ 13.0, 7.0, 15.0, 13.0 ] }
							}
						},
						{
							"name": "Bottom29",
							"from": [ 0.0, 9.5, 0.0 ], 
							"to": [ 2.5, 10.5, 6.0 ], 
							"rotationOrigin": [ -1.0, -8.5, 0.0 ],
							"faces": {
								"north": { "texture": "#stone1", "uv": [ 12.5, 8.5, 15.0, 9.5 ] },
								"east": { "texture": "#stone1", "uv": [ 8.0, 1.0, 14.0, 2.0 ] },
								"south": { "texture": "#stone1", "uv": [ 0.0, 12.0, 2.5, 13.0 ] },
								"west": { "texture": "#stone1", "uv": [ 1.5, 14.0, 7.5, 15.0 ] },
								"up": { "texture": "#stone1", "uv": [ 2.0, 7.5, 4.5, 13.5 ] },
								"down": { "texture": "#stone1", "uv": [ 10.0, 8.0, 12.5, 14.0 ] }
							}
						},
						{
							"name": "Bottom30",
							"from": [ 0.0, 10.5, 0.0 ], 
							"to": [ 3.0, 11.0, 6.0 ], 
							"rotationOrigin": [ -1.0, -6.5, 0.0 ],
							"faces": {
								"north": { "texture": "#stone1", "uv": [ 6.0, 12.0, 9.0, 12.5 ] },
								"east": { "texture": "#stone1", "uv": [ 5.0, 4.0, 11.0, 4.5 ] },
								"south": { "texture": "#stone1", "uv": [ 12.5, 4.0, 15.5, 4.5 ] },
								"west": { "texture": "#stone1", "uv": [ 3.0, 4.0, 9.0, 4.5 ] },
								"up": { "texture": "#stone1", "uv": [ 2.5, 7.0, 5.5, 13.0 ] },
								"down": { "texture": "#stone1", "uv": [ 9.5, 3.5, 12.5, 9.5 ] }
							}
						},
						{
							"name": "Bottom31",
							"from": [ 0.0, 11.0, 0.0 ], 
							"to": [ 3.5, 11.5, 6.0 ], 
							"rotationOrigin": [ -1.0, -5.5, 0.0 ],
							"faces": {
								"north": { "texture": "#stone1", "uv": [ 8.5, 15.0, 12.0, 15.5 ] },
								"east": { "texture": "#stone1", "uv": [ 6.0, 5.0, 12.0, 5.5 ] },
								"south": { "texture": "#stone1", "uv": [ 11.5, 4.5, 15.0, 5.0 ] },
								"west": { "texture": "#stone1", "uv": [ 6.5, 2.0, 12.5, 2.5 ] },
								"up": { "texture": "#stone1", "uv": [ 4.0, 4.0, 7.5, 10.0 ] },
								"down": { "texture": "#stone1", "uv": [ 3.0, 2.0, 6.5, 8.0 ] }
							}
						},
						{
							"name": "Bottom32",
							"from": [ 0.0, 11.5, 0.0 ], 
							"to": [ 4.0, 12.0, 6.0 ], 
							"rotationOrigin": [ -1.0, -4.5, 0.0 ],
							"faces": {
								"north": { "texture": "#stone1", "uv": [ 7.5, 6.0, 11.5, 6.5 ] },
								"east": { "texture": "#stone1", "uv": [ 8.5, 1.0, 14.5, 1.5 ] },
								"south": { "texture": "#stone1", "uv": [ 0.0, 0.5, 4.0, 1.0 ] },
								"west": { "texture": "#stone1", "uv": [ 5.0, 2.0, 11.0, 2.5 ] },
								"up": { "texture": "#stone1", "uv": [ 2.0, 0.5, 6.0, 6.5 ] },
								"down": { "texture": "#stone1", "uv": [ 4.0, 6.5, 8.0, 12.5 ] }
							}
						},
						{
							"name": "Bottom33",
							"from": [ 0.0, 12.0, 0.0 ], 
							"to": [ 5.0, 12.5, 6.0 ], 
							"rotationOrigin": [ -1.0, -3.5, 0.0 ],
							"faces": {
								"north": { "texture": "#stone1", "uv": [ 7.5, 14.5, 12.5, 15.0 ] },
								"east": { "texture": "#stone1", "uv": [ 3.0, 9.5, 9.0, 10.0 ] },
								"south": { "texture": "#stone1", "uv": [ 4.5, 14.5, 9.5, 15.0 ] },
								"west": { "texture": "#stone1", "uv": [ 0.0, 12.5, 6.0, 13.0 ] },
								"up": { "texture": "#stone1", "uv": [ 0.0, 0.0, 5.0, 6.0 ] },
								"down": { "texture": "#stone1", "uv": [ 9.5, 1.5, 14.5, 7.5 ] }
							}
						},
						{
							"name": "Bottom34",
							"from": [ 0.0, 12.5, 0.0 ], 
							"to": [ 6.0, 13.0, 6.0 ], 
							"rotationOrigin": [ -1.0, -2.5, 0.0 ],
							"faces": {
								"north": { "texture": "#stone1", "uv": [ 2.0, 8.0, 8.0, 8.5 ] },
								"east": { "texture": "#stone1", "uv": [ 6.5, 7.0, 12.5, 7.5 ] },
								"south": { "texture": "#stone1", "uv": [ 7.0, 5.0, 13.0, 5.5 ] },
								"west": { "texture": "#stone1", "uv": [ 6.0, 8.5, 12.0, 9.0 ] },
								"up": { "texture": "#stone1", "uv": [ 5.0, 5.0, 11.0, 11.0 ] },
								"down": { "texture": "#stone1", "uv": [ 5.5, 9.0, 11.5, 15.0 ] }
							}
						}
					]
				}
			]
		},
		{
			"name": "window23",
			"from": [ 7.8, 3.8, 13.0 ], 
			"to": [ 16.2, 12.2, 15.0 ], 
			"renderPass": 3,
			"rotationOrigin": [ 7.0, 4.0, 13.0 ],
			"rotationY": 89.9802127184967,
			"faces": {
				"north": { "texture": "#roseglass", "uv": [ 2.0, 2.0, 14.0, 14.0 ], "autoUv": false },
				"east": { "texture": "#frame", "uv": [ 0.0, 0.0, 2.0, 8.0 ], "enabled": false },
				"south": { "texture": "#roseglass", "uv": [ 2.0, 2.0, 14.0, 14.0 ], "autoUv": false },
				"west": { "texture": "#frame", "uv": [ 0.0, 0.0, 2.0, 8.0 ], "enabled": false },
				"up": { "texture": "#frame", "uv": [ 0.0, 0.0, 8.0, 2.0 ], "enabled": false },
				"down": { "texture": "#frame", "uv": [ 0.0, 0.0, 8.0, 2.0 ], "enabled": false }
			}
		},
		{
			"name": "Cube35",
			"from": [ 7.0, 2.0, 11.0 ], 
			"to": [ 8.0, 2.3, 13.0 ], 
			
			"rotationOrigin": [ 7.0, 1.0, 10.9986 ],
			"rotationY": 89.9802127184967,
			"faces": {
				"north": { "texture": "#frame", "uv": [ 14.0, 9.5, 15.0, 10.0 ] },
				"east": { "texture": "#frame", "uv": [ 9.0, 8.5, 11.0, 9.0 ] },
				"south": { "texture": "#frame", "uv": [ 1.5, 7.0, 2.5, 7.5 ] },
				"west": { "texture": "#frame", "uv": [ 0.5, 2.5, 2.5, 3.0 ] },
				"up": { "texture": "#frame", "uv": [ 2.0, 8.0, 3.0, 10.0 ] },
				"down": { "texture": "#frame", "uv": [ 14.0, 7.0, 15.0, 9.0 ] }
			},
			"children": [
				{
					"name": "Cube36",
					"from": [ -1.0, 0.5, 3.0E-4 ], 
					"to": [ 0.0, 0.8, 2.0003 ], 
					
					"rotationOrigin": [ -1.0, -1.0, -0.0011 ],
					"faces": {
						"north": { "texture": "#frame", "uv": [ 3.5, 8.0, 4.5, 8.5 ] },
						"east": { "texture": "#frame", "uv": [ 3.5, 10.0, 5.5, 10.5 ] },
						"south": { "texture": "#frame", "uv": [ 2.5, 9.0, 3.5, 9.5 ] },
						"west": { "texture": "#frame", "uv": [ 2.0, 0.5, 4.0, 1.0 ] },
						"up": { "texture": "#frame", "uv": [ 10.0, 1.0, 11.0, 3.0 ] },
						"down": { "texture": "#frame", "uv": [ 1.5, 11.5, 2.5, 13.5 ] }
					}
				},
				{
					"name": "Cube37",
					"from": [ -1.5, 1.0, 7.0E-4 ], 
					"to": [ -1.0, 1.3, 2.0007 ], 
					
					"rotationOrigin": [ -2.0, -1.0, -7.0E-4 ],
					"faces": {
						"north": { "texture": "#frame", "uv": [ 0.5, 3.5, 1.0, 4.0 ] },
						"east": { "texture": "#frame", "uv": [ 8.0, 11.0, 10.0, 11.5 ] },
						"south": { "texture": "#frame", "uv": [ 2.5, 4.5, 3.0, 5.0 ] },
						"west": { "texture": "#frame", "uv": [ 4.0, 6.5, 6.0, 7.0 ] },
						"up": { "texture": "#frame", "uv": [ 2.5, 9.5, 3.0, 11.5 ] },
						"down": { "texture": "#frame", "uv": [ 12.5, 2.5, 13.0, 4.5 ] }
					}
				},
				{
					"name": "Cube38",
					"from": [ -2.0, 1.5, 7.0E-4 ], 
					"to": [ -1.5, 1.8, 2.0007 ], 
					
					"rotationOrigin": [ -2.0, -1.0, -7.0E-4 ],
					"faces": {
						"north": { "texture": "#frame", "uv": [ 9.5, 6.5, 10.0, 7.0 ] },
						"east": { "texture": "#frame", "uv": [ 9.0, 8.5, 11.0, 9.0 ] },
						"south": { "texture": "#frame", "uv": [ 0.5, 10.5, 1.0, 11.0 ] },
						"west": { "texture": "#frame", "uv": [ 0.5, 0.0, 2.5, 0.5 ] },
						"up": { "texture": "#frame", "uv": [ 4.0, 2.0, 4.5, 4.0 ] },
						"down": { "texture": "#frame", "uv": [ 5.5, 12.5, 6.0, 14.5 ] }
					}
				},
				{
					"name": "Cube39",
					"from": [ -2.5, 2.0, 7.0E-4 ], 
					"to": [ -2.0, 2.3, 2.0007 ], 
					
					"rotationOrigin": [ -2.0, -1.0, -7.0E-4 ],
					"faces": {
						"north": { "texture": "#frame", "uv": [ 8.0, 1.0, 8.5, 1.5 ] },
						"east": { "texture": "#frame", "uv": [ 12.5, 13.0, 14.5, 13.5 ] },
						"south": { "texture": "#frame", "uv": [ 12.0, 14.0, 12.5, 14.5 ] },
						"west": { "texture": "#frame", "uv": [ 12.5, 9.0, 14.5, 9.5 ] },
						"up": { "texture": "#frame", "uv": [ 10.5, 9.0, 11.0, 11.0 ] },
						"down": { "texture": "#frame", "uv": [ 1.0, 11.0, 1.5, 13.0 ] }
					}
				},
				{
					"name": "Cube40",
					"from": [ -3.0, 3.0, 7.0E-4 ], 
					"to": [ -2.5, 3.3, 2.0007 ], 
					
					"rotationOrigin": [ -2.0, 0.0, -7.0E-4 ],
					"faces": {
						"north": { "texture": "#frame", "uv": [ 14.0, 4.5, 14.5, 5.0 ] },
						"east": { "texture": "#frame", "uv": [ 4.5, 10.0, 6.5, 10.5 ] },
						"south": { "texture": "#frame", "uv": [ 1.5, 0.0, 2.0, 0.5 ] },
						"west": { "texture": "#frame", "uv": [ 7.5, 8.5, 9.5, 9.0 ] },
						"up": { "texture": "#frame", "uv": [ 4.5, 13.0, 5.0, 15.0 ] },
						"down": { "texture": "#frame", "uv": [ 14.5, 7.5, 15.0, 9.5 ] }
					}
				},
				{
					"name": "Cube41",
					"from": [ -3.5, 4.0, 7.0E-4 ], 
					"to": [ -3.0, 4.3, 2.0007 ], 
					
					"rotationOrigin": [ -2.0, 1.0, -7.0E-4 ],
					"faces": {
						"north": { "texture": "#frame", "uv": [ 12.5, 2.0, 13.0, 2.5 ] },
						"east": { "texture": "#frame", "uv": [ 1.0, 8.0, 3.0, 8.5 ] },
						"south": { "texture": "#frame", "uv": [ 1.0, 3.5, 1.5, 4.0 ] },
						"west": { "texture": "#frame", "uv": [ 6.0, 12.0, 8.0, 12.5 ] },
						"up": { "texture": "#frame", "uv": [ 6.5, 12.5, 7.0, 14.5 ] },
						"down": { "texture": "#frame", "uv": [ 2.0, 4.0, 2.5, 6.0 ] }
					}
				},
				{
					"name": "Cube42",
					"from": [ 5.0, 0.0, -0.0017 ], 
					"to": [ 6.0, 0.3, 1.9983 ], 
					
					"rotationOrigin": [ 5.0, -1.0, -0.0031 ],
					"faces": {
						"north": { "texture": "#frame", "uv": [ 2.0, 4.0, 3.0, 4.5 ] },
						"east": { "texture": "#frame", "uv": [ 7.5, 5.5, 9.5, 6.0 ] },
						"south": { "texture": "#frame", "uv": [ 0.0, 13.0, 1.0, 13.5 ] },
						"west": { "texture": "#frame", "uv": [ 2.5, 12.0, 4.5, 12.5 ] },
						"up": { "texture": "#frame", "uv": [ 7.0, 4.5, 8.0, 6.5 ] },
						"down": { "texture": "#frame", "uv": [ 10.0, 8.0, 11.0, 10.0 ] }
					}
				},
				{
					"name": "Cube43",
					"from": [ 6.0, 0.5, 3.0E-4 ], 
					"to": [ 7.0, 0.8, 2.0003 ], 
					
					"rotationOrigin": [ 6.0, -1.0, -0.0011 ],
					"faces": {
						"north": { "texture": "#frame", "uv": [ 0.5, 3.5, 1.5, 4.0 ] },
						"east": { "texture": "#frame", "uv": [ 13.5, 0.0, 15.5, 0.5 ] },
						"south": { "texture": "#frame", "uv": [ 6.5, 12.0, 7.5, 12.5 ] },
						"west": { "texture": "#frame", "uv": [ 3.0, 14.0, 5.0, 14.5 ] },
						"up": { "texture": "#frame", "uv": [ 5.0, 12.0, 6.0, 14.0 ] },
						"down": { "texture": "#frame", "uv": [ 11.0, 1.0, 12.0, 3.0 ] }
					}
				},
				{
					"name": "Cube44",
					"from": [ 7.0, 1.0, 7.0E-4 ], 
					"to": [ 7.5, 1.3, 2.0007 ], 
					
					"rotationOrigin": [ 7.0, -1.0, -7.0E-4 ],
					"faces": {
						"north": { "texture": "#frame", "uv": [ 5.5, 11.5, 6.0, 12.0 ] },
						"east": { "texture": "#frame", "uv": [ 13.0, 6.0, 15.0, 6.5 ] },
						"south": { "texture": "#frame", "uv": [ 3.5, 5.5, 4.0, 6.0 ] },
						"west": { "texture": "#frame", "uv": [ 9.0, 13.0, 11.0, 13.5 ] },
						"up": { "texture": "#frame", "uv": [ 9.5, 10.5, 10.0, 12.5 ] },
						"down": { "texture": "#frame", "uv": [ 7.0, 2.0, 7.5, 4.0 ] }
					}
				},
				{
					"name": "Cube45",
					"from": [ 7.5, 1.5, 7.0E-4 ], 
					"to": [ 8.0, 1.8, 2.0007 ], 
					
					"rotationOrigin": [ 8.0, -1.0, -7.0E-4 ],
					"faces": {
						"north": { "texture": "#frame", "uv": [ 13.5, 5.0, 14.0, 5.5 ] },
						"east": { "texture": "#frame", "uv": [ 3.0, 0.5, 5.0, 1.0 ] },
						"south": { "texture": "#frame", "uv": [ 0.0, 2.5, 0.5, 3.0 ] },
						"west": { "texture": "#frame", "uv": [ 4.5, 5.5, 6.5, 6.0 ] },
						"up": { "texture": "#frame", "uv": [ 15.0, 13.0, 15.5, 15.0 ] },
						"down": { "texture": "#frame", "uv": [ 8.5, 8.5, 9.0, 10.5 ] }
					}
				},
				{
					"name": "Cube46",
					"from": [ 8.0, 2.0, 7.0E-4 ], 
					"to": [ 8.5, 2.3, 2.0007 ], 
					
					"rotationOrigin": [ 9.0, -1.0, -7.0E-4 ],
					"faces": {
						"north": { "texture": "#frame", "uv": [ 12.0, 4.5, 12.5, 5.0 ] },
						"east": { "texture": "#frame", "uv": [ 9.5, 3.0, 11.5, 3.5 ] },
						"south": { "texture": "#frame", "uv": [ 14.0, 0.0, 14.5, 0.5 ] },
						"west": { "texture": "#frame", "uv": [ 5.5, 14.5, 7.5, 15.0 ] },
						"up": { "texture": "#frame", "uv": [ 13.5, 10.5, 14.0, 12.5 ] },
						"down": { "texture": "#frame", "uv": [ 15.0, 2.5, 15.5, 4.5 ] }
					}
				},
				{
					"name": "Cube47",
					"from": [ 8.5, 3.0, 7.0E-4 ], 
					"to": [ 9.0, 3.3, 2.0007 ], 
					
					"rotationOrigin": [ 10.0, 0.0, -7.0E-4 ],
					"faces": {
						"north": { "texture": "#frame", "uv": [ 3.5, 6.5, 4.0, 7.0 ] },
						"east": { "texture": "#frame", "uv": [ 8.5, 10.5, 10.5, 11.0 ] },
						"south": { "texture": "#frame", "uv": [ 13.0, 6.0, 13.5, 6.5 ] },
						"west": { "texture": "#frame", "uv": [ 11.5, 1.0, 13.5, 1.5 ] },
						"up": { "texture": "#frame", "uv": [ 1.0, 7.0, 1.5, 9.0 ] },
						"down": { "texture": "#frame", "uv": [ 10.5, 13.5, 11.0, 15.5 ] }
					}
				},
				{
					"name": "Cube48",
					"from": [ 9.0, 4.0, 7.0E-4 ], 
					"to": [ 9.5, 4.3, 2.0007 ], 
					
					"rotationOrigin": [ 11.0, 1.0, -7.0E-4 ],
					"faces": {
						"north": { "texture": "#frame", "uv": [ 10.0, 11.5, 10.5, 12.0 ] },
						"east": { "texture": "#frame", "uv": [ 6.5, 7.0, 8.5, 7.5 ] },
						"south": { "texture": "#frame", "uv": [ 7.0, 13.5, 7.5, 14.0 ] },
						"west": { "texture": "#frame", "uv": [ 13.0, 14.0, 15.0, 14.5 ] },
						"up": { "texture": "#frame", "uv": [ 10.5, 3.0, 11.0, 5.0 ] },
						"down": { "texture": "#frame", "uv": [ 12.0, 2.5, 12.5, 4.5 ] }
					}
				},
				{
					"name": "Cube49",
					"from": [ -1.0, 0.8, 3.0E-4 ], 
					"to": [ -0.7, 1.3, 2.0003 ], 
					
					"rotationOrigin": [ -1.0, -1.0, -0.0011 ],
					"faces": {
						"north": { "texture": "#frame", "uv": [ 10.0, 1.0, 10.5, 1.5 ] },
						"east": { "texture": "#frame", "uv": [ 1.0, 7.0, 3.0, 7.5 ] },
						"south": { "texture": "#frame", "uv": [ 10.5, 2.0, 11.0, 2.5 ] },
						"west": { "texture": "#frame", "uv": [ 8.5, 10.5, 10.5, 11.0 ] },
						"up": { "texture": "#frame", "uv": [ 2.0, 11.0, 2.5, 13.0 ] },
						"down": { "texture": "#frame", "uv": [ 7.5, 9.0, 8.0, 11.0 ] }
					}
				},
				{
					"name": "Cube50",
					"from": [ 0.0, 0.3, 3.0E-4 ], 
					"to": [ 0.3, 0.8, 2.0003 ], 
					
					"rotationOrigin": [ 0.0, -1.0, -0.0011 ],
					"faces": {
						"north": { "texture": "#frame", "uv": [ 13.5, 13.5, 14.0, 14.0 ] },
						"east": { "texture": "#frame", "uv": [ 10.0, 2.0, 12.0, 2.5 ] },
						"south": { "texture": "#frame", "uv": [ 8.5, 6.0, 9.0, 6.5 ] },
						"west": { "texture": "#frame", "uv": [ 0.0, 14.0, 2.0, 14.5 ] },
						"up": { "texture": "#frame", "uv": [ 13.5, 6.5, 14.0, 8.5 ] },
						"down": { "texture": "#frame", "uv": [ 3.5, 11.0, 4.0, 13.0 ] }
					}
				},
				{
					"name": "Cube51",
					"from": [ 1.0, -0.2, 3.0E-4 ], 
					"to": [ 1.3, 0.3, 2.0003 ], 
					
					"rotationOrigin": [ 1.0, -1.0, -0.0011 ],
					"faces": {
						"north": { "texture": "#frame", "uv": [ 3.0, 14.5, 3.5, 15.0 ] },
						"east": { "texture": "#frame", "uv": [ 8.5, 6.0, 10.5, 6.5 ] },
						"south": { "texture": "#frame", "uv": [ 1.5, 6.0, 2.0, 6.5 ] },
						"west": { "texture": "#frame", "uv": [ 3.0, 4.0, 5.0, 4.5 ] },
						"up": { "texture": "#frame", "uv": [ 5.5, 2.5, 6.0, 4.5 ] },
						"down": { "texture": "#frame", "uv": [ 2.0, 0.0, 2.5, 2.0 ] }
					}
				},
				{
					"name": "Cube52",
					"from": [ -1.5, 1.3, 3.0E-4 ], 
					"to": [ -1.2, 1.8, 2.0003 ], 
					
					"rotationOrigin": [ -1.0, 1.0, -0.0011 ],
					"faces": {
						"north": { "texture": "#frame", "uv": [ 4.0, 11.5, 4.5, 12.0 ] },
						"east": { "texture": "#frame", "uv": [ 12.5, 11.5, 14.5, 12.0 ] },
						"south": { "texture": "#frame", "uv": [ 13.5, 6.0, 14.0, 6.5 ] },
						"west": { "texture": "#frame", "uv": [ 10.0, 6.0, 12.0, 6.5 ] },
						"up": { "texture": "#frame", "uv": [ 3.5, 8.0, 4.0, 10.0 ] },
						"down": { "texture": "#frame", "uv": [ 14.5, 5.0, 15.0, 7.0 ] }
					}
				},
				{
					"name": "Cube53",
					"from": [ -2.0, 1.8, 3.0E-4 ], 
					"to": [ -1.7, 2.3, 2.0003 ], 
					
					"rotationOrigin": [ -1.0, 1.0, -0.0011 ],
					"faces": {
						"north": { "texture": "#frame", "uv": [ 12.5, 11.0, 13.0, 11.5 ] },
						"east": { "texture": "#frame", "uv": [ 3.5, 3.5, 5.5, 4.0 ] },
						"south": { "texture": "#frame", "uv": [ 12.0, 13.0, 12.5, 13.5 ] },
						"west": { "texture": "#frame", "uv": [ 4.0, 12.0, 6.0, 12.5 ] },
						"up": { "texture": "#frame", "uv": [ 9.0, 4.0, 9.5, 6.0 ] },
						"down": { "texture": "#frame", "uv": [ 3.0, 4.5, 3.5, 6.5 ] }
					}
				},
				{
					"name": "Cube54",
					"from": [ -2.5, 2.3, 3.0E-4 ], 
					"to": [ -2.2, 3.3, 2.0003 ], 
					
					"rotationOrigin": [ -1.0, 1.0, -0.0011 ],
					"faces": {
						"north": { "texture": "#frame", "uv": [ 5.5, 8.0, 6.0, 9.0 ] },
						"east": { "texture": "#frame", "uv": [ 10.5, 7.0, 12.5, 8.0 ] },
						"south": { "texture": "#frame", "uv": [ 11.0, 3.5, 11.5, 4.5 ] },
						"west": { "texture": "#frame", "uv": [ 13.5, 5.5, 15.5, 6.5 ] },
						"up": { "texture": "#frame", "uv": [ 6.5, 6.0, 7.0, 8.0 ] },
						"down": { "texture": "#frame", "uv": [ 7.0, 3.5, 7.5, 5.5 ] }
					}
				},
				{
					"name": "Cube55",
					"from": [ -3.0, 3.3, 3.0E-4 ], 
					"to": [ -2.7, 4.3, 2.0003 ], 
					
					"rotationOrigin": [ -1.0, 2.0, -0.0011 ],
					"faces": {
						"north": { "texture": "#frame", "uv": [ 4.5, 10.5, 5.0, 11.5 ] },
						"east": { "texture": "#frame", "uv": [ 10.0, 0.0, 12.0, 1.0 ] },
						"south": { "texture": "#frame", "uv": [ 12.0, 7.5, 12.5, 8.5 ] },
						"west": { "texture": "#frame", "uv": [ 9.0, 6.0, 11.0, 7.0 ] },
						"up": { "texture": "#frame", "uv": [ 11.0, 13.5, 11.5, 15.5 ] },
						"down": { "texture": "#frame", "uv": [ 0.5, 0.0, 1.0, 2.0 ] }
					}
				},
				{
					"name": "Cube56",
					"from": [ 4.7, -0.2, 3.0E-4 ], 
					"to": [ 5.0, 0.3, 2.0003 ], 
					
					"rotationOrigin": [ 5.0, -1.0, -0.0011 ],
					"faces": {
						"north": { "texture": "#frame", "uv": [ 10.0, 7.0, 10.5, 7.5 ] },
						"east": { "texture": "#frame", "uv": [ 7.0, 11.0, 9.0, 11.5 ] },
						"south": { "texture": "#frame", "uv": [ 3.5, 0.0, 4.0, 0.5 ] },
						"west": { "texture": "#frame", "uv": [ 10.5, 5.5, 12.5, 6.0 ] },
						"up": { "texture": "#frame", "uv": [ 8.0, 13.0, 8.5, 15.0 ] },
						"down": { "texture": "#frame", "uv": [ 14.0, 11.0, 14.5, 13.0 ] }
					}
				},
				{
					"name": "Cube57",
					"from": [ 5.7, 0.3, 3.0E-4 ], 
					"to": [ 6.0, 0.8, 2.0003 ], 
					
					"rotationOrigin": [ 6.0, 0.0, -0.0011 ],
					"faces": {
						"north": { "texture": "#frame", "uv": [ 8.0, 4.5, 8.5, 5.0 ] },
						"east": { "texture": "#frame", "uv": [ 6.0, 1.0, 8.0, 1.5 ] },
						"south": { "texture": "#frame", "uv": [ 3.0, 5.0, 3.5, 5.5 ] },
						"west": { "texture": "#frame", "uv": [ 10.5, 7.5, 12.5, 8.0 ] },
						"up": { "texture": "#frame", "uv": [ 4.0, 8.0, 4.5, 10.0 ] },
						"down": { "texture": "#frame", "uv": [ 3.0, 10.5, 3.5, 12.5 ] }
					}
				},
				{
					"name": "Cube58",
					"from": [ 6.7, 0.8, 3.0E-4 ], 
					"to": [ 7.0, 1.3, 2.0003 ], 
					
					"rotationOrigin": [ 7.0, 0.0, -0.0011 ],
					"faces": {
						"north": { "texture": "#frame", "uv": [ 10.0, 8.5, 10.5, 9.0 ] },
						"east": { "texture": "#frame", "uv": [ 10.0, 7.0, 12.0, 7.5 ] },
						"south": { "texture": "#frame", "uv": [ 4.0, 5.5, 4.5, 6.0 ] },
						"west": { "texture": "#frame", "uv": [ 3.0, 1.0, 5.0, 1.5 ] },
						"up": { "texture": "#frame", "uv": [ 5.5, 3.5, 6.0, 5.5 ] },
						"down": { "texture": "#frame", "uv": [ 3.0, 9.0, 3.5, 11.0 ] }
					}
				},
				{
					"name": "Cube59",
					"from": [ 7.2, 1.3, 3.0E-4 ], 
					"to": [ 7.5, 1.8, 2.0003 ], 
					
					"rotationOrigin": [ 7.0, 0.0, -0.0011 ],
					"faces": {
						"north": { "texture": "#frame", "uv": [ 6.0, 4.5, 6.5, 5.0 ] },
						"east": { "texture": "#frame", "uv": [ 0.5, 8.5, 2.5, 9.0 ] },
						"south": { "texture": "#frame", "uv": [ 10.0, 1.0, 10.5, 1.5 ] },
						"west": { "texture": "#frame", "uv": [ 12.0, 8.0, 14.0, 8.5 ] },
						"up": { "texture": "#frame", "uv": [ 13.0, 9.5, 13.5, 11.5 ] },
						"down": { "texture": "#frame", "uv": [ 0.5, 13.0, 1.0, 15.0 ] }
					}
				},
				{
					"name": "Cube60",
					"from": [ 7.7, 1.8, 3.0E-4 ], 
					"to": [ 8.0, 2.3, 2.0003 ], 
					
					"rotationOrigin": [ 7.0, 0.0, -0.0011 ],
					"faces": {
						"north": { "texture": "#frame", "uv": [ 8.0, 1.5, 8.5, 2.0 ] },
						"east": { "texture": "#frame", "uv": [ 3.0, 5.5, 5.0, 6.0 ] },
						"south": { "texture": "#frame", "uv": [ 12.5, 14.5, 13.0, 15.0 ] },
						"west": { "texture": "#frame", "uv": [ 4.0, 5.5, 6.0, 6.0 ] },
						"up": { "texture": "#frame", "uv": [ 14.5, 13.5, 15.0, 15.5 ] },
						"down": { "texture": "#frame", "uv": [ 14.5, 8.5, 15.0, 10.5 ] }
					}
				},
				{
					"name": "Cube61",
					"from": [ 8.2, 2.3, 3.0E-4 ], 
					"to": [ 8.5, 3.3, 2.0003 ], 
					
					"rotationOrigin": [ 7.0, 0.0, -0.0011 ],
					"faces": {
						"north": { "texture": "#frame", "uv": [ 4.0, 6.0, 4.5, 7.0 ] },
						"east": { "texture": "#frame", "uv": [ 4.0, 9.0, 6.0, 10.0 ] },
						"south": { "texture": "#frame", "uv": [ 5.0, 3.0, 5.5, 4.0 ] },
						"west": { "texture": "#frame", "uv": [ 6.5, 12.5, 8.5, 13.5 ] },
						"up": { "texture": "#frame", "uv": [ 6.0, 10.0, 6.5, 12.0 ] },
						"down": { "texture": "#frame", "uv": [ 8.5, 13.5, 9.0, 15.5 ] }
					}
				},
				{
					"name": "Cube62",
					"from": [ 8.7, 3.3, 3.0E-4 ], 
					"to": [ 9.0, 4.3, 2.0003 ], 
					
					"rotationOrigin": [ 7.0, 1.0, -0.0011 ],
					"faces": {
						"north": { "texture": "#frame", "uv": [ 10.5, 4.0, 11.0, 5.0 ] },
						"east": { "texture": "#frame", "uv": [ 5.5, 2.0, 7.5, 3.0 ] },
						"south": { "texture": "#frame", "uv": [ 5.0, 7.5, 5.5, 8.5 ] },
						"west": { "texture": "#frame", "uv": [ 2.0, 0.0, 4.0, 1.0 ] },
						"up": { "texture": "#frame", "uv": [ 13.0, 5.0, 13.5, 7.0 ] },
						"down": { "texture": "#frame", "uv": [ 6.5, 8.0, 7.0, 10.0 ] }
					}
				},
				{
					"name": "Cube10",
					"from": [ 1.0, -0.5, -3.0E-4 ], 
					"to": [ 5.0, -0.2, 1.9997 ], 
					
					"rotationOrigin": [ 1.0, -1.0, -0.0017 ],
					"faces": {
						"north": { "texture": "#frame", "uv": [ 7.0, 14.0, 11.0, 14.5 ] },
						"east": { "texture": "#frame", "uv": [ 12.5, 7.0, 14.5, 7.5 ] },
						"south": { "texture": "#frame", "uv": [ 9.5, 2.5, 13.5, 3.0 ] },
						"west": { "texture": "#frame", "uv": [ 13.5, 5.0, 15.5, 5.5 ] },
						"up": { "texture": "#frame", "uv": [ 8.0, 2.5, 12.0, 4.5 ] },
						"down": { "texture": "#frame", "uv": [ 0.0, 13.5, 4.0, 15.5 ] }
					}
				},
				{
					"name": "Cube63",
					"from": [ 6.0, 14.0, -0.0021 ], 
					"to": [ 7.0, 14.3, 1.9979 ], 
					
					"rotationOrigin": [ 6.0, 13.0, -0.0035 ],
					"rotationX": -1.7302180889164445E-9,
					"rotationY": 0.039582764819567406,
					"rotationZ": -179.9999851079233,
					"faces": {
						"north": { "texture": "#frame", "uv": [ 14.0, 9.5, 15.0, 10.0 ] },
						"east": { "texture": "#frame", "uv": [ 9.0, 8.5, 11.0, 9.0 ] },
						"south": { "texture": "#frame", "uv": [ 1.5, 7.0, 2.5, 7.5 ] },
						"west": { "texture": "#frame", "uv": [ 0.5, 2.5, 2.5, 3.0 ] },
						"up": { "texture": "#frame", "uv": [ 2.0, 8.0, 3.0, 10.0 ] },
						"down": { "texture": "#frame", "uv": [ 14.0, 7.0, 15.0, 9.0 ] }
					},
					"children": [
						{
							"name": "Cube64",
							"from": [ -1.0, 0.5, 3.0E-4 ], 
							"to": [ 0.0, 0.8, 2.0003 ], 
							
							"rotationOrigin": [ -1.0, -1.0, -0.0011 ],
							"faces": {
								"north": { "texture": "#frame", "uv": [ 3.5, 8.0, 4.5, 8.5 ] },
								"east": { "texture": "#frame", "uv": [ 3.5, 10.0, 5.5, 10.5 ] },
								"south": { "texture": "#frame", "uv": [ 2.5, 9.0, 3.5, 9.5 ] },
								"west": { "texture": "#frame", "uv": [ 2.0, 0.5, 4.0, 1.0 ] },
								"up": { "texture": "#frame", "uv": [ 10.0, 1.0, 11.0, 3.0 ] },
								"down": { "texture": "#frame", "uv": [ 1.5, 11.5, 2.5, 13.5 ] }
							}
						},
						{
							"name": "Cube65",
							"from": [ -1.5, 1.0, 7.0E-4 ], 
							"to": [ -1.0, 1.3, 2.0007 ], 
							
							"rotationOrigin": [ -2.0, -1.0, -7.0E-4 ],
							"faces": {
								"north": { "texture": "#frame", "uv": [ 0.5, 3.5, 1.0, 4.0 ] },
								"east": { "texture": "#frame", "uv": [ 8.0, 11.0, 10.0, 11.5 ] },
								"south": { "texture": "#frame", "uv": [ 2.5, 4.5, 3.0, 5.0 ] },
								"west": { "texture": "#frame", "uv": [ 4.0, 6.5, 6.0, 7.0 ] },
								"up": { "texture": "#frame", "uv": [ 2.5, 9.5, 3.0, 11.5 ] },
								"down": { "texture": "#frame", "uv": [ 12.5, 2.5, 13.0, 4.5 ] }
							}
						},
						{
							"name": "Cube66",
							"from": [ -2.0, 1.5, 7.0E-4 ], 
							"to": [ -1.5, 1.8, 2.0007 ], 
							
							"rotationOrigin": [ -2.0, -1.0, -7.0E-4 ],
							"faces": {
								"north": { "texture": "#frame", "uv": [ 9.5, 6.5, 10.0, 7.0 ] },
								"east": { "texture": "#frame", "uv": [ 9.0, 8.5, 11.0, 9.0 ] },
								"south": { "texture": "#frame", "uv": [ 0.5, 10.5, 1.0, 11.0 ] },
								"west": { "texture": "#frame", "uv": [ 0.5, 0.0, 2.5, 0.5 ] },
								"up": { "texture": "#frame", "uv": [ 4.0, 2.0, 4.5, 4.0 ] },
								"down": { "texture": "#frame", "uv": [ 5.5, 12.5, 6.0, 14.5 ] }
							}
						},
						{
							"name": "Cube67",
							"from": [ -2.5, 2.0, 7.0E-4 ], 
							"to": [ -2.0, 2.3, 2.0007 ], 
							
							"rotationOrigin": [ -2.0, -1.0, -7.0E-4 ],
							"faces": {
								"north": { "texture": "#frame", "uv": [ 8.0, 1.0, 8.5, 1.5 ] },
								"east": { "texture": "#frame", "uv": [ 12.5, 13.0, 14.5, 13.5 ] },
								"south": { "texture": "#frame", "uv": [ 12.0, 14.0, 12.5, 14.5 ] },
								"west": { "texture": "#frame", "uv": [ 12.5, 9.0, 14.5, 9.5 ] },
								"up": { "texture": "#frame", "uv": [ 10.5, 9.0, 11.0, 11.0 ] },
								"down": { "texture": "#frame", "uv": [ 1.0, 11.0, 1.5, 13.0 ] }
							}
						},
						{
							"name": "Cube68",
							"from": [ -3.0, 3.0, 7.0E-4 ], 
							"to": [ -2.5, 3.3, 2.0007 ], 
							
							"rotationOrigin": [ -2.0, 0.0, -7.0E-4 ],
							"faces": {
								"north": { "texture": "#frame", "uv": [ 14.0, 4.5, 14.5, 5.0 ] },
								"east": { "texture": "#frame", "uv": [ 4.5, 10.0, 6.5, 10.5 ] },
								"south": { "texture": "#frame", "uv": [ 1.5, 0.0, 2.0, 0.5 ] },
								"west": { "texture": "#frame", "uv": [ 7.5, 8.5, 9.5, 9.0 ] },
								"up": { "texture": "#frame", "uv": [ 4.5, 13.0, 5.0, 15.0 ] },
								"down": { "texture": "#frame", "uv": [ 14.5, 7.5, 15.0, 9.5 ] }
							}
						},
						{
							"name": "Cube69",
							"from": [ -3.5, 4.0, 7.0E-4 ], 
							"to": [ -3.0, 4.3, 2.0007 ], 
							
							"rotationOrigin": [ -2.0, 1.0, -7.0E-4 ],
							"faces": {
								"north": { "texture": "#frame", "uv": [ 12.5, 2.0, 13.0, 2.5 ] },
								"east": { "texture": "#frame", "uv": [ 1.0, 8.0, 3.0, 8.5 ] },
								"south": { "texture": "#frame", "uv": [ 1.0, 3.5, 1.5, 4.0 ] },
								"west": { "texture": "#frame", "uv": [ 6.0, 12.0, 8.0, 12.5 ] },
								"up": { "texture": "#frame", "uv": [ 6.5, 12.5, 7.0, 14.5 ] },
								"down": { "texture": "#frame", "uv": [ 2.0, 4.0, 2.5, 6.0 ] }
							}
						},
						{
							"name": "Cube70",
							"from": [ 5.0, 0.0, -0.0017 ], 
							"to": [ 6.0, 0.3, 1.9983 ], 
							
							"rotationOrigin": [ 5.0, -1.0, -0.0031 ],
							"faces": {
								"north": { "texture": "#frame", "uv": [ 2.0, 4.0, 3.0, 4.5 ] },
								"east": { "texture": "#frame", "uv": [ 7.5, 5.5, 9.5, 6.0 ] },
								"south": { "texture": "#frame", "uv": [ 0.0, 13.0, 1.0, 13.5 ] },
								"west": { "texture": "#frame", "uv": [ 2.5, 12.0, 4.5, 12.5 ] },
								"up": { "texture": "#frame", "uv": [ 7.0, 4.5, 8.0, 6.5 ] },
								"down": { "texture": "#frame", "uv": [ 10.0, 8.0, 11.0, 10.0 ] }
							}
						},
						{
							"name": "Cube71",
							"from": [ 6.0, 0.5, 3.0E-4 ], 
							"to": [ 7.0, 0.8, 2.0003 ], 
							
							"rotationOrigin": [ 6.0, -1.0, -0.0011 ],
							"faces": {
								"north": { "texture": "#frame", "uv": [ 0.5, 3.5, 1.5, 4.0 ] },
								"east": { "texture": "#frame", "uv": [ 13.5, 0.0, 15.5, 0.5 ] },
								"south": { "texture": "#frame", "uv": [ 6.5, 12.0, 7.5, 12.5 ] },
								"west": { "texture": "#frame", "uv": [ 3.0, 14.0, 5.0, 14.5 ] },
								"up": { "texture": "#frame", "uv": [ 5.0, 12.0, 6.0, 14.0 ] },
								"down": { "texture": "#frame", "uv": [ 11.0, 1.0, 12.0, 3.0 ] }
							}
						},
						{
							"name": "Cube72",
							"from": [ 7.0, 1.0, 7.0E-4 ], 
							"to": [ 7.5, 1.3, 2.0007 ], 
							
							"rotationOrigin": [ 7.0, -1.0, -7.0E-4 ],
							"faces": {
								"north": { "texture": "#frame", "uv": [ 5.5, 11.5, 6.0, 12.0 ] },
								"east": { "texture": "#frame", "uv": [ 13.0, 6.0, 15.0, 6.5 ] },
								"south": { "texture": "#frame", "uv": [ 3.5, 5.5, 4.0, 6.0 ] },
								"west": { "texture": "#frame", "uv": [ 9.0, 13.0, 11.0, 13.5 ] },
								"up": { "texture": "#frame", "uv": [ 9.5, 10.5, 10.0, 12.5 ] },
								"down": { "texture": "#frame", "uv": [ 7.0, 2.0, 7.5, 4.0 ] }
							}
						},
						{
							"name": "Cube73",
							"from": [ 7.5, 1.5, 7.0E-4 ], 
							"to": [ 8.0, 1.8, 2.0007 ], 
							
							"rotationOrigin": [ 8.0, -1.0, -7.0E-4 ],
							"faces": {
								"north": { "texture": "#frame", "uv": [ 13.5, 5.0, 14.0, 5.5 ] },
								"east": { "texture": "#frame", "uv": [ 3.0, 0.5, 5.0, 1.0 ] },
								"south": { "texture": "#frame", "uv": [ 0.0, 2.5, 0.5, 3.0 ] },
								"west": { "texture": "#frame", "uv": [ 4.5, 5.5, 6.5, 6.0 ] },
								"up": { "texture": "#frame", "uv": [ 15.0, 13.0, 15.5, 15.0 ] },
								"down": { "texture": "#frame", "uv": [ 8.5, 8.5, 9.0, 10.5 ] }
							}
						},
						{
							"name": "Cube74",
							"from": [ 8.0, 2.0, 7.0E-4 ], 
							"to": [ 8.5, 2.3, 2.0007 ], 
							
							"rotationOrigin": [ 9.0, -1.0, -7.0E-4 ],
							"faces": {
								"north": { "texture": "#frame", "uv": [ 12.0, 4.5, 12.5, 5.0 ] },
								"east": { "texture": "#frame", "uv": [ 9.5, 3.0, 11.5, 3.5 ] },
								"south": { "texture": "#frame", "uv": [ 14.0, 0.0, 14.5, 0.5 ] },
								"west": { "texture": "#frame", "uv": [ 5.5, 14.5, 7.5, 15.0 ] },
								"up": { "texture": "#frame", "uv": [ 13.5, 10.5, 14.0, 12.5 ] },
								"down": { "texture": "#frame", "uv": [ 15.0, 2.5, 15.5, 4.5 ] }
							}
						},
						{
							"name": "Cube75",
							"from": [ 8.5, 3.0, 7.0E-4 ], 
							"to": [ 9.0, 3.3, 2.0007 ], 
							
							"rotationOrigin": [ 10.0, 0.0, -7.0E-4 ],
							"faces": {
								"north": { "texture": "#frame", "uv": [ 3.5, 6.5, 4.0, 7.0 ] },
								"east": { "texture": "#frame", "uv": [ 8.5, 10.5, 10.5, 11.0 ] },
								"south": { "texture": "#frame", "uv": [ 13.0, 6.0, 13.5, 6.5 ] },
								"west": { "texture": "#frame", "uv": [ 11.5, 1.0, 13.5, 1.5 ] },
								"up": { "texture": "#frame", "uv": [ 1.0, 7.0, 1.5, 9.0 ] },
								"down": { "texture": "#frame", "uv": [ 10.5, 13.5, 11.0, 15.5 ] }
							}
						},
						{
							"name": "Cube76",
							"from": [ 9.0, 4.0, 7.0E-4 ], 
							"to": [ 9.5, 4.3, 2.0007 ], 
							
							"rotationOrigin": [ 11.0, 1.0, -7.0E-4 ],
							"faces": {
								"north": { "texture": "#frame", "uv": [ 10.0, 11.5, 10.5, 12.0 ] },
								"east": { "texture": "#frame", "uv": [ 6.5, 7.0, 8.5, 7.5 ] },
								"south": { "texture": "#frame", "uv": [ 7.0, 13.5, 7.5, 14.0 ] },
								"west": { "texture": "#frame", "uv": [ 13.0, 14.0, 15.0, 14.5 ] },
								"up": { "texture": "#frame", "uv": [ 10.5, 3.0, 11.0, 5.0 ] },
								"down": { "texture": "#frame", "uv": [ 12.0, 2.5, 12.5, 4.5 ] }
							}
						},
						{
							"name": "Cube77",
							"from": [ -1.0, 0.8, 3.0E-4 ], 
							"to": [ -0.7, 1.3, 2.0003 ], 
							
							"rotationOrigin": [ -1.0, -1.0, -0.0011 ],
							"faces": {
								"north": { "texture": "#frame", "uv": [ 10.0, 1.0, 10.5, 1.5 ] },
								"east": { "texture": "#frame", "uv": [ 1.0, 7.0, 3.0, 7.5 ] },
								"south": { "texture": "#frame", "uv": [ 10.5, 2.0, 11.0, 2.5 ] },
								"west": { "texture": "#frame", "uv": [ 8.5, 10.5, 10.5, 11.0 ] },
								"up": { "texture": "#frame", "uv": [ 2.0, 11.0, 2.5, 13.0 ] },
								"down": { "texture": "#frame", "uv": [ 7.5, 9.0, 8.0, 11.0 ] }
							}
						},
						{
							"name": "Cube78",
							"from": [ 0.0, 0.3, 3.0E-4 ], 
							"to": [ 0.3, 0.8, 2.0003 ], 
							
							"rotationOrigin": [ 0.0, -1.0, -0.0011 ],
							"faces": {
								"north": { "texture": "#frame", "uv": [ 13.5, 13.5, 14.0, 14.0 ] },
								"east": { "texture": "#frame", "uv": [ 10.0, 2.0, 12.0, 2.5 ] },
								"south": { "texture": "#frame", "uv": [ 8.5, 6.0, 9.0, 6.5 ] },
								"west": { "texture": "#frame", "uv": [ 0.0, 14.0, 2.0, 14.5 ] },
								"up": { "texture": "#frame", "uv": [ 13.5, 6.5, 14.0, 8.5 ] },
								"down": { "texture": "#frame", "uv": [ 3.5, 11.0, 4.0, 13.0 ] }
							}
						},
						{
							"name": "Cube79",
							"from": [ 1.0, -0.2, 3.0E-4 ], 
							"to": [ 1.3, 0.3, 2.0003 ], 
							
							"rotationOrigin": [ 1.0, -1.0, -0.0011 ],
							"faces": {
								"north": { "texture": "#frame", "uv": [ 3.0, 14.5, 3.5, 15.0 ] },
								"east": { "texture": "#frame", "uv": [ 8.5, 6.0, 10.5, 6.5 ] },
								"south": { "texture": "#frame", "uv": [ 1.5, 6.0, 2.0, 6.5 ] },
								"west": { "texture": "#frame", "uv": [ 3.0, 4.0, 5.0, 4.5 ] },
								"up": { "texture": "#frame", "uv": [ 5.5, 2.5, 6.0, 4.5 ] },
								"down": { "texture": "#frame", "uv": [ 2.0, 0.0, 2.5, 2.0 ] }
							}
						},
						{
							"name": "Cube80",
							"from": [ -1.5, 1.3, 3.0E-4 ], 
							"to": [ -1.2, 1.8, 2.0003 ], 
							
							"rotationOrigin": [ -1.0, 1.0, -0.0011 ],
							"faces": {
								"north": { "texture": "#frame", "uv": [ 4.0, 11.5, 4.5, 12.0 ] },
								"east": { "texture": "#frame", "uv": [ 12.5, 11.5, 14.5, 12.0 ] },
								"south": { "texture": "#frame", "uv": [ 13.5, 6.0, 14.0, 6.5 ] },
								"west": { "texture": "#frame", "uv": [ 10.0, 6.0, 12.0, 6.5 ] },
								"up": { "texture": "#frame", "uv": [ 3.5, 8.0, 4.0, 10.0 ] },
								"down": { "texture": "#frame", "uv": [ 14.5, 5.0, 15.0, 7.0 ] }
							}
						},
						{
							"name": "Cube81",
							"from": [ -2.0, 1.8, 3.0E-4 ], 
							"to": [ -1.7, 2.3, 2.0003 ], 
							
							"rotationOrigin": [ -1.0, 1.0, -0.0011 ],
							"faces": {
								"north": { "texture": "#frame", "uv": [ 12.5, 11.0, 13.0, 11.5 ] },
								"east": { "texture": "#frame", "uv": [ 3.5, 3.5, 5.5, 4.0 ] },
								"south": { "texture": "#frame", "uv": [ 12.0, 13.0, 12.5, 13.5 ] },
								"west": { "texture": "#frame", "uv": [ 4.0, 12.0, 6.0, 12.5 ] },
								"up": { "texture": "#frame", "uv": [ 9.0, 4.0, 9.5, 6.0 ] },
								"down": { "texture": "#frame", "uv": [ 3.0, 4.5, 3.5, 6.5 ] }
							}
						},
						{
							"name": "Cube82",
							"from": [ -2.5, 2.3, 3.0E-4 ], 
							"to": [ -2.2, 3.3, 2.0003 ], 
							
							"rotationOrigin": [ -1.0, 1.0, -0.0011 ],
							"faces": {
								"north": { "texture": "#frame", "uv": [ 5.5, 8.0, 6.0, 9.0 ] },
								"east": { "texture": "#frame", "uv": [ 10.5, 7.0, 12.5, 8.0 ] },
								"south": { "texture": "#frame", "uv": [ 11.0, 3.5, 11.5, 4.5 ] },
								"west": { "texture": "#frame", "uv": [ 13.5, 5.5, 15.5, 6.5 ] },
								"up": { "texture": "#frame", "uv": [ 6.5, 6.0, 7.0, 8.0 ] },
								"down": { "texture": "#frame", "uv": [ 7.0, 3.5, 7.5, 5.5 ] }
							}
						},
						{
							"name": "Cube83",
							"from": [ -3.0, 3.3, 3.0E-4 ], 
							"to": [ -2.7, 4.3, 2.0003 ], 
							
							"rotationOrigin": [ -1.0, 2.0, -0.0011 ],
							"faces": {
								"north": { "texture": "#frame", "uv": [ 4.5, 10.5, 5.0, 11.5 ] },
								"east": { "texture": "#frame", "uv": [ 10.0, 0.0, 12.0, 1.0 ] },
								"south": { "texture": "#frame", "uv": [ 12.0, 7.5, 12.5, 8.5 ] },
								"west": { "texture": "#frame", "uv": [ 9.0, 6.0, 11.0, 7.0 ] },
								"up": { "texture": "#frame", "uv": [ 11.0, 13.5, 11.5, 15.5 ] },
								"down": { "texture": "#frame", "uv": [ 0.5, 0.0, 1.0, 2.0 ] }
							}
						},
						{
							"name": "Cube84",
							"from": [ 4.7, -0.2, 3.0E-4 ], 
							"to": [ 5.0, 0.3, 2.0003 ], 
							
							"rotationOrigin": [ 5.0, -1.0, -0.0011 ],
							"faces": {
								"north": { "texture": "#frame", "uv": [ 10.0, 7.0, 10.5, 7.5 ] },
								"east": { "texture": "#frame", "uv": [ 7.0, 11.0, 9.0, 11.5 ] },
								"south": { "texture": "#frame", "uv": [ 3.5, 0.0, 4.0, 0.5 ] },
								"west": { "texture": "#frame", "uv": [ 10.5, 5.5, 12.5, 6.0 ] },
								"up": { "texture": "#frame", "uv": [ 8.0, 13.0, 8.5, 15.0 ] },
								"down": { "texture": "#frame", "uv": [ 14.0, 11.0, 14.5, 13.0 ] }
							}
						},
						{
							"name": "Cube85",
							"from": [ 5.7, 0.3, 3.0E-4 ], 
							"to": [ 6.0, 0.8, 2.0003 ], 
							
							"rotationOrigin": [ 6.0, 0.0, -0.0011 ],
							"faces": {
								"north": { "texture": "#frame", "uv": [ 8.0, 4.5, 8.5, 5.0 ] },
								"east": { "texture": "#frame", "uv": [ 6.0, 1.0, 8.0, 1.5 ] },
								"south": { "texture": "#frame", "uv": [ 3.0, 5.0, 3.5, 5.5 ] },
								"west": { "texture": "#frame", "uv": [ 10.5, 7.5, 12.5, 8.0 ] },
								"up": { "texture": "#frame", "uv": [ 4.0, 8.0, 4.5, 10.0 ] },
								"down": { "texture": "#frame", "uv": [ 3.0, 10.5, 3.5, 12.5 ] }
							}
						},
						{
							"name": "Cube86",
							"from": [ 6.7, 0.8, 3.0E-4 ], 
							"to": [ 7.0, 1.3, 2.0003 ], 
							
							"rotationOrigin": [ 7.0, 0.0, -0.0011 ],
							"faces": {
								"north": { "texture": "#frame", "uv": [ 10.0, 8.5, 10.5, 9.0 ] },
								"east": { "texture": "#frame", "uv": [ 10.0, 7.0, 12.0, 7.5 ] },
								"south": { "texture": "#frame", "uv": [ 4.0, 5.5, 4.5, 6.0 ] },
								"west": { "texture": "#frame", "uv": [ 3.0, 1.0, 5.0, 1.5 ] },
								"up": { "texture": "#frame", "uv": [ 5.5, 3.5, 6.0, 5.5 ] },
								"down": { "texture": "#frame", "uv": [ 3.0, 9.0, 3.5, 11.0 ] }
							}
						},
						{
							"name": "Cube87",
							"from": [ 7.2, 1.3, 3.0E-4 ], 
							"to": [ 7.5, 1.8, 2.0003 ], 
							
							"rotationOrigin": [ 7.0, 0.0, -0.0011 ],
							"faces": {
								"north": { "texture": "#frame", "uv": [ 6.0, 4.5, 6.5, 5.0 ] },
								"east": { "texture": "#frame", "uv": [ 0.5, 8.5, 2.5, 9.0 ] },
								"south": { "texture": "#frame", "uv": [ 10.0, 1.0, 10.5, 1.5 ] },
								"west": { "texture": "#frame", "uv": [ 12.0, 8.0, 14.0, 8.5 ] },
								"up": { "texture": "#frame", "uv": [ 13.0, 9.5, 13.5, 11.5 ] },
								"down": { "texture": "#frame", "uv": [ 0.5, 13.0, 1.0, 15.0 ] }
							}
						},
						{
							"name": "Cube88",
							"from": [ 7.7, 1.8, 3.0E-4 ], 
							"to": [ 8.0, 2.3, 2.0003 ], 
							
							"rotationOrigin": [ 7.0, 0.0, -0.0011 ],
							"faces": {
								"north": { "texture": "#frame", "uv": [ 8.0, 1.5, 8.5, 2.0 ] },
								"east": { "texture": "#frame", "uv": [ 3.0, 5.5, 5.0, 6.0 ] },
								"south": { "texture": "#frame", "uv": [ 12.5, 14.5, 13.0, 15.0 ] },
								"west": { "texture": "#frame", "uv": [ 4.0, 5.5, 6.0, 6.0 ] },
								"up": { "texture": "#frame", "uv": [ 14.5, 13.5, 15.0, 15.5 ] },
								"down": { "texture": "#frame", "uv": [ 14.5, 8.5, 15.0, 10.5 ] }
							}
						},
						{
							"name": "Cube89",
							"from": [ 8.2, 2.3, 3.0E-4 ], 
							"to": [ 8.5, 3.3, 2.0003 ], 
							
							"rotationOrigin": [ 7.0, 0.0, -0.0011 ],
							"faces": {
								"north": { "texture": "#frame", "uv": [ 4.0, 6.0, 4.5, 7.0 ] },
								"east": { "texture": "#frame", "uv": [ 4.0, 9.0, 6.0, 10.0 ] },
								"south": { "texture": "#frame", "uv": [ 5.0, 3.0, 5.5, 4.0 ] },
								"west": { "texture": "#frame", "uv": [ 6.5, 12.5, 8.5, 13.5 ] },
								"up": { "texture": "#frame", "uv": [ 6.0, 10.0, 6.5, 12.0 ] },
								"down": { "texture": "#frame", "uv": [ 8.5, 13.5, 9.0, 15.5 ] }
							}
						},
						{
							"name": "Cube90",
							"from": [ 8.7, 3.3, 3.0E-4 ], 
							"to": [ 9.0, 4.3, 2.0003 ], 
							
							"rotationOrigin": [ 7.0, 1.0, -0.0011 ],
							"faces": {
								"north": { "texture": "#frame", "uv": [ 10.5, 4.0, 11.0, 5.0 ] },
								"east": { "texture": "#frame", "uv": [ 5.5, 2.0, 7.5, 3.0 ] },
								"south": { "texture": "#frame", "uv": [ 5.0, 7.5, 5.5, 8.5 ] },
								"west": { "texture": "#frame", "uv": [ 2.0, 0.0, 4.0, 1.0 ] },
								"up": { "texture": "#frame", "uv": [ 13.0, 5.0, 13.5, 7.0 ] },
								"down": { "texture": "#frame", "uv": [ 6.5, 8.0, 7.0, 10.0 ] }
							}
						},
						{
							"name": "Cube91",
							"from": [ 1.0, -0.5, -3.0E-4 ], 
							"to": [ 5.0, -0.2, 1.9997 ], 
							
							"rotationOrigin": [ 1.0, -1.0, -0.0017 ],
							"faces": {
								"north": { "texture": "#frame", "uv": [ 7.0, 14.0, 11.0, 14.5 ] },
								"east": { "texture": "#frame", "uv": [ 12.5, 7.0, 14.5, 7.5 ] },
								"south": { "texture": "#frame", "uv": [ 9.5, 2.5, 13.5, 3.0 ] },
								"west": { "texture": "#frame", "uv": [ 13.5, 5.0, 15.5, 5.5 ] },
								"up": { "texture": "#frame", "uv": [ 8.0, 2.5, 12.0, 4.5 ] },
								"down": { "texture": "#frame", "uv": [ 0.0, 13.5, 4.0, 15.5 ] }
							}
						}
					]
				},
				{
					"name": "Cube92",
					"from": [ 9.2, 4.3, 3.0E-4 ], 
					"to": [ 9.5, 7.7, 2.0003 ], 
					
					"rotationOrigin": [ 7.0, 2.0, -0.0011 ],
					"faces": {
						"north": { "texture": "#frame", "uv": [ 10.5, 4.0, 11.0, 7.0 ] },
						"east": { "texture": "#frame", "uv": [ 5.5, 2.0, 7.5, 5.0 ] },
						"south": { "texture": "#frame", "uv": [ 5.0, 7.5, 5.5, 10.5 ] },
						"west": { "texture": "#frame", "uv": [ 2.0, 0.0, 4.0, 3.0 ] },
						"up": { "texture": "#frame", "uv": [ 13.0, 5.0, 13.5, 7.0 ] },
						"down": { "texture": "#frame", "uv": [ 6.5, 8.0, 7.0, 10.0 ] }
					}
				},
				{
					"name": "Cube93",
					"from": [ -3.5, 4.3, 3.0E-4 ], 
					"to": [ -3.2, 7.7, 2.0003 ], 
					
					"rotationOrigin": [ -6.0, 2.0, -0.0011 ],
					"faces": {
						"north": { "texture": "#frame", "uv": [ 10.5, 4.0, 11.0, 7.0 ] },
						"east": { "texture": "#frame", "uv": [ 5.5, 2.0, 7.5, 5.0 ] },
						"south": { "texture": "#frame", "uv": [ 5.0, 7.5, 5.5, 10.5 ] },
						"west": { "texture": "#frame", "uv": [ 2.0, 0.0, 4.0, 3.0 ] },
						"up": { "texture": "#frame", "uv": [ 13.0, 5.0, 13.5, 7.0 ] },
						"down": { "texture": "#frame", "uv": [ 6.5, 8.0, 7.0, 10.0 ] }
					}
				}
			]
		},
		{
			"name": "window94",
			"from": [ 7.8, 3.3, 13.0 ], 
			"to": [ 16.2, 3.8, 15.0 ], 
			"renderPass": 3,
			"rotationOrigin": [ 7.0, 3.0, 13.0 ],
			"rotationY": 89.9802127184967,
			"faces": {
				"north": { "texture": "#roseglass", "uv": [ 2.0, 14.5, 14.0, 15.0 ], "autoUv": false },
				"east": { "texture": "#frame", "uv": [ 0.0, 0.0, 2.0, 0.5 ], "enabled": false },
				"south": { "texture": "#roseglass", "uv": [ 2.0, 14.5, 14.0, 15.0 ], "autoUv": false },
				"west": { "texture": "#frame", "uv": [ 0.0, 0.0, 2.0, 0.5 ], "enabled": false },
				"up": { "texture": "#frame", "uv": [ 0.0, 0.0, 8.0, 2.0 ], "enabled": false },
				"down": { "texture": "#frame", "uv": [ 0.0, 0.0, 8.0, 2.0 ], "enabled": false }
			},
			"children": [
				{
					"name": "window95",
					"from": [ 0.5, -0.5, 0.0 ], 
					"to": [ 7.9, 0.0, 2.0 ], 
					"renderPass": 3,
					"rotationOrigin": [ -0.8, -0.3, 0.0 ],
					"faces": {
						"north": { "texture": "#roseglass", "uv": [ 2.5, 15.0, 13.5, 15.5 ], "autoUv": false },
						"east": { "texture": "#frame", "uv": [ 0.0, 0.0, 2.0, 0.5 ], "enabled": false },
						"south": { "texture": "#roseglass", "uv": [ 2.5, 15.0, 13.5, 15.5 ], "autoUv": false },
						"west": { "texture": "#frame", "uv": [ 0.0, 0.0, 2.0, 0.5 ], "enabled": false },
						"up": { "texture": "#frame", "uv": [ 0.0, 0.0, 7.0, 2.0 ], "enabled": false },
						"down": { "texture": "#frame", "uv": [ 0.0, 0.0, 7.0, 2.0 ], "enabled": false }
					}
				},
				{
					"name": "window96",
					"from": [ 1.5, -1.0, -3.0E-4 ], 
					"to": [ 6.9, -0.5, 1.9997 ], 
					"renderPass": 3,
					"rotationOrigin": [ 0.2, -0.3, -3.0E-4 ],
					"faces": {
						"north": { "texture": "#roseglass", "uv": [ 5.0, 15.0, 11.0, 15.5 ], "autoUv": false },
						"east": { "texture": "#frame", "uv": [ 0.0, 0.0, 2.0, 0.5 ], "enabled": false },
						"south": { "texture": "#roseglass", "uv": [ 5.0, 15.0, 11.0, 15.5 ], "autoUv": false },
						"west": { "texture": "#frame", "uv": [ 0.0, 0.0, 2.0, 0.5 ], "enabled": false },
						"up": { "texture": "#frame", "uv": [ 0.0, 0.0, 5.0, 2.0 ], "enabled": false },
						"down": { "texture": "#frame", "uv": [ 0.0, 0.0, 5.0, 2.0 ], "enabled": false }
					}
				},
				{
					"name": "window97",
					"from": [ 2.5, -1.5, -7.0E-4 ], 
					"to": [ 5.9, -1.0, 1.9993 ], 
					"renderPass": 3,
					"rotationOrigin": [ 1.2, -0.3, -7.0E-4 ],
					"faces": {
						"north": { "texture": "#roseglass", "uv": [ 6.0, 15.5, 10.0, 16.0 ], "autoUv": false },
						"east": { "texture": "#frame", "uv": [ 0.0, 0.0, 2.0, 0.5 ], "enabled": false },
						"south": { "texture": "#roseglass", "uv": [ 6.0, 15.5, 10.0, 16.0 ], "autoUv": false },
						"west": { "texture": "#frame", "uv": [ 0.0, 0.0, 2.0, 0.5 ], "enabled": false },
						"up": { "texture": "#frame", "uv": [ 0.0, 0.0, 3.0, 2.0 ], "enabled": false },
						"down": { "texture": "#frame", "uv": [ 0.0, 0.0, 3.0, 2.0 ], "enabled": false }
					}
				},
				{
					"name": "window98",
					"from": [ 10.0, 10.0, -0.0035 ], 
					"to": [ 18.4, 10.5, 1.9965 ], 
					"renderPass": 3,
					"rotationOrigin": [ 9.2, 9.7, -0.0035 ],
					"rotationZ": 179.9999851079241,
					"faces": {
						"north": { "texture": "#roseglass", "uv": [ 2.0, 14.5, 14.0, 15.0 ], "autoUv": false },
						"east": { "texture": "#frame", "uv": [ 0.0, 0.0, 2.0, 0.5 ], "enabled": false },
						"south": { "texture": "#roseglass", "uv": [ 2.0, 14.5, 14.0, 15.0 ], "autoUv": false },
						"west": { "texture": "#frame", "uv": [ 0.0, 0.0, 2.0, 0.5 ], "enabled": false },
						"up": { "texture": "#frame", "uv": [ 0.0, 0.0, 8.0, 2.0 ], "enabled": false },
						"down": { "texture": "#frame", "uv": [ 0.0, 0.0, 8.0, 2.0 ], "enabled": false }
					},
					"children": [
						{
							"name": "window99",
							"from": [ 0.5, -0.5, 0.0 ], 
							"to": [ 7.9, 0.0, 2.0 ], 
							"renderPass": 3,
							"rotationOrigin": [ -0.8, -0.3, 0.0 ],
							"faces": {
								"north": { "texture": "#roseglass", "uv": [ 2.5, 15.0, 13.5, 15.5 ], "autoUv": false },
								"east": { "texture": "#frame", "uv": [ 0.0, 0.0, 2.0, 0.5 ], "enabled": false },
								"south": { "texture": "#roseglass", "uv": [ 2.5, 15.0, 13.5, 15.5 ], "autoUv": false },
								"west": { "texture": "#frame", "uv": [ 0.0, 0.0, 2.0, 0.5 ], "enabled": false },
								"up": { "texture": "#frame", "uv": [ 0.0, 0.0, 7.0, 2.0 ], "enabled": false },
								"down": { "texture": "#frame", "uv": [ 0.0, 0.0, 7.0, 2.0 ], "enabled": false }
							}
						},
						{
							"name": "window100",
							"from": [ 1.5, -1.0, -3.0E-4 ], 
							"to": [ 6.9, -0.5, 1.9997 ], 
							"renderPass": 3,
							"rotationOrigin": [ 0.2, -0.3, -3.0E-4 ],
							"faces": {
								"north": { "texture": "#roseglass", "uv": [ 5.0, 15.0, 11.0, 15.5 ], "autoUv": false },
								"east": { "texture": "#frame", "uv": [ 0.0, 0.0, 2.0, 0.5 ], "enabled": false },
								"south": { "texture": "#roseglass", "uv": [ 5.0, 15.0, 11.0, 15.5 ], "autoUv": false },
								"west": { "texture": "#frame", "uv": [ 0.0, 0.0, 2.0, 0.5 ], "enabled": false },
								"up": { "texture": "#frame", "uv": [ 0.0, 0.0, 5.0, 2.0 ], "enabled": false },
								"down": { "texture": "#frame", "uv": [ 0.0, 0.0, 5.0, 2.0 ], "enabled": false }
							}
						},
						{
							"name": "window101",
							"from": [ 2.5, -1.5, -7.0E-4 ], 
							"to": [ 5.9, -1.0, 1.9993 ], 
							"renderPass": 3,
							"rotationOrigin": [ 1.2, -0.3, -7.0E-4 ],
							"faces": {
								"north": { "texture": "#roseglass", "uv": [ 6.0, 15.5, 10.0, 16.0 ], "autoUv": false },
								"east": { "texture": "#frame", "uv": [ 0.0, 0.0, 2.0, 0.5 ], "enabled": false },
								"south": { "texture": "#roseglass", "uv": [ 6.0, 15.5, 10.0, 16.0 ], "autoUv": false },
								"west": { "texture": "#frame", "uv": [ 0.0, 0.0, 2.0, 0.5 ], "enabled": false },
								"up": { "texture": "#frame", "uv": [ 0.0, 0.0, 3.0, 2.0 ], "enabled": false },
								"down": { "texture": "#frame", "uv": [ 0.0, 0.0, 3.0, 2.0 ], "enabled": false }
							}
						}
					]
				}
			]
		},
		{
			"name": "window102",
			"from": [ 7.8, 3.3, 3.0 ], 
			"to": [ 16.2, 3.8, 5.0 ], 
			"renderPass": 3,
			"rotationOrigin": [ 7.0, 3.0, 3.0 ],
			"rotationY": 89.9802127184967,
			"rotationZ": 90.0,
			"faces": {
				"north": { "texture": "#roseglass", "uv": [ 2.0, 14.5, 14.0, 15.0 ], "autoUv": false },
				"east": { "texture": "#frame", "uv": [ 0.0, 0.0, 2.0, 0.5 ], "enabled": false },
				"south": { "texture": "#roseglass", "uv": [ 2.0, 14.5, 14.0, 15.0 ], "autoUv": false },
				"west": { "texture": "#frame", "uv": [ 0.0, 0.0, 2.0, 0.5 ], "enabled": false },
				"up": { "texture": "#frame", "uv": [ 0.0, 0.0, 8.0, 2.0 ], "enabled": false },
				"down": { "texture": "#frame", "uv": [ 0.0, 0.0, 8.0, 2.0 ], "enabled": false }
			},
			"children": [
				{
					"name": "window103",
					"from": [ 0.5, -0.5, 0.0 ], 
					"to": [ 7.9, 0.0, 2.0 ], 
					"renderPass": 3,
					"rotationOrigin": [ -0.8, -0.3, 0.0 ],
					"faces": {
						"north": { "texture": "#roseglass", "uv": [ 2.5, 15.0, 13.5, 15.5 ], "autoUv": false },
						"east": { "texture": "#frame", "uv": [ 0.0, 0.0, 2.0, 0.5 ], "enabled": false },
						"south": { "texture": "#roseglass", "uv": [ 2.5, 15.0, 13.5, 15.5 ], "autoUv": false },
						"west": { "texture": "#frame", "uv": [ 0.0, 0.0, 2.0, 0.5 ], "enabled": false },
						"up": { "texture": "#frame", "uv": [ 0.0, 0.0, 7.0, 2.0 ], "enabled": false },
						"down": { "texture": "#frame", "uv": [ 0.0, 0.0, 7.0, 2.0 ], "enabled": false }
					}
				},
				{
					"name": "window104",
					"from": [ 1.5, -1.0, -3.0E-4 ], 
					"to": [ 6.9, -0.5, 1.9997 ], 
					"renderPass": 3,
					"rotationOrigin": [ 0.2, -0.3, -3.0E-4 ],
					"faces": {
						"north": { "texture": "#roseglass", "uv": [ 5.0, 15.0, 11.0, 15.5 ], "autoUv": false },
						"east": { "texture": "#frame", "uv": [ 0.0, 0.0, 2.0, 0.5 ], "enabled": false },
						"south": { "texture": "#roseglass", "uv": [ 5.0, 15.0, 11.0, 15.5 ], "autoUv": false },
						"west": { "texture": "#frame", "uv": [ 0.0, 0.0, 2.0, 0.5 ], "enabled": false },
						"up": { "texture": "#frame", "uv": [ 0.0, 0.0, 5.0, 2.0 ], "enabled": false },
						"down": { "texture": "#frame", "uv": [ 0.0, 0.0, 5.0, 2.0 ], "enabled": false }
					}
				},
				{
					"name": "window105",
					"from": [ 2.5, -1.5, -7.0E-4 ], 
					"to": [ 5.9, -1.0, 1.9993 ], 
					"renderPass": 3,
					"rotationOrigin": [ 1.2, -0.3, -7.0E-4 ],
					"faces": {
						"north": { "texture": "#roseglass", "uv": [ 6.0, 15.5, 10.0, 16.0 ], "autoUv": false },
						"east": { "texture": "#frame", "uv": [ 0.0, 0.0, 2.0, 0.5 ], "enabled": false },
						"south": { "texture": "#roseglass", "uv": [ 6.0, 15.5, 10.0, 16.0 ], "autoUv": false },
						"west": { "texture": "#frame", "uv": [ 0.0, 0.0, 2.0, 0.5 ], "enabled": false },
						"up": { "texture": "#frame", "uv": [ 0.0, 0.0, 3.0, 2.0 ], "enabled": false },
						"down": { "texture": "#frame", "uv": [ 0.0, 0.0, 3.0, 2.0 ], "enabled": false }
					}
				},
				{
					"name": "window106",
					"from": [ 10.0, 10.0, -0.0035 ], 
					"to": [ 18.4, 10.5, 1.9965 ], 
					"renderPass": 3,
					"rotationOrigin": [ 9.2, 9.7, -0.0035 ],
					"rotationZ": 179.9999851079241,
					"faces": {
						"north": { "texture": "#roseglass", "uv": [ 2.0, 14.5, 14.0, 15.0 ], "autoUv": false },
						"east": { "texture": "#frame", "uv": [ 0.0, 0.0, 2.0, 0.5 ], "enabled": false },
						"south": { "texture": "#roseglass", "uv": [ 2.0, 14.5, 14.0, 15.0 ], "autoUv": false },
						"west": { "texture": "#frame", "uv": [ 0.0, 0.0, 2.0, 0.5 ], "enabled": false },
						"up": { "texture": "#frame", "uv": [ 0.0, 0.0, 8.0, 2.0 ], "enabled": false },
						"down": { "texture": "#frame", "uv": [ 0.0, 0.0, 8.0, 2.0 ], "enabled": false }
					},
					"children": [
						{
							"name": "window107",
							"from": [ 0.5, -0.5, 0.0 ], 
							"to": [ 7.9, 0.0, 2.0 ], 
							"renderPass": 3,
							"rotationOrigin": [ -0.8, -0.3, 0.0 ],
							"faces": {
								"north": { "texture": "#roseglass", "uv": [ 2.5, 15.0, 13.5, 15.5 ], "autoUv": false },
								"east": { "texture": "#frame", "uv": [ 0.0, 0.0, 2.0, 0.5 ], "enabled": false },
								"south": { "texture": "#roseglass", "uv": [ 2.5, 15.0, 13.5, 15.5 ], "autoUv": false },
								"west": { "texture": "#frame", "uv": [ 0.0, 0.0, 2.0, 0.5 ], "enabled": false },
								"up": { "texture": "#frame", "uv": [ 0.0, 0.0, 7.0, 2.0 ], "enabled": false },
								"down": { "texture": "#frame", "uv": [ 0.0, 0.0, 7.0, 2.0 ], "enabled": false }
							}
						},
						{
							"name": "window108",
							"from": [ 1.5, -1.0, -3.0E-4 ], 
							"to": [ 6.9, -0.5, 1.9997 ], 
							"renderPass": 3,
							"rotationOrigin": [ 0.2, -0.3, -3.0E-4 ],
							"faces": {
								"north": { "texture": "#roseglass", "uv": [ 5.0, 15.0, 11.0, 15.5 ], "autoUv": false },
								"east": { "texture": "#frame", "uv": [ 0.0, 0.0, 2.0, 0.5 ], "enabled": false },
								"south": { "texture": "#roseglass", "uv": [ 5.0, 15.0, 11.0, 15.5 ], "autoUv": false },
								"west": { "texture": "#frame", "uv": [ 0.0, 0.0, 2.0, 0.5 ], "enabled": false },
								"up": { "texture": "#frame", "uv": [ 0.0, 0.0, 5.0, 2.0 ], "enabled": false },
								"down": { "texture": "#frame", "uv": [ 0.0, 0.0, 5.0, 2.0 ], "enabled": false }
							}
						},
						{
							"name": "window109",
							"from": [ 2.5, -1.5, -7.0E-4 ], 
							"to": [ 5.9, -1.0, 1.9993 ], 
							"renderPass": 3,
							"rotationOrigin": [ 1.2, -0.3, -7.0E-4 ],
							"faces": {
								"north": { "texture": "#roseglass", "uv": [ 6.0, 15.5, 10.0, 16.0 ], "autoUv": false },
								"east": { "texture": "#frame", "uv": [ 0.0, 0.0, 2.0, 0.5 ], "enabled": false },
								"south": { "texture": "#roseglass", "uv": [ 6.0, 15.5, 10.0, 16.0 ], "autoUv": false },
								"west": { "texture": "#frame", "uv": [ 0.0, 0.0, 2.0, 0.5 ], "enabled": false },
								"up": { "texture": "#frame", "uv": [ 0.0, 0.0, 3.0, 2.0 ], "enabled": false },
								"down": { "texture": "#frame", "uv": [ 0.0, 0.0, 3.0, 2.0 ], "enabled": false }
							}
						}
					]
				}
			]
		}
	]}