{
	"editor": {
		"allAngles": false,
		"entityTextureMode": false
	},
	"textureWidth": 16,
	"textureHeight": 16,

	"elements": [
		{
			"name": "Round_center",
			"from": [ 6.0, 0.0, 15.0 ], 
			"to": [ 22.0, 16.0, 17.0 ], 
			"renderPass": 3,
			"rotationOrigin": [ 7.0, -14.0, 15.0 ],
			"rotationY": 89.9802127184967,
			"faces": {
				"north": { "texture": "#33_roseglass", "uv": [ 5.25, 5.25, 10.75, 10.75 ], "autoUv": false },
				"east": { "texture": "#frame", "uv": [ 11.0, 0.0, 13.0, 16.0 ], "enabled": false },
				"south": { "texture": "#33_roseglass", "uv": [ 5.25, 5.25, 10.75, 10.75 ], "autoUv": false },
				"west": { "texture": "#frame", "uv": [ 6.5, 0.0, 8.5, 16.0 ], "enabled": false },
				"up": { "texture": "#frame", "uv": [ 0.0, 11.0, 16.0, 13.0 ], "enabled": false },
				"down": { "texture": "#frame", "uv": [ 0.0, 9.0, 16.0, 11.0 ], "enabled": false }
			}
		}
	]}