{
	code: "brick_tudor",
	behaviors: [{name: "Pillar"}],
	class: "Block",
	attributes: {
		canChisel: true,
		handbook: {
			groupBy: ["brick_tudor-*"]
		},
	},
	variantgroups: [
		{ code: "type", states: ["diagonal", "stripes", "stripes_end", "v_square", "stripes_endupd", "v_squareupd"] },
		{ code: "wood", states: ["aged", "oak" ]},
		{ code: "rotation", states: ["ud", "ns", "we"] },
	],

		shapeByType: {
		"brick_tudor-diagonal-*": { base: "block/tudors/default" },
		"brick_tudor-v_square-*": { base: "block/tudors/default" },
		"brick_tudor-v_squareupd-*": { base: "block/tudors/default" },
		
		"brick_tudor-stripes-*-ud": { base: "block/tudors/default" },
		"brick_tudor-stripes-*-we": { base: "block/tudors/default" },
		"brick_tudor-stripes-*-ns": { base: "block/tudors/default", rotateY: 90 },
		
        "brick_tudor-stripes_end-*-ud": { base: "block/tudors/default"},
		"brick_tudor-stripes_end-*-we": { base: "block/tudors/stripesend"},
		"brick_tudor-stripes_end-*-ns": { base: "block/tudors/stripesend", rotateY: 90},
		
	    "brick_tudor-stripes_endupd-*-ud": { base: "block/tudors/default"},
		"brick_tudor-stripes_endupd-*-we": { base: "block/tudors/stripesend"},
		"brick_tudor-stripes_endupd-*-ns": { base: "block/tudors/stripesend", rotateY: 90},
		
	},
	
	blockmaterial: "Stone",
	drawtype: "json",
	creativeinventory: { "general": ["*-ud"], "construction": ["*-ud"] },
	replaceable: 200,
	resistance: 2.5,
	lightAbsorption: 99,
	heldTpIdleAnimation: "holdbothhandslarge", heldTpUseAnimation: "twohandplaceblock",
	dropsByType: {
		"brick_tudor-diagonal-oak-*": [ { type: "block", code: "brick_tudor-diagonal-oak-ud" } ],
		"brick_tudor-stripes-oak-*": [ { type: "block", code: "brick_tudor-stripes-oak-ud" } ],
		"brick_tudor-stripes_end-oak-*": [ { type: "block", code: "brick_tudor-stripes_end-oak-ud" } ],
		"brick_tudor-v_square-oak-*": [ { type: "block", code: "brick_tudor-v_square-oak-ud" } ],
		"brick_tudor-stripes_endupd-oak-*": [ { type: "block", code: "brick_tudor-stripes_endupd-oak-ud" } ],
		"brick_tudor-v_squareupd-oak-*": [ { type: "block", code: "brick_tudor-v_squareupd-oak-ud" } ],
		"brick_tudor-diagonal-aged-*": [ { type: "block", code: "brick_tudor-diagonal-aged-ud" } ],
		"brick_tudor-stripes-aged-*": [ { type: "block", code: "brick_tudor-stripes-aged-ud" } ],
		"brick_tudor-stripes_end-aged-*": [ { type: "block", code: "brick_tudor-stripes_end-aged-ud" } ],
		"brick_tudor-v_square-aged-*": [ { type: "block", code: "brick_tudor-v_square-aged-ud" } ],
		"brick_tudor-stripes_endupd-aged-*": [ { type: "block", code: "brick_tudor-stripes_endupd-aged-ud" } ],
		"brick_tudor-v_squareupd-aged-*": [ { type: "block", code: "brick_tudor-v_squareupd-aged-ud" } ],
	},
texturesByType: {
	"*-oak-*": {
	"vid" : { 
		base: "block/stone/tudor_plain/brick_wall",
		overlays: [ "block/stone/tudor_frame/{type}/{rotation}" ],
				alternates: [
				{ base: "block/stone/alternatives/brick/alt1", overlays: [ "block/stone/tudor_frame/{type}/{rotation}" ] },
                { base: "block/stone/alternatives/brick/alt2", overlays: [ "block/stone/tudor_frame/{type}/{rotation}" ] },
				]
		},
		"vid2" : { 
		base: "block/stone/tudor_plain/brick_wall",
		overlays: [ "block/stone/tudor_frame/textrot/{type}/{rotation}" ],
				alternates: [
				{ base: "block/stone/alternatives/brick/alt1", overlays: [ "block/stone/tudor_frame/textrot/{type}/{rotation}" ] },
                { base: "block/stone/alternatives/brick/alt2", overlays: [ "block/stone/tudor_frame/textrot/{type}/{rotation}" ] },
				]
		},
		
		
		
		},
	"*-aged-*": {
		"vid": { 
		base: "block/stone/tudor_plain/brick_wall",
		overlays: [ "block/stone/tudor_frame_old/{type}/{rotation}" ],
						alternates: [
				{ base: "block/stone/alternatives/brick/alt1", overlays: [ "block/stone/tudor_frame_old/{type}/{rotation}" ] },
                { base: "block/stone/alternatives/brick/alt2", overlays: [ "block/stone/tudor_frame_old/{type}/{rotation}" ] },
				]
		},
		"vid2": { 
		base: "block/stone/tudor_plain/brick_wall",
		overlays: [ "block/stone/tudor_frame_old/textrot/{type}/{rotation}" ],
						alternates: [
				{ base: "block/stone/alternatives/brick/alt1", overlays: [ "block/stone/tudor_frame_old/textrot/{type}/{rotation}" ] },
                { base: "block/stone/alternatives/brick/alt2", overlays: [ "block/stone/tudor_frame_old/textrot/{type}/{rotation}" ] },
				]
		},
		
		
		
		
		},
		},
	sounds: {
		walk: "game:walk/stone",
	},
	tpHandTransform: {
		translation: { x: -1.2, y: -1.1, z: -0.8 },
		rotation: { x: -2, y: 25, z: -78 },
		scale: 0.37
	}
}