{
	code: "plaster_yellow",
	behaviors: [{name: "Pillar"}],
	class: "Block",
	attributes: {
		canChisel: true,
		handbook: {
			groupBy: ["plaster_yellow-*"]
		},
	},
	variantgroups: [
		{ code: "type", states: ["diagonal", "stripes", "stripes_end", "v_square", "stripes_endupd", "v_squareupd"] },
		{ code: "wood", states: ["aged", "oak" ]},
		{ code: "rotation", states: ["ud", "ns", "we"] },
	],
	
			shapeByType: {
		"plaster_yellow-diagonal-*": { base: "block/tudors/default" },
		"plaster_yellow-v_square-*": { base: "block/tudors/default" },
		"plaster_yellow-v_squareupd-*": { base: "block/tudors/default" },
		
		"plaster_yellow-stripes-*-ud": { base: "block/tudors/default" },
		"plaster_yellow-stripes-*-we": { base: "block/tudors/default" },
		"plaster_yellow-stripes-*-ns": { base: "block/tudors/default", rotateY: 90 },
		
        "plaster_yellow-stripes_end-*-ud": { base: "block/tudors/default"},
		"plaster_yellow-stripes_end-*-we": { base: "block/tudors/stripesend"},
		"plaster_yellow-stripes_end-*-ns": { base: "block/tudors/stripesend", rotateY: 90},
		
	    "plaster_yellow-stripes_endupd-*-ud": { base: "block/tudors/default"},
		"plaster_yellow-stripes_endupd-*-we": { base: "block/tudors/stripesend"},
		"plaster_yellow-stripes_endupd-*-ns": { base: "block/tudors/stripesend", rotateY: 90},
		
	},
	
	blockmaterial: "Stone",
	drawtype: "json",
	creativeinventory: { "general": ["*-ud"], "construction": ["*-ud"] },
	replaceable: 200,
	resistance: 2.5,
	lightAbsorption: 99,
	heldTpIdleAnimation: "holdbothhandslarge", heldTpUseAnimation: "twohandplaceblock",
	dropsByType: {
		"plaster_yellow-diagonal-oak-*": [ { type: "block", code: "plaster_yellow-diagonal-oak-ud" } ],
		"plaster_yellow-stripes-oak-*": [ { type: "block", code: "plaster_yellow-stripes-oak-ud" } ],
		"plaster_yellow-stripes_end-oak-*": [ { type: "block", code: "plaster_yellow-stripes_end-oak-ud" } ],
		"plaster_yellow-v_square-oak-*": [ { type: "block", code: "plaster_yellow-v_square-oak-ud" } ],
		"plaster_yellow-stripes_endupd-oak-*": [ { type: "block", code: "plaster_yellow-stripes_endupd-oak-ud" } ],
		"plaster_yellow-v_squareupd-oak-*": [ { type: "block", code: "plaster_yellow-v_squareupd-oak-ud" } ],
		"plaster_yellow-diagonal-aged-*": [ { type: "block", code: "plaster_yellow-diagonal-aged-ud" } ],
		"plaster_yellow-stripes-aged-*": [ { type: "block", code: "plaster_yellow-stripes-aged-ud" } ],
		"plaster_yellow-stripes_end-aged-*": [ { type: "block", code: "plaster_yellow-stripes_end-aged-ud" } ],
		"plaster_yellow-v_square-aged-*": [ { type: "block", code: "plaster_yellow-v_square-aged-ud" } ],
		"plaster_yellow-stripes_endupd-aged-*": [ { type: "block", code: "plaster_yellow-stripes_endupd-aged-ud" } ],
		"plaster_yellow-v_squareupd-aged-*": [ { type: "block", code: "plaster_yellow-v_squareupd-aged-ud" } ],
	},
	 texturesByType: {
	"*-oak-*": {
	"vid": { 
		base: "block/stone/tudor_plain/yellowplaster_wall",
		overlays: [ "block/stone/tudor_frame/{type}/{rotation}" ],
		},
	"vid2": { 
		base: "block/stone/tudor_plain/yellowplaster_wall",
		overlays: [ "block/stone/tudor_frame/textrot/{type}/{rotation}" ],
		},
		
		
		},
	"*-aged-*": {
		"vid": { 
		base: "block/stone/tudor_plain/yellowplaster_wall_old",
		overlays: [ "block/stone/tudor_frame_old/{type}/{rotation}" ],
		alternates: [
				{ base: "block/stone/alternatives/yellow_plaster/alt1", overlays: [ "block/stone/tudor_frame_old/{type}/{rotation}" ] },
                { base: "block/stone/alternatives/yellow_plaster/alt2", overlays: [ "block/stone/tudor_frame_old/{type}/{rotation}" ] },
				{ base: "block/stone/alternatives/yellow_plaster/alt3", overlays: [ "block/stone/tudor_frame_old/{type}/{rotation}" ] },
				{ base: "block/stone/alternatives/yellow_plaster/alt4", overlays: [ "block/stone/tudor_frame_old/{type}/{rotation}" ] },
				{ base: "block/stone/alternatives/yellow_plaster/alt5", overlays: [ "block/stone/tudor_frame_old/{type}/{rotation}" ] },
				{ base: "block/stone/alternatives/yellow_plaster/alt6", overlays: [ "block/stone/tudor_frame_old/{type}/{rotation}" ] },
				{ base: "block/stone/alternatives/yellow_plaster/alt7", overlays: [ "block/stone/tudor_frame_old/{type}/{rotation}" ] },
				{ base: "block/stone/alternatives/yellow_plaster/alt8", overlays: [ "block/stone/tudor_frame_old/{type}/{rotation}" ] },
				{ base: "block/stone/alternatives/yellow_plaster/alt9", overlays: [ "block/stone/tudor_frame_old/{type}/{rotation}" ] },
				{ base: "block/stone/alternatives/yellow_plaster/alt10", overlays: [ "block/stone/tudor_frame_old/{type}/{rotation}" ] },
				{ base: "block/stone/alternatives/yellow_plaster/alt11", overlays: [ "block/stone/tudor_frame_old/{type}/{rotation}" ] },
				{ base: "block/stone/alternatives/yellow_plaster/alt12", overlays: [ "block/stone/tudor_frame_old/{type}/{rotation}" ] },
				{ base: "block/stone/alternatives/yellow_plaster/alt13", overlays: [ "block/stone/tudor_frame_old/{type}/{rotation}" ] },
				{ base: "block/stone/alternatives/yellow_plaster/alt14", overlays: [ "block/stone/tudor_frame_old/{type}/{rotation}" ] },				
			]	
		},
		
				"vid2": { 
		base: "block/stone/tudor_plain/yellowplaster_wall_old",
		overlays: [ "block/stone/tudor_frame_old/textrot/{type}/{rotation}" ],
		alternates: [
				{ base: "block/stone/alternatives/yellow_plaster/alt1", overlays: [ "block/stone/tudor_frame_old/textrot/{type}/{rotation}" ] },
                { base: "block/stone/alternatives/yellow_plaster/alt2", overlays: [ "block/stone/tudor_frame_old/textrot/{type}/{rotation}" ] },
				{ base: "block/stone/alternatives/yellow_plaster/alt3", overlays: [ "block/stone/tudor_frame_old/textrot/{type}/{rotation}" ] },
				{ base: "block/stone/alternatives/yellow_plaster/alt4", overlays: [ "block/stone/tudor_frame_old/textrot/{type}/{rotation}" ] },
				{ base: "block/stone/alternatives/yellow_plaster/alt5", overlays: [ "block/stone/tudor_frame_old/textrot/{type}/{rotation}" ] },
				{ base: "block/stone/alternatives/yellow_plaster/alt6", overlays: [ "block/stone/tudor_frame_old/textrot/{type}/{rotation}" ] },
				{ base: "block/stone/alternatives/yellow_plaster/alt7", overlays: [ "block/stone/tudor_frame_old/textrot/{type}/{rotation}" ] },
				{ base: "block/stone/alternatives/yellow_plaster/alt8", overlays: [ "block/stone/tudor_frame_old/textrot/{type}/{rotation}" ] },
				{ base: "block/stone/alternatives/yellow_plaster/alt9", overlays: [ "block/stone/tudor_frame_old/textrot/{type}/{rotation}" ] },
				{ base: "block/stone/alternatives/yellow_plaster/alt10", overlays: [ "block/stone/tudor_frame_old/textrot/{type}/{rotation}" ] },
				{ base: "block/stone/alternatives/yellow_plaster/alt11", overlays: [ "block/stone/tudor_frame_old/textrot/{type}/{rotation}" ] },
				{ base: "block/stone/alternatives/yellow_plaster/alt12", overlays: [ "block/stone/tudor_frame_old/textrot/{type}/{rotation}" ] },
				{ base: "block/stone/alternatives/yellow_plaster/alt13", overlays: [ "block/stone/tudor_frame_old/textrot/{type}/{rotation}" ] },
				{ base: "block/stone/alternatives/yellow_plaster/alt14", overlays: [ "block/stone/tudor_frame_old/textrot/{type}/{rotation}" ] },				
			]	
		},
		
		},
		},
	sounds: {
		walk: "game:walk/stone",
	},
	tpHandTransform: {
		translation: { x: -1.2, y: -1.1, z: -0.8 },
		rotation: { x: -2, y: 25, z: -78 },
		scale: 0.37
	}
}