{
	code: "tudor_cob",
	behaviors: [{name: "Pillar"}],
	class: "Block",
	attributes: {
		canChisel: true,
		handbook: {
			groupBy: ["tudor_cob-*"]
		},
	},
	variantgroups: [
		{ code: "type", states: ["diagonal", "stripes", "stripes_end", "v_square", "stripes_endupd", "v_squareupd"] },
		{ code: "wood", states: ["aged", "oak" ]},
		{ code: "rotation", states: ["ud", "ns", "we"] },
	],

					shapeByType: {
		"tudor_cob-diagonal-*": { base: "block/tudors/default" },
		"tudor_cob-v_square-*": { base: "block/tudors/default" },
		"tudor_cob-v_squareupd-*": { base: "block/tudors/default" },
		
		"tudor_cob-stripes-*-ud": { base: "block/tudors/default" },
		"tudor_cob-stripes-*-we": { base: "block/tudors/default" },
		"tudor_cob-stripes-*-ns": { base: "block/tudors/default", rotateY: 90 },
		
        "tudor_cob-stripes_end-*-ud": { base: "block/tudors/default"},
		"tudor_cob-stripes_end-*-we": { base: "block/tudors/stripesend"},
		"tudor_cob-stripes_end-*-ns": { base: "block/tudors/stripesend", rotateY: 90},
		
	    "tudor_cob-stripes_endupd-*-ud": { base: "block/tudors/default"},
		"tudor_cob-stripes_endupd-*-we": { base: "block/tudors/stripesend"},
		"tudor_cob-stripes_endupd-*-ns": { base: "block/tudors/stripesend", rotateY: 90},
		
	},
	
	blockmaterial: "Stone",
	drawtype: "json",
	creativeinventory: { "general": ["*-ud"], "construction": ["*-ud"] },
	replaceable: 200,
	resistance: 2.5,
	lightAbsorption: 99,
	heldTpIdleAnimation: "holdbothhandslarge", heldTpUseAnimation: "twohandplaceblock",
	dropsByType: {
		"tudor_cob-diagonal-oak-*": [ { type: "block", code: "tudor_cob-diagonal-oak-ud" } ],
		"tudor_cob-stripes-oak-*": [ { type: "block", code: "tudor_cob-stripes-oak-ud" } ],
		"tudor_cob-stripes_end-oak-*": [ { type: "block", code: "tudor_cob-stripes_end-oak-ud" } ],
		"tudor_cob-v_square-oak-*": [ { type: "block", code: "tudor_cob-v_square-oak-ud" } ],
		"tudor_cob-stripes_endupd-oak-*": [ { type: "block", code: "tudor_cob-stripes_endupd-oak-ud" } ],
		"tudor_cob-v_squareupd-oak-*": [ { type: "block", code: "tudor_cob-v_squareupd-oak-ud" } ],
		"tudor_cob-diagonal-aged-*": [ { type: "block", code: "tudor_cob-diagonal-aged-ud" } ],
		"tudor_cob-stripes-aged-*": [ { type: "block", code: "tudor_cob-stripes-aged-ud" } ],
		"tudor_cob-stripes_end-aged-*": [ { type: "block", code: "tudor_cob-stripes_end-aged-ud" } ],
		"tudor_cob-v_square-aged-*": [ { type: "block", code: "tudor_cob-v_square-aged-ud" } ],
		"tudor_cob-stripes_endupd-aged-*": [ { type: "block", code: "tudor_cob-stripes_endupd-aged-ud" } ],
		"tudor_cob-v_squareupd-aged-*": [ { type: "block", code: "tudor_cob-v_squareupd-aged-ud" } ],
	},
	texturesByType: {
	"*-oak-*": {
	"vid": { 
		base: "block/stone/tudor_plain/cob_wall",
		overlays: [ "block/stone/tudor_frame/{type}/{rotation}" ],
		},
	"vid2": { 
		base: "block/stone/tudor_plain/cob_wall",
		overlays: [ "block/stone/tudor_frame/textrot/{type}/{rotation}" ],
		},
		
		
		},
	"*-aged-*": {
		"vid": { 
		base: "block/stone/tudor_plain/cob_wall_old",
		overlays: [ "block/stone/tudor_frame_old/{type}/{rotation}" ],
		alternates: [
				{ base: "block/stone/alternatives/cob/alt1", overlays: [ "block/stone/tudor_frame_old/{type}/{rotation}" ] },
                { base: "block/stone/alternatives/cob/alt2", overlays: [ "block/stone/tudor_frame_old/{type}/{rotation}" ] },
				{ base: "block/stone/alternatives/cob/alt3", overlays: [ "block/stone/tudor_frame_old/{type}/{rotation}" ] },
				{ base: "block/stone/alternatives/cob/alt4", overlays: [ "block/stone/tudor_frame_old/{type}/{rotation}" ] },
				{ base: "block/stone/alternatives/cob/alt5", overlays: [ "block/stone/tudor_frame_old/{type}/{rotation}" ] },
				{ base: "block/stone/alternatives/cob/alt6", overlays: [ "block/stone/tudor_frame_old/{type}/{rotation}" ] },
				{ base: "block/stone/alternatives/cob/alt7", overlays: [ "block/stone/tudor_frame_old/{type}/{rotation}" ] },
				{ base: "block/stone/alternatives/cob/alt8", overlays: [ "block/stone/tudor_frame_old/{type}/{rotation}" ] },
				{ base: "block/stone/alternatives/cob/alt9", overlays: [ "block/stone/tudor_frame_old/{type}/{rotation}" ] },
				{ base: "block/stone/alternatives/cob/alt10", overlays: [ "block/stone/tudor_frame_old/{type}/{rotation}" ] },
				{ base: "block/stone/alternatives/cob/alt11", overlays: [ "block/stone/tudor_frame_old/{type}/{rotation}" ] },
				{ base: "block/stone/alternatives/cob/alt12", overlays: [ "block/stone/tudor_frame_old/{type}/{rotation}" ] },
				{ base: "block/stone/alternatives/cob/alt13", overlays: [ "block/stone/tudor_frame_old/{type}/{rotation}" ] },
				{ base: "block/stone/alternatives/cob/alt14", overlays: [ "block/stone/tudor_frame_old/{type}/{rotation}" ] },					
			]
		},
				"vid2": { 
		base: "block/stone/tudor_plain/cob_wall_old",
		overlays: [ "block/stone/tudor_frame_old/textrot/{type}/{rotation}" ],
		alternates: [
				{ base: "block/stone/alternatives/cob/alt1", overlays: [ "block/stone/tudor_frame_old/textrot/{type}/{rotation}" ] },
                { base: "block/stone/alternatives/cob/alt2", overlays: [ "block/stone/tudor_frame_old/textrot/{type}/{rotation}" ] },
				{ base: "block/stone/alternatives/cob/alt3", overlays: [ "block/stone/tudor_frame_old/textrot/{type}/{rotation}" ] },
				{ base: "block/stone/alternatives/cob/alt4", overlays: [ "block/stone/tudor_frame_old/textrot/{type}/{rotation}" ] },
				{ base: "block/stone/alternatives/cob/alt5", overlays: [ "block/stone/tudor_frame_old/textrot/{type}/{rotation}" ] },
				{ base: "block/stone/alternatives/cob/alt6", overlays: [ "block/stone/tudor_frame_old/textrot/{type}/{rotation}" ] },
				{ base: "block/stone/alternatives/cob/alt7", overlays: [ "block/stone/tudor_frame_old/textrot/{type}/{rotation}" ] },
				{ base: "block/stone/alternatives/cob/alt8", overlays: [ "block/stone/tudor_frame_old/textrot/{type}/{rotation}" ] },
				{ base: "block/stone/alternatives/cob/alt9", overlays: [ "block/stone/tudor_frame_old/textrot/{type}/{rotation}" ] },
				{ base: "block/stone/alternatives/cob/alt10", overlays: [ "block/stone/tudor_frame_old/textrot/{type}/{rotation}" ] },
				{ base: "block/stone/alternatives/cob/alt11", overlays: [ "block/stone/tudor_frame_old/textrot/{type}/{rotation}" ] },
				{ base: "block/stone/alternatives/cob/alt12", overlays: [ "block/stone/tudor_frame_old/textrot/{type}/{rotation}" ] },
				{ base: "block/stone/alternatives/cob/alt13", overlays: [ "block/stone/tudor_frame_old/textrot/{type}/{rotation}" ] },
				{ base: "block/stone/alternatives/cob/alt14", overlays: [ "block/stone/tudor_frame_old/textrot/{type}/{rotation}" ] },					
			]
		},
		
		
		
		},
		},
	sounds: {
		walk: "game:walk/stone",
	},
	tpHandTransform: {
		translation: { x: -1.2, y: -1.1, z: -0.8 },
		rotation: { x: -2, y: 25, z: -78 },
		scale: 0.37
	}
}