{
	code: "road_path",
	shape: { base: "game:block/basic/cube-lowered-{cover}" },
	creativeinventory: { "general": ["*-free"], "decorative": ["*-free"] },
	blockmaterial: "Gravel",
	replaceable: 900,
	lightAbsorption: 99,
	variantgroups: [
		{ code: "cover", states: ["free", "snow"] }
	],
	behaviorsByType: {
		"*-snow": [{name: "BreakSnowFirst"}]
	},
	textures: {
		all: { 
			base: "block/stone/path/normal1",
			alternates: 
			[
			{base: "block/stone/path/normal2" },
			{base: "block/stone/path/normal3" }, 
			{base: "block/stone/path/normal4" }, 
			{base: "block/stone/path/normal5" },
			{base: "block/stone/path/normal6" },
			{base: "block/stone/path/normal7" },
			{base: "block/stone/path/normal8" },
			{base: "block/stone/path/normal9" }, 
			{base: "block/stone/path/normal10" }, 
			{base: "block/stone/path/normal11" },
			{base: "block/stone/path/normal12" },
			{base: "block/stone/path/normal13" },
			{base: "block/stone/path/normal14" },
			{base: "block/stone/path/normal15" },
			{base: "block/stone/path/normal16" }, 
			{base: "block/stone/path/normal17" }, 
			{base: "block/stone/path/normal18" },
			{base: "block/stone/path/normal19" },
			{base: "block/stone/path/normal20" },
			{base: "block/stone/path/normal21" }, 
			{base: "block/stone/path/normal22" },
			{base: "block/stone/path/normal23" },
			{base: "block/stone/path/normal24" },
			{base: "block/stone/path/normal25" },
			{base: "block/stone/path/normal26" },
			{base: "block/stone/path/normal27" },
			{base: "block/stone/path/normal28" },
			{base: "block/stone/path/normal29" },
			{base: "block/stone/path/normal30" },
			{base: "block/stone/path/normal31" },			
],
		},
	},
	resistanceByType: {
		"*-snow": 0.2,
		"*-free": 2.4
	},
	walkspeedmultiplier: 1.30,
	sideopaque: {
		all: false,
		down: true
	},
	sidesolid: {
		all: false,
		down: true
	},
	selectionbox: { x1: 0, y1: 0, z1:0, x2: 1, y2: 1, z2: 1 },
	collisionbox: { x1: 0, y1: 0, z1:0, x2: 1, y2: 1, z2: 1 },
	heldTpIdleAnimation: "holdbothhandslarge", heldTpUseAnimation: "twohandplaceblock",
	tpHandTransform: {
		translation: { x: -1.2, y: -1.1, z: -0.8 },
		rotation: { x: -2, y: 25, z: -78 },
		scale: 0.37
	},
	drops: [
		{
			type: "block", 
			code: "road_path-free"
		}
	],
	sounds: {
		place: "game:block/gravel",
		breakByType: {
			"*-snow": "game:block/snow",
		 	"*-free": "game:block/gravel"
		},
		hitByType: {
			"*-snow": "game:block/snow",
		 	"*-free": "game:block/gravel"
		},
		walk: "game:walk/gravel"
	}
}