{
	code: "stoneroadstairs",
	class: "BlockStairs",
	attributes: {
		"noDownVariant": true
	},
	variantgroups: [
		{ code: "updown", states: ["up"] },
		{ loadFromProperties: "abstract/horizontalorientation" },
		{ code: "cover", states: ["free", "snow"] }
	],
	creativeinventory: { "general": ["*-up-north-free"], "construction": ["*-up-north-free"] },
	sidesolidByType: {	
		"*-up-north-*": { all:false, down:true, north: true },
		"*-up-west-*": { all:false, down:true, west: true },
		"*-up-south-*": { all:false, down:true, south: true },
		"*-up-east-*": { all:false, down:true, east: true },
	},
	sideopaque: { all: false, down: true },
	shapebytype: { 
		"*-up-north-free": { base: "game:block/basic/stairs/normal", rotateY: 0 },
		"*-up-west-free": { base: "game:block/basic/stairs/normal", rotateY: 90 },
		"*-up-south-free": { base: "game:block/basic/stairs/normal", rotateY: 180 },
		"*-up-east-free": { base: "game:block/basic/stairs/normal", rotateY: 270 },
		"*-up-north-snow": { base: "game:block/basic/stairs/snow-normal", rotateY: 0 },
		"*-up-west-snow": { base: "game:block/basic/stairs/snow-normal", rotateY: 90 },
		"*-up-south-snow": { base: "game:block/basic/stairs/snow-normal", rotateY: 180 },
		"*-up-east-snow": { base: "game:block/basic/stairs/snow-normal", rotateY: 270 },
	},
	faceCullMode: "Stairs",
	blockmaterial: "Gravel",
	textures: {
		sides: { 
			base: "block/stone/road/normal1",
			alternates: 
			[
			{base: "block/stone/road/normal2" },
			{base: "block/stone/road/normal3" },
			{base: "block/stone/road/normal4" },
			{base: "block/stone/road/normal5" },
			{base: "block/stone/road/normal6" },
			{base: "block/stone/road/normal7" },
			{base: "block/stone/road/normal8" },
			{base: "block/stone/road/normal9" },
			{base: "block/stone/road/normal10" },
			{base: "block/stone/road/normal11" },
			{base: "block/stone/road/normal12" },
			{base: "block/stone/road/normal13" },
			{base: "block/stone/road/normal14" },
			{base: "block/stone/road/normal15" },
			{base: "block/stone/road/normal16" },
			{base: "block/stone/road/normal17" },
		
],
		},
	},
	replaceable: 900,
	resistance: 2.4,
	emitSideAo: { all: true },
	walkspeedmultiplier: 1.4,
	collisionSelectionBoxesByType: {
		"*-down-*": [
			{ x1: 0, y1: 0.5, z1: 0, x2: 1, y2: 1, z2: 1 },
			{ 
				x1: 0, y1: 0, z1: 0.5, x2: 1, y2: 0.5, z2: 1, 
				rotateYByType: {
					"*-north-*": 180,
					"*-east-*": 90,
					"*-south-*": 0,
					"*-west-*": 270,
				}
			}			
		],
		"*-up-*": [
			{ x1: 0, y1: 0, z1: 0, x2: 1, y2: 0.5, z2: 1 },
			{ 
				x1: 0, y1: 0.5, z1: 0.5, x2: 1, y2: 1, z2: 1, 
				rotateYByType: {
					"*-north-*": 180,
					"*-east-*": 90,
					"*-south-*": 0,
					"*-west-*": 270,
				}
			}
		],	
	},
	heldTpIdleAnimation: "holdbothhandslarge", heldTpUseAnimation: "twohandplaceblock",
	tpHandTransform: {
		translation: { x: -1.2, y: -1.1, z: -0.8 },
		rotation: { x: -2, y: 25, z: -78 },
		scale: 0.37
	},
	sounds: {
		place: "game:block/gravel",
		break: "game:block/gravel",
		hit: "game:block/gravel",
		walk: "game:walk/gravel"
	}
}