{
	code: "stoneroad_path",
	shape: { base: "game:block/basic/cube-lowered-{cover}" },
	creativeinventory: { "general": ["*-free"], "decorative": ["*-free"] },
	blockmaterial: "Gravel",
	replaceable: 900,
	lightAbsorption: 99,
	variantgroups: [
		{ code: "cover", states: ["free", "snow"] }
	],
	behaviorsByType: {
		"*-snow": [{name: "BreakSnowFirst"}]
	},
	textures: {
		all: { 
			base: "block/stone/road/normal1",
			alternates: 
			[
			{base: "block/stone/road/normal2" },
			{base: "block/stone/road/normal3" },
			{base: "block/stone/road/normal4" },
			{base: "block/stone/road/normal5" },
			{base: "block/stone/road/normal6" },
			{base: "block/stone/road/normal7" },
			{base: "block/stone/road/normal8" },
			{base: "block/stone/road/normal9" },
			{base: "block/stone/road/normal10" },
			{base: "block/stone/road/normal11" },
			{base: "block/stone/road/normal12" },
			{base: "block/stone/road/normal13" },
			{base: "block/stone/road/normal14" },
			{base: "block/stone/road/normal15" },
			{base: "block/stone/road/normal16" },
			{base: "block/stone/road/normal17" },
		
],
		},
	},
	resistanceByType: {
		"*-snow": 0.2,
		"*-free": 2.4
	},
	walkspeedmultiplier: 1.40,
	sideopaque: {
		all: false,
		down: true
	},
	sidesolid: {
		all: false,
		down: true
	},
	selectionbox: { x1: 0, y1: 0, z1:0, x2: 1, y2: 1, z2: 1 },
	collisionbox: { x1: 0, y1: 0, z1:0, x2: 1, y2: 1, z2: 1 },
	heldTpIdleAnimation: "holdbothhandslarge", heldTpUseAnimation: "twohandplaceblock",
	tpHandTransform: {
		translation: { x: -1.2, y: -1.1, z: -0.8 },
		rotation: { x: -2, y: 25, z: -78 },
		scale: 0.37
	},
	drops: [
		{
			type: "block", 
			code: "stoneroad_path-free"
		}
	],
	sounds: {
		place: "game:block/gravel",
		breakByType: {
			"*-snow": "game:block/snow",
		 	"*-free": "game:block/gravel"
		},
		hitByType: {
			"*-snow": "game:block/snow",
		 	"*-free": "game:block/gravel"
		},
		walk: "game:walk/gravel"
	}
}