{
  "editor": {
    "allAngles": false,
    "entityTextureMode": false
  },
  "textureWidth": 8,
  "textureHeight": 8,
  "textureSizes": {
  },
  "textures": {
    "acornflaxbread": "game:item/food/grain/acornflaxbread"
  },
  "elements": [
    {
      "name": "acornflaxbread 19",
      "from": [ 7.35, 0.0, 5.3 ], 
      "to": [ 9.05, 1.5, 7.0 ], 
      "rotationOrigin": [ 8.7, 0.0, 6.8 ],
      "faces": {
        "north": { "texture": "#acornflaxbread", "uv": [ 2.5, 0.5, 4.0, 2.0 ], "rotation": 90 },
        "east": { "texture": "#acornflaxbread", "uv": [ 2.5, 0.5, 4.0, 2.0 ], "rotation": 180 },
        "south": { "texture": "#acornflaxbread", "uv": [ 2.5, 0.5, 4.0, 2.0 ] },
        "west": { "texture": "#acornflaxbread", "uv": [ 2.5, 0.5, 4.0, 2.0 ], "rotation": 180 },
        "up": { "texture": "#acornflaxbread", "uv": [ 0.5, 1.0, 2.0, 2.5 ], "rotation": 180 },
        "down": { "texture": "#acornflaxbread", "uv": [ 2.0, 0.5, 3.5, 2.0 ] }
      },
      "children": [
        {
          "name": "acornflaxbread 1 top20",
          "from": [ 0.2, 1.5, 0.2 ], 
          "to": [ 1.5, 1.7, 1.5 ], 
          "rotationOrigin": [ -0.3, 0.0, -0.3 ],
          "faces": {
            "north": { "texture": "#acornflaxbread", "uv": [ 2.0, 2.75, 3.25, 3.0 ] },
            "east": { "texture": "#acornflaxbread", "uv": [ 3.0, 2.0, 3.5, 3.0 ], "rotation": 90 },
            "south": { "texture": "#acornflaxbread", "uv": [ 1.75, 0.75, 3.0, 1.0 ] },
            "west": { "texture": "#acornflaxbread", "uv": [ 1.0, 1.5, 1.5, 2.5 ], "rotation": 90 },
            "up": { "texture": "#acornflaxbread", "uv": [ 0.5, 1.5, 1.5, 2.5 ], "rotation": 180 },
            "down": { "texture": "#acornflaxbread", "uv": [ 5.0, 2.0, 6.25, 3.25 ], "enabled": false }
          }
        }
      ]
    },
    {
      "name": "acornflaxbread 3",
      "from": [ 9.45, 0.0, 6.2 ], 
      "to": [ 11.15, 1.5, 7.9 ], 
      "rotationOrigin": [ 10.8, 0.0, 7.7 ],
      "rotationY": 64.0,
      "faces": {
        "north": { "texture": "#acornflaxbread", "uv": [ 2.5, 0.5, 4.0, 2.0 ], "rotation": 90 },
        "east": { "texture": "#acornflaxbread", "uv": [ 2.5, 0.0, 4.0, 1.5 ], "rotation": 180 },
        "south": { "texture": "#acornflaxbread", "uv": [ 2.5, 2.0, 4.0, 3.5 ] },
        "west": { "texture": "#acornflaxbread", "uv": [ 2.5, 1.5, 4.0, 3.0 ], "rotation": 180 },
        "up": { "texture": "#acornflaxbread", "uv": [ 0.5, 1.5, 2.0, 3.0 ], "rotation": 180 },
        "down": { "texture": "#acornflaxbread", "uv": [ 1.5, 1.0, 3.0, 2.5 ] }
      },
      "children": [
        {
          "name": "acornflaxbread 1 top4",
          "from": [ 0.2, 1.5, 0.2 ], 
          "to": [ 1.5, 1.7, 1.5 ], 
          "rotationOrigin": [ -0.3, 0.0, -0.3 ],
          "faces": {
            "north": { "texture": "#acornflaxbread", "uv": [ 2.75, 2.5, 4.0, 2.75 ] },
            "east": { "texture": "#acornflaxbread", "uv": [ 3.0, 2.0, 3.5, 3.0 ], "rotation": 90 },
            "south": { "texture": "#acornflaxbread", "uv": [ 2.25, 0.75, 3.5, 1.0 ] },
            "west": { "texture": "#acornflaxbread", "uv": [ 3.0, 3.0, 3.5, 4.0 ], "rotation": 90 },
            "up": { "texture": "#acornflaxbread", "uv": [ 1.0, 1.5, 2.0, 2.5 ], "rotation": 180 },
            "down": { "texture": "#acornflaxbread", "uv": [ 5.0, 2.0, 6.25, 3.25 ], "enabled": false }
          }
        }
      ]
    },
    {
      "name": "acornflaxbread 11",
      "from": [ 6.05, 0.0, 6.4 ], 
      "to": [ 7.75, 1.5, 8.1 ], 
      "rotationOrigin": [ 7.4, 0.0, 7.9 ],
      "rotationY": 122.0,
      "faces": {
        "north": { "texture": "#acornflaxbread", "uv": [ 2.5, 0.5, 4.0, 2.0 ], "rotation": 90 },
        "east": { "texture": "#acornflaxbread", "uv": [ 2.5, 1.0, 4.0, 2.5 ], "rotation": 180 },
        "south": { "texture": "#acornflaxbread", "uv": [ 2.5, 2.5, 4.0, 4.0 ] },
        "west": { "texture": "#acornflaxbread", "uv": [ 2.5, 1.5, 4.0, 3.0 ], "rotation": 180 },
        "up": { "texture": "#acornflaxbread", "uv": [ 0.5, 1.5, 2.0, 3.0 ], "rotation": 180 },
        "down": { "texture": "#acornflaxbread", "uv": [ 2.0, 1.5, 3.5, 3.0 ] }
      },
      "children": [
        {
          "name": "acornflaxbread 1 top12",
          "from": [ 0.2, 1.5, 0.2 ], 
          "to": [ 1.5, 1.7, 1.5 ], 
          "rotationOrigin": [ -0.3, 0.0, -0.3 ],
          "faces": {
            "north": { "texture": "#acornflaxbread", "uv": [ 2.75, 3.0, 4.0, 3.25 ] },
            "east": { "texture": "#acornflaxbread", "uv": [ 2.5, 1.5, 3.0, 2.5 ], "rotation": 90 },
            "south": { "texture": "#acornflaxbread", "uv": [ 2.5, 0.5, 3.75, 0.75 ] },
            "west": { "texture": "#acornflaxbread", "uv": [ 3.5, 1.0, 4.0, 2.0 ], "rotation": 90 },
            "up": { "texture": "#acornflaxbread", "uv": [ 0.5, 1.0, 1.5, 2.0 ], "rotation": 180 },
            "down": { "texture": "#acornflaxbread", "uv": [ 5.0, 2.0, 6.25, 3.25 ], "enabled": false }
          }
        }
      ]
    }
  ]}