{
	"editor": {
		"allAngles": false,
		"entityTextureMode": false
	},
	"textureWidth": 8,
	"textureHeight": 8,
	"textureSizes": {
	},
	"textures": {
		"ryebread": "game:item/food/grain/ryebread"
	},
	"elements": [
		{
			"name": "ryebread 19",
			"from": [ 7.35, 0.0, 5.3 ], 
			"to": [ 9.05, 1.5, 7.0 ], 
			"rotationOrigin": [ 8.7, 0.0, 6.8 ],
			"faces": {
				"north": { "texture": "#ryebread", "uv": [ 6.0, 5.5, 7.5, 7.0 ], "rotation": 90 },
				"east": { "texture": "#ryebread", "uv": [ 6.5, 6.0, 8.0, 7.5 ], "rotation": 180 },
				"south": { "texture": "#ryebread", "uv": [ 5.0, 6.5, 6.5, 8.0 ] },
				"west": { "texture": "#ryebread", "uv": [ 5.0, 5.0, 6.5, 6.5 ], "rotation": 180 },
				"up": { "texture": "#ryebread", "uv": [ 0.5, 5.0, 2.0, 6.5 ], "rotation": 180 },
				"down": { "texture": "#ryebread", "uv": [ 6.0, 6.0, 7.5, 7.5 ] }
			},
			"children": [
				{
					"name": "ryebread 20",
					"from": [ 0.2, 1.5, 0.2 ], 
					"to": [ 1.5, 1.7, 1.5 ], 
					"rotationOrigin": [ -0.3, 0.0, -0.3 ],
					"faces": {
						"north": { "texture": "#ryebread", "uv": [ 5.5, 5.25, 6.75, 5.5 ] },
						"east": { "texture": "#ryebread", "uv": [ 6.0, 4.5, 6.5, 5.5 ], "rotation": 90 },
						"south": { "texture": "#ryebread", "uv": [ 5.25, 6.5, 6.5, 6.75 ] },
						"west": { "texture": "#ryebread", "uv": [ 7.5, 4.5, 8.0, 5.5 ], "rotation": 90 },
						"up": { "texture": "#ryebread", "uv": [ 0.5, 5.5, 1.5, 6.5 ], "rotation": 180 },
						"down": { "texture": "#ryebread", "uv": [ 5.0, 2.0, 6.25, 3.25 ], "enabled": false }
					}
				}
			]
		},
		{
			"name": "ryebread 3",
			"from": [ 9.45, 0.0, 6.2 ], 
			"to": [ 11.15, 1.5, 7.9 ], 
			"rotationOrigin": [ 10.8, 0.0, 7.7 ],
			"rotationY": 64.0,
			"faces": {
				"north": { "texture": "#ryebread", "uv": [ 6.0, 5.0, 7.5, 6.5 ], "rotation": 90 },
				"east": { "texture": "#ryebread", "uv": [ 5.0, 6.5, 6.5, 8.0 ], "rotation": 180 },
				"south": { "texture": "#ryebread", "uv": [ 6.0, 5.5, 7.5, 7.0 ] },
				"west": { "texture": "#ryebread", "uv": [ 4.5, 5.0, 6.0, 6.5 ], "rotation": 180 },
				"up": { "texture": "#ryebread", "uv": [ 4.5, 5.0, 6.0, 6.5 ], "rotation": 180 },
				"down": { "texture": "#ryebread", "uv": [ 0.5, 5.5, 2.0, 7.0 ] }
			},
			"children": [
				{
					"name": "ryebread 1 top4",
					"from": [ 0.2, 1.5, 0.2 ], 
					"to": [ 1.5, 1.7, 1.5 ], 
					"rotationOrigin": [ -0.3, 0.0, -0.3 ],
					"faces": {
						"north": { "texture": "#ryebread", "uv": [ 5.5, 5.5, 6.75, 5.75 ] },
						"east": { "texture": "#ryebread", "uv": [ 5.0, 6.0, 5.5, 7.0 ], "rotation": 90 },
						"south": { "texture": "#ryebread", "uv": [ 6.0, 5.25, 7.25, 5.5 ] },
						"west": { "texture": "#ryebread", "uv": [ 6.0, 6.5, 6.5, 7.5 ], "rotation": 90 },
						"up": { "texture": "#ryebread", "uv": [ 1.0, 5.5, 2.0, 6.5 ], "rotation": 180 },
						"down": { "texture": "#ryebread", "uv": [ 5.0, 2.0, 6.25, 3.25 ], "enabled": false }
					}
				}
			]
		},
		{
			"name": "ryebread 11",
			"from": [ 6.05, 0.0, 6.4 ], 
			"to": [ 7.75, 1.5, 8.1 ], 
			"rotationOrigin": [ 7.4, 0.0, 7.9 ],
			"rotationY": 122.0,
			"faces": {
				"north": { "texture": "#ryebread", "uv": [ 5.0, 4.5, 6.5, 6.0 ], "rotation": 90 },
				"east": { "texture": "#ryebread", "uv": [ 5.0, 6.0, 6.5, 7.5 ], "rotation": 180 },
				"south": { "texture": "#ryebread", "uv": [ 6.0, 5.0, 7.5, 6.5 ] },
				"west": { "texture": "#ryebread", "uv": [ 3.5, 5.5, 5.0, 7.0 ], "rotation": 180 },
				"up": { "texture": "#ryebread", "uv": [ 0.5, 5.5, 2.0, 7.0 ], "rotation": 180 },
				"down": { "texture": "#ryebread", "uv": [ 5.5, 5.0, 7.0, 6.5 ] }
			},
			"children": [
				{
					"name": "ryebread 1 top12",
					"from": [ 0.2, 1.5, 0.2 ], 
					"to": [ 1.5, 1.7, 1.5 ], 
					"rotationOrigin": [ -0.3, 0.0, -0.3 ],
					"faces": {
						"north": { "texture": "#ryebread", "uv": [ 6.0, 5.25, 7.25, 5.5 ] },
						"east": { "texture": "#ryebread", "uv": [ 6.0, 6.0, 6.5, 7.0 ], "rotation": 90 },
						"south": { "texture": "#ryebread", "uv": [ 6.5, 7.25, 7.75, 7.5 ] },
						"west": { "texture": "#ryebread", "uv": [ 3.5, 6.0, 4.0, 7.0 ], "rotation": 90 },
						"up": { "texture": "#ryebread", "uv": [ 1.0, 5.5, 2.0, 6.5 ], "rotation": 180 },
						"down": { "texture": "#ryebread", "uv": [ 5.0, 2.0, 6.25, 3.25 ], "enabled": false }
					}
				}
			]
		}
	]}