{
	"editor": {
		"allAngles": false,
		"entityTextureMode": false
	},
	"textureWidth": 16,
	"textureHeight": 16,
	"textureSizes": {
	},
	"textures": {
		"material": "glass",
		"frame2": "glassblock",
		"snowcover": "block/snow/normal1",
		"frame": "glassslab",
	},
	"elements": [
		{
			"name": "Frame",
			"from": [ 4.0, 0.0, 4.0 ], 
			"to": [ 20.0, 8.0, 20.0 ], 
			"renderPass": 2,
			"rotationOrigin": [ 8.0, 0.0, 4.0 ],
			"rotationX": -90.0,
			"zOffset": 2,
			"rotationZ": -90.0,
			"faces": {
				"north": { "texture": "#frame", "uv": [ 0.0, 8.0, 16.0, 16.0 ] },
				"east": { "texture": "#frame", "uv": [ 0.0, 8.0, 16.0, 16.0 ] },
				"south": { "texture": "#frame", "uv": [ 0.0, 8.0, 16.0, 16.0 ] },
				"west": { "texture": "#frame", "uv": [ 0.0, 8.0, 16.0, 16.0 ] },
				"up": { "texture": "#frame2", "uv": [ 0.0, 0.0, 16.0, 16.0 ] },
				"down": { "texture": "#frame2", "uv": [ 0.0, 0.0, 16.0, 16.0 ] }
			},
			"children": [
				{
					"name": "Clear quartz",
					"from": [ 0.1, 0.1, 0.1 ], 
					"to": [ 15.9, 7.9, 15.9 ], 
					"renderPass": 3,
					"zOffset": 2,
					"faces": {
						"north": { "texture": "#material", "uv": [ 0.0, 0.0, 15.5, 7.5 ] },
						"east": { "texture": "#material", "uv": [ 0.0, 0.0, 15.5, 7.5 ] },
						"south": { "texture": "#material", "uv": [ 0.0, 0.0, 15.5, 7.5 ] },
						"west": { "texture": "#material", "uv": [ 0.0, 0.0, 15.5, 7.5 ] },
						"up": { "texture": "#material", "uv": [ 0.0, 0.0, 15.5, 15.5 ] },
						"down": { "texture": "#material", "uv": [ 0.0, 0.0, 15.5, 15.5 ] }
					},
					"children": [
						{
							"name": "Clear quartz-snow",
							"from": [ -0.1, 15.0, 9.0 ], 
							"to": [ 15.9, 17.0, 17.0 ], 
							"zOffset": "0",
							"renderPass": 0,
							"rotationOrigin": [ -0.1, 8.0, 8.9 ],
							"rotationX": 90.0,
							"faces": {
								"north": { "texture": "#snowcover", "uv": [ 0.0, 0.0, 16.0, 2.0 ] },
								"east": { "texture": "#snowcover", "uv": [ 0.0, 0.0, 8.0, 2.0 ] },
								"south": { "texture": "#snowcover", "uv": [ 0.0, 0.0, 16.0, 2.0 ] },
								"west": { "texture": "#snowcover", "uv": [ 0.0, 0.0, 8.0, 2.0 ] },
								"up": { "texture": "#snowcover", "uv": [ 0.0, 0.0, 16.0, 8.0 ] },
								"down": { "texture": "#snowcover", "uv": [ 0.0, 0.0, 16.0, 8.0 ] }
							}
						}
					]
				}
			]
		},
		{
			"name": "Clear quartz-snow4",
			"from": [ 14.0, 0.0, -7.8 ], 
			"to": [ 30.0, 2.0, 0.2 ], 
			"zOffset": "3",
			"renderPass": 0,
			"rotationOrigin": [ 7.1, -0.1, -6.9 ],
			"rotationX": 36.254658025842815,
			"rotationY": -89.9802127184967,
			"rotationZ": 36.254658025842815,
			"faces": {
				"north": { "texture": "#snowcover", "uv": [ 0.0, 0.0, 16.0, 2.0 ] },
				"east": { "texture": "#snowcover", "uv": [ 0.0, 0.0, 8.0, 2.0 ] },
				"south": { "texture": "#snowcover", "uv": [ 0.0, 0.0, 16.0, 2.0 ] },
				"west": { "texture": "#snowcover", "uv": [ 0.0, 0.0, 8.0, 2.0 ] },
				"up": { "texture": "#snowcover", "uv": [ 0.0, 0.0, 16.0, 8.0 ] },
				"down": { "texture": "#snowcover", "uv": [ 0.0, 0.0, 16.0, 8.0 ] }
			}
		}
	]}