[
	{
		"code": "dye-blue-alum",
		"ingredients": [
			{ "type": "item", "code": "game:dilutedalumportion", "quantity": 4 },
			{ "type": "item", "code": "bricklayers:powdered-nickel", "quantity": 1 }
		],
		"output": { "type": "item", "code": "game:dye-blue", "stackSize": 1 }
	},
	{
		"code": "dye-blue-cassiterite",
		"ingredients": [
			{ "type": "item", "code": "game:dilutedcassiteriteportion", "quantity": 2 },
			{ "type": "item", "code": "bricklayers:powdered-nickel", "quantity": 1 }
		],
		"output": { "type": "item", "code": "game:dye-blue", "stackSize": 1 }
	},
	{
		"code": "dye-blue-chromite",
		"ingredients": [
			{ "type": "item", "code": "game:dilutedchromiteportion", "quantity": 3 },
			{ "type": "item", "code": "bricklayers:powdered-nickel", "quantity": 1 }
		],
		"output": { "type": "item", "code": "game:dye-blue", "stackSize": 1 }
	}
]
