[
  {
    "ingredientPattern": "_F_,F_F,_F_",
    "ingredients": {
      "F": { "type": "item", "code": "game:flaxtwine" }
    },
    "width": 3,
    "height": 3,
    "output": { "type": "block", "code": "game:linen-diamond-down" }
  },
  {
    "ingredientPattern": "F_F,___,F_F",
    "ingredients": {
      "F": { "type": "item", "code": "game:flaxtwine" }
    },
    "width": 3,
    "height": 3,
    "output": { "type": "block", "code": "game:linen-square-down" }
  },
  {
    "ingredientPattern": "F_,FF,_F",
    "ingredients": {
      "F": { "type": "item", "code": "game:flaxtwine" }
    },
    "width": 2,
    "height": 3,
    "output": { "type": "block", "code": "game:linen-offset-down" }
  }
]
