{
	"editor": {
		"allAngles": false,
		"entityTextureMode": false
	},
	"textureWidth": 16,
	"textureHeight": 16,
	"textureSizes": {
	},
	"textures": {
		"cap": "item/food/veggie/perfect/fieldmushroom/cap",
		"stipe": "item/food/veggie/perfect/fieldmushroom/stipe",
		"pores": "item/food/veggie/perfect/fieldmushroom/pores"
	},
	"elements": [
		{
			"name": "origin",
			"from": [ 0.7, 0.0, 0.9 ], 
			"to": [ 0.7, 0.0, 0.9 ], 
			"rotationOrigin": [ 7.7, 0.0, 7.9 ],
			"faces": {
				"north": { "texture": "#cap", "uv": [ 0.0, 0.0, 0.5, 0.5 ], "enabled": false },
				"east": { "texture": "#cap", "uv": [ 0.0, 0.0, 0.5, 0.5 ], "enabled": false },
				"south": { "texture": "#cap", "uv": [ 0.0, 0.0, 0.5, 0.5 ], "enabled": false },
				"west": { "texture": "#cap", "uv": [ 0.0, 0.0, 0.5, 0.5 ], "enabled": false },
				"up": { "texture": "#cap", "uv": [ 0.0, 0.0, 0.5, 0.5 ], "enabled": false },
				"down": { "texture": "#cap", "uv": [ 0.0, 0.0, 0.5, 0.5 ], "enabled": false }
			},
			"children": [
				{
					"name": "large",
					"from": [ 6.0, 0.0, 6.0 ], 
					"to": [ 7.5, 3.5, 7.5 ], 
					"rotationOrigin": [ 6.7, 0.0, 6.7 ],
					"faces": {
						"north": { "texture": "#stipe", "uv": [ 13.0, 12.5, 14.5, 16.0 ] },
						"east": { "texture": "#stipe", "uv": [ 2.0, 12.5, 3.5, 16.0 ] },
						"south": { "texture": "#stipe", "uv": [ 11.0, 12.0, 12.5, 15.5 ] },
						"west": { "texture": "#stipe", "uv": [ 2.0, 12.0, 3.5, 15.5 ] },
						"up": { "texture": "#stipe", "uv": [ 4.0, 5.0, 5.5, 6.5 ] },
						"down": { "texture": "#stipe", "uv": [ 2.0, 14.0, 3.5, 15.5 ] }
					},
					"children": [
						{
							"name": "cap4",
							"from": [ -1.4, 3.5, -1.4 ], 
							"to": [ 3.1, 4.5, 3.1 ], 
							"rotationOrigin": [ -0.4, 0.0, -0.4 ],
							"faces": {
								"north": { "texture": "#cap", "uv": [ 6.0, 10.0, 10.5, 11.0 ] },
								"east": { "texture": "#cap", "uv": [ 9.0, 4.0, 13.5, 5.0 ] },
								"south": { "texture": "#cap", "uv": [ 11.0, 14.0, 15.5, 15.0 ] },
								"west": { "texture": "#cap", "uv": [ 8.0, 12.0, 12.5, 13.0 ] },
								"up": { "texture": "#cap", "uv": [ 3.0, 4.0, 7.5, 8.5 ] },
								"down": { "texture": "#pores", "uv": [ 2.0, 11.0, 6.5, 15.5 ] }
							},
							"children": [
								{
									"name": "cap5",
									"from": [ 4.0, 1.0, 4.0 ], 
									"to": [ 0.5, 1.5, 0.5 ], 
									"faces": {
										"north": { "texture": "#cap", "uv": [ 12.0, 14.0, 8.5, 14.5 ] },
										"east": { "texture": "#cap", "uv": [ 5.0, 8.0, 1.5, 8.5 ] },
										"south": { "texture": "#cap", "uv": [ 7.0, 10.0, 3.5, 10.5 ] },
										"west": { "texture": "#cap", "uv": [ 14.0, 10.0, 10.5, 10.5 ] },
										"up": { "texture": "#cap", "uv": [ 5.0, 10.0, 1.5, 6.5 ] },
										"down": { "texture": "#cap", "uv": [ 7.0, 12.0, 3.5, 8.5 ], "enabled": false }
									}
								}
							]
						}
					]
				}
			]
		}
	]}