{
	"editor": {
		"allAngles": false,
		"entityTextureMode": false
	},
	"textureWidth": 16,
	"textureHeight": 16,
	"textureSizes": {
	},
	"textures": {
		"parsnip": "item/food/veggie/perfect/parsnip"
	},
	"elements": [
		{
			"name": "parsnip",
			"from": [ 7.2, 2.5, 7.4 ], 
			"to": [ 8.7, 6.0, 8.9 ], 
			"rotationOrigin": [ 8.0, 0.0, 8.1 ],
			"faces": {
				"north": { "texture": "#parsnip", "uv": [ 10.5, 6.5, 12.0, 10.0 ], "rotation": 180 },
				"east": { "texture": "#parsnip", "uv": [ 1.0, 4.5, 2.5, 8.0 ], "rotation": 180 },
				"south": { "texture": "#parsnip", "uv": [ 0.0, 4.5, 1.5, 8.0 ], "rotation": 180 },
				"west": { "texture": "#parsnip", "uv": [ 6.5, 4.5, 8.0, 8.0 ], "rotation": 180 },
				"up": { "texture": "#parsnip", "uv": [ 9.5, 6.0, 11.0, 7.5 ] },
				"down": { "texture": "#parsnip", "uv": [ 4.0, 3.0, 5.5, 4.5 ], "enabled": false }
			},
			"children": [
				{
					"name": "parsnip top",
					"from": [ 0.3, 3.5, 0.3 ], 
					"to": [ 1.3, 4.0, 1.3 ], 
					"rotationOrigin": [ 0.0, 0.5, 0.0 ],
					"faces": {
						"north": { "texture": "#parsnip", "uv": [ 13.0, 7.0, 14.0, 7.5 ] },
						"east": { "texture": "#parsnip", "uv": [ 2.0, 7.0, 3.0, 7.5 ] },
						"south": { "texture": "#parsnip", "uv": [ 8.5, 7.0, 9.5, 7.5 ] },
						"west": { "texture": "#parsnip", "uv": [ 3.0, 7.0, 4.0, 7.5 ] },
						"up": { "texture": "#parsnip", "uv": [ 7.0, 7.0, 8.0, 8.0 ] },
						"down": { "texture": "#parsnip", "uv": [ 9.0, 7.0, 10.0, 8.0 ], "enabled": false }
					}
				},
				{
					"name": "parsnip middle",
					"from": [ 0.3, -1.5, 0.3 ], 
					"to": [ 1.3, 0.0, 1.3 ], 
					"faces": {
						"north": { "texture": "#parsnip", "uv": [ 12.0, 6.0, 13.5, 7.0 ], "rotation": 90 },
						"east": { "texture": "#parsnip", "uv": [ 5.0, 6.0, 6.5, 7.0 ], "rotation": 90 },
						"south": { "texture": "#parsnip", "uv": [ 4.0, 4.0, 5.5, 5.0 ], "rotation": 90 },
						"west": { "texture": "#parsnip", "uv": [ 3.0, 6.0, 4.5, 7.0 ], "rotation": 90 },
						"up": { "texture": "#parsnip", "uv": [ 12.0, 5.0, 13.0, 6.0 ], "enabled": false },
						"down": { "texture": "#parsnip", "uv": [ 9.0, 7.0, 10.0, 8.0 ], "enabled": false }
					}
				},
				{
					"name": "parsnip tip",
					"from": [ 0.5, -2.5, 0.5 ], 
					"to": [ 1.0, -1.5, 1.0 ], 
					"faces": {
						"north": { "texture": "#parsnip", "uv": [ 12.0, 6.0, 12.5, 7.0 ] },
						"east": { "texture": "#parsnip", "uv": [ 5.0, 6.0, 5.5, 7.0 ] },
						"south": { "texture": "#parsnip", "uv": [ 4.0, 4.0, 4.5, 5.0 ] },
						"west": { "texture": "#parsnip", "uv": [ 3.0, 6.0, 3.5, 7.0 ] },
						"up": { "texture": "#parsnip", "uv": [ 12.0, 5.0, 12.5, 5.5 ], "enabled": false },
						"down": { "texture": "#parsnip", "uv": [ 9.0, 7.0, 9.5, 7.5 ], "enabled": false }
					}
				}
			]
		}
	]}