{
	code: "wooden_window_rt",
	class: "BlockTallGlass",
	variantgroups: [
		{ code: "wood", states: ["aged"], loadFromProperties: "block/wood"  },
		{ code: "type", states: ["u", "d", "ud", "empty"] },
		{ code: "rot", states: ["ns", "ew"] }
	],
	attributes: {
		handbook: {
			groupBy: ["wooden_window_rt-*"]
		}
		
	},
	shapebytype: {
		"*-empty-ns": { base: "block/glass/m_r_w_w", rotateY: 90 },
		"*-u-ns": { base: "block/glass/b_r_w_w", rotateY: 90 },
		"*-d-ns": { base: "block/glass/b_r_w_w", rotateY: 90, rotateZ: 180 },
		"*-ud-ns": { base: "block/glass/m_r_w_w", rotateY:   90 },
		"*-empty-ew": { base: "block/glass/m_r_w_w", rotateY: 0 },
		"*-u-ew": { base: "block/glass/b_r_w_w", rotateY: 0 },
		"*-d-ew": { base: "block/glass/b_r_w_w", rotateY: 0, rotateZ: 180 },
		"*-ud-ew": { base: "block/glass/m_r_w_w", rotateY: 0 }
	},
	textures: {
		"frame": { base: "frame" },
		"frame2": { base: "frame" },
		"glass": { base: "glass" },
		"squareglass" : { base: "squareglass" },
		"squareglass_big" : { base: "squareglass_big" },
		"roseglass" : { base: "roseglass" },
		"wood1": { base: "wood/{wood}" }
	},
	drawtype: "json",
	creativeinventory: { "general": ["wooden_window_rt-*-d-ew"], "construction": ["wooden_window_rt-*-d-ew"] },
	blockmaterial: "Glass",
	replaceable: 900,
	lightAbsorption: 0,
	resistance: 1,
	sidesolid: {
		all: false
	},
	sideopaque: {
		all: false
	},
	sounds: {
		"place": "game:player/buildhigh",
		"break": "game:block/glass",
		"hit": "game:block/glass"
	},
	collisionselectionboxByType: {
		"*-ns": { x1: 0, y1: 0, z1: 0.1875, x2: 1, y2: 1, z2: 0.8125 },
		"*-ew": { x1: 0.1875, y1: 0, z1: 0, x2: 0.8125, y2: 1, z2: 1 }
	},
	groundTransform: {
		origin: { x: 0.5, y: -0.01, z: 0.5 },
	},
	heldTpIdleAnimation: "holdbothhandslarge", heldTpUseAnimation: "twohandplaceblock",
	tpHandTransform: {
		translation: { x: -1.2, y: -1.1, z: -0.8 },
		rotation: { x: -2, y: 25, z: -78 },
		scale: 0.37
	}
	

}