[
	{
	"code": "washing-planter-clear-checker",
	"sealHours": 4,
	"ingredients": [
		{ "type": "item", "code": "game:limewaterportion", "quantity": 18, "name": "water", "consumeQuantity": 4 },
		{ "type": "block", "code": "bricklayers:glazedplanter-raw-clear-*-checker", "quantity": 1, "name": "color" }
	],
	"output": { "type": "block", "code": "bricklayers:glazedplanter-burnt-clear-{color}-plain", "stackSize": 1 }
	},
	{
	"code": "washing-planter-milky-checker",
	"sealHours": 4,
	"ingredients": [
		{ "type": "item", "code": "game:limewaterportion", "quantity": 18, "name": "water", "consumeQuantity": 4 },
		{ "type": "block", "code": "bricklayers:glazedplanter-raw-milky-*-checker", "quantity": 1, "name": "color" }
	],
	"output": { "type": "block", "code": "bricklayers:glazedplanter-burnt-milky-{color}-plain", "stackSize": 1 }
	},
	{
	"code": "washing-planter-clear-lines",
	"sealHours": 4,
	"ingredients": [
		{ "type": "item", "code": "game:limewaterportion", "quantity": 18, "name": "water", "consumeQuantity": 4 },
		{ "type": "block", "code": "bricklayers:glazedplanter-raw-clear-*-lines", "quantity": 1, "name": "color" }
	],
	"output": { "type": "block", "code": "bricklayers:glazedplanter-burnt-clear-{color}-plain", "stackSize": 1 }
	},
	{
	"code": "washing-planter-milky-checker",
	"sealHours": 4,
	"ingredients": [
		{ "type": "item", "code": "game:limewaterportion", "quantity": 18, "name": "water", "consumeQuantity": 4 },
		{ "type": "block", "code": "bricklayers:glazedplanter-raw-milky-*-lines", "quantity": 1, "name": "color" }
	],
	"output": { "type": "block", "code": "bricklayers:glazedplanter-burnt-milky-{color}-plain", "stackSize": 1 }
	},
	{
	"code": "washing-flowerpot-clear-checker",
	"sealHours": 4,
	"ingredients": [
		{ "type": "item", "code": "game:limewaterportion", "quantity": 6, "name": "water", "consumeQuantity": 2 },
		{ "type": "block", "code": "bricklayers:glazedflowerpot-raw-clear-*-checker", "quantity": 1, "name": "color" }
	],
	"output": { "type": "block", "code": "bricklayers:glazedflowerpot-burnt-clear-{color}-plain", "stackSize": 1 }
	},
	{
	"code": "washing-flowerpot-milky-checker",
	"sealHours": 4,
	"ingredients": [
		{ "type": "item", "code": "game:limewaterportion", "quantity": 6, "name": "water", "consumeQuantity": 2 },
		{ "type": "block", "code": "bricklayers:glazedflowerpot-raw-milky-*-checker", "quantity": 1, "name": "color" }
	],
	"output": { "type": "block", "code": "bricklayers:glazedflowerpot-burnt-milky-{color}-plain", "stackSize": 1 }
	},
	{
	"code": "washing-flowerpot-clear-lines",
	"sealHours": 4,
	"ingredients": [
		{ "type": "item", "code": "game:limewaterportion", "quantity": 6, "name": "water", "consumeQuantity": 2 },
		{ "type": "block", "code": "bricklayers:glazedflowerpot-raw-clear-*-lines", "quantity": 1, "name": "color" }
	],
	"output": { "type": "block", "code": "bricklayers:glazedflowerpot-burnt-clear-{color}-plain", "stackSize": 1 }
	},
	{
	"code": "washing-flowerpot-milky-checker",
	"sealHours": 4,
	"ingredients": [
		{ "type": "item", "code": "game:limewaterportion", "quantity": 6, "name": "water", "consumeQuantity": 2 },
		{ "type": "block", "code": "bricklayers:glazedflowerpot-raw-milky-*-lines", "quantity": 1, "name": "color" }
	],
	"output": { "type": "block", "code": "bricklayers:glazedflowerpot-burnt-milky-{color}-plain", "stackSize": 1 }
	}
]
