[
  {
    "op": "add",
    "path": "/entityclassByType",
    "value": {
      "*-end-*": "BEVines"
    },
    "file": "game:blocktypes/plant/wildvine.json"
  },
  {
    "op": "add",
    "path": "/attributes/hours",
    "value": 96,
    "file": "game:blocktypes/plant/wildvine.json"
  },
  {
    "op": "add",
    "path": "/attributes/minTemp",
    "value": 2,
    "file": "game:blocktypes/plant/wildvine.json"
  },
  {
    "op": "replace",
    "path": "/class",
    "value": "BlockEnhancedVines",
    "file": "game:blocktypes/plant/wildvine.json"
  }
]
