[
  {
    "op": "add",
    "path": "/attributes",
    "value": {
      "maxSaturation": 20,
      "nutrition": 10
    },
    "file": "game:entities/land/pig-wild-male.json"
  },
  {
    "op": "add",
    "path": "/client/behaviors/-",
    "value": {
      "code": "consume"
    },
    "file": "game:entities/land/pig-wild-male.json"
  },

  {
    "op": "add",
    "path": "/server/behaviors/-",
    "value": {
      "code": "consume",
      "poopCodes": [
        "farmlife:poop-omnivore-medium"
      ]
    },
    "file": "game:entities/land/pig-wild-male.json"
  },

  {
    "op": "replace",
    "path": "/server/behaviors/9/aitasks/5",
    "value": {
      "code": "seekfoodandeat",
      "movespeed": 0.01,
      "eatLooseItems" : true,
      "eatItemCategories" : [
        "Grain",
        "Fruit",
        "Vegetable",
        "Dairy",
        "Protein"
      ],
      "eatItemCodes": [
        "game:drygrass",
        "game:rot",
        "game:redmeat-raw",
        "game:bushmeat-raw",
        "game:egg-chicken-raw",
        "game:poultry-raw",
        "farmlife:animalfeed"
      ],
      "priority": 1.5,
      "animationSpeed": 2,
      "animation": "Walk",
      "eatAnimation": "Eat",
      "eatSound": "player/eat",
      "eatTime": 1.5,
      "mincooldownHours": 0,
      "maxcooldownHours": 0,
    },
    "file": "game:entities/land/pig-wild-male.json"
  },
  {
      "op": "add",
      "path": "/server/behaviors/9/aitasks/-",
      "value": {
        "code": "meleeattack",
        "entityCodes": [
          "grub",
          "earthworm"
        ],
        "priority": 1.5,
        "damage": 1.1,
        "mincooldown": 250,
        "maxcooldown": 500,
        "minDist": 0.9,
        "attackDurationMs": 1000,
        "damagePlayerAtMs": 600,
        "animation": "Eat",
        "animationSpeed": 1.5
      },
      "file": "game:entities/land/pig-wild-male.json"
    },
]
