﻿{
	"code": "brambleberrybush",
	"class": "BrambleBerryBush",
	"attributes": {
		"stackable": true,
		"forageStatAffected": true,
		"butterflyFeedByType": {
			"*-flowering": true
		},
		"beeFeedByType": {
			"*-flowering": true
		},
		"resetBelowTemperature": -2,
		"stopBelowTemperature": 4,
		"sprintIntoDamage": 1,
		"revertBlockBelowTemperature": -4,
		"baseDmg": 1,
		"speedMulti": 3,
		"immuneCreatures": ["game:chicken-baby", "game:chicken-hen", "game:chicken-rooster", "game:fox-arctic-female", "game:fox-arctic-male","game:fox-female","game:fox-male","game:fox-pup", "game:hare-baby","game:hare-female","game:hare-male","game:pig-wild-female","game:pig-wild-male","game:pig-wild-piglet","game:raccoon-male","game:raccoon-female","game:raccoon-pup","game:sheep-bighorn-female","game:sheep-bighorn-lamb","game:sheep-bighorn-male"]
	},
	"entityclass": "BerryBush",
	"behaviorsByType": {
		"*-ripe": [ {"name": "Harvestable", "properties": { 
			"harvestTime": 0.6, 
			"harvestedStack": { "type": "item", "code": "plantexpansion:fruit-{type}", "quantity": { "avg": 2.2 }  },
			"harvestedBlockCode": "plantexpansion:brambleberrybush-{type}-empty"
		}} ]
	},
	"variantgroups": [
		{ "code": "type", "states": ["raspberry", "blueraspberry"] },
		{ "code": "state", "states": ["empty", "flowering", "ripe"] }
	],
	"creativeinventory": { "general": ["*"], "flora": ["*"] },
	"renderpass": "OpaqueNoCull",
	"renderAlphaTest": 0.4,
	"shape": { "base": "plantexpansion:block/plant/brambleberrybush/brambleberrybush_{state}" },
	"blockmaterial": "Plant",
	"texturesByType": {
		"*-empty": {
			"leaves": { "base": "block/plant/berrybush/leaves/{type}*" },
			"brambles": { "base": "plantexpansion:block/plant/berrybush/brambles"}
		},
		"*-flowering": {
			"leaves": { "base": "block/plant/berrybush/leaves/{type}*" },
			"berries": { "base": "block/plant/berrybush/flowering/{type}*" },
			"berriesup": { "base": "block/plant/berrybush/flowering/{type}*" },
			"brambles": { "base": "plantexpansion:block/plant/berrybush/brambles"}
		},
		"*-ripe": {
			"leaves": { "base": "block/plant/berrybush/leaves/{type}*" },
			"berries": { "base": "block/plant/berrybush/ripe/{type}*" },
			"berriesup": { "base": "block/plant/berrybush/ripe/{type}*" },
			"brambles": { "base": "plantexpansion:block/plant/berrybush/brambles"}
		}
		
	},
	"sideopaque": {
		"all": false
	},
	"sidesolid": {
		"all": false
	},
	"replaceable": 3000,
	"lightAbsorption": 0,
	"collisionbox": null,
	"sounds": {
		"place": "game:block/plant",
		"break": "game:block/plant",
		"hit": "game:block/plant"
	},
	"rainPermeable": false,
	"dropsByType": {
		"*-ripe": [
			{ "type": "block", "code": "plantexpansion:brambleberrybush-{type}-empty", "quantity": { "avg": 1 }  },
			{ "type": "item", "code": "plantexpansion:fruit-{type}", "quantity": { "avg": 2.2 }  }
		],
		"*": [
			{ "type": "block", "code": "plantexpansion:brambleberrybush-{type}-empty", "quantity": { "avg": 1 }  }
		]
	},
	"materialDensity": 400,
	"vertexFlags": {
		"zOffset": 2
	},
	"combustibleProps": {
		"burnTemperature": 600,
		"burnDuration": 10
	},
	"frostable": true
}