{
	"code": "stingingnettle",
	"class": "StingingNettle",
	"attributes": {
		"stackable": false,
		"forageStatAffected": false,
		"butterflyFeedByType": {
			"*": true
		},
		"beeFeedByType": {
			"*": true
        },
		"baseDmg": 1,
		"immuneCreatures": ["game:chicken-baby", "game:chicken-hen", "game:chicken-rooster", "game:fox-arctic-female", "game:fox-arctic-male","game:fox-female","game:fox-male","game:fox-pup", "game:hare-baby","game:hare-female","game:hare-male","game:pig-wild-female","game:pig-wild-male","game:pig-wild-piglet","game:raccoon-male","game:raccoon-female","game:raccoon-pup","game:sheep-bighorn-female","game:sheep-bighorn-lamb","game:sheep-bighorn-male"]
	},
	"creativeinventory": { "general": ["*"], "flora": ["*"] },
	"renderpass": "OpaqueNoCull",
	"renderAlphaTest": 0.4,
	"shape": { "base": "plantexpansion:block/plant/stingingnettle/stingingnettle*" },
	"blockmaterial": "Plant",
	"texturesByType": {
		"*": {
			"leaves": { "base": "block/plant/stingingnettle" }
		}
	},
	"sideopaque": {
		"all": false
	},
	"sidesolid": {
		"all": false
	},
	"replaceable": 3000,
	"lightAbsorption": 0,
	"collisionbox": null,
	"sounds": {
		"place": "game:block/plant",
		"break": "game:block/plant",
		"hit": "game:block/plant"
	},
	"rainPermeable": false,
	"dropsByType": {
		"*": [
			{ "type": "block", "code": "plantexpansion:stingingnettle", "quantity": { "avg": 1 }  }
		]
	},
	"materialDensity": 400,
	"vertexFlags": {
		"zOffset": 2
	},
	"combustibleProps": {
		"burnTemperature": 600,
		"burnDuration": 10
	},
	"frostable": true
}