[
  {
    "op": "add",
    "path": "/attributes/grazingPropertiesByType",
    "value": {
      "*-verysparse": {
        "eatenBlock": "rawclay-{type}-none",
        "canEat": {"sheep-*" : 1, "hare-*" : 1, "pig-*" : 12, "chicken-*" : 12, "medievalexpansion:aurochs-*" : 12, "lichen:deer-*" : 1, "lichen:white-hart" : 1},
      }
    },
    "file": "game:blocktypes/soil/clay.json"
  },
  {
    "op": "add",
    "path": "/attributes/grazingPropertiesByType",
    "value": {
      "*-normal": {
        "eatenBlock": "cob-sparse",
        "canEat": {"sheep-*" : 1, "hare-*" : 1, "pig-*" : 12, "chicken-*" : 12, "medievalexpansion:aurochs-*" : 12, "lichen:deer-*" : 1, "lichen:white-hart" : 1},
      },
      "*-sparse": {
        "eatenBlock": "cob-verysparse",
        "canEat": {"sheep-*" : 1, "hare-*" : 1, "pig-*" : 12, "chicken-*" : 12, "medievalexpansion:aurochs-*" : 12, "lichen:deer-*" : 1, "lichen:white-hart" : 1},
      },
      "*-verysparse": {
        "eatenBlock": "cob-none",
        "canEat": {"sheep-*" : 1, "hare-*" : 1, "pig-*" : 12, "chicken-*" : 12, "medievalexpansion:aurochs-*" : 12, "lichen:deer-*" : 1, "lichen:white-hart" : 1},
      }
    },
    "file": "game:blocktypes/soil/cob.json"
  },
  {
    "op": "add",
    "path": "/attributes/grazingPropertiesByType",
    "value": {
      "*-verysparse": {
        "eatenBlock": "peat-none",
        "canEat": {"sheep-*" : 1, "hare-*" : 1, "pig-*" : 12, "chicken-*" : 12, "medievalexpansion:aurochs-*" : 12, "lichen:deer-*" : 1, "lichen:white-hart" : 1},
      }
    },
    "file": "game:blocktypes/soil/peat.json"
  },
  {
    "op": "add",
    "path": "/attributes/grazingPropertiesByType",
    "value": {
      "*-normal": {
        "eatenBlock": "soil-{fertility}-sparse",
        "canEat": {"sheep-*" : 1, "hare-*" : 1, "pig-*" : 12, "chicken-*" : 12, "medievalexpansion:aurochs-*" : 12, "lichen:deer-*" : 1, "lichen:white-hart" : 1},
      },
      "*-sparse": {
        "eatenBlock": "soil-{fertility}-verysparse",
        "canEat": {"sheep-*" : 1, "hare-*" : 1, "pig-*" : 12, "chicken-*" : 12, "medievalexpansion:aurochs-*" : 12, "lichen:deer-*" : 1, "lichen:white-hart" : 1},
      },
      "*-verysparse": {
        "eatenBlock": "soil-{fertility}-none",
        "canEat": {"sheep-*" : 1, "hare-*" : 1, "pig-*" : 12, "chicken-*" : 12, "medievalexpansion:aurochs-*" : 12, "lichen:deer-*" : 1, "lichen:white-hart" : 1},
      }
    },
    "file": "game:blocktypes/soil/soil.json"
  },
  {
    "op": "add",
    "path": "/attributes/grazingPropertiesByType",
    "value": {
      "*-bolete-normal-*": {
        "eatenBlock": "game:mushroom-bolete-harvested-{cover}",
        "canEat": {
          "pig-*": 1,
          "chicken-*": 1
        },
        "saturation": 5
      },
      "*-fieldmushroom-normal-*": {
        "eatenBlock": "game:mushroom-fieldmushroom-harvested-{cover}",
        "canEat": {
          "pig-*": 1,
          "chicken-*": 1
        },
        "saturation": 5
      },
      "*-flyagaric-normal-*": {
        "eatenBlock": "game:mushroom-flyagaric-harvested-{cover}",
        "canEat": {
          "pig-*": 1,
          "chicken-*": 1
        },
        "saturation": 5,
        "health": -2
      }
    },
    "file": "game:blocktypes/plant/mushroom.json"
  },
  {
    "op": "add",
    "path": "/attributes/grazingProperties",
    "value": {
      "eatenBlock": "game:air",
      "canEat": {
        "sheep-*": 1,
        "hare-*": 1,
        "pig-*": 12,
        "chicken-*": 12,
        "medievalexpansion:aurochs-*": 1,
        "lichen:deer-*": 1,
        "lichen:white-hart": 1
      }
    },
    "file": "game:blocktypes/plant/tallfern.json"
  },
  {
    "op": "add",
    "path": "/attributes/grazingProperties",
    "value": {
      "eatenBlockByType": {
        "*-verytall-*": "game:tallgrass-tall-{cover}",
        "*-tall-*": "game:tallgrass-medium-{cover}",
        "*-medium-*": "game:tallgrass-mediumshort-{cover}",
        "*-mediumshort-*": "game:tallgrass-short-{cover}",
        "*-short-*": "game:tallgrass-veryshort-{cover}",
        "*-veryshort-*": "game:tallgrass-eaten-{cover}",
        "*-eaten-*": "game:air"
      },
      "canEat": {
        "sheep-*": 1,
        "hare-*": 1,
        "pig-*": 12,
        "chicken-*": 12,
        "medievalexpansion:aurochs-*": 1,
        "lichen:deer-*": 1,
        "lichen:white-hart": 1
      }
    },
    "file": "game:blocktypes/plant/tallgrass.json"
  }
]
