[
  {
    "op": "replace",
    "path": "/attributes/contentConfig",
    "value": [
      {
        "code": "flax",
        "content": {
          "type": "item",
          "code": "grain-flax"
        },
        "foodForDesc": "trough-acceptable-pigs-sheep",
        "foodFor": [
          "pig-*",
          "sheep-*"
        ],
        "quantityPerFillLevel": 1,
        "maxFillLevels": 64,
        "shapesPerFillLevel": [
          "block/wood/trough/large/grainfill1",
          "block/wood/trough/large/grainfill1",
          "block/wood/trough/large/grainfill1",
          "block/wood/trough/large/grainfill1",
          "block/wood/trough/large/grainfill1",
          "block/wood/trough/large/grainfill1",
          "block/wood/trough/large/grainfill1",
          "block/wood/trough/large/grainfill1",
          "block/wood/trough/large/grainfill1",
          "block/wood/trough/large/grainfill1",
          "block/wood/trough/large/grainfill1",
          "block/wood/trough/large/grainfill1",
          "block/wood/trough/large/grainfill1",
          "block/wood/trough/large/grainfill1",
          "block/wood/trough/large/grainfill1",
          "block/wood/trough/large/grainfill1",
          "block/wood/trough/large/grainfill2",
          "block/wood/trough/large/grainfill2",
          "block/wood/trough/large/grainfill2",
          "block/wood/trough/large/grainfill2",
          "block/wood/trough/large/grainfill2",
          "block/wood/trough/large/grainfill2",
          "block/wood/trough/large/grainfill2",
          "block/wood/trough/large/grainfill2",
          "block/wood/trough/large/grainfill2",
          "block/wood/trough/large/grainfill2",
          "block/wood/trough/large/grainfill2",
          "block/wood/trough/large/grainfill2",
          "block/wood/trough/large/grainfill2",
          "block/wood/trough/large/grainfill2",
          "block/wood/trough/large/grainfill2",
          "block/wood/trough/large/grainfill2",
          "block/wood/trough/large/grainfill3",
          "block/wood/trough/large/grainfill3",
          "block/wood/trough/large/grainfill3",
          "block/wood/trough/large/grainfill3",
          "block/wood/trough/large/grainfill3",
          "block/wood/trough/large/grainfill3",
          "block/wood/trough/large/grainfill3",
          "block/wood/trough/large/grainfill3",
          "block/wood/trough/large/grainfill3",
          "block/wood/trough/large/grainfill3",
          "block/wood/trough/large/grainfill3",
          "block/wood/trough/large/grainfill3",
          "block/wood/trough/large/grainfill3",
          "block/wood/trough/large/grainfill3",
          "block/wood/trough/large/grainfill3",
          "block/wood/trough/large/grainfill3",
          "block/wood/trough/large/grainfill4",
          "block/wood/trough/large/grainfill4",
          "block/wood/trough/large/grainfill4",
          "block/wood/trough/large/grainfill4",
          "block/wood/trough/large/grainfill4",
          "block/wood/trough/large/grainfill4",
          "block/wood/trough/large/grainfill4",
          "block/wood/trough/large/grainfill4",
          "block/wood/trough/large/grainfill4",
          "block/wood/trough/large/grainfill4",
          "block/wood/trough/large/grainfill4",
          "block/wood/trough/large/grainfill4",
          "block/wood/trough/large/grainfill4",
          "block/wood/trough/large/grainfill4",
          "block/wood/trough/large/grainfill4",
          "block/wood/trough/large/grainfill4"
        ],
        "textureCode": "contents-flax"
      },
      {
        "code": "rice",
        "content": {
          "type": "item",
          "code": "grain-rice"
        },
        "foodForDesc": "trough-noanimal",
        "quantityPerFillLevel": 1,
        "maxFillLevels": 64,
        "shapesPerFillLevel": [
          "block/wood/trough/large/grainfill1",
          "block/wood/trough/large/grainfill1",
          "block/wood/trough/large/grainfill1",
          "block/wood/trough/large/grainfill1",
          "block/wood/trough/large/grainfill1",
          "block/wood/trough/large/grainfill1",
          "block/wood/trough/large/grainfill1",
          "block/wood/trough/large/grainfill1",
          "block/wood/trough/large/grainfill1",
          "block/wood/trough/large/grainfill1",
          "block/wood/trough/large/grainfill1",
          "block/wood/trough/large/grainfill1",
          "block/wood/trough/large/grainfill1",
          "block/wood/trough/large/grainfill1",
          "block/wood/trough/large/grainfill1",
          "block/wood/trough/large/grainfill1",
          "block/wood/trough/large/grainfill2",
          "block/wood/trough/large/grainfill2",
          "block/wood/trough/large/grainfill2",
          "block/wood/trough/large/grainfill2",
          "block/wood/trough/large/grainfill2",
          "block/wood/trough/large/grainfill2",
          "block/wood/trough/large/grainfill2",
          "block/wood/trough/large/grainfill2",
          "block/wood/trough/large/grainfill2",
          "block/wood/trough/large/grainfill2",
          "block/wood/trough/large/grainfill2",
          "block/wood/trough/large/grainfill2",
          "block/wood/trough/large/grainfill2",
          "block/wood/trough/large/grainfill2",
          "block/wood/trough/large/grainfill2",
          "block/wood/trough/large/grainfill2",
          "block/wood/trough/large/grainfill3",
          "block/wood/trough/large/grainfill3",
          "block/wood/trough/large/grainfill3",
          "block/wood/trough/large/grainfill3",
          "block/wood/trough/large/grainfill3",
          "block/wood/trough/large/grainfill3",
          "block/wood/trough/large/grainfill3",
          "block/wood/trough/large/grainfill3",
          "block/wood/trough/large/grainfill3",
          "block/wood/trough/large/grainfill3",
          "block/wood/trough/large/grainfill3",
          "block/wood/trough/large/grainfill3",
          "block/wood/trough/large/grainfill3",
          "block/wood/trough/large/grainfill3",
          "block/wood/trough/large/grainfill3",
          "block/wood/trough/large/grainfill3",
          "block/wood/trough/large/grainfill4",
          "block/wood/trough/large/grainfill4",
          "block/wood/trough/large/grainfill4",
          "block/wood/trough/large/grainfill4",
          "block/wood/trough/large/grainfill4",
          "block/wood/trough/large/grainfill4",
          "block/wood/trough/large/grainfill4",
          "block/wood/trough/large/grainfill4",
          "block/wood/trough/large/grainfill4",
          "block/wood/trough/large/grainfill4",
          "block/wood/trough/large/grainfill4",
          "block/wood/trough/large/grainfill4",
          "block/wood/trough/large/grainfill4",
          "block/wood/trough/large/grainfill4",
          "block/wood/trough/large/grainfill4",
          "block/wood/trough/large/grainfill4"
        ],
        "foodFor": [],
        "textureCode": "contents-rice"
      },
      {
        "code": "rye",
        "content": {
          "type": "item",
          "code": "grain-rye"
        },
        "foodForDesc": "trough-treat-pigs-sheep",
        "quantityPerFillLevel": 1,
        "maxFillLevels": 64,
        "shapesPerFillLevel": [
          "block/wood/trough/large/grainfill1",
          "block/wood/trough/large/grainfill1",
          "block/wood/trough/large/grainfill1",
          "block/wood/trough/large/grainfill1",
          "block/wood/trough/large/grainfill1",
          "block/wood/trough/large/grainfill1",
          "block/wood/trough/large/grainfill1",
          "block/wood/trough/large/grainfill1",
          "block/wood/trough/large/grainfill1",
          "block/wood/trough/large/grainfill1",
          "block/wood/trough/large/grainfill1",
          "block/wood/trough/large/grainfill1",
          "block/wood/trough/large/grainfill1",
          "block/wood/trough/large/grainfill1",
          "block/wood/trough/large/grainfill1",
          "block/wood/trough/large/grainfill1",
          "block/wood/trough/large/grainfill2",
          "block/wood/trough/large/grainfill2",
          "block/wood/trough/large/grainfill2",
          "block/wood/trough/large/grainfill2",
          "block/wood/trough/large/grainfill2",
          "block/wood/trough/large/grainfill2",
          "block/wood/trough/large/grainfill2",
          "block/wood/trough/large/grainfill2",
          "block/wood/trough/large/grainfill2",
          "block/wood/trough/large/grainfill2",
          "block/wood/trough/large/grainfill2",
          "block/wood/trough/large/grainfill2",
          "block/wood/trough/large/grainfill2",
          "block/wood/trough/large/grainfill2",
          "block/wood/trough/large/grainfill2",
          "block/wood/trough/large/grainfill2",
          "block/wood/trough/large/grainfill3",
          "block/wood/trough/large/grainfill3",
          "block/wood/trough/large/grainfill3",
          "block/wood/trough/large/grainfill3",
          "block/wood/trough/large/grainfill3",
          "block/wood/trough/large/grainfill3",
          "block/wood/trough/large/grainfill3",
          "block/wood/trough/large/grainfill3",
          "block/wood/trough/large/grainfill3",
          "block/wood/trough/large/grainfill3",
          "block/wood/trough/large/grainfill3",
          "block/wood/trough/large/grainfill3",
          "block/wood/trough/large/grainfill3",
          "block/wood/trough/large/grainfill3",
          "block/wood/trough/large/grainfill3",
          "block/wood/trough/large/grainfill3",
          "block/wood/trough/large/grainfill4",
          "block/wood/trough/large/grainfill4",
          "block/wood/trough/large/grainfill4",
          "block/wood/trough/large/grainfill4",
          "block/wood/trough/large/grainfill4",
          "block/wood/trough/large/grainfill4",
          "block/wood/trough/large/grainfill4",
          "block/wood/trough/large/grainfill4",
          "block/wood/trough/large/grainfill4",
          "block/wood/trough/large/grainfill4",
          "block/wood/trough/large/grainfill4",
          "block/wood/trough/large/grainfill4",
          "block/wood/trough/large/grainfill4",
          "block/wood/trough/large/grainfill4",
          "block/wood/trough/large/grainfill4",
          "block/wood/trough/large/grainfill4"
        ],
        "foodFor": [
          "pig-*",
          "sheep-*"
        ],
        "textureCode": "contents-rye"
      },
      {
        "code": "spelt",
        "content": {
          "type": "item",
          "code": "grain-spelt"
        },
        "foodForDesc": "trough-acceptable-pigs-sheep",
        "quantityPerFillLevel": 1,
        "maxFillLevels": 64,
        "shapesPerFillLevel": [
          "block/wood/trough/large/grainfill1",
          "block/wood/trough/large/grainfill1",
          "block/wood/trough/large/grainfill1",
          "block/wood/trough/large/grainfill1",
          "block/wood/trough/large/grainfill1",
          "block/wood/trough/large/grainfill1",
          "block/wood/trough/large/grainfill1",
          "block/wood/trough/large/grainfill1",
          "block/wood/trough/large/grainfill1",
          "block/wood/trough/large/grainfill1",
          "block/wood/trough/large/grainfill1",
          "block/wood/trough/large/grainfill1",
          "block/wood/trough/large/grainfill1",
          "block/wood/trough/large/grainfill1",
          "block/wood/trough/large/grainfill1",
          "block/wood/trough/large/grainfill1",
          "block/wood/trough/large/grainfill2",
          "block/wood/trough/large/grainfill2",
          "block/wood/trough/large/grainfill2",
          "block/wood/trough/large/grainfill2",
          "block/wood/trough/large/grainfill2",
          "block/wood/trough/large/grainfill2",
          "block/wood/trough/large/grainfill2",
          "block/wood/trough/large/grainfill2",
          "block/wood/trough/large/grainfill2",
          "block/wood/trough/large/grainfill2",
          "block/wood/trough/large/grainfill2",
          "block/wood/trough/large/grainfill2",
          "block/wood/trough/large/grainfill2",
          "block/wood/trough/large/grainfill2",
          "block/wood/trough/large/grainfill2",
          "block/wood/trough/large/grainfill2",
          "block/wood/trough/large/grainfill3",
          "block/wood/trough/large/grainfill3",
          "block/wood/trough/large/grainfill3",
          "block/wood/trough/large/grainfill3",
          "block/wood/trough/large/grainfill3",
          "block/wood/trough/large/grainfill3",
          "block/wood/trough/large/grainfill3",
          "block/wood/trough/large/grainfill3",
          "block/wood/trough/large/grainfill3",
          "block/wood/trough/large/grainfill3",
          "block/wood/trough/large/grainfill3",
          "block/wood/trough/large/grainfill3",
          "block/wood/trough/large/grainfill3",
          "block/wood/trough/large/grainfill3",
          "block/wood/trough/large/grainfill3",
          "block/wood/trough/large/grainfill3",
          "block/wood/trough/large/grainfill4",
          "block/wood/trough/large/grainfill4",
          "block/wood/trough/large/grainfill4",
          "block/wood/trough/large/grainfill4",
          "block/wood/trough/large/grainfill4",
          "block/wood/trough/large/grainfill4",
          "block/wood/trough/large/grainfill4",
          "block/wood/trough/large/grainfill4",
          "block/wood/trough/large/grainfill4",
          "block/wood/trough/large/grainfill4",
          "block/wood/trough/large/grainfill4",
          "block/wood/trough/large/grainfill4",
          "block/wood/trough/large/grainfill4",
          "block/wood/trough/large/grainfill4",
          "block/wood/trough/large/grainfill4",
          "block/wood/trough/large/grainfill4"
        ],
        "foodFor": [
          "pig-*",
          "sheep-*"
        ],
        "textureCode": "contents-spelt"
      },
      {
        "code": "amaranth",
        "content": {
          "type": "item",
          "code": "grain-amaranth"
        },
        "foodFor": [
          "pig-*",
          "sheep-*"
        ],
        "foodForDesc": "trough-acceptable-pigs-sheep",
        "quantityPerFillLevel": 1,
        "maxFillLevels": 64,
        "shapesPerFillLevel": [
          "block/wood/trough/large/grainfill1",
          "block/wood/trough/large/grainfill1",
          "block/wood/trough/large/grainfill1",
          "block/wood/trough/large/grainfill1",
          "block/wood/trough/large/grainfill1",
          "block/wood/trough/large/grainfill1",
          "block/wood/trough/large/grainfill1",
          "block/wood/trough/large/grainfill1",
          "block/wood/trough/large/grainfill1",
          "block/wood/trough/large/grainfill1",
          "block/wood/trough/large/grainfill1",
          "block/wood/trough/large/grainfill1",
          "block/wood/trough/large/grainfill1",
          "block/wood/trough/large/grainfill1",
          "block/wood/trough/large/grainfill1",
          "block/wood/trough/large/grainfill1",
          "block/wood/trough/large/grainfill2",
          "block/wood/trough/large/grainfill2",
          "block/wood/trough/large/grainfill2",
          "block/wood/trough/large/grainfill2",
          "block/wood/trough/large/grainfill2",
          "block/wood/trough/large/grainfill2",
          "block/wood/trough/large/grainfill2",
          "block/wood/trough/large/grainfill2",
          "block/wood/trough/large/grainfill2",
          "block/wood/trough/large/grainfill2",
          "block/wood/trough/large/grainfill2",
          "block/wood/trough/large/grainfill2",
          "block/wood/trough/large/grainfill2",
          "block/wood/trough/large/grainfill2",
          "block/wood/trough/large/grainfill2",
          "block/wood/trough/large/grainfill2",
          "block/wood/trough/large/grainfill3",
          "block/wood/trough/large/grainfill3",
          "block/wood/trough/large/grainfill3",
          "block/wood/trough/large/grainfill3",
          "block/wood/trough/large/grainfill3",
          "block/wood/trough/large/grainfill3",
          "block/wood/trough/large/grainfill3",
          "block/wood/trough/large/grainfill3",
          "block/wood/trough/large/grainfill3",
          "block/wood/trough/large/grainfill3",
          "block/wood/trough/large/grainfill3",
          "block/wood/trough/large/grainfill3",
          "block/wood/trough/large/grainfill3",
          "block/wood/trough/large/grainfill3",
          "block/wood/trough/large/grainfill3",
          "block/wood/trough/large/grainfill3",
          "block/wood/trough/large/grainfill4",
          "block/wood/trough/large/grainfill4",
          "block/wood/trough/large/grainfill4",
          "block/wood/trough/large/grainfill4",
          "block/wood/trough/large/grainfill4",
          "block/wood/trough/large/grainfill4",
          "block/wood/trough/large/grainfill4",
          "block/wood/trough/large/grainfill4",
          "block/wood/trough/large/grainfill4",
          "block/wood/trough/large/grainfill4",
          "block/wood/trough/large/grainfill4",
          "block/wood/trough/large/grainfill4",
          "block/wood/trough/large/grainfill4",
          "block/wood/trough/large/grainfill4",
          "block/wood/trough/large/grainfill4",
          "block/wood/trough/large/grainfill4"
        ],
        "textureCode": "contents-amaranth"
      },
      {
        "code": "sunflower",
        "content": {
          "type": "item",
          "code": "grain-sunflower"
        },
        "foodFor": [
          "pig-*",
          "sheep-*"
        ],
        "foodForDesc": "trough-acceptable-pigs-sheep",
        "quantityPerFillLevel": 1,
        "maxFillLevels": 64,
        "shapesPerFillLevel": [
          "block/wood/trough/large/grainfill1",
          "block/wood/trough/large/grainfill1",
          "block/wood/trough/large/grainfill1",
          "block/wood/trough/large/grainfill1",
          "block/wood/trough/large/grainfill1",
          "block/wood/trough/large/grainfill1",
          "block/wood/trough/large/grainfill1",
          "block/wood/trough/large/grainfill1",
          "block/wood/trough/large/grainfill1",
          "block/wood/trough/large/grainfill1",
          "block/wood/trough/large/grainfill1",
          "block/wood/trough/large/grainfill1",
          "block/wood/trough/large/grainfill1",
          "block/wood/trough/large/grainfill1",
          "block/wood/trough/large/grainfill1",
          "block/wood/trough/large/grainfill1",
          "block/wood/trough/large/grainfill2",
          "block/wood/trough/large/grainfill2",
          "block/wood/trough/large/grainfill2",
          "block/wood/trough/large/grainfill2",
          "block/wood/trough/large/grainfill2",
          "block/wood/trough/large/grainfill2",
          "block/wood/trough/large/grainfill2",
          "block/wood/trough/large/grainfill2",
          "block/wood/trough/large/grainfill2",
          "block/wood/trough/large/grainfill2",
          "block/wood/trough/large/grainfill2",
          "block/wood/trough/large/grainfill2",
          "block/wood/trough/large/grainfill2",
          "block/wood/trough/large/grainfill2",
          "block/wood/trough/large/grainfill2",
          "block/wood/trough/large/grainfill2",
          "block/wood/trough/large/grainfill3",
          "block/wood/trough/large/grainfill3",
          "block/wood/trough/large/grainfill3",
          "block/wood/trough/large/grainfill3",
          "block/wood/trough/large/grainfill3",
          "block/wood/trough/large/grainfill3",
          "block/wood/trough/large/grainfill3",
          "block/wood/trough/large/grainfill3",
          "block/wood/trough/large/grainfill3",
          "block/wood/trough/large/grainfill3",
          "block/wood/trough/large/grainfill3",
          "block/wood/trough/large/grainfill3",
          "block/wood/trough/large/grainfill3",
          "block/wood/trough/large/grainfill3",
          "block/wood/trough/large/grainfill3",
          "block/wood/trough/large/grainfill3",
          "block/wood/trough/large/grainfill4",
          "block/wood/trough/large/grainfill4",
          "block/wood/trough/large/grainfill4",
          "block/wood/trough/large/grainfill4",
          "block/wood/trough/large/grainfill4",
          "block/wood/trough/large/grainfill4",
          "block/wood/trough/large/grainfill4",
          "block/wood/trough/large/grainfill4",
          "block/wood/trough/large/grainfill4",
          "block/wood/trough/large/grainfill4",
          "block/wood/trough/large/grainfill4",
          "block/wood/trough/large/grainfill4",
          "block/wood/trough/large/grainfill4",
          "block/wood/trough/large/grainfill4",
          "block/wood/trough/large/grainfill4",
          "block/wood/trough/large/grainfill4"
        ],
        "textureCode": "contents-sunflower"
      },
      {
        "code": "bellpepper",
        "content": {
          "type": "item",
          "code": "vegetable-bellpepper"
        },
        "foodFor": [
          "pig-*"
        ],
        "foodForDesc": "trough-treat-pigs",
        "quantityPerFillLevel": 1,
        "maxFillLevels": 64,
        "shapesPerFillLevel": [
          "block/wood/trough/large/bellpepperfill1",
          "block/wood/trough/large/bellpepperfill1",
          "block/wood/trough/large/bellpepperfill1",
          "block/wood/trough/large/bellpepperfill1",
          "block/wood/trough/large/bellpepperfill1",
          "block/wood/trough/large/bellpepperfill1",
          "block/wood/trough/large/bellpepperfill1",
          "block/wood/trough/large/bellpepperfill1",
          "block/wood/trough/large/bellpepperfill1",
          "block/wood/trough/large/bellpepperfill1",
          "block/wood/trough/large/bellpepperfill1",
          "block/wood/trough/large/bellpepperfill1",
          "block/wood/trough/large/bellpepperfill1",
          "block/wood/trough/large/bellpepperfill1",
          "block/wood/trough/large/bellpepperfill1",
          "block/wood/trough/large/bellpepperfill1",
          "block/wood/trough/large/bellpepperfill2",
          "block/wood/trough/large/bellpepperfill2",
          "block/wood/trough/large/bellpepperfill2",
          "block/wood/trough/large/bellpepperfill2",
          "block/wood/trough/large/bellpepperfill2",
          "block/wood/trough/large/bellpepperfill2",
          "block/wood/trough/large/bellpepperfill2",
          "block/wood/trough/large/bellpepperfill2",
          "block/wood/trough/large/bellpepperfill2",
          "block/wood/trough/large/bellpepperfill2",
          "block/wood/trough/large/bellpepperfill2",
          "block/wood/trough/large/bellpepperfill2",
          "block/wood/trough/large/bellpepperfill2",
          "block/wood/trough/large/bellpepperfill2",
          "block/wood/trough/large/bellpepperfill2",
          "block/wood/trough/large/bellpepperfill2",
          "block/wood/trough/large/bellpepperfill3",
          "block/wood/trough/large/bellpepperfill3",
          "block/wood/trough/large/bellpepperfill3",
          "block/wood/trough/large/bellpepperfill3",
          "block/wood/trough/large/bellpepperfill3",
          "block/wood/trough/large/bellpepperfill3",
          "block/wood/trough/large/bellpepperfill3",
          "block/wood/trough/large/bellpepperfill3",
          "block/wood/trough/large/bellpepperfill3",
          "block/wood/trough/large/bellpepperfill3",
          "block/wood/trough/large/bellpepperfill3",
          "block/wood/trough/large/bellpepperfill3",
          "block/wood/trough/large/bellpepperfill3",
          "block/wood/trough/large/bellpepperfill3",
          "block/wood/trough/large/bellpepperfill3",
          "block/wood/trough/large/bellpepperfill3",
          "block/wood/trough/large/bellpepperfill4",
          "block/wood/trough/large/bellpepperfill4",
          "block/wood/trough/large/bellpepperfill4",
          "block/wood/trough/large/bellpepperfill4",
          "block/wood/trough/large/bellpepperfill4",
          "block/wood/trough/large/bellpepperfill4",
          "block/wood/trough/large/bellpepperfill4",
          "block/wood/trough/large/bellpepperfill4",
          "block/wood/trough/large/bellpepperfill4",
          "block/wood/trough/large/bellpepperfill4",
          "block/wood/trough/large/bellpepperfill4",
          "block/wood/trough/large/bellpepperfill4",
          "block/wood/trough/large/bellpepperfill4",
          "block/wood/trough/large/bellpepperfill4",
          "block/wood/trough/large/bellpepperfill4",
          "block/wood/trough/large/bellpepperfill4"
        ],
      },
      {
        "code": "cabbage",
        "content": {
          "type": "item",
          "code": "vegetable-cabbage"
        },
        "foodFor": [
          "pig-*"
        ],
        "foodForDesc": "trough-treat-pigs-sheep",
        "quantityPerFillLevel": 1,
        "maxFillLevels": 64,
        "shapesPerFillLevel": [
          "block/wood/trough/large/cabbagefill1",
          "block/wood/trough/large/cabbagefill1",
          "block/wood/trough/large/cabbagefill1",
          "block/wood/trough/large/cabbagefill1",
          "block/wood/trough/large/cabbagefill1",
          "block/wood/trough/large/cabbagefill1",
          "block/wood/trough/large/cabbagefill1",
          "block/wood/trough/large/cabbagefill1",
          "block/wood/trough/large/cabbagefill1",
          "block/wood/trough/large/cabbagefill1",
          "block/wood/trough/large/cabbagefill1",
          "block/wood/trough/large/cabbagefill1",
          "block/wood/trough/large/cabbagefill1",
          "block/wood/trough/large/cabbagefill1",
          "block/wood/trough/large/cabbagefill1",
          "block/wood/trough/large/cabbagefill1",
          "block/wood/trough/large/cabbagefill2",
          "block/wood/trough/large/cabbagefill2",
          "block/wood/trough/large/cabbagefill2",
          "block/wood/trough/large/cabbagefill2",
          "block/wood/trough/large/cabbagefill2",
          "block/wood/trough/large/cabbagefill2",
          "block/wood/trough/large/cabbagefill2",
          "block/wood/trough/large/cabbagefill2",
          "block/wood/trough/large/cabbagefill2",
          "block/wood/trough/large/cabbagefill2",
          "block/wood/trough/large/cabbagefill2",
          "block/wood/trough/large/cabbagefill2",
          "block/wood/trough/large/cabbagefill2",
          "block/wood/trough/large/cabbagefill2",
          "block/wood/trough/large/cabbagefill2",
          "block/wood/trough/large/cabbagefill2",
          "block/wood/trough/large/cabbagefill3",
          "block/wood/trough/large/cabbagefill3",
          "block/wood/trough/large/cabbagefill3",
          "block/wood/trough/large/cabbagefill3",
          "block/wood/trough/large/cabbagefill3",
          "block/wood/trough/large/cabbagefill3",
          "block/wood/trough/large/cabbagefill3",
          "block/wood/trough/large/cabbagefill3",
          "block/wood/trough/large/cabbagefill3",
          "block/wood/trough/large/cabbagefill3",
          "block/wood/trough/large/cabbagefill3",
          "block/wood/trough/large/cabbagefill3",
          "block/wood/trough/large/cabbagefill3",
          "block/wood/trough/large/cabbagefill3",
          "block/wood/trough/large/cabbagefill3",
          "block/wood/trough/large/cabbagefill3",
          "block/wood/trough/large/cabbagefill4",
          "block/wood/trough/large/cabbagefill4",
          "block/wood/trough/large/cabbagefill4",
          "block/wood/trough/large/cabbagefill4",
          "block/wood/trough/large/cabbagefill4",
          "block/wood/trough/large/cabbagefill4",
          "block/wood/trough/large/cabbagefill4",
          "block/wood/trough/large/cabbagefill4",
          "block/wood/trough/large/cabbagefill4",
          "block/wood/trough/large/cabbagefill4",
          "block/wood/trough/large/cabbagefill4",
          "block/wood/trough/large/cabbagefill4",
          "block/wood/trough/large/cabbagefill4",
          "block/wood/trough/large/cabbagefill4",
          "block/wood/trough/large/cabbagefill4",
          "block/wood/trough/large/cabbagefill4"
        ],
      },
      {
        "code": "carrot",
        "content": {
          "type": "item",
          "code": "vegetable-carrot"
        },
        "foodFor": [
          "pig-*",
          "sheep-*"
        ],
        "foodForDesc": "trough-treat-pigs-sheep",
        "quantityPerFillLevel": 1,
        "maxFillLevels": 64,
        "shapesPerFillLevel": [
          "block/wood/trough/large/carrotfill1",
          "block/wood/trough/large/carrotfill1",
          "block/wood/trough/large/carrotfill1",
          "block/wood/trough/large/carrotfill1",
          "block/wood/trough/large/carrotfill1",
          "block/wood/trough/large/carrotfill1",
          "block/wood/trough/large/carrotfill1",
          "block/wood/trough/large/carrotfill1",
          "block/wood/trough/large/carrotfill1",
          "block/wood/trough/large/carrotfill1",
          "block/wood/trough/large/carrotfill1",
          "block/wood/trough/large/carrotfill1",
          "block/wood/trough/large/carrotfill1",
          "block/wood/trough/large/carrotfill1",
          "block/wood/trough/large/carrotfill1",
          "block/wood/trough/large/carrotfill1",
          "block/wood/trough/large/carrotfill2",
          "block/wood/trough/large/carrotfill2",
          "block/wood/trough/large/carrotfill2",
          "block/wood/trough/large/carrotfill2",
          "block/wood/trough/large/carrotfill2",
          "block/wood/trough/large/carrotfill2",
          "block/wood/trough/large/carrotfill2",
          "block/wood/trough/large/carrotfill2",
          "block/wood/trough/large/carrotfill2",
          "block/wood/trough/large/carrotfill2",
          "block/wood/trough/large/carrotfill2",
          "block/wood/trough/large/carrotfill2",
          "block/wood/trough/large/carrotfill2",
          "block/wood/trough/large/carrotfill2",
          "block/wood/trough/large/carrotfill2",
          "block/wood/trough/large/carrotfill2",
          "block/wood/trough/large/carrotfill3",
          "block/wood/trough/large/carrotfill3",
          "block/wood/trough/large/carrotfill3",
          "block/wood/trough/large/carrotfill3",
          "block/wood/trough/large/carrotfill3",
          "block/wood/trough/large/carrotfill3",
          "block/wood/trough/large/carrotfill3",
          "block/wood/trough/large/carrotfill3",
          "block/wood/trough/large/carrotfill3",
          "block/wood/trough/large/carrotfill3",
          "block/wood/trough/large/carrotfill3",
          "block/wood/trough/large/carrotfill3",
          "block/wood/trough/large/carrotfill3",
          "block/wood/trough/large/carrotfill3",
          "block/wood/trough/large/carrotfill3",
          "block/wood/trough/large/carrotfill3",
          "block/wood/trough/large/carrotfill4",
          "block/wood/trough/large/carrotfill4",
          "block/wood/trough/large/carrotfill4",
          "block/wood/trough/large/carrotfill4",
          "block/wood/trough/large/carrotfill4",
          "block/wood/trough/large/carrotfill4",
          "block/wood/trough/large/carrotfill4",
          "block/wood/trough/large/carrotfill4",
          "block/wood/trough/large/carrotfill4",
          "block/wood/trough/large/carrotfill4",
          "block/wood/trough/large/carrotfill4",
          "block/wood/trough/large/carrotfill4",
          "block/wood/trough/large/carrotfill4",
          "block/wood/trough/large/carrotfill4",
          "block/wood/trough/large/carrotfill4",
          "block/wood/trough/large/carrotfill4"
        ],
      },
      {
        "code": "cassava",
        "content": {
          "type": "item",
          "code": "vegetable-cassava"
        },
        "foodFor": [
          "pig-*"
        ],
        "foodForDesc": "trough-acceptable-pigs",
        "quantityPerFillLevel": 1,
        "maxFillLevels": 64,
        "shapesPerFillLevel": [
          "block/wood/trough/large/cassavafill1",
          "block/wood/trough/large/cassavafill1",
          "block/wood/trough/large/cassavafill1",
          "block/wood/trough/large/cassavafill1",
          "block/wood/trough/large/cassavafill1",
          "block/wood/trough/large/cassavafill1",
          "block/wood/trough/large/cassavafill1",
          "block/wood/trough/large/cassavafill1",
          "block/wood/trough/large/cassavafill1",
          "block/wood/trough/large/cassavafill1",
          "block/wood/trough/large/cassavafill1",
          "block/wood/trough/large/cassavafill1",
          "block/wood/trough/large/cassavafill1",
          "block/wood/trough/large/cassavafill1",
          "block/wood/trough/large/cassavafill1",
          "block/wood/trough/large/cassavafill1",
          "block/wood/trough/large/cassavafill2",
          "block/wood/trough/large/cassavafill2",
          "block/wood/trough/large/cassavafill2",
          "block/wood/trough/large/cassavafill2",
          "block/wood/trough/large/cassavafill2",
          "block/wood/trough/large/cassavafill2",
          "block/wood/trough/large/cassavafill2",
          "block/wood/trough/large/cassavafill2",
          "block/wood/trough/large/cassavafill2",
          "block/wood/trough/large/cassavafill2",
          "block/wood/trough/large/cassavafill2",
          "block/wood/trough/large/cassavafill2",
          "block/wood/trough/large/cassavafill2",
          "block/wood/trough/large/cassavafill2",
          "block/wood/trough/large/cassavafill2",
          "block/wood/trough/large/cassavafill2",
          "block/wood/trough/large/cassavafill3",
          "block/wood/trough/large/cassavafill3",
          "block/wood/trough/large/cassavafill3",
          "block/wood/trough/large/cassavafill3",
          "block/wood/trough/large/cassavafill3",
          "block/wood/trough/large/cassavafill3",
          "block/wood/trough/large/cassavafill3",
          "block/wood/trough/large/cassavafill3",
          "block/wood/trough/large/cassavafill3",
          "block/wood/trough/large/cassavafill3",
          "block/wood/trough/large/cassavafill3",
          "block/wood/trough/large/cassavafill3",
          "block/wood/trough/large/cassavafill3",
          "block/wood/trough/large/cassavafill3",
          "block/wood/trough/large/cassavafill3",
          "block/wood/trough/large/cassavafill3",
          "block/wood/trough/large/cassavafill4",
          "block/wood/trough/large/cassavafill4",
          "block/wood/trough/large/cassavafill4",
          "block/wood/trough/large/cassavafill4",
          "block/wood/trough/large/cassavafill4",
          "block/wood/trough/large/cassavafill4",
          "block/wood/trough/large/cassavafill4",
          "block/wood/trough/large/cassavafill4",
          "block/wood/trough/large/cassavafill4",
          "block/wood/trough/large/cassavafill4",
          "block/wood/trough/large/cassavafill4",
          "block/wood/trough/large/cassavafill4",
          "block/wood/trough/large/cassavafill4",
          "block/wood/trough/large/cassavafill4",
          "block/wood/trough/large/cassavafill4",
          "block/wood/trough/large/cassavafill4"
        ],
      },
      {
        "code": "onion",
        "content": {
          "type": "item",
          "code": "vegetable-onion"
        },
        "foodFor": [
          "pig-*",
          "sheep-*"
        ],
        "foodForDesc": "trough-treat-pigs-sheep",
        "quantityPerFillLevel": 1,
        "maxFillLevels": 64,
        "shapesPerFillLevel": [
          "block/wood/trough/large/onionfill1",
          "block/wood/trough/large/onionfill1",
          "block/wood/trough/large/onionfill1",
          "block/wood/trough/large/onionfill1",
          "block/wood/trough/large/onionfill1",
          "block/wood/trough/large/onionfill1",
          "block/wood/trough/large/onionfill1",
          "block/wood/trough/large/onionfill1",
          "block/wood/trough/large/onionfill1",
          "block/wood/trough/large/onionfill1",
          "block/wood/trough/large/onionfill1",
          "block/wood/trough/large/onionfill1",
          "block/wood/trough/large/onionfill1",
          "block/wood/trough/large/onionfill1",
          "block/wood/trough/large/onionfill1",
          "block/wood/trough/large/onionfill1",
          "block/wood/trough/large/onionfill2",
          "block/wood/trough/large/onionfill2",
          "block/wood/trough/large/onionfill2",
          "block/wood/trough/large/onionfill2",
          "block/wood/trough/large/onionfill2",
          "block/wood/trough/large/onionfill2",
          "block/wood/trough/large/onionfill2",
          "block/wood/trough/large/onionfill2",
          "block/wood/trough/large/onionfill2",
          "block/wood/trough/large/onionfill2",
          "block/wood/trough/large/onionfill2",
          "block/wood/trough/large/onionfill2",
          "block/wood/trough/large/onionfill2",
          "block/wood/trough/large/onionfill2",
          "block/wood/trough/large/onionfill2",
          "block/wood/trough/large/onionfill2",
          "block/wood/trough/large/onionfill3",
          "block/wood/trough/large/onionfill3",
          "block/wood/trough/large/onionfill3",
          "block/wood/trough/large/onionfill3",
          "block/wood/trough/large/onionfill3",
          "block/wood/trough/large/onionfill3",
          "block/wood/trough/large/onionfill3",
          "block/wood/trough/large/onionfill3",
          "block/wood/trough/large/onionfill3",
          "block/wood/trough/large/onionfill3",
          "block/wood/trough/large/onionfill3",
          "block/wood/trough/large/onionfill3",
          "block/wood/trough/large/onionfill3",
          "block/wood/trough/large/onionfill3",
          "block/wood/trough/large/onionfill3",
          "block/wood/trough/large/onionfill3",
          "block/wood/trough/large/onionfill4",
          "block/wood/trough/large/onionfill4",
          "block/wood/trough/large/onionfill4",
          "block/wood/trough/large/onionfill4",
          "block/wood/trough/large/onionfill4",
          "block/wood/trough/large/onionfill4",
          "block/wood/trough/large/onionfill4",
          "block/wood/trough/large/onionfill4",
          "block/wood/trough/large/onionfill4",
          "block/wood/trough/large/onionfill4",
          "block/wood/trough/large/onionfill4",
          "block/wood/trough/large/onionfill4",
          "block/wood/trough/large/onionfill4",
          "block/wood/trough/large/onionfill4",
          "block/wood/trough/large/onionfill4",
          "block/wood/trough/large/onionfill4"
        ],
      },
      {
        "code": "parsnip",
        "content": {
          "type": "item",
          "code": "vegetable-parsnip"
        },
        "foodFor": [],
        "foodForDesc": "trough-noanimal",
        "quantityPerFillLevel": 1,
        "maxFillLevels": 64,
        "shapesPerFillLevel": [
          "block/wood/trough/large/parsnipfill1",
          "block/wood/trough/large/parsnipfill1",
          "block/wood/trough/large/parsnipfill1",
          "block/wood/trough/large/parsnipfill1",
          "block/wood/trough/large/parsnipfill1",
          "block/wood/trough/large/parsnipfill1",
          "block/wood/trough/large/parsnipfill1",
          "block/wood/trough/large/parsnipfill1",
          "block/wood/trough/large/parsnipfill1",
          "block/wood/trough/large/parsnipfill1",
          "block/wood/trough/large/parsnipfill1",
          "block/wood/trough/large/parsnipfill1",
          "block/wood/trough/large/parsnipfill1",
          "block/wood/trough/large/parsnipfill1",
          "block/wood/trough/large/parsnipfill1",
          "block/wood/trough/large/parsnipfill1",
          "block/wood/trough/large/parsnipfill2",
          "block/wood/trough/large/parsnipfill2",
          "block/wood/trough/large/parsnipfill2",
          "block/wood/trough/large/parsnipfill2",
          "block/wood/trough/large/parsnipfill2",
          "block/wood/trough/large/parsnipfill2",
          "block/wood/trough/large/parsnipfill2",
          "block/wood/trough/large/parsnipfill2",
          "block/wood/trough/large/parsnipfill2",
          "block/wood/trough/large/parsnipfill2",
          "block/wood/trough/large/parsnipfill2",
          "block/wood/trough/large/parsnipfill2",
          "block/wood/trough/large/parsnipfill2",
          "block/wood/trough/large/parsnipfill2",
          "block/wood/trough/large/parsnipfill2",
          "block/wood/trough/large/parsnipfill2",
          "block/wood/trough/large/parsnipfill3",
          "block/wood/trough/large/parsnipfill3",
          "block/wood/trough/large/parsnipfill3",
          "block/wood/trough/large/parsnipfill3",
          "block/wood/trough/large/parsnipfill3",
          "block/wood/trough/large/parsnipfill3",
          "block/wood/trough/large/parsnipfill3",
          "block/wood/trough/large/parsnipfill3",
          "block/wood/trough/large/parsnipfill3",
          "block/wood/trough/large/parsnipfill3",
          "block/wood/trough/large/parsnipfill3",
          "block/wood/trough/large/parsnipfill3",
          "block/wood/trough/large/parsnipfill3",
          "block/wood/trough/large/parsnipfill3",
          "block/wood/trough/large/parsnipfill3",
          "block/wood/trough/large/parsnipfill3",
          "block/wood/trough/large/parsnipfill4",
          "block/wood/trough/large/parsnipfill4",
          "block/wood/trough/large/parsnipfill4",
          "block/wood/trough/large/parsnipfill4",
          "block/wood/trough/large/parsnipfill4",
          "block/wood/trough/large/parsnipfill4",
          "block/wood/trough/large/parsnipfill4",
          "block/wood/trough/large/parsnipfill4",
          "block/wood/trough/large/parsnipfill4",
          "block/wood/trough/large/parsnipfill4",
          "block/wood/trough/large/parsnipfill4",
          "block/wood/trough/large/parsnipfill4",
          "block/wood/trough/large/parsnipfill4",
          "block/wood/trough/large/parsnipfill4",
          "block/wood/trough/large/parsnipfill4",
          "block/wood/trough/large/parsnipfill4"
        ],
      },
      {
        "code": "pumpkin",
        "content": {
          "type": "item",
          "code": "vegetable-pumpkin"
        },
        "foodFor": [
          "pig-*"
        ],
        "foodForDesc": "trough-treat-pigs",
        "quantityPerFillLevel": 1,
        "maxFillLevels": 64,
        "shapesPerFillLevel": [
          "block/wood/trough/large/pumpkinfill1",
          "block/wood/trough/large/pumpkinfill1",
          "block/wood/trough/large/pumpkinfill1",
          "block/wood/trough/large/pumpkinfill1",
          "block/wood/trough/large/pumpkinfill1",
          "block/wood/trough/large/pumpkinfill1",
          "block/wood/trough/large/pumpkinfill1",
          "block/wood/trough/large/pumpkinfill1",
          "block/wood/trough/large/pumpkinfill1",
          "block/wood/trough/large/pumpkinfill1",
          "block/wood/trough/large/pumpkinfill1",
          "block/wood/trough/large/pumpkinfill1",
          "block/wood/trough/large/pumpkinfill1",
          "block/wood/trough/large/pumpkinfill1",
          "block/wood/trough/large/pumpkinfill1",
          "block/wood/trough/large/pumpkinfill1",
          "block/wood/trough/large/pumpkinfill2",
          "block/wood/trough/large/pumpkinfill2",
          "block/wood/trough/large/pumpkinfill2",
          "block/wood/trough/large/pumpkinfill2",
          "block/wood/trough/large/pumpkinfill2",
          "block/wood/trough/large/pumpkinfill2",
          "block/wood/trough/large/pumpkinfill2",
          "block/wood/trough/large/pumpkinfill2",
          "block/wood/trough/large/pumpkinfill2",
          "block/wood/trough/large/pumpkinfill2",
          "block/wood/trough/large/pumpkinfill2",
          "block/wood/trough/large/pumpkinfill2",
          "block/wood/trough/large/pumpkinfill2",
          "block/wood/trough/large/pumpkinfill2",
          "block/wood/trough/large/pumpkinfill2",
          "block/wood/trough/large/pumpkinfill2",
          "block/wood/trough/large/pumpkinfill3",
          "block/wood/trough/large/pumpkinfill3",
          "block/wood/trough/large/pumpkinfill3",
          "block/wood/trough/large/pumpkinfill3",
          "block/wood/trough/large/pumpkinfill3",
          "block/wood/trough/large/pumpkinfill3",
          "block/wood/trough/large/pumpkinfill3",
          "block/wood/trough/large/pumpkinfill3",
          "block/wood/trough/large/pumpkinfill3",
          "block/wood/trough/large/pumpkinfill3",
          "block/wood/trough/large/pumpkinfill3",
          "block/wood/trough/large/pumpkinfill3",
          "block/wood/trough/large/pumpkinfill3",
          "block/wood/trough/large/pumpkinfill3",
          "block/wood/trough/large/pumpkinfill3",
          "block/wood/trough/large/pumpkinfill3",
          "block/wood/trough/large/pumpkinfill4",
          "block/wood/trough/large/pumpkinfill4",
          "block/wood/trough/large/pumpkinfill4",
          "block/wood/trough/large/pumpkinfill4",
          "block/wood/trough/large/pumpkinfill4",
          "block/wood/trough/large/pumpkinfill4",
          "block/wood/trough/large/pumpkinfill4",
          "block/wood/trough/large/pumpkinfill4",
          "block/wood/trough/large/pumpkinfill4",
          "block/wood/trough/large/pumpkinfill4",
          "block/wood/trough/large/pumpkinfill4",
          "block/wood/trough/large/pumpkinfill4",
          "block/wood/trough/large/pumpkinfill4",
          "block/wood/trough/large/pumpkinfill4",
          "block/wood/trough/large/pumpkinfill4",
          "block/wood/trough/large/pumpkinfill4"
        ],
      },
      {
        "code": "peanut",
        "content": {
          "type": "item",
          "code": "legume-peanut"
        },
        "foodFor": [
          "pig-*"
        ],
        "foodForDesc": "trough-treat-pigs",
        "quantityPerFillLevel": 1,
        "maxFillLevels": 64,
        "shapesPerFillLevel": [
          "block/wood/trough/large/legumefill1",
          "block/wood/trough/large/legumefill1",
          "block/wood/trough/large/legumefill1",
          "block/wood/trough/large/legumefill1",
          "block/wood/trough/large/legumefill1",
          "block/wood/trough/large/legumefill1",
          "block/wood/trough/large/legumefill1",
          "block/wood/trough/large/legumefill1",
          "block/wood/trough/large/legumefill1",
          "block/wood/trough/large/legumefill1",
          "block/wood/trough/large/legumefill1",
          "block/wood/trough/large/legumefill1",
          "block/wood/trough/large/legumefill1",
          "block/wood/trough/large/legumefill1",
          "block/wood/trough/large/legumefill1",
          "block/wood/trough/large/legumefill1",
          "block/wood/trough/large/legumefill2",
          "block/wood/trough/large/legumefill2",
          "block/wood/trough/large/legumefill2",
          "block/wood/trough/large/legumefill2",
          "block/wood/trough/large/legumefill2",
          "block/wood/trough/large/legumefill2",
          "block/wood/trough/large/legumefill2",
          "block/wood/trough/large/legumefill2",
          "block/wood/trough/large/legumefill2",
          "block/wood/trough/large/legumefill2",
          "block/wood/trough/large/legumefill2",
          "block/wood/trough/large/legumefill2",
          "block/wood/trough/large/legumefill2",
          "block/wood/trough/large/legumefill2",
          "block/wood/trough/large/legumefill2",
          "block/wood/trough/large/legumefill2",
          "block/wood/trough/large/legumefill3",
          "block/wood/trough/large/legumefill3",
          "block/wood/trough/large/legumefill3",
          "block/wood/trough/large/legumefill3",
          "block/wood/trough/large/legumefill3",
          "block/wood/trough/large/legumefill3",
          "block/wood/trough/large/legumefill3",
          "block/wood/trough/large/legumefill3",
          "block/wood/trough/large/legumefill3",
          "block/wood/trough/large/legumefill3",
          "block/wood/trough/large/legumefill3",
          "block/wood/trough/large/legumefill3",
          "block/wood/trough/large/legumefill3",
          "block/wood/trough/large/legumefill3",
          "block/wood/trough/large/legumefill3",
          "block/wood/trough/large/legumefill3",
          "block/wood/trough/large/legumefill4",
          "block/wood/trough/large/legumefill4",
          "block/wood/trough/large/legumefill4",
          "block/wood/trough/large/legumefill4",
          "block/wood/trough/large/legumefill4",
          "block/wood/trough/large/legumefill4",
          "block/wood/trough/large/legumefill4",
          "block/wood/trough/large/legumefill4",
          "block/wood/trough/large/legumefill4",
          "block/wood/trough/large/legumefill4",
          "block/wood/trough/large/legumefill4",
          "block/wood/trough/large/legumefill4",
          "block/wood/trough/large/legumefill4",
          "block/wood/trough/large/legumefill4",
          "block/wood/trough/large/legumefill4",
          "block/wood/trough/large/legumefill4"
        ],
        "textureCode": "contents-peanut"
      },

      {
        "code": "soybean",
        "content": {
          "type": "item",
          "code": "legume-soybean"
        },
        "foodFor": [
          "pig-*",
          "sheep-*"
        ],
        "foodForDesc": "trough-treat-pigs-sheep",
        "quantityPerFillLevel": 1,
        "maxFillLevels": 64,
        "shapesPerFillLevel": [
          "block/wood/trough/large/legumefill1",
          "block/wood/trough/large/legumefill1",
          "block/wood/trough/large/legumefill1",
          "block/wood/trough/large/legumefill1",
          "block/wood/trough/large/legumefill1",
          "block/wood/trough/large/legumefill1",
          "block/wood/trough/large/legumefill1",
          "block/wood/trough/large/legumefill1",
          "block/wood/trough/large/legumefill1",
          "block/wood/trough/large/legumefill1",
          "block/wood/trough/large/legumefill1",
          "block/wood/trough/large/legumefill1",
          "block/wood/trough/large/legumefill1",
          "block/wood/trough/large/legumefill1",
          "block/wood/trough/large/legumefill1",
          "block/wood/trough/large/legumefill1",
          "block/wood/trough/large/legumefill2",
          "block/wood/trough/large/legumefill2",
          "block/wood/trough/large/legumefill2",
          "block/wood/trough/large/legumefill2",
          "block/wood/trough/large/legumefill2",
          "block/wood/trough/large/legumefill2",
          "block/wood/trough/large/legumefill2",
          "block/wood/trough/large/legumefill2",
          "block/wood/trough/large/legumefill2",
          "block/wood/trough/large/legumefill2",
          "block/wood/trough/large/legumefill2",
          "block/wood/trough/large/legumefill2",
          "block/wood/trough/large/legumefill2",
          "block/wood/trough/large/legumefill2",
          "block/wood/trough/large/legumefill2",
          "block/wood/trough/large/legumefill2",
          "block/wood/trough/large/legumefill3",
          "block/wood/trough/large/legumefill3",
          "block/wood/trough/large/legumefill3",
          "block/wood/trough/large/legumefill3",
          "block/wood/trough/large/legumefill3",
          "block/wood/trough/large/legumefill3",
          "block/wood/trough/large/legumefill3",
          "block/wood/trough/large/legumefill3",
          "block/wood/trough/large/legumefill3",
          "block/wood/trough/large/legumefill3",
          "block/wood/trough/large/legumefill3",
          "block/wood/trough/large/legumefill3",
          "block/wood/trough/large/legumefill3",
          "block/wood/trough/large/legumefill3",
          "block/wood/trough/large/legumefill3",
          "block/wood/trough/large/legumefill3",
          "block/wood/trough/large/legumefill4",
          "block/wood/trough/large/legumefill4",
          "block/wood/trough/large/legumefill4",
          "block/wood/trough/large/legumefill4",
          "block/wood/trough/large/legumefill4",
          "block/wood/trough/large/legumefill4",
          "block/wood/trough/large/legumefill4",
          "block/wood/trough/large/legumefill4",
          "block/wood/trough/large/legumefill4",
          "block/wood/trough/large/legumefill4",
          "block/wood/trough/large/legumefill4",
          "block/wood/trough/large/legumefill4",
          "block/wood/trough/large/legumefill4",
          "block/wood/trough/large/legumefill4",
          "block/wood/trough/large/legumefill4",
          "block/wood/trough/large/legumefill4"
        ],
        "textureCode": "contents-soybean"
      },
      {
        "code": "turnip",
        "content": {
          "type": "item",
          "code": "vegetable-turnip"
        },
        "foodFor": [
          "pig-*",
          "sheep-*"
        ],
        "foodForDesc": "trough-acceptable-pigs-sheep",
        "quantityPerFillLevel": 1,
        "maxFillLevels": 64,
        "shapesPerFillLevel": [
          "block/wood/trough/large/turnipfill1",
          "block/wood/trough/large/turnipfill1",
          "block/wood/trough/large/turnipfill1",
          "block/wood/trough/large/turnipfill1",
          "block/wood/trough/large/turnipfill1",
          "block/wood/trough/large/turnipfill1",
          "block/wood/trough/large/turnipfill1",
          "block/wood/trough/large/turnipfill1",
          "block/wood/trough/large/turnipfill1",
          "block/wood/trough/large/turnipfill1",
          "block/wood/trough/large/turnipfill1",
          "block/wood/trough/large/turnipfill1",
          "block/wood/trough/large/turnipfill1",
          "block/wood/trough/large/turnipfill1",
          "block/wood/trough/large/turnipfill1",
          "block/wood/trough/large/turnipfill1",
          "block/wood/trough/large/turnipfill2",
          "block/wood/trough/large/turnipfill2",
          "block/wood/trough/large/turnipfill2",
          "block/wood/trough/large/turnipfill2",
          "block/wood/trough/large/turnipfill2",
          "block/wood/trough/large/turnipfill2",
          "block/wood/trough/large/turnipfill2",
          "block/wood/trough/large/turnipfill2",
          "block/wood/trough/large/turnipfill2",
          "block/wood/trough/large/turnipfill2",
          "block/wood/trough/large/turnipfill2",
          "block/wood/trough/large/turnipfill2",
          "block/wood/trough/large/turnipfill2",
          "block/wood/trough/large/turnipfill2",
          "block/wood/trough/large/turnipfill2",
          "block/wood/trough/large/turnipfill2",
          "block/wood/trough/large/turnipfill3",
          "block/wood/trough/large/turnipfill3",
          "block/wood/trough/large/turnipfill3",
          "block/wood/trough/large/turnipfill3",
          "block/wood/trough/large/turnipfill3",
          "block/wood/trough/large/turnipfill3",
          "block/wood/trough/large/turnipfill3",
          "block/wood/trough/large/turnipfill3",
          "block/wood/trough/large/turnipfill3",
          "block/wood/trough/large/turnipfill3",
          "block/wood/trough/large/turnipfill3",
          "block/wood/trough/large/turnipfill3",
          "block/wood/trough/large/turnipfill3",
          "block/wood/trough/large/turnipfill3",
          "block/wood/trough/large/turnipfill3",
          "block/wood/trough/large/turnipfill3",
          "block/wood/trough/large/turnipfill4",
          "block/wood/trough/large/turnipfill4",
          "block/wood/trough/large/turnipfill4",
          "block/wood/trough/large/turnipfill4",
          "block/wood/trough/large/turnipfill4",
          "block/wood/trough/large/turnipfill4",
          "block/wood/trough/large/turnipfill4",
          "block/wood/trough/large/turnipfill4",
          "block/wood/trough/large/turnipfill4",
          "block/wood/trough/large/turnipfill4",
          "block/wood/trough/large/turnipfill4",
          "block/wood/trough/large/turnipfill4",
          "block/wood/trough/large/turnipfill4",
          "block/wood/trough/large/turnipfill4",
          "block/wood/trough/large/turnipfill4",
          "block/wood/trough/large/turnipfill4"
        ],
      },
      {
        "code": "drygrass",
        "content": {
          "type": "item",
          "code": "drygrass"
        },
        "foodForDesc": "trough-acceptable-pigs-sheep",
        "quantityPerFillLevel": 1,
        "maxFillLevels": 64,
        "shapesPerFillLevel": [
          "block/wood/trough/large/hayfill1",
          "block/wood/trough/large/hayfill1",
          "block/wood/trough/large/hayfill1",
          "block/wood/trough/large/hayfill1",
          "block/wood/trough/large/hayfill1",
          "block/wood/trough/large/hayfill1",
          "block/wood/trough/large/hayfill1",
          "block/wood/trough/large/hayfill1",
          "block/wood/trough/large/hayfill1",
          "block/wood/trough/large/hayfill1",
          "block/wood/trough/large/hayfill1",
          "block/wood/trough/large/hayfill1",
          "block/wood/trough/large/hayfill1",
          "block/wood/trough/large/hayfill1",
          "block/wood/trough/large/hayfill1",
          "block/wood/trough/large/hayfill1",
          "block/wood/trough/large/hayfill2",
          "block/wood/trough/large/hayfill2",
          "block/wood/trough/large/hayfill2",
          "block/wood/trough/large/hayfill2",
          "block/wood/trough/large/hayfill2",
          "block/wood/trough/large/hayfill2",
          "block/wood/trough/large/hayfill2",
          "block/wood/trough/large/hayfill2",
          "block/wood/trough/large/hayfill2",
          "block/wood/trough/large/hayfill2",
          "block/wood/trough/large/hayfill2",
          "block/wood/trough/large/hayfill2",
          "block/wood/trough/large/hayfill2",
          "block/wood/trough/large/hayfill2",
          "block/wood/trough/large/hayfill2",
          "block/wood/trough/large/hayfill2",
          "block/wood/trough/large/hayfill3",
          "block/wood/trough/large/hayfill3",
          "block/wood/trough/large/hayfill3",
          "block/wood/trough/large/hayfill3",
          "block/wood/trough/large/hayfill3",
          "block/wood/trough/large/hayfill3",
          "block/wood/trough/large/hayfill3",
          "block/wood/trough/large/hayfill3",
          "block/wood/trough/large/hayfill3",
          "block/wood/trough/large/hayfill3",
          "block/wood/trough/large/hayfill3",
          "block/wood/trough/large/hayfill3",
          "block/wood/trough/large/hayfill3",
          "block/wood/trough/large/hayfill3",
          "block/wood/trough/large/hayfill3",
          "block/wood/trough/large/hayfill3",
          "block/wood/trough/large/hayfill4",
          "block/wood/trough/large/hayfill4",
          "block/wood/trough/large/hayfill4",
          "block/wood/trough/large/hayfill4",
          "block/wood/trough/large/hayfill4",
          "block/wood/trough/large/hayfill4",
          "block/wood/trough/large/hayfill4",
          "block/wood/trough/large/hayfill4",
          "block/wood/trough/large/hayfill4",
          "block/wood/trough/large/hayfill4",
          "block/wood/trough/large/hayfill4",
          "block/wood/trough/large/hayfill4",
          "block/wood/trough/large/hayfill4",
          "block/wood/trough/large/hayfill4",
          "block/wood/trough/large/hayfill4",
          "block/wood/trough/large/hayfill4"
        ],
        "foodFor": [
          "pig-*",
          "sheep-*"
        ]
      },

      {
        "code": "feed",
        "content": {
          "type": "item",
          "code": "farmlife:animalfeed"
        },
        "foodForDesc": "trough-treat-pigs-sheep",
        "foodFor": [
          "pig-*",
          "sheep-*",
          "lichen:deer-*",
          "lichen:white-hart",
          "medievalexpansion:aurochs-*",          
          "game:wolf-*",
          "farmlife:wolf-*"
        ],
        "quantityPerFillLevel": 1,
        "maxFillLevels": 64,
        "shapesPerFillLevel": [
          "block/wood/trough/large/grainfill1",
          "block/wood/trough/large/grainfill1",
          "block/wood/trough/large/grainfill1",
          "block/wood/trough/large/grainfill1",
          "block/wood/trough/large/grainfill1",
          "block/wood/trough/large/grainfill1",
          "block/wood/trough/large/grainfill1",
          "block/wood/trough/large/grainfill1",
          "block/wood/trough/large/grainfill1",
          "block/wood/trough/large/grainfill1",
          "block/wood/trough/large/grainfill1",
          "block/wood/trough/large/grainfill1",
          "block/wood/trough/large/grainfill1",
          "block/wood/trough/large/grainfill1",
          "block/wood/trough/large/grainfill1",
          "block/wood/trough/large/grainfill1",
          "block/wood/trough/large/grainfill2",
          "block/wood/trough/large/grainfill2",
          "block/wood/trough/large/grainfill2",
          "block/wood/trough/large/grainfill2",
          "block/wood/trough/large/grainfill2",
          "block/wood/trough/large/grainfill2",
          "block/wood/trough/large/grainfill2",
          "block/wood/trough/large/grainfill2",
          "block/wood/trough/large/grainfill2",
          "block/wood/trough/large/grainfill2",
          "block/wood/trough/large/grainfill2",
          "block/wood/trough/large/grainfill2",
          "block/wood/trough/large/grainfill2",
          "block/wood/trough/large/grainfill2",
          "block/wood/trough/large/grainfill2",
          "block/wood/trough/large/grainfill2",
          "block/wood/trough/large/grainfill3",
          "block/wood/trough/large/grainfill3",
          "block/wood/trough/large/grainfill3",
          "block/wood/trough/large/grainfill3",
          "block/wood/trough/large/grainfill3",
          "block/wood/trough/large/grainfill3",
          "block/wood/trough/large/grainfill3",
          "block/wood/trough/large/grainfill3",
          "block/wood/trough/large/grainfill3",
          "block/wood/trough/large/grainfill3",
          "block/wood/trough/large/grainfill3",
          "block/wood/trough/large/grainfill3",
          "block/wood/trough/large/grainfill3",
          "block/wood/trough/large/grainfill3",
          "block/wood/trough/large/grainfill3",
          "block/wood/trough/large/grainfill3",
          "block/wood/trough/large/grainfill4",
          "block/wood/trough/large/grainfill4",
          "block/wood/trough/large/grainfill4",
          "block/wood/trough/large/grainfill4",
          "block/wood/trough/large/grainfill4",
          "block/wood/trough/large/grainfill4",
          "block/wood/trough/large/grainfill4",
          "block/wood/trough/large/grainfill4",
          "block/wood/trough/large/grainfill4",
          "block/wood/trough/large/grainfill4",
          "block/wood/trough/large/grainfill4",
          "block/wood/trough/large/grainfill4",
          "block/wood/trough/large/grainfill4",
          "block/wood/trough/large/grainfill4",
          "block/wood/trough/large/grainfill4",
          "block/wood/trough/large/grainfill4"
        ],
        "textureCode": "contents-feed"
      },

      {
        "code": "rot",
        "content": {
          "type": "item",
          "code": "game:rot"
        },
        "foodForDesc": "trough-treat-pigs",
        "foodFor": [
          "pig-*"
        ],
        "quantityPerFillLevel": 1,
        "maxFillLevels": 64,
        "shapesPerFillLevel": [
          "block/wood/trough/large/grainfill1",
          "block/wood/trough/large/grainfill1",
          "block/wood/trough/large/grainfill1",
          "block/wood/trough/large/grainfill1",
          "block/wood/trough/large/grainfill1",
          "block/wood/trough/large/grainfill1",
          "block/wood/trough/large/grainfill1",
          "block/wood/trough/large/grainfill1",
          "block/wood/trough/large/grainfill1",
          "block/wood/trough/large/grainfill1",
          "block/wood/trough/large/grainfill1",
          "block/wood/trough/large/grainfill1",
          "block/wood/trough/large/grainfill1",
          "block/wood/trough/large/grainfill1",
          "block/wood/trough/large/grainfill1",
          "block/wood/trough/large/grainfill1",
          "block/wood/trough/large/grainfill2",
          "block/wood/trough/large/grainfill2",
          "block/wood/trough/large/grainfill2",
          "block/wood/trough/large/grainfill2",
          "block/wood/trough/large/grainfill2",
          "block/wood/trough/large/grainfill2",
          "block/wood/trough/large/grainfill2",
          "block/wood/trough/large/grainfill2",
          "block/wood/trough/large/grainfill2",
          "block/wood/trough/large/grainfill2",
          "block/wood/trough/large/grainfill2",
          "block/wood/trough/large/grainfill2",
          "block/wood/trough/large/grainfill2",
          "block/wood/trough/large/grainfill2",
          "block/wood/trough/large/grainfill2",
          "block/wood/trough/large/grainfill2",
          "block/wood/trough/large/grainfill3",
          "block/wood/trough/large/grainfill3",
          "block/wood/trough/large/grainfill3",
          "block/wood/trough/large/grainfill3",
          "block/wood/trough/large/grainfill3",
          "block/wood/trough/large/grainfill3",
          "block/wood/trough/large/grainfill3",
          "block/wood/trough/large/grainfill3",
          "block/wood/trough/large/grainfill3",
          "block/wood/trough/large/grainfill3",
          "block/wood/trough/large/grainfill3",
          "block/wood/trough/large/grainfill3",
          "block/wood/trough/large/grainfill3",
          "block/wood/trough/large/grainfill3",
          "block/wood/trough/large/grainfill3",
          "block/wood/trough/large/grainfill3",
          "block/wood/trough/large/grainfill4",
          "block/wood/trough/large/grainfill4",
          "block/wood/trough/large/grainfill4",
          "block/wood/trough/large/grainfill4",
          "block/wood/trough/large/grainfill4",
          "block/wood/trough/large/grainfill4",
          "block/wood/trough/large/grainfill4",
          "block/wood/trough/large/grainfill4",
          "block/wood/trough/large/grainfill4",
          "block/wood/trough/large/grainfill4",
          "block/wood/trough/large/grainfill4",
          "block/wood/trough/large/grainfill4",
          "block/wood/trough/large/grainfill4",
          "block/wood/trough/large/grainfill4",
          "block/wood/trough/large/grainfill4",
          "block/wood/trough/large/grainfill4"
        ],
        "textureCode": "contents-rot"
      },
    ],
    "file": "game:blocktypes/wood/trough-large.json"
  },




  {
    "op": "replace",
    "path": "/collisionbox",
    "value": null,
    "file": "game:blocktypes/wood/trough-large.json"
  },
  {
    "op": "add",
    "path": "/textures/contents-rot",
    "value": {
      "base": "game:block/wood/trough/large/rot"
    },
    "file": "game:blocktypes/wood/trough-large.json"
  },
  {
    "op": "add",
    "path": "/textures/contents-feed",
    "value": {
      "base": "game:block/wood/trough/large/grain-mixed"
    },
    "file": "game:blocktypes/wood/trough-large.json"
  }
]
