{
  "code": "bighookmold",
  "classByType": {
    "bighookmold-raw": "Block",
    "bighookmold-burned": "BlockToolMold"
  },
  "behaviorsByType": {
    "*-raw": [{ "name": "UnstableFalling" }, { "name": "RightClickPickup" }],
    "*": [{ "name": "UnstableFalling" }]
  },
  "variantgroups": [
    { "code": "materialtype", "states": ["raw", "burned"] },
  ],
  "attributesByType": {
    "bighookmold-burned": {
      "requiredUnits": 100,
      "moldrackable": true,
      "onmoldrackTransform": { "rotation": { "z": 90 } },
      "fillHeight": 1,
      "drop": {
        "type": "item",
        "code": "bighook-{metal}",
        "quantity": 5
      }
    },
  },
  "entityClassByType": {
    "bighookmold-burned": "ToolMold"
  },
  "combustiblePropsByType": {
    "bighookmold-raw": {
      "meltingPoint": 650,
      "meltingDuration": 45,
      "smeltedRatio": 1,
      "smeltingType": "bake",
      "smeltedStack": {
        "type": "block",
        "code": "bighookmold-burned"
      },
      "requiresContainer": false
    }
  },
  "blockmaterial": "Ceramic",
  "creativeinventory": {
    "general": ["*"],
    "construction": ["*"]
  },
  "replaceable": 700,
  "resistance": 1.5,
  "maxStackSize": 8,
  "lightAbsorption": 0,
  "texturesByType": {
    "bighookmold-raw": { "floor": { "base": "game:block/clay/blueclay" },  "ceramic": { "base": "game:block/clay/blueclay" } },
    "bighookmold-burned": {
      "floor": { "base": "game:block/clay/ceramic-dark" },
      "ceramic": { "base": "game:block/clay/ceramic" }
    }
  },
  "shape": {
    "base": "block/bighookmold",
    "rotateY": 90
  },
  "sounds": {
    "walk": "walk/stone"
  },
  "collisionboxByType": {
    "*": {
      "x1": 0,
      "y1": 0,
      "z1": 0,
      "x2": 1,
      "y2": 0.1875,
      "z2": 1
    }
  },
  "selectionboxByType": {
    "*": {
      "x1": 0,
      "y1": 0,
      "z1": 0,
      "x2": 1,
      "y2": 0.1875,
      "z2": 1
    }
  },
  "sideopaque": {
    "all": false
  },
  "sidesolid": {
    "all": false
  },
  "guiTransformByType": {
    "*": {
      "translation": {
        "x": 0,
        "y": 3,
        "z": 0
      },
      "origin": {
        "x": 0.5,
        "y": 0.0625,
        "z": 0.5
      },
      "scale": 1.33
    }
  },
  "groundTransform": {
    "translation": { "x": 0, "y": 0, "z": 0 },
    "rotation": { "x": 0, "y": -45, "z": 0 },
    "origin": { "x": 0.5, "y": 0, "z": 0.5 },
    "scale": 2.2
  }
}
