{
	"ingredientPattern": "L_L,L_L,LCL",
	"ingredients": {
		"C": {
			"type": "item",
			"code": "game:clay-*"
		},
		"L": {
			"type": "item",
			"code": "game:stone-*",
			"name": "rock",
			"allowedVariants": [ "andesite", "chalk", "chert", "conglomerate", "limestone", "claystone", "granite", "sandstone", "shale", "basalt", "peridotite", "phyllite", "slate", "bauxite" ]
		}
	},
	"width": 3,
	"height": 3,
	"output": {
		"type": "block",
		"code": "cobblestonechimney-{rock}-unlit-north-free",
		"quantity": 1
	}
}
