{
	"ingredientPattern": "_K_,FTF,LSL",
	"ingredients": {
		"F": {
			"type": "item",
			"code": "game:flaxfibers"
		},
		"L": {
			"type": "block",
			"code": "game:oillamp-up"
		},
		"S": {
			"type": "item",
			"code": "game:stone-*",
			"name": "rock",
			"allowedVariants": [ "andesite", "chalk", "chert", "conglomerate", "limestone", "claystone", "granite", "sandstone", "shale", "basalt", "peridotite", "phyllite", "slate", "bauxite" ]
		},
		"T": {
			"type": "item",
			"code": "game:gear-temporal"
		},
		"K": {
			"type": "item",
			"code": "game:knife-*",
			"isTool": true
		}
	},
	"width": 3,
	"height": 3,
	"output": {
		"type": "item",
		"code": "hearthstone",
		"quantity": 1
	}
}
