{
	"editor": {
		"allAngles": false,
		"entityTextureMode": false
	},
	"textureWidth": 16,
	"textureHeight": 16,
	"elements": [
		{
			"name": "Origin",
			"from": [ -0.5, 0.0, 0.0 ], 
			"to": [ -0.5, 0.0, 0.0 ], 
			"rotationOrigin": [ -0.5, 0.0, 0.0 ],
			"faces": {
				"north": { "texture": "#raw", "uv": [ 0.0, 0.0, 0.5, 0.5 ] },
				"east": { "texture": "#raw", "uv": [ 0.0, 0.0, 0.5, 0.5 ] },
				"south": { "texture": "#raw", "uv": [ 0.0, 0.0, 0.5, 0.5 ] },
				"west": { "texture": "#raw", "uv": [ 0.0, 0.0, 0.5, 0.5 ] },
				"up": { "texture": "#raw", "uv": [ 0.0, 0.0, 0.5, 0.5 ] },
				"down": { "texture": "#raw", "uv": [ 0.0, 0.0, 0.5, 0.5 ] }
			},
			"children": [
				{
					"name": "Cube1",
					"from": [ 7.0, 0.0, 2.0 ], 
					"to": [ 10.0, 1.0, 12.7 ], 
					"rotationOrigin": [ 7.0, 0.0, 2.0 ],
					"faces": {
						"north": { "texture": "#raw", "uv": [ 8.0, 8.0, 11.0, 9.0 ] },
						"east": { "texture": "#raw", "uv": [ 0.0, 0.0, 10.625, 1.0 ] },
						"south": { "texture": "#raw", "uv": [ 7.5, 12.25, 10.5, 13.25 ] },
						"west": { "texture": "#raw", "uv": [ 4.0, 7.0, 14.625, 8.0 ] },
						"up": { "texture": "#raw", "uv": [ 7.5, 1.0, 10.5, 11.625 ] },
						"down": { "texture": "#raw", "uv": [ 7.5, 1.375, 10.5, 12.0 ] }
					}
				},
				{
					"name": "Cube3",
					"from": [ 10.0, 0.0, 2.0 ], 
					"to": [ 14.0, 1.5, 14.0 ], 
					"rotationOrigin": [ 10.0, 0.0, 2.0 ],
					"faces": {
						"north": { "texture": "#raw", "uv": [ 4.5, 5.5, 8.5, 7.0 ] },
						"east": { "texture": "#raw", "uv": [ 2.0, 12.0, 14.0, 13.5 ] },
						"south": { "texture": "#raw", "uv": [ 12.0, 7.5, 16.0, 9.0 ] },
						"west": { "texture": "#raw", "uv": [ 6.125, 1.75, 7.625, 13.75 ], "rotation": 90 },
						"up": { "texture": "#raw", "uv": [ 11.5, 2.0, 15.5, 14.0 ] },
						"down": { "texture": "#raw", "uv": [ 2.0, 1.0, 6.0, 13.0 ] }
					}
				},
				{
					"name": "Cube4",
					"from": [ 3.0, 0.0, 2.0 ], 
					"to": [ 7.0, 1.5, 14.0 ], 
					"rotationOrigin": [ 3.0, 0.0, 2.0 ],
					"faces": {
						"north": { "texture": "#raw", "uv": [ 4.0, 2.5, 8.0, 4.0 ] },
						"east": { "texture": "#raw", "uv": [ 4.0, 10.0, 16.0, 11.5 ] },
						"south": { "texture": "#raw", "uv": [ 2.25, 5.25, 7.75, 7.625 ], "autoUv": false },
						"west": { "texture": "#raw", "uv": [ 1.625, 12.125, 14.375, 13.875 ], "autoUv": false },
						"up": { "texture": "#raw", "uv": [ 4.0, 1.375, 8.0, 13.375 ] },
						"down": { "texture": "#raw", "uv": [ 3.0, 1.0, 7.0, 13.0 ] }
					}
				},
				{
					"name": "Cube5",
					"from": [ 14.0, 0.0, 3.0 ], 
					"to": [ 15.5, 0.5, 13.0 ], 
					"rotationOrigin": [ 14.0, 0.0, 3.0 ],
					"faces": {
						"north": { "texture": "#raw", "uv": [ 6.5, 5.0, 8.0, 5.5 ] },
						"east": { "texture": "#raw", "uv": [ 1.5, 14.5, 7.5, 13.875 ], "autoUv": false },
						"south": { "texture": "#raw", "uv": [ 10.5, 0.5, 12.0, 1.0 ] },
						"west": { "texture": "#raw", "uv": [ 0.0, 0.0, 10.0, 0.5 ] },
						"up": { "texture": "#raw", "uv": [ 14.375, 4.125, 15.875, 14.125 ] },
						"down": { "texture": "#raw", "uv": [ 0.0, 0.0, 1.5, 10.0 ] }
					}
				},
				{
					"name": "Cube6",
					"from": [ 1.5, 0.0, 3.0 ], 
					"to": [ 3.0, 0.5, 13.0 ], 
					"rotationOrigin": [ 1.5, 0.0, 3.0 ],
					"faces": {
						"north": { "texture": "#raw", "uv": [ 0.0, 0.0, 1.5, 0.5 ] },
						"east": { "texture": "#raw", "uv": [ 0.0, 0.0, 10.0, 0.5 ] },
						"south": { "texture": "#raw", "uv": [ 1.0, 9.5, 2.5, 10.0 ] },
						"west": { "texture": "#raw", "uv": [ 0.0, 0.0, 10.0, 0.5 ] },
						"up": { "texture": "#raw", "uv": [ 2.5, 1.375, 4.0, 11.375 ] },
						"down": { "texture": "#raw", "uv": [ 0.0, 0.0, 1.5, 10.0 ] }
					}
				},
				{
					"name": "Cube7",
					"from": [ 3.5, 0.0, 14.0 ], 
					"to": [ 7.0, 0.5, 15.3 ], 
					"rotationOrigin": [ 3.5, 0.0, 14.0 ],
					"faces": {
						"north": { "texture": "#raw", "uv": [ 3.0, 4.0, 6.5, 4.5 ] },
						"east": { "texture": "#raw", "uv": [ 4.0, 10.0, 5.25, 10.5 ] },
						"south": { "texture": "#raw", "uv": [ 2.25, 5.25, 7.75, 7.625 ], "autoUv": false },
						"west": { "texture": "#raw", "uv": [ 2.5, 2.0, 3.75, 2.5 ] },
						"up": { "texture": "#raw", "uv": [ 4.125, 13.75, 7.625, 15.0 ] },
						"down": { "texture": "#raw", "uv": [ 3.0, 1.0, 6.5, 2.25 ] }
					}
				},
				{
					"name": "Cube8",
					"from": [ 10.0, 0.0, 14.0 ], 
					"to": [ 13.5, 0.5, 15.3 ], 
					"rotationOrigin": [ 10.0, 0.0, 14.0 ],
					"faces": {
						"north": { "texture": "#raw", "uv": [ 3.0, 4.0, 6.5, 4.5 ] },
						"east": { "texture": "#raw", "uv": [ 4.0, 10.0, 5.25, 10.5 ] },
						"south": { "texture": "#raw", "uv": [ 2.25, 5.25, 7.75, 7.625 ], "autoUv": false },
						"west": { "texture": "#raw", "uv": [ 5.5, 6.0, 6.75, 6.5 ] },
						"up": { "texture": "#raw", "uv": [ 10.5, 12.75, 14.0, 14.0 ] },
						"down": { "texture": "#raw", "uv": [ 3.0, 1.0, 6.5, 2.25 ] }
					}
				},
				{
					"name": "Cube9",
					"from": [ 7.0, 0.0, 12.7 ], 
					"to": [ 10.0, 0.8, 14.0 ], 
					"rotationOrigin": [ 7.0, 0.0, 12.7 ],
					"faces": {
						"north": { "texture": "#raw", "uv": [ 7.0, 6.0, 10.0, 6.75 ] },
						"east": { "texture": "#raw", "uv": [ 0.0, 0.0, 1.25, 0.75 ] },
						"south": { "texture": "#raw", "uv": [ 7.375, 15.25, 10.375, 16.0 ] },
						"west": { "texture": "#raw", "uv": [ 4.0, 7.0, 5.25, 7.75 ] },
						"up": { "texture": "#raw", "uv": [ 7.25, 13.125, 10.25, 14.375 ] },
						"down": { "texture": "#raw", "uv": [ 1.5, 2.5, 4.5, 3.75 ] }
					}
				},
				{
					"name": "Cube11",
					"from": [ 7.0, 0.0, 0.7 ], 
					"to": [ 10.0, 1.2, 2.0 ], 
					"rotationOrigin": [ 7.0, 0.0, 0.7 ],
					"faces": {
						"north": { "texture": "#raw", "uv": [ 7.5, 0.25, 10.5, 1.375 ] },
						"east": { "texture": "#raw", "uv": [ 4.0, 10.0, 5.25, 11.125 ] },
						"south": { "texture": "#raw", "uv": [ 6.375, 4.25, 11.875, 6.625 ], "autoUv": false },
						"west": { "texture": "#raw", "uv": [ 4.5, 2.0, 5.75, 3.125 ] },
						"up": { "texture": "#raw", "uv": [ 7.625, 0.125, 10.625, 1.375 ] },
						"down": { "texture": "#raw", "uv": [ 3.0, 1.0, 6.0, 2.25 ] }
					}
				}
			]
		}
	]}