{
	"code": "glassbatch",
	"variantgroups": [
		{ "code": "color", "states": [ "blue", "brown", "green", "pink", "violet", "red", "yellow", "smoky" ] }
	],
	"attributes": {
		"handbook": {
			"extraSections": [ { "title": "handbook-item-usage", "text": "handbook-item-usage-glassbatch" } ]
		}
	},
	"texture": { "base": "bricklayers:item/resource/glassbatch/{color}" },
	"creativeinventory": { "general": ["*"], "items": ["*"], "ceramics": ["*"] },
	"combustiblePropsByType": {
		"*-green": {
			"meltingPoint": 1400,
			"meltingDuration": 30,
			"smeltedRatio": 4,
			"smeltedStack": { "type": "block", "code": "game:glass-green", "stacksize": 1 },
			"requiresContainer": false
		},
		"*-smoky": {
			"meltingPoint": 1350,
			"meltingDuration": 30,
			"smeltedRatio": 2,
			"smeltedStack": { "type": "block", "code": "game:glass-smoky", "stacksize": 1 },
			"requiresContainer": false
		},
		"*": {
			"meltingPoint": 1420,
			"meltingDuration": 30,
			"smeltedRatio": 4,
			"smeltedStack": { "type": "block", "code": "game:glass-{color}", "stacksize": 1 },
			"requiresContainer": false
		}
	},
	"maxstacksize": 64,
	"materialDensity": 500,
	"fpHandTransform": {
		"translation": { "x": 0.05, "y": -0.2, "z": 0 },
		"rotation": { "x": 180, "y": 90, "z": 15 }
	}
}
