{
        "code": "powdered",
	"variantgroups": [
		{ "code": "type", "states": [
		       "cassiterite", "coal", "cinnabar", "copper", "bauxite", "galena", "gold", "hematite",
		       "ilmenite", "lapislazuli", "lead", "limonite", "litharge", "leadoxide", "magnetite",
		       "malachite", "massicot", "nickel", "olivine", "pentlandite", "quartz" ] }
	],
	"attributesByType": {
		"powdered-galena": {
			"handbook": { "extraSections": [ { "title": "handbook-item-usage", "text": "handbook-item-usage-powdered-galena" } ] }
		},
		"powdered-leadoxide": {
			"handbook": { "extraSections": [ { "title": "handbook-item-usage", "text": "handbook-item-usage-powdered-leadoxide" } ] }
		},
		"powdered-lead": {
			"handbook": { "extraSections": [ { "title": "handbook-item-usage", "text": "handbook-item-usage-powdered-lead" } ] }
		},
		"powdered-litharge": {
			"handbook": { "extraSections": [ { "title": "handbook-item-usage", "text": "handbook-item-usage-powdered-litharge" } ] }
		},
		"powdered-massicot": {
			"handbook": { "extraSections": [ { "title": "handbook-item-usage", "text": "handbook-item-usage-powdered-massicot" } ] }
		},
		"powdered-pentlandite": {
			"handbook": { "extraSections": [ { "title": "handbook-item-usage", "text": "handbook-item-usage-powdered-pentlandite" } ] }
		},
		"powdered-quartz": {
			"handbook": { "extraSections": [ { "title": "handbook-item-usage", "text": "handbook-item-usage-powdered-quartz" } ] }
		},
		"powdered-*": {
			"handbook": { "extraSections": [ { "title": "handbook-item-usage", "text": "handbook-item-usage-powdered" } ] }
		}
	},
        "texture": { "base": "bricklayers:item/resource/powdered/{type}" },
	"combustiblePropsByType": {
		"*-galena": {
			"meltingPoint": 1000,
			"meltingDuration": 6,
			"smeltingType": "convert",
			"smeltedStack": { "type": "item", "code": "bricklayers:powdered-leadoxide" },
			"requiresContainer": false
		},
		"*-lead": {
			"meltingPoint": 1000,
			"meltingDuration": 12,
			"smeltingType": "convert",
			"smeltedStack": { "type": "item", "code": "bricklayers:powdered-leadoxide" },
			"requiresContainer": false
		},
		"*-leadoxide": {
			"meltingPoint": 600,
			"meltingDuration": 12,
			"smeltingType": "convert",
			"smeltedStack": { "type": "item", "code": "bricklayers:powdered-massicot" },
			"requiresContainer": false
		},
		"*-massicot": {
			"meltingPoint": 488,
			"meltingDuration": 16,
			"smeltingType": "convert",
			"smeltedStack": { "type": "item", "code": "bricklayers:powdered-litharge" },
			"requiresContainer": false
		},
		"*-litharge": {
			"meltingPoint": 488,
			"meltingDuration": 16,
			"smeltingType": "convert",
			"smeltedStack": { "type": "item", "code": "bricklayers:powdered-massicot" },
			"requiresContainer": false
		},
		"*-limonite": {
			"meltingPoint": 950,
			"meltingDuration": 18,
			"smeltingType": "convert",
			"smeltedStack": { "type": "item", "code": "bricklayers:powdered-hematite" },
			"requiresContainer": false
		},
		"*-pentlandite": {
			"meltingPoint": 950,
			"meltingDuration": 18,
			"smeltingType": "convert",
			"smeltedStack": { "type": "item", "code": "bricklayers:powdered-nickel" },
			"requiresContainer": false
		}
        },
        "creativeinventory": { "general": ["*"], "items": ["*"], "ceramics": ["*"] },
        "maxstacksize": 64,
        "materialDensity": 500,
        "fpHandTransform": {
                "translation": { "x": 0.047, "y": -0.2, "z": 0 },
                "rotation": { "x": 180, "y": 90, "z": 15 }
        }
}
