{
	"editor": {
		"allAngles": false,
		"entityTextureMode": false
	},
	"textureWidth": 16,
	"textureHeight": 16,
	"textureSizes": {
	},
	"textures": {
	},
	"elements": [
		{
			"name": "ButtSupport",
			"from": [ 1.85, 4.55, 2.1 ], 
			"to": [ 14.135, 6.0125, 3.387 ], 
			"rotationOrigin": [ 2.5875, 4.095, 2.71 ],
			"faces": {
				"north": { "texture": "#planktex", "uv": [ 0.0, 4.0, 16.0, 6.0 ], "autoUv": false },
				"east": { "texture": "#planktex", "uv": [ 7.0, 4.0, 9.0, 6.0 ], "autoUv": false },
				"south": { "texture": "#planktex", "uv": [ 0.0, 4.0, 16.0, 6.0 ], "autoUv": false },
				"west": { "texture": "#planktex", "uv": [ 12.5, 4.0, 14.5, 6.0 ], "autoUv": false },
				"up": { "texture": "#planktex", "uv": [ 0.0, 10.0, 16.0, 8.0 ], "autoUv": false },
				"down": { "texture": "#planktex", "uv": [ 0.0, 16.0, 16.0, 14.0 ], "autoUv": false }
			},
			"children": [
				{
					"name": "LArmRest",
					"from": [ -4.3875, 4.9257, 1.2285 ], 
					"to": [ -3.51, 6.0957, 11.7585 ], 
					"rotationOrigin": [ -4.3875, 4.5162, 5.9085 ],
					"faces": {
						"north": { "texture": "#planktex", "uv": [ 4.0, 4.0, 4.5, 5.0 ], "enabled": false },
						"east": { "texture": "#planktex", "uv": [ 0.0, 4.0, 16.0, 6.0 ], "autoUv": false },
						"south": { "texture": "#planktex", "uv": [ 4.5, 3.0, 5.0, 4.0 ], "enabled": false },
						"west": { "texture": "#planktex", "uv": [ 0.0, 4.0, 16.0, 6.0 ], "autoUv": false },
						"up": { "texture": "#planktex", "uv": [ 0.0, 2.0, 16.0, 4.0 ], "rotation": 90, "autoUv": false },
						"down": { "texture": "#planktex", "uv": [ 0.0, 14.0, 16.0, 16.0 ], "rotation": 90, "autoUv": false }
					},
					"children": [
						{
							"name": "LArmRest-snow",
							"from": [ 0.0, 1.18, 0.0 ], 
							"to": [ 0.8775, 1.68, 10.53 ], 
							"rotationOrigin": [ -4.3875, 4.5162, 5.9085 ],
							"faces": {
								"north": { "texture": "#snowcover", "uv": [ 4.0, 4.0, 4.5, 4.5 ], "enabled": false },
								"east": { "texture": "#snowcover", "uv": [ 0.0, 4.0, 16.0, 6.0 ], "autoUv": false },
								"south": { "texture": "#snowcover", "uv": [ 4.5, 3.0, 5.0, 3.5 ], "enabled": false },
								"west": { "texture": "#snowcover", "uv": [ 0.0, 4.0, 16.0, 6.0 ], "autoUv": false },
								"up": { "texture": "#snowcover", "uv": [ 0.0, 2.0, 16.0, 4.0 ], "rotation": 90, "autoUv": false },
								"down": { "texture": "#snowcover", "uv": [ 0.0, 14.0, 16.0, 16.0 ], "rotation": 90, "autoUv": false }
							}
						}
					]
				},
				{
					"name": "Strut1",
					"from": [ 0.585, 0.5382, 1.2285 ], 
					"to": [ 1.4625, 1.3572, 11.7585 ], 
					"rotationOrigin": [ 0.585, 0.1287, 5.9085 ],
					"faces": {
						"north": { "texture": "#planktex", "uv": [ 0.0, 0.0, 0.5, 0.5 ], "enabled": false, "autoUv": false },
						"east": { "texture": "#planktex", "uv": [ 0.0, 5.5, 11.0, 4.5 ], "rotation": 180, "autoUv": false },
						"south": { "texture": "#planktex", "uv": [ 0.0, 0.0, 0.5, 0.5 ], "enabled": false, "autoUv": false },
						"west": { "texture": "#planktex", "uv": [ 0.0, 5.5, 11.0, 4.5 ], "rotation": 180, "autoUv": false },
						"up": { "texture": "#planktex", "uv": [ 0.0, 10.0, 11.0, 9.0 ], "rotation": 90, "autoUv": false },
						"down": { "texture": "#planktex", "uv": [ 0.0, 6.0, 11.0, 5.0 ], "rotation": 90, "autoUv": false }
					},
					"children": [
						{
							"name": "Strut1-snow",
							"from": [ 0.0, 0.829, 0.0 ], 
							"to": [ 0.8775, 1.329, 10.53 ], 
							"rotationOrigin": [ 0.585, 0.1287, 5.9085 ],
							"faces": {
								"north": { "texture": "#snowcover", "uv": [ 0.0, 0.0, 0.5, 0.5 ], "enabled": false, "autoUv": false },
								"east": { "texture": "#snowcover", "uv": [ 0.0, 5.5, 11.0, 4.5 ], "rotation": 180, "autoUv": false },
								"south": { "texture": "#snowcover", "uv": [ 0.0, 0.0, 0.5, 0.5 ], "enabled": false, "autoUv": false },
								"west": { "texture": "#snowcover", "uv": [ 0.0, 5.5, 11.0, 4.5 ], "rotation": 180, "autoUv": false },
								"up": { "texture": "#snowcover", "uv": [ 0.0, 10.0, 11.0, 9.0 ], "rotation": 90, "autoUv": false },
								"down": { "texture": "#snowcover", "uv": [ 0.0, 6.0, 11.0, 5.0 ], "rotation": 90, "autoUv": false }
							}
						}
					]
				},
				{
					"name": "Strut2",
					"from": [ 2.0475, 0.2457, 1.2285 ], 
					"to": [ 2.925, 1.1232, 11.7585 ], 
					"rotationOrigin": [ 2.0475, -0.1638, 5.9085 ],
					"faces": {
						"north": { "texture": "#missing", "uv": [ 0.0, 0.0, 0.75, 0.75 ], "enabled": false, "autoUv": false },
						"east": { "texture": "#planktex", "uv": [ 5.0, 5.5, 16.0, 4.5 ], "rotation": 180, "autoUv": false },
						"south": { "texture": "#missing", "uv": [ 0.0, 0.0, 0.5, 0.5 ], "enabled": false },
						"west": { "texture": "#planktex", "uv": [ 5.0, 5.5, 16.0, 4.5 ], "rotation": 180, "autoUv": false },
						"up": { "texture": "#planktex", "uv": [ 5.0, 9.5, 16.0, 8.5 ], "rotation": 90, "autoUv": false },
						"down": { "texture": "#planktex", "uv": [ 5.0, 6.0, 16.0, 5.0 ], "rotation": 90, "autoUv": false }
					},
					"children": [
						{
							"name": "Strut2-snow",
							"from": [ 0.0, 0.8875, 0.0 ], 
							"to": [ 0.8775, 1.3875, 10.53 ], 
							"rotationOrigin": [ 2.0475, -0.1638, 5.9085 ],
							"faces": {
								"north": { "texture": "#snowcover", "uv": [ 0.0, 0.0, 0.75, 0.75 ], "enabled": false, "autoUv": false },
								"east": { "texture": "#snowcover", "uv": [ 5.0, 5.5, 16.0, 4.5 ], "rotation": 180, "autoUv": false },
								"south": { "texture": "#snowcover", "uv": [ 0.0, 0.0, 0.5, 0.5 ], "enabled": false },
								"west": { "texture": "#snowcover", "uv": [ 5.0, 5.5, 16.0, 4.5 ], "rotation": 180, "autoUv": false },
								"up": { "texture": "#snowcover", "uv": [ 5.0, 9.5, 16.0, 8.5 ], "rotation": 90, "autoUv": false },
								"down": { "texture": "#snowcover", "uv": [ 5.0, 6.0, 16.0, 5.0 ], "rotation": 90, "autoUv": false }
							}
						}
					]
				},
				{
					"name": "Strut3",
					"from": [ 3.51, 0.2457, 1.2285 ], 
					"to": [ 4.3875, 1.0062, 11.7585 ], 
					"rotationOrigin": [ 3.51, -0.1638, 5.9085 ],
					"faces": {
						"north": { "texture": "#missing", "uv": [ 0.0, 0.0, 0.75, 0.65 ], "enabled": false, "autoUv": false },
						"east": { "texture": "#planktex", "uv": [ 0.0, 5.5, 11.0, 4.5 ], "rotation": 180, "autoUv": false },
						"south": { "texture": "#missing", "uv": [ 0.0, 0.0, 0.5, 0.5 ], "enabled": false },
						"west": { "texture": "#planktex", "uv": [ 0.0, 5.5, 11.0, 4.5 ], "rotation": 180, "autoUv": false },
						"up": { "texture": "#planktex", "uv": [ 0.0, 9.0, 11.0, 8.0 ], "rotation": 90, "autoUv": false },
						"down": { "texture": "#planktex", "uv": [ 0.0, 6.0, 11.0, 5.0 ], "rotation": 90, "autoUv": false }
					},
					"children": [
						{
							"name": "Strut3-snow",
							"from": [ 0.0, 0.7705, 0.0 ], 
							"to": [ 0.8775, 1.2705, 10.53 ], 
							"rotationOrigin": [ 3.51, -0.1638, 5.9085 ],
							"faces": {
								"north": { "texture": "#snowcover", "uv": [ 0.0, 0.0, 0.75, 0.65 ], "enabled": false, "autoUv": false },
								"east": { "texture": "#snowcover", "uv": [ 0.0, 5.5, 11.0, 4.5 ], "rotation": 180, "autoUv": false },
								"south": { "texture": "#snowcover", "uv": [ 0.0, 0.0, 0.5, 0.5 ], "enabled": false },
								"west": { "texture": "#snowcover", "uv": [ 0.0, 5.5, 11.0, 4.5 ], "rotation": 180, "autoUv": false },
								"up": { "texture": "#snowcover", "uv": [ 0.0, 9.0, 11.0, 8.0 ], "rotation": 90, "autoUv": false },
								"down": { "texture": "#snowcover", "uv": [ 0.0, 6.0, 11.0, 5.0 ], "rotation": 90, "autoUv": false }
							}
						}
					]
				},
				{
					"name": "Strut4",
					"from": [ 4.9725, 0.2457, 1.2285 ], 
					"to": [ 5.85, 0.8307, 11.7585 ], 
					"rotationOrigin": [ 4.9725, -0.4563, 5.9085 ],
					"faces": {
						"north": { "texture": "#missing", "uv": [ 0.0, 0.0, 0.75, 0.5 ], "enabled": false, "autoUv": false },
						"east": { "texture": "#planktex", "uv": [ 5.0, 5.5, 16.0, 4.5 ], "rotation": 180, "autoUv": false },
						"south": { "texture": "#missing", "uv": [ 0.0, 0.0, 0.5, 0.5 ], "enabled": false },
						"west": { "texture": "#planktex", "uv": [ 5.0, 5.5, 16.0, 4.5 ], "rotation": 180, "autoUv": false },
						"up": { "texture": "#planktex", "uv": [ 5.0, 8.0, 16.0, 7.0 ], "rotation": 90, "autoUv": false },
						"down": { "texture": "#planktex", "uv": [ 5.0, 6.0, 16.0, 5.0 ], "rotation": 90, "autoUv": false }
					},
					"children": [
						{
							"name": "Strut4-snow",
							"from": [ 0.0, 0.595, 0.0 ], 
							"to": [ 0.8775, 1.095, 10.53 ], 
							"rotationOrigin": [ 4.9725, -0.4563, 5.9085 ],
							"faces": {
								"north": { "texture": "#snowcover", "uv": [ 0.0, 0.0, 0.75, 0.5 ], "enabled": false, "autoUv": false },
								"east": { "texture": "#snowcover", "uv": [ 5.0, 5.5, 16.0, 4.5 ], "rotation": 180, "autoUv": false },
								"south": { "texture": "#snowcover", "uv": [ 0.0, 0.0, 0.5, 0.5 ], "enabled": false },
								"west": { "texture": "#snowcover", "uv": [ 5.0, 5.5, 16.0, 4.5 ], "rotation": 180, "autoUv": false },
								"up": { "texture": "#snowcover", "uv": [ 5.0, 8.0, 16.0, 7.0 ], "rotation": 90, "autoUv": false },
								"down": { "texture": "#snowcover", "uv": [ 5.0, 6.0, 16.0, 5.0 ], "rotation": 90, "autoUv": false }
							}
						}
					]
				},
				{
					"name": "Strut5",
					"from": [ 6.435, 0.2457, 1.2285 ], 
					"to": [ 7.3125, 0.8307, 11.7585 ], 
					"rotationOrigin": [ 6.435, -0.4563, 5.9085 ],
					"faces": {
						"north": { "texture": "#missing", "uv": [ 0.0, 0.0, 0.75, 0.5 ], "enabled": false, "autoUv": false },
						"east": { "texture": "#planktex", "uv": [ 0.0, 5.5, 11.0, 4.5 ], "rotation": 180, "autoUv": false },
						"south": { "texture": "#missing", "uv": [ 0.0, 0.0, 0.5, 0.5 ], "enabled": false },
						"west": { "texture": "#planktex", "uv": [ 0.0, 5.5, 11.0, 4.5 ], "rotation": 180, "autoUv": false },
						"up": { "texture": "#planktex", "uv": [ 0.0, 9.5, 11.0, 8.5 ], "rotation": 90, "autoUv": false },
						"down": { "texture": "#planktex", "uv": [ 0.0, 6.0, 11.0, 5.0 ], "rotation": 90, "autoUv": false }
					},
					"children": [
						{
							"name": "Strut5-snow",
							"from": [ 0.0, 0.595, 0.0 ], 
							"to": [ 0.8775, 1.095, 10.53 ], 
							"rotationOrigin": [ 6.435, -0.4563, 5.9085 ],
							"faces": {
								"north": { "texture": "#snowcover", "uv": [ 0.0, 0.0, 0.75, 0.5 ], "enabled": false, "autoUv": false },
								"east": { "texture": "#snowcover", "uv": [ 0.0, 5.5, 11.0, 4.5 ], "rotation": 180, "autoUv": false },
								"south": { "texture": "#snowcover", "uv": [ 0.0, 0.0, 0.5, 0.5 ], "enabled": false },
								"west": { "texture": "#snowcover", "uv": [ 0.0, 5.5, 11.0, 4.5 ], "rotation": 180, "autoUv": false },
								"up": { "texture": "#snowcover", "uv": [ 0.0, 9.5, 11.0, 8.5 ], "rotation": 90, "autoUv": false },
								"down": { "texture": "#snowcover", "uv": [ 0.0, 6.0, 11.0, 5.0 ], "rotation": 90, "autoUv": false }
							}
						}
					]
				},
				{
					"name": "Strut6",
					"from": [ 7.8975, 0.2457, 1.2285 ], 
					"to": [ 8.775, 1.0062, 11.7585 ], 
					"rotationOrigin": [ 7.8975, -0.1638, 5.9085 ],
					"faces": {
						"north": { "texture": "#missing", "uv": [ 0.0, 0.0, 0.75, 0.65 ], "enabled": false, "autoUv": false },
						"east": { "texture": "#planktex", "uv": [ 5.0, 5.5, 16.0, 4.5 ], "rotation": 180, "autoUv": false },
						"south": { "texture": "#missing", "uv": [ 0.0, 0.0, 0.5, 0.5 ], "enabled": false },
						"west": { "texture": "#planktex", "uv": [ 5.0, 5.5, 16.0, 4.5 ], "rotation": 180, "autoUv": false },
						"up": { "texture": "#planktex", "uv": [ 5.0, 5.0, 16.0, 4.0 ], "rotation": 90, "autoUv": false },
						"down": { "texture": "#planktex", "uv": [ 5.0, 6.0, 16.0, 5.0 ], "rotation": 90, "autoUv": false }
					},
					"children": [
						{
							"name": "Strut6-snow",
							"from": [ 0.0, 0.7705, 0.0 ], 
							"to": [ 0.8775, 1.2705, 10.53 ], 
							"rotationOrigin": [ 7.8975, -0.1638, 5.9085 ],
							"faces": {
								"north": { "texture": "#snowcover", "uv": [ 0.0, 0.0, 0.75, 0.65 ], "enabled": false, "autoUv": false },
								"east": { "texture": "#snowcover", "uv": [ 5.0, 5.5, 16.0, 4.5 ], "rotation": 180, "autoUv": false },
								"south": { "texture": "#snowcover", "uv": [ 0.0, 0.0, 0.5, 0.5 ], "enabled": false },
								"west": { "texture": "#snowcover", "uv": [ 5.0, 5.5, 16.0, 4.5 ], "rotation": 180, "autoUv": false },
								"up": { "texture": "#snowcover", "uv": [ 5.0, 5.0, 16.0, 4.0 ], "rotation": 90, "autoUv": false },
								"down": { "texture": "#snowcover", "uv": [ 5.0, 6.0, 16.0, 5.0 ], "rotation": 90, "autoUv": false }
							}
						}
					]
				},
				{
					"name": "Strut7",
					"from": [ 9.36, 0.2457, 1.2285 ], 
					"to": [ 10.2375, 1.1232, 11.7585 ], 
					"rotationOrigin": [ 9.36, -0.1638, 5.9085 ],
					"faces": {
						"north": { "texture": "#missing", "uv": [ 0.0, 0.0, 0.75, 0.75 ], "enabled": false, "autoUv": false },
						"east": { "texture": "#planktex", "uv": [ 0.0, 5.5, 11.0, 4.5 ], "rotation": 180, "autoUv": false },
						"south": { "texture": "#missing", "uv": [ 0.0, 0.0, 0.5, 0.5 ], "enabled": false },
						"west": { "texture": "#planktex", "uv": [ 0.0, 5.5, 11.0, 4.5 ], "rotation": 180, "autoUv": false },
						"up": { "texture": "#planktex", "uv": [ 0.0, 8.5, 11.0, 7.5 ], "rotation": 90, "autoUv": false },
						"down": { "texture": "#planktex", "uv": [ 0.0, 6.0, 11.0, 5.0 ], "rotation": 90, "autoUv": false }
					},
					"children": [
						{
							"name": "Strut7-snow",
							"from": [ 0.0, 0.8875, 0.0 ], 
							"to": [ 0.8775, 1.3875, 10.53 ], 
							"rotationOrigin": [ 9.36, -0.1638, 5.9085 ],
							"faces": {
								"north": { "texture": "#snowcover", "uv": [ 0.0, 0.0, 0.75, 0.75 ], "enabled": false, "autoUv": false },
								"east": { "texture": "#snowcover", "uv": [ 0.0, 5.5, 11.0, 4.5 ], "rotation": 180, "autoUv": false },
								"south": { "texture": "#snowcover", "uv": [ 0.0, 0.0, 0.5, 0.5 ], "enabled": false },
								"west": { "texture": "#snowcover", "uv": [ 0.0, 5.5, 11.0, 4.5 ], "rotation": 180, "autoUv": false },
								"up": { "texture": "#snowcover", "uv": [ 0.0, 8.5, 11.0, 7.5 ], "rotation": 90, "autoUv": false },
								"down": { "texture": "#snowcover", "uv": [ 0.0, 6.0, 11.0, 5.0 ], "rotation": 90, "autoUv": false }
							}
						}
					]
				},
				{
					"name": "Strut8",
					"from": [ 10.8225, 0.5382, 1.2285 ], 
					"to": [ 11.7, 1.3572, 11.7585 ], 
					"rotationOrigin": [ 10.8225, 0.1287, 5.9085 ],
					"faces": {
						"north": { "texture": "#missing", "uv": [ 0.0, 0.0, 0.75, 0.7 ], "enabled": false, "autoUv": false },
						"east": { "texture": "#planktex", "uv": [ 5.0, 5.5, 16.0, 4.5 ], "rotation": 180, "autoUv": false },
						"south": { "texture": "#missing", "uv": [ 0.0, 0.0, 0.5, 0.5 ], "enabled": false },
						"west": { "texture": "#planktex", "uv": [ 5.0, 5.5, 16.0, 4.5 ], "rotation": 180, "autoUv": false },
						"up": { "texture": "#planktex", "uv": [ 5.0, 9.0, 16.0, 8.0 ], "rotation": 90, "autoUv": false },
						"down": { "texture": "#planktex", "uv": [ 5.0, 6.0, 16.0, 5.0 ], "rotation": 90, "autoUv": false }
					},
					"children": [
						{
							"name": "Strut8-snow",
							"from": [ 0.0, 0.829, 0.0 ], 
							"to": [ 0.8775, 1.329, 10.53 ], 
							"rotationOrigin": [ 10.8225, 0.1287, 5.9085 ],
							"faces": {
								"north": { "texture": "#snowcover", "uv": [ 0.0, 0.0, 0.75, 0.7 ], "enabled": false, "autoUv": false },
								"east": { "texture": "#snowcover", "uv": [ 5.0, 5.5, 16.0, 4.5 ], "rotation": 180, "autoUv": false },
								"south": { "texture": "#snowcover", "uv": [ 0.0, 0.0, 0.5, 0.5 ], "enabled": false },
								"west": { "texture": "#snowcover", "uv": [ 5.0, 5.5, 16.0, 4.5 ], "rotation": 180, "autoUv": false },
								"up": { "texture": "#snowcover", "uv": [ 5.0, 9.0, 16.0, 8.0 ], "rotation": 90, "autoUv": false },
								"down": { "texture": "#snowcover", "uv": [ 5.0, 6.0, 16.0, 5.0 ], "rotation": 90, "autoUv": false }
							}
						}
					]
				},
				{
					"name": "RArmKnob",
					"from": [ 15.5025, 4.8087, 0.0 ], 
					"to": [ 17.2575, 6.2712, 1.287 ], 
					"rotationOrigin": [ 16.6725, 5.9787, -0.234 ],
					"faces": {
						"north": { "texture": "#planktex", "uv": [ 7.0, 2.5, 10.0, 5.5 ], "autoUv": false },
						"east": { "texture": "#planktex", "uv": [ 10.5, 8.0, 12.5, 11.0 ], "autoUv": false },
						"south": { "texture": "#planktex", "uv": [ 7.0, 2.5, 10.0, 5.5 ], "autoUv": false },
						"west": { "texture": "#planktex", "uv": [ 10.5, 8.0, 12.5, 11.0 ], "autoUv": false },
						"up": { "texture": "#planktex", "uv": [ 5.0, 6.5, 7.0, 9.5 ], "rotation": 90, "autoUv": false },
						"down": { "texture": "#planktex", "uv": [ 6.5, 12.0, 8.5, 15.0 ], "rotation": 90, "autoUv": false }
					},
					"children": [
						{
							"name": "RArmKnob-snow",
							"from": [ 0.0, 1.4725, 0.0 ], 
							"to": [ 1.755, 1.9725, 1.287 ], 
							"rotationOrigin": [ 16.6725, 5.9787, -0.234 ],
							"faces": {
								"north": { "texture": "#snowcover", "uv": [ 7.0, 2.5, 10.0, 5.5 ], "autoUv": false },
								"east": { "texture": "#snowcover", "uv": [ 10.5, 8.0, 12.5, 11.0 ], "autoUv": false },
								"south": { "texture": "#snowcover", "uv": [ 7.0, 2.5, 10.0, 5.5 ], "autoUv": false },
								"west": { "texture": "#snowcover", "uv": [ 10.5, 8.0, 12.5, 11.0 ], "autoUv": false },
								"up": { "texture": "#snowcover", "uv": [ 5.0, 6.5, 7.0, 9.5 ], "rotation": 90, "autoUv": false },
								"down": { "texture": "#snowcover", "uv": [ 6.5, 12.0, 8.5, 15.0 ], "rotation": 90, "autoUv": false }
							}
						}
					]
				},
				{
					"name": "LArmKnob2",
					"from": [ -4.9725, 4.8087, 10.53 ], 
					"to": [ -3.2175, 6.2712, 11.817 ], 
					"rotationOrigin": [ -4.3875, 5.9787, 12.051 ],
					"faces": {
						"north": { "texture": "#planktex", "uv": [ 7.0, 2.5, 10.0, 5.5 ], "autoUv": false },
						"east": { "texture": "#planktex", "uv": [ 10.5, 8.0, 12.5, 11.0 ], "autoUv": false },
						"south": { "texture": "#planktex", "uv": [ 7.0, 2.5, 10.0, 5.5 ], "autoUv": false },
						"west": { "texture": "#planktex", "uv": [ 10.5, 8.0, 12.5, 11.0 ], "autoUv": false },
						"up": { "texture": "#planktex", "uv": [ 5.0, 6.5, 7.0, 9.5 ], "rotation": 90, "autoUv": false },
						"down": { "texture": "#planktex", "uv": [ 6.5, 12.0, 8.5, 15.0 ], "rotation": 90, "autoUv": false }
					},
					"children": [
						{
							"name": "LArmKnob2-snow",
							"from": [ 0.0, 1.4725, 0.0 ], 
							"to": [ 1.755, 1.9725, 1.287 ], 
							"rotationOrigin": [ -4.3875, 5.9787, 12.051 ],
							"faces": {
								"north": { "texture": "#snowcover", "uv": [ 7.0, 2.5, 10.0, 5.5 ], "autoUv": false },
								"east": { "texture": "#snowcover", "uv": [ 10.5, 8.0, 12.5, 11.0 ], "autoUv": false },
								"south": { "texture": "#snowcover", "uv": [ 7.0, 2.5, 10.0, 5.5 ], "autoUv": false },
								"west": { "texture": "#snowcover", "uv": [ 10.5, 8.0, 12.5, 11.0 ], "autoUv": false },
								"up": { "texture": "#snowcover", "uv": [ 5.0, 6.5, 7.0, 9.5 ], "rotation": 90, "autoUv": false },
								"down": { "texture": "#snowcover", "uv": [ 6.5, 12.0, 8.5, 15.0 ], "rotation": 90, "autoUv": false }
							}
						}
					]
				},
				{
					"name": "RArmStrut2",
					"from": [ 15.5025, -1.3338, 10.647 ], 
					"to": [ 16.6725, 5.1012, 11.7 ], 
					"rotationOrigin": [ 16.6725, 5.1012, 11.7585 ],
					"rotationZ": -44.99999632180179,
					"faces": {
						"north": { "texture": "#planktex", "uv": [ 0.0, 4.0, 10.0, 6.0 ], "rotation": 90, "autoUv": false },
						"east": { "texture": "#planktex", "uv": [ 6.0, 5.0, 16.0, 6.0 ], "rotation": 270, "autoUv": false },
						"south": { "texture": "#planktex", "uv": [ 0.0, 4.0, 10.0, 6.0 ], "rotation": 270, "autoUv": false },
						"west": { "texture": "#planktex", "uv": [ 0.0, 8.0, 10.0, 9.5 ], "rotation": 90, "autoUv": false },
						"up": { "texture": "#planktex", "uv": [ 1.0, 2.0, 2.0, 2.5 ], "enabled": false, "autoUv": false },
						"down": { "texture": "#planktex", "uv": [ 1.0, 2.0, 2.0, 2.5 ], "enabled": false, "autoUv": false }
					}
				},
				{
					"name": "RArmKnob2",
					"from": [ 15.5025, 4.8087, 10.53 ], 
					"to": [ 17.2575, 6.2712, 11.817 ], 
					"rotationOrigin": [ 16.6725, 5.9787, 12.051 ],
					"faces": {
						"north": { "texture": "#planktex", "uv": [ 7.0, 2.5, 10.0, 5.5 ], "autoUv": false },
						"east": { "texture": "#planktex", "uv": [ 10.5, 8.0, 12.5, 11.0 ], "autoUv": false },
						"south": { "texture": "#planktex", "uv": [ 7.0, 2.5, 10.0, 5.5 ], "autoUv": false },
						"west": { "texture": "#planktex", "uv": [ 10.5, 8.0, 12.5, 11.0 ], "autoUv": false },
						"up": { "texture": "#planktex", "uv": [ 5.0, 6.5, 7.0, 9.5 ], "rotation": 90, "autoUv": false },
						"down": { "texture": "#planktex", "uv": [ 6.5, 12.0, 8.5, 15.0 ], "rotation": 90, "autoUv": false }
					},
					"children": [
						{
							"name": "RArmKnob2-snow",
							"from": [ 0.0, 1.4725, 0.0 ], 
							"to": [ 1.755, 1.9725, 1.287 ], 
							"rotationOrigin": [ 16.6725, 5.9787, 12.051 ],
							"faces": {
								"north": { "texture": "#snowcover", "uv": [ 7.0, 2.5, 10.0, 5.5 ], "autoUv": false },
								"east": { "texture": "#snowcover", "uv": [ 10.5, 8.0, 12.5, 11.0 ], "autoUv": false },
								"south": { "texture": "#snowcover", "uv": [ 7.0, 2.5, 10.0, 5.5 ], "autoUv": false },
								"west": { "texture": "#snowcover", "uv": [ 10.5, 8.0, 12.5, 11.0 ], "autoUv": false },
								"up": { "texture": "#snowcover", "uv": [ 5.0, 6.5, 7.0, 9.5 ], "rotation": 90, "autoUv": false },
								"down": { "texture": "#snowcover", "uv": [ 6.5, 12.0, 8.5, 15.0 ], "rotation": 90, "autoUv": false }
							}
						}
					]
				},
				{
					"name": "RLegStrut2",
					"from": [ 14.3325, -3.6738, 10.5885 ], 
					"to": [ 15.5025, 2.7612, 11.7585 ], 
					"rotationOrigin": [ 15.5025, -3.6738, 11.7585 ],
					"rotationZ": 44.99999632180179,
					"faces": {
						"north": { "texture": "#planktex", "uv": [ 0.0, 4.0, 10.0, 6.0 ], "rotation": 270, "autoUv": false },
						"east": { "texture": "#planktex", "uv": [ 6.0, 6.5, 16.0, 8.0 ], "rotation": 90, "autoUv": false },
						"south": { "texture": "#planktex", "uv": [ 0.0, 4.0, 10.0, 6.0 ], "rotation": 90, "autoUv": false },
						"west": { "texture": "#planktex", "uv": [ 6.0, 5.0, 16.0, 6.0 ], "rotation": 90, "autoUv": false },
						"up": { "texture": "#planktex", "uv": [ 1.0, 2.0, 2.0, 2.5 ], "enabled": false, "autoUv": false },
						"down": { "texture": "#planktex", "uv": [ 1.0, 2.0, 2.0, 2.5 ], "enabled": false, "autoUv": false }
					}
				},
				{
					"name": "LArmStrut",
					"from": [ -4.3875, -1.3338, 10.647 ], 
					"to": [ -3.2175, 5.1012, 11.7 ], 
					"rotationOrigin": [ -4.3875, 5.1012, 11.7585 ],
					"rotationZ": 44.99999632180179,
					"faces": {
						"north": { "texture": "#planktex", "uv": [ 0.0, 4.0, 10.0, 6.0 ], "rotation": 270, "autoUv": false },
						"east": { "texture": "#planktex", "uv": [ 0.0, 8.5, 10.0, 10.0 ], "rotation": 90, "autoUv": false },
						"south": { "texture": "#planktex", "uv": [ 0.0, 4.0, 10.0, 6.0 ], "rotation": 90, "autoUv": false },
						"west": { "texture": "#planktex", "uv": [ 3.5, 5.0, 13.5, 6.0 ], "rotation": 90, "autoUv": false },
						"up": { "texture": "#planktex", "uv": [ 1.0, 2.0, 2.0, 2.5 ], "enabled": false, "autoUv": false },
						"down": { "texture": "#planktex", "uv": [ 1.0, 2.0, 2.0, 2.5 ], "enabled": false, "autoUv": false }
					}
				},
				{
					"name": "LLegStrut2",
					"from": [ -3.2175, -3.6738, 10.5885 ], 
					"to": [ -2.0475, 2.7612, 11.7585 ], 
					"rotationOrigin": [ -3.2175, -3.6738, 11.7585 ],
					"rotationZ": -44.99999632180179,
					"faces": {
						"north": { "texture": "#planktex", "uv": [ 0.0, 4.0, 10.0, 6.0 ], "rotation": 90, "autoUv": false },
						"east": { "texture": "#planktex", "uv": [ 6.0, 5.0, 16.0, 6.0 ], "rotation": 270, "autoUv": false },
						"south": { "texture": "#planktex", "uv": [ 0.0, 4.0, 10.0, 6.0 ], "rotation": 270, "autoUv": false },
						"west": { "texture": "#planktex", "uv": [ 4.5, 8.5, 14.5, 10.0 ], "rotation": 270, "autoUv": false },
						"up": { "texture": "#planktex", "uv": [ 1.0, 2.0, 2.0, 2.5 ], "enabled": false, "autoUv": false },
						"down": { "texture": "#planktex", "uv": [ 1.0, 2.0, 2.0, 2.5 ], "enabled": false, "autoUv": false }
					}
				},
				{
					"name": "LFootKnob",
					"from": [ -3.51, -4.5513, 0.0 ], 
					"to": [ -2.0475, -3.3813, 1.287 ], 
					"rotationOrigin": [ -3.2175, -4.5513, -0.234 ],
					"faces": {
						"north": { "texture": "#planktex", "uv": [ 7.0, 2.5, 10.0, 5.5 ], "autoUv": false },
						"east": { "texture": "#planktex", "uv": [ 10.5, 8.0, 12.5, 11.0 ], "autoUv": false },
						"south": { "texture": "#planktex", "uv": [ 7.0, 2.5, 10.0, 5.5 ], "autoUv": false },
						"west": { "texture": "#planktex", "uv": [ 10.5, 8.0, 12.5, 11.0 ], "autoUv": false },
						"up": { "texture": "#planktex", "uv": [ 5.0, 6.5, 7.0, 9.5 ], "rotation": 90, "autoUv": false },
						"down": { "texture": "#planktex", "uv": [ 6.5, 12.0, 8.5, 15.0 ], "rotation": 90, "autoUv": false }
					},
					"children": [
						{
							"name": "LFootKnob-snow",
							"from": [ 0.0, 1.18, 0.0 ], 
							"to": [ 1.4625, 1.68, 1.287 ], 
							"rotationOrigin": [ -3.2175, -4.5513, -0.234 ],
							"faces": {
								"north": { "texture": "#snowcover", "uv": [ 7.0, 2.5, 10.0, 5.5 ], "autoUv": false },
								"east": { "texture": "#snowcover", "uv": [ 10.5, 8.0, 12.5, 11.0 ], "autoUv": false },
								"south": { "texture": "#snowcover", "uv": [ 7.0, 2.5, 10.0, 5.5 ], "autoUv": false },
								"west": { "texture": "#snowcover", "uv": [ 10.5, 8.0, 12.5, 11.0 ], "autoUv": false },
								"up": { "texture": "#snowcover", "uv": [ 5.0, 6.5, 7.0, 9.5 ], "rotation": 90, "autoUv": false },
								"down": { "texture": "#snowcover", "uv": [ 6.5, 12.0, 8.5, 15.0 ], "rotation": 90, "autoUv": false }
							}
						}
					]
				},
				{
					"name": "RFootKnob",
					"from": [ 14.3325, -4.5513, 0.0 ], 
					"to": [ 15.795, -3.3813, 1.287 ], 
					"rotationOrigin": [ 14.3325, -4.5513, -0.234 ],
					"faces": {
						"north": { "texture": "#planktex", "uv": [ 7.0, 2.5, 10.0, 5.5 ], "autoUv": false },
						"east": { "texture": "#planktex", "uv": [ 10.5, 8.0, 12.5, 11.0 ], "autoUv": false },
						"south": { "texture": "#planktex", "uv": [ 7.0, 2.5, 10.0, 5.5 ], "autoUv": false },
						"west": { "texture": "#planktex", "uv": [ 10.5, 8.0, 12.5, 11.0 ], "autoUv": false },
						"up": { "texture": "#planktex", "uv": [ 5.0, 6.5, 7.0, 9.5 ], "rotation": 90, "autoUv": false },
						"down": { "texture": "#planktex", "uv": [ 6.5, 12.0, 8.5, 15.0 ], "rotation": 90, "autoUv": false }
					},
					"children": [
						{
							"name": "RFootKnob-snow",
							"from": [ 0.0, 1.18, 0.0 ], 
							"to": [ 1.4625, 1.68, 1.287 ], 
							"rotationOrigin": [ 14.3325, -4.5513, -0.234 ],
							"faces": {
								"north": { "texture": "#snowcover", "uv": [ 7.0, 2.5, 10.0, 5.5 ], "autoUv": false },
								"east": { "texture": "#snowcover", "uv": [ 10.5, 8.0, 12.5, 11.0 ], "autoUv": false },
								"south": { "texture": "#snowcover", "uv": [ 7.0, 2.5, 10.0, 5.5 ], "autoUv": false },
								"west": { "texture": "#snowcover", "uv": [ 10.5, 8.0, 12.5, 11.0 ], "autoUv": false },
								"up": { "texture": "#snowcover", "uv": [ 5.0, 6.5, 7.0, 9.5 ], "rotation": 90, "autoUv": false },
								"down": { "texture": "#snowcover", "uv": [ 6.5, 12.0, 8.5, 15.0 ], "rotation": 90, "autoUv": false }
							}
						}
					]
				},
				{
					"name": "LArmStrut2",
					"from": [ -4.3875, -1.3338, 0.117 ], 
					"to": [ -3.2175, 5.1012, 1.17 ], 
					"rotationOrigin": [ -4.3875, 5.1012, 0.0585 ],
					"rotationZ": 44.99999632180179,
					"faces": {
						"north": { "texture": "#planktex", "uv": [ 0.0, 4.0, 10.0, 6.0 ], "rotation": 270, "autoUv": false },
						"east": { "texture": "#planktex", "uv": [ 0.0, 8.0, 10.0, 9.5 ], "rotation": 90, "autoUv": false },
						"south": { "texture": "#planktex", "uv": [ 0.0, 4.0, 10.0, 6.0 ], "rotation": 90, "autoUv": false },
						"west": { "texture": "#planktex", "uv": [ 6.0, 5.0, 16.0, 6.0 ], "rotation": 270, "autoUv": false },
						"up": { "texture": "#planktex", "uv": [ 1.0, 2.0, 2.0, 2.5 ], "enabled": false, "autoUv": false },
						"down": { "texture": "#planktex", "uv": [ 1.0, 2.0, 2.0, 2.5 ], "enabled": false, "autoUv": false }
					}
				},
				{
					"name": "LLegStrut",
					"from": [ -3.2175, -3.6738, 0.0585 ], 
					"to": [ -2.0475, 2.7612, 1.2285 ], 
					"rotationOrigin": [ -3.2175, -3.6738, 0.0585 ],
					"rotationZ": -44.99999632180179,
					"faces": {
						"north": { "texture": "#planktex", "uv": [ 0.0, 4.0, 10.0, 6.0 ], "rotation": 90, "autoUv": false },
						"east": { "texture": "#planktex", "uv": [ 6.0, 5.0, 16.0, 6.0 ], "rotation": 90, "autoUv": false },
						"south": { "texture": "#planktex", "uv": [ 0.0, 4.0, 10.0, 6.0 ], "rotation": 270, "autoUv": false },
						"west": { "texture": "#planktex", "uv": [ 4.0, 8.0, 14.0, 9.5 ], "rotation": 270, "autoUv": false },
						"up": { "texture": "#planktex", "uv": [ 1.0, 2.0, 2.0, 2.5 ], "enabled": false, "autoUv": false },
						"down": { "texture": "#planktex", "uv": [ 1.0, 2.0, 2.0, 2.5 ], "enabled": false, "autoUv": false }
					}
				},
				{
					"name": "RArmStrut",
					"from": [ 15.5025, -1.3338, 0.117 ], 
					"to": [ 16.6725, 5.1012, 1.17 ], 
					"rotationOrigin": [ 16.6725, 5.1012, 0.0585 ],
					"rotationZ": -44.99999632180179,
					"faces": {
						"north": { "texture": "#planktex", "uv": [ 0.0, 4.0, 10.0, 6.0 ], "rotation": 90, "autoUv": false },
						"east": { "texture": "#planktex", "uv": [ 6.0, 5.0, 16.0, 6.0 ], "rotation": 90, "autoUv": false },
						"south": { "texture": "#planktex", "uv": [ 0.0, 4.0, 10.0, 6.0 ], "rotation": 270, "autoUv": false },
						"west": { "texture": "#planktex", "uv": [ 0.0, 8.0, 10.0, 9.5 ], "rotation": 90, "autoUv": false },
						"up": { "texture": "#planktex", "uv": [ 1.0, 2.0, 2.0, 2.5 ], "enabled": false, "autoUv": false },
						"down": { "texture": "#planktex", "uv": [ 1.0, 2.0, 2.0, 2.5 ], "enabled": false, "autoUv": false }
					}
				},
				{
					"name": "RLegStrut",
					"from": [ 14.3325, -3.6738, 0.0585 ], 
					"to": [ 15.5025, 2.7612, 1.2285 ], 
					"rotationOrigin": [ 15.5025, -3.6738, 0.0585 ],
					"rotationZ": 44.99999632180179,
					"faces": {
						"north": { "texture": "#planktex", "uv": [ 0.0, 4.0, 10.0, 6.0 ], "rotation": 270, "autoUv": false },
						"east": { "texture": "#planktex", "uv": [ 1.0, 8.0, 11.0, 9.5 ], "rotation": 90, "autoUv": false },
						"south": { "texture": "#planktex", "uv": [ 0.0, 4.0, 10.0, 6.0 ], "rotation": 90, "autoUv": false },
						"west": { "texture": "#planktex", "uv": [ 6.0, 5.0, 16.0, 6.0 ], "rotation": 270, "autoUv": false },
						"up": { "texture": "#planktex", "uv": [ 1.0, 2.0, 2.0, 2.5 ], "enabled": false, "autoUv": false },
						"down": { "texture": "#planktex", "uv": [ 1.0, 2.0, 2.0, 2.5 ], "enabled": false, "autoUv": false }
					}
				},
				{
					"name": "ButtSupport2",
					"from": [ 0.0, 0.0, 10.53 ], 
					"to": [ 12.285, 1.4625, 11.817 ], 
					"rotationOrigin": [ 1.17, -0.4563, 11.7585 ],
					"faces": {
						"north": { "texture": "#planktex", "uv": [ 0.0, 4.0, 16.0, 6.0 ], "autoUv": false },
						"east": { "texture": "#planktex", "uv": [ 7.0, 4.0, 9.0, 6.0 ], "autoUv": false },
						"south": { "texture": "#planktex", "uv": [ 0.0, 4.0, 16.0, 6.0 ], "autoUv": false },
						"west": { "texture": "#planktex", "uv": [ 12.5, 4.0, 14.5, 6.0 ], "autoUv": false },
						"up": { "texture": "#planktex", "uv": [ 0.0, 10.0, 16.0, 8.0 ], "autoUv": false },
						"down": { "texture": "#planktex", "uv": [ 0.0, 14.0, 16.0, 16.0 ], "autoUv": false }
					},
					"children": [
						{
							"name": "ButtSupport2-snow",
							"from": [ 0.0, 1.4725, 0.0 ], 
							"to": [ 12.285, 1.9725, 1.287 ], 
							"rotationOrigin": [ 1.17, -0.4563, 11.7585 ],
							"faces": {
								"north": { "texture": "#snowcover", "uv": [ 0.0, 4.0, 16.0, 6.0 ], "autoUv": false },
								"east": { "texture": "#snowcover", "uv": [ 7.0, 4.0, 9.0, 6.0 ], "autoUv": false },
								"south": { "texture": "#snowcover", "uv": [ 0.0, 4.0, 16.0, 6.0 ], "autoUv": false },
								"west": { "texture": "#snowcover", "uv": [ 12.5, 4.0, 14.5, 6.0 ], "autoUv": false },
								"up": { "texture": "#snowcover", "uv": [ 0.0, 10.0, 16.0, 8.0 ], "autoUv": false },
								"down": { "texture": "#snowcover", "uv": [ 0.0, 14.0, 16.0, 16.0 ], "autoUv": false }
							}
						}
					]
				},
				{
					"name": "RFootKnob2",
					"from": [ 14.3325, -4.5513, 10.53 ], 
					"to": [ 15.795, -3.3813, 11.817 ], 
					"rotationOrigin": [ 14.3325, -4.5513, 12.051 ],
					"faces": {
						"north": { "texture": "#planktex", "uv": [ 7.0, 2.5, 10.0, 5.5 ], "autoUv": false },
						"east": { "texture": "#planktex", "uv": [ 10.5, 8.0, 12.5, 11.0 ], "autoUv": false },
						"south": { "texture": "#planktex", "uv": [ 7.0, 2.5, 10.0, 5.5 ], "autoUv": false },
						"west": { "texture": "#planktex", "uv": [ 10.5, 8.0, 12.5, 11.0 ], "autoUv": false },
						"up": { "texture": "#planktex", "uv": [ 5.0, 6.5, 7.0, 9.5 ], "rotation": 90, "autoUv": false },
						"down": { "texture": "#planktex", "uv": [ 6.5, 12.0, 8.5, 15.0 ], "rotation": 90, "autoUv": false }
					},
					"children": [
						{
							"name": "RFootKnob2-snow",
							"from": [ 0.0, 1.18, 0.0 ], 
							"to": [ 1.4625, 1.68, 1.287 ], 
							"rotationOrigin": [ 14.3325, -4.5513, 12.051 ],
							"faces": {
								"north": { "texture": "#snowcover", "uv": [ 7.0, 2.5, 10.0, 5.5 ], "autoUv": false },
								"east": { "texture": "#snowcover", "uv": [ 10.5, 8.0, 12.5, 11.0 ], "autoUv": false },
								"south": { "texture": "#snowcover", "uv": [ 7.0, 2.5, 10.0, 5.5 ], "autoUv": false },
								"west": { "texture": "#snowcover", "uv": [ 10.5, 8.0, 12.5, 11.0 ], "autoUv": false },
								"up": { "texture": "#snowcover", "uv": [ 5.0, 6.5, 7.0, 9.5 ], "rotation": 90, "autoUv": false },
								"down": { "texture": "#snowcover", "uv": [ 6.5, 12.0, 8.5, 15.0 ], "rotation": 90, "autoUv": false }
							}
						}
					]
				},
				{
					"name": "LArmKnob",
					"from": [ -4.9725, 4.8087, 0.0 ], 
					"to": [ -3.2175, 6.2712, 1.287 ], 
					"rotationOrigin": [ -4.3875, 5.9787, -0.234 ],
					"faces": {
						"north": { "texture": "#planktex", "uv": [ 7.0, 2.5, 10.0, 5.5 ], "autoUv": false },
						"east": { "texture": "#planktex", "uv": [ 10.5, 8.0, 12.5, 11.0 ], "autoUv": false },
						"south": { "texture": "#planktex", "uv": [ 7.0, 2.5, 10.0, 5.5 ], "autoUv": false },
						"west": { "texture": "#planktex", "uv": [ 10.5, 8.0, 12.5, 11.0 ], "autoUv": false },
						"up": { "texture": "#planktex", "uv": [ 5.0, 6.5, 7.0, 9.5 ], "rotation": 90, "autoUv": false },
						"down": { "texture": "#planktex", "uv": [ 6.5, 12.0, 8.5, 15.0 ], "rotation": 90, "autoUv": false }
					},
					"children": [
						{
							"name": "LArmKnob-snow",
							"from": [ 0.0, 1.4725, 0.0 ], 
							"to": [ 1.755, 1.9725, 1.287 ], 
							"rotationOrigin": [ -4.3875, 5.9787, -0.234 ],
							"faces": {
								"north": { "texture": "#snowcover", "uv": [ 7.0, 2.5, 10.0, 5.5 ], "autoUv": false },
								"east": { "texture": "#snowcover", "uv": [ 10.5, 8.0, 12.5, 11.0 ], "autoUv": false },
								"south": { "texture": "#snowcover", "uv": [ 7.0, 2.5, 10.0, 5.5 ], "autoUv": false },
								"west": { "texture": "#snowcover", "uv": [ 10.5, 8.0, 12.5, 11.0 ], "autoUv": false },
								"up": { "texture": "#snowcover", "uv": [ 5.0, 6.5, 7.0, 9.5 ], "rotation": 90, "autoUv": false },
								"down": { "texture": "#snowcover", "uv": [ 6.5, 12.0, 8.5, 15.0 ], "rotation": 90, "autoUv": false }
							}
						}
					]
				},
				{
					"name": "RArmRest",
					"from": [ 15.795, 4.9257, 1.2285 ], 
					"to": [ 16.6725, 6.0957, 11.7585 ], 
					"rotationOrigin": [ 16.6725, 4.5162, 5.9085 ],
					"faces": {
						"north": { "texture": "#planktex", "uv": [ 1.0, 4.0, 16.0, 6.0 ], "rotation": 90, "enabled": false, "autoUv": false },
						"east": { "texture": "#planktex", "uv": [ 0.0, 4.0, 16.0, 6.0 ], "autoUv": false },
						"south": { "texture": "#planktex", "uv": [ 1.0, 0.0, 1.5, 1.0 ], "enabled": false },
						"west": { "texture": "#planktex", "uv": [ 0.0, 4.0, 16.0, 6.0 ], "autoUv": false },
						"up": { "texture": "#planktex", "uv": [ 0.0, 2.0, 16.0, 4.0 ], "rotation": 90, "autoUv": false },
						"down": { "texture": "#planktex", "uv": [ 0.0, 14.0, 16.0, 16.0 ], "rotation": 90, "autoUv": false }
					},
					"children": [
						{
							"name": "RArmRest-snow",
							"from": [ 0.0, 1.18, 0.0 ], 
							"to": [ 0.8775, 1.68, 10.53 ], 
							"rotationOrigin": [ 16.6725, 4.5162, 5.9085 ],
							"faces": {
								"north": { "texture": "#snowcover", "uv": [ 1.0, 4.0, 16.0, 6.0 ], "rotation": 90, "enabled": false, "autoUv": false },
								"east": { "texture": "#snowcover", "uv": [ 0.0, 4.0, 16.0, 6.0 ], "autoUv": false },
								"south": { "texture": "#snowcover", "uv": [ 1.0, 0.0, 1.5, 0.5 ], "enabled": false },
								"west": { "texture": "#snowcover", "uv": [ 0.0, 4.0, 16.0, 6.0 ], "autoUv": false },
								"up": { "texture": "#snowcover", "uv": [ 0.0, 2.0, 16.0, 4.0 ], "rotation": 90, "autoUv": false },
								"down": { "texture": "#snowcover", "uv": [ 0.0, 14.0, 16.0, 16.0 ], "rotation": 90, "autoUv": false }
							}
						}
					]
				},
				{
					"name": "LFootKnob2",
					"from": [ -3.51, -4.5513, 10.53 ], 
					"to": [ -2.0475, -3.3813, 11.817 ], 
					"rotationOrigin": [ -3.2175, -4.5513, 12.051 ],
					"faces": {
						"north": { "texture": "#planktex", "uv": [ 7.0, 2.5, 10.0, 5.5 ], "autoUv": false },
						"east": { "texture": "#planktex", "uv": [ 10.5, 8.0, 12.5, 11.0 ], "autoUv": false },
						"south": { "texture": "#planktex", "uv": [ 7.0, 2.5, 10.0, 5.5 ], "autoUv": false },
						"west": { "texture": "#planktex", "uv": [ 10.5, 8.0, 12.5, 11.0 ], "autoUv": false },
						"up": { "texture": "#planktex", "uv": [ 5.0, 6.5, 7.0, 9.5 ], "rotation": 90, "autoUv": false },
						"down": { "texture": "#planktex", "uv": [ 6.5, 12.0, 8.5, 15.0 ], "rotation": 90, "autoUv": false }
					},
					"children": [
						{
							"name": "LFootKnob2-snow",
							"from": [ 0.0, 1.18, 0.0 ], 
							"to": [ 1.4625, 1.68, 1.287 ], 
							"rotationOrigin": [ -3.2175, -4.5513, 12.051 ],
							"faces": {
								"north": { "texture": "#snowcover", "uv": [ 7.0, 2.5, 10.0, 5.5 ], "autoUv": false },
								"east": { "texture": "#snowcover", "uv": [ 10.5, 8.0, 12.5, 11.0 ], "autoUv": false },
								"south": { "texture": "#snowcover", "uv": [ 7.0, 2.5, 10.0, 5.5 ], "autoUv": false },
								"west": { "texture": "#snowcover", "uv": [ 10.5, 8.0, 12.5, 11.0 ], "autoUv": false },
								"up": { "texture": "#snowcover", "uv": [ 5.0, 6.5, 7.0, 9.5 ], "rotation": 90, "autoUv": false },
								"down": { "texture": "#snowcover", "uv": [ 6.5, 12.0, 8.5, 15.0 ], "rotation": 90, "autoUv": false }
							}
						}
					]
				},
				{
					"name": "ButtSupport-snow",
					"from": [ 0.0, 1.4725, 0.0 ], 
					"to": [ 12.285, 1.9725, 1.287 ], 
					"rotationOrigin": [ 2.5875, 4.095, 2.71 ],
					"faces": {
						"north": { "texture": "#snowcover", "uv": [ 0.0, 4.0, 16.0, 6.0 ], "autoUv": false },
						"east": { "texture": "#snowcover", "uv": [ 7.0, 4.0, 9.0, 6.0 ], "autoUv": false },
						"south": { "texture": "#snowcover", "uv": [ 0.0, 4.0, 16.0, 6.0 ], "autoUv": false },
						"west": { "texture": "#snowcover", "uv": [ 12.5, 4.0, 14.5, 6.0 ], "autoUv": false },
						"up": { "texture": "#snowcover", "uv": [ 0.0, 10.0, 16.0, 8.0 ], "autoUv": false },
						"down": { "texture": "#snowcover", "uv": [ 0.0, 16.0, 16.0, 14.0 ], "autoUv": false }
					}
				}
			]
		}
	]}