{

  "elements": [
    {
      "name": "NeckCrest",
      "from": [
        0.0,
        10.56,
        -5.25
      ],
      "to": [
        4.875,
        22.935,
        -0.75
      ],
      "rotationOrigin": [
        8.0285,
        10.7445,
        -3.0
      ],
      "rotationY": 90.0,
      "rotationZ": 53.0,
      "faces": {
        "north": {
          "uv": [
            9.41667,
            12.08333,
            11.47917,
            12.89583
          ],
          "rotation": 90,
          "texture": "#deerhead"
        },
        "east": {
          "uv": [
            9.41667,
            12.08333,
            11.47917,
            12.83333
          ],
          "rotation": 90,
          "texture": "#deerhead"
        },
        "south": {
          "uv": [
            9.41667,
            12.08333,
            11.47917,
            12.89583
          ],
          "rotation": 90,
          "texture": "#deerhead"
        },
        "west": {
          "uv": [
            9.41667,
            12.08333,
            11.47917,
            12.83333
          ],
          "rotation": 90,
          "texture": "#deerhead"
        },
        "up": {
          "uv": [
            9.41667,
            12.08333,
            10.22917,
            12.83333
          ],
          "texture": "#deerhead"
        },
        "down": {
          "uv": [
            9.41667,
            12.08333,
            10.22917,
            12.83333
          ],
          "rotation": 180,
          "texture": "#deerhead"
        }
      },
      "children": [
        {
          "name": "NeckThroat",
          "from": [
            -1.8255,
            -0.0607,
            0.75
          ],
          "to": [
            1.9245,
            12.3143,
            3.75
          ],
          "rotationOrigin": [
            0.0495,
            5.0018,
            2.25
          ],
          "faces": {
            "north": {
              "uv": [
                10.16667,
                15.08333,
                12.25,
                15.66667
              ],
              "rotation": 270,
              "texture": "#deerhead"
            },
            "east": {
              "uv": [
                8.5,
                11.16667,
                10.58333,
                11.66667
              ],
              "rotation": 270,
              "texture": "#deerhead"
            },
            "south": {
              "uv": [
                10.25,
                15.25,
                12.33333,
                15.83333
              ],
              "rotation": 270,
              "texture": "#deerhead"
            },
            "west": {
              "uv": [
                10.33333,
                15.33333,
                12.41667,
                15.83333
              ],
              "rotation": 270,
              "texture": "#deerhead"
            },
            "up": {
              "uv": [
                8.5,
                11.41667,
                9.125,
                11.91667
              ],
              "rotation": 180,
              "texture": "#deerhead"
            },
            "down": {
              "uv": [
                8.5,
                11.41667,
                9.125,
                11.91667
              ],
              "texture": "#deerhead"
            }
          }
        },
        {
          "name": "Skull",
          "from": [
            -2.3288,
            7.69,
            -0.3
          ],
          "to": [
            5.1712,
            13.39,
            4.8
          ],
          "rotationOrigin": [
            2.9212,
            7.791,
            2.25
          ],
          "rotationZ": -28.0,
          "faces": {
            "north": {
              "uv": [
                7,
                5.33333,
                8.25,
                6.25
              ],
              "rotation": 180,
              "texture": "#deerhead"
            },
            "east": {
              "uv": [
                7.16667,
                4,
                8,
                4.91667
              ],
              "rotation": 180,
              "texture": "#deerhead"
            },
            "south": {
              "uv": [
                7.75,
                5.33333,
                9,
                6.25
              ],
              "rotation": 180,
              "texture": "#deerhead"
            },
            "west": {
              "uv": [
                12.58333,
                11.83333,
                13.41667,
                12.75
              ],
              "rotation": 180,
              "texture": "#deerhead"
            },
            "up": {
              "uv": [
                5.75,
                5.33333,
                7,
                6.16667
              ],
              "texture": "#deerhead"
            },
            "down": {
              "uv": [
                4.16667,
                5.41667,
                5,
                6.66667
              ],
              "rotation": 270,
              "texture": "#deerhead"
            }
          },
          "children": [
            {
              "name": "Muzzle",
              "from": [
                -4.166,
                1.0334,
                0.675
              ],
              "to": [
                1.459,
                4.7084,
                4.425
              ],
              "rotationOrigin": [
                -1.3535,
                2.8709,
                2.55
              ],
              "rotationX": 4.0E-6,
              "rotationZ": 22.499993,
              "faces": {
                "north": {
                  "uv": [
                    11.58333,
                    13.16667,
                    12.16667,
                    14.08333
                  ],
                  "rotation": 270,
                  "texture": "#deerhead"
                },
                "east": {
                  "uv": [
                    7.5,
                    3.58333,
                    8.16667,
                    4.16667
                  ],
                  "texture": "#deerhead"
                },
                "south": {
                  "uv": [
                    13.16667,
                    12.83333,
                    13.75,
                    13.75
                  ],
                  "rotation": 90,
                  "texture": "#deerhead"
                },
                "west": {
                  "uv": [
                    8.66667,
                    1.08333,
                    9.33333,
                    1.5
                  ],
                  "rotation": 180,
                  "texture": "#deerhead"
                },
                "up": {
                  "uv": [
                    8.66667,
                    0.5,
                    9.33333,
                    1.33333
                  ],
                  "rotation": 90,
                  "texture": "#deerhead"
                },
                "down": {
                  "uv": [
                    9.83333,
                    0.25,
                    10.5,
                    1.08333
                  ],
                  "rotation": 90,
                  "texture": "#deerhead"
                }
              },
              "children": [
                {
                  "name": "Jaw",
                  "from": [
                    -0.0388,
                    -1.5852,
                    0.3
                  ],
                  "to": [
                    3.7862,
                    -0.4602,
                    3.6
                  ],
                  "rotationOrigin": [
                    4.064,
                    -0.9953,
                    1.95
                  ],
                  "rotationX": -4.0E-6,
                  "rotationZ": -22.499993,
                  "faces": {
                    "north": {
                      "uv": [
                        2,
                        12.5,
                        2.66667,
                        12.66667
                      ],
                      "rotation": 180,
                      "texture": "#deerhead"
                    },
                    "east": {
                      "uv": [
                        8.08333,
                        4.75,
                        8.66667,
                        4.91667
                      ],
                      "rotation": 180,
                      "texture": "#deerhead"
                    },
                    "south": {
                      "uv": [
                        2.08333,
                        12.5,
                        2.75,
                        12.66667
                      ],
                      "rotation": 180,
                      "texture": "#deerhead"
                    },
                    "west": {
                      "uv": [
                        2.25,
                        12.41667,
                        2.83333,
                        12.58333
                      ],
                      "rotation": 180,
                      "texture": "#deerhead"
                    },
                    "up": {
                      "uv": [
                        9.83333,
                        0.33333,
                        10.5,
                        1.08333
                      ],
                      "rotation": 90,
                      "texture": "#deerhead"
                    },
                    "down": {
                      "uv": [
                        12.91667,
                        14.58333,
                        13.5,
                        15.25
                      ],
                      "rotation": 270,
                      "texture": "#deerhead"
                    }
                  }
                }
              ]
            },
            {
              "name": "L_Ear",
              "from": [
                4.9587,
                1.4627,
                3.151
              ],
              "to": [
                6.0087,
                3.8627,
                9.526
              ],
              "rotationOrigin": [
                5.4837,
                2.7573,
                3.3
              ],
              "rotationX": -20.941018,
              "rotationY": -8.421053,
              "rotationZ": -20.941004,
              "faces": {
                "north": {
                  "uv": [
                    9.33333,
                    5.58333,
                    9.73333,
                    5.75833
                  ],
                  "rotation": 270,
                  "texture": "#deerhead"
                },
                "east": {
                  "uv": [
                    9.33333,
                    5.58333,
                    9.73333,
                    6.64583
                  ],
                  "rotation": 270,
                  "texture": "#deerhead"
                },
                "south": {
                  "uv": [
                    9.33333,
                    5.58333,
                    9.73333,
                    5.75833
                  ],
                  "rotation": 270,
                  "texture": "#deerhead"
                },
                "west": {
                  "uv": [
                    4.83333,
                    0.83333,
                    5.25,
                    1.91667
                  ],
                  "rotation": 270,
                  "texture": "#deerhead"
                },
                "up": {
                  "uv": [
                    9.33333,
                    5.58333,
                    9.50833,
                    6.64583
                  ],
                  "rotation": 180,
                  "texture": "#deerhead"
                },
                "down": {
                  "uv": [
                    9.33333,
                    5.58333,
                    9.50833,
                    6.64583
                  ],
                  "texture": "#deerhead"
                }
              },
              "children": [
                {
                  "name": "L_Ear2",
                  "from": [
                    -0.375,
                    -0.3443,
                    1.4106
                  ],
                  "to": [
                    0.675,
                    2.8057,
                    5.5356
                  ],
                  "rotationOrigin": [
                    0.15,
                    1.2307,
                    3.4731
                  ],
                  "faces": {
                    "north": {
                      "uv": [
                        9.25,
                        5.5,
                        9.75,
                        5.66667
                      ],
                      "rotation": 90,
                      "texture": "#deerhead"
                    },
                    "east": {
                      "uv": [
                        9.16667,
                        5.41667,
                        9.83333,
                        5.91667
                      ],
                      "texture": "#deerhead"
                    },
                    "south": {
                      "uv": [
                        9.08333,
                        5.58333,
                        9.58333,
                        5.75
                      ],
                      "rotation": 270,
                      "texture": "#deerhead"
                    },
                    "west": {
                      "uv": [
                        7.08333,
                        0.66667,
                        7.75,
                        1.08333
                      ],
                      "rotation": 180,
                      "texture": "#deerhead"
                    },
                    "up": {
                      "uv": [
                        9.16667,
                        5.66667,
                        9.83333,
                        5.83333
                      ],
                      "rotation": 90,
                      "texture": "#deerhead"
                    },
                    "down": {
                      "uv": [
                        9.41667,
                        5.75,
                        10.08333,
                        5.91667
                      ],
                      "rotation": 90,
                      "texture": "#deerhead"
                    }
                  }
                }
              ]
            },
            {
              "name": "R_Ear",
              "from": [
                4.9587,
                1.4627,
                -4.276
              ],
              "to": [
                6.0087,
                3.8627,
                2.099
              ],
              "rotationOrigin": [
                5.4837,
                2.7573,
                1.95
              ],
              "rotationX": 20.941004,
              "rotationY": 8.421053,
              "rotationZ": -20.941018,
              "faces": {
                "north": {
                  "uv": [
                    9.33333,
                    5.75833,
                    9.73333,
                    5.58333
                  ],
                  "rotation": 270,
                  "texture": "#deerhead"
                },
                "east": {
                  "uv": [
                    9.33333,
                    6.64583,
                    9.73333,
                    5.58333
                  ],
                  "rotation": 270,
                  "texture": "#deerhead"
                },
                "south": {
                  "uv": [
                    9.33333,
                    5.75833,
                    9.73333,
                    5.58333
                  ],
                  "rotation": 270,
                  "texture": "#deerhead"
                },
                "west": {
                  "uv": [
                    4.83333,
                    1.91667,
                    5.25,
                    0.83333
                  ],
                  "rotation": 270,
                  "texture": "#deerhead"
                },
                "up": {
                  "uv": [
                    9.33333,
                    6.64583,
                    9.50833,
                    5.58333
                  ],
                  "rotation": 180,
                  "texture": "#deerhead"
                },
                "down": {
                  "uv": [
                    9.33333,
                    6.64583,
                    9.50833,
                    5.58333
                  ],
                  "texture": "#deerhead"
                }
              },
              "children": [
                {
                  "name": "R_Ear2",
                  "from": [
                    -0.375,
                    -0.3443,
                    0.8394
                  ],
                  "to": [
                    0.675,
                    2.8057,
                    4.9644
                  ],
                  "rotationOrigin": [
                    0.15,
                    1.2307,
                    2.9019
                  ],
                  "faces": {
                    "north": {
                      "uv": [
                        9.08333,
                        5.75,
                        9.58333,
                        5.58333
                      ],
                      "rotation": 270,
                      "texture": "#deerhead"
                    },
                    "east": {
                      "uv": [
                        9.83333,
                        5.41667,
                        9.16667,
                        5.91667
                      ],
                      "texture": "#deerhead"
                    },
                    "south": {
                      "uv": [
                        9.25,
                        5.66667,
                        9.75,
                        5.5
                      ],
                      "rotation": 90,
                      "texture": "#deerhead"
                    },
                    "west": {
                      "uv": [
                        7.75,
                        0.66667,
                        7.08333,
                        1.08333
                      ],
                      "rotation": 180,
                      "texture": "#deerhead"
                    },
                    "up": {
                      "uv": [
                        9.83333,
                        5.66667,
                        9.16667,
                        5.83333
                      ],
                      "rotation": 90,
                      "texture": "#deerhead"
                    },
                    "down": {
                      "uv": [
                        10.08333,
                        5.75,
                        9.41667,
                        5.91667
                      ],
                      "rotation": 90,
                      "texture": "#deerhead"
                    }
                  }
                }
              ]
            },
            {
              "name": "L_Antler_Base",
              "from": [
                5.4496,
                4.5904,
                2.925
              ],
              "to": [
                7.6246,
                6.9904,
                4.8
              ],
              "rotationOrigin": [
                6.5371,
                5.7904,
                3.8625
              ],
              "rotationX": 9.007156,
              "rotationY": -20.704808,
              "rotationZ": -24.148664,
              "faces": {
                "north": {
                  "uv": [
                    9.33333,
                    5.58333,
                    9.69583,
                    5.98333
                  ],
                  "rotation": 180,
                  "texture": "#deerhead"
                },
                "east": {
                  "uv": [
                    9.33333,
                    5.58333,
                    9.64583,
                    5.98333
                  ],
                  "rotation": 180,
                  "texture": "#deerhead"
                },
                "south": {
                  "uv": [
                    9.33333,
                    5.58333,
                    9.69583,
                    5.98333
                  ],
                  "rotation": 180,
                  "texture": "#deerhead"
                },
                "west": {
                  "uv": [
                    9.33333,
                    5.58333,
                    9.66667,
                    6
                  ],
                  "rotation": 180,
                  "texture": "#deerhead"
                },
                "up": {
                  "uv": [
                    9.33333,
                    5.58333,
                    9.64583,
                    5.94583
                  ],
                  "rotation": 90,
                  "texture": "#deerhead"
                },
                "down": {
                  "uv": [
                    9.33333,
                    5.58333,
                    9.64583,
                    5.94583
                  ],
                  "rotation": 270,
                  "texture": "#deerhead"
                }
              },
              "children": [
                {
                  "name": "L_Ant12",
                  "from": [
                    0.75,
                    5.85,
                    0.375
                  ],
                  "to": [
                    1.8,
                    8.025,
                    1.125
                  ],
                  "rotationOrigin": [
                    1.275,
                    6.75,
                    0.75
                  ],
                  "faces": {
                    "north": {
                      "uv": [
                        2.75,
                        8.66667,
                        3.08333,
                        8.83333
                      ],
                      "rotation": 270,
                      "texture": "#deerhead"
                    },
                    "east": {
                      "uv": [
                        2.75,
                        8.75,
                        3.1125,
                        8.925
                      ],
                      "rotation": 270,
                      "texture": "#deerhead"
                    },
                    "south": {
                      "uv": [
                        2.75,
                        8.75,
                        3.1125,
                        8.925
                      ],
                      "rotation": 270,
                      "texture": "#deerhead"
                    },
                    "west": {
                      "uv": [
                        2.75,
                        8.75,
                        3.1125,
                        8.925
                      ],
                      "rotation": 270,
                      "texture": "#deerhead"
                    },
                    "up": {
                      "uv": [
                        10.16667,
                        8,
                        10.33333,
                        8.16667
                      ],
                      "rotation": 180,
                      "texture": "#deerhead"
                    },
                    "down": {
                      "uv": [
                        9.91667,
                        7.75,
                        10.08333,
                        7.91667
                      ],
                      "texture": "#deerhead"
                    }
                  }
                },
                {
                  "name": "L_Ant11",
                  "from": [
                    0.375,
                    -1.125,
                    0.375
                  ],
                  "to": [
                    1.8,
                    5.925,
                    1.5
                  ],
                  "rotationOrigin": [
                    1.0875,
                    2.4,
                    0.9375
                  ],
                  "faces": {
                    "north": {
                      "uv": [
                        3.83333,
                        9.58333,
                        5.00833,
                        9.82083
                      ],
                      "rotation": 90,
                      "texture": "#deerhead"
                    },
                    "east": {
                      "uv": [
                        3.91667,
                        9.66667,
                        5.09167,
                        9.85417
                      ],
                      "rotation": 90,
                      "texture": "#deerhead"
                    },
                    "south": {
                      "uv": [
                        3.91667,
                        9.66667,
                        5.09167,
                        9.90417
                      ],
                      "rotation": 90,
                      "texture": "#deerhead"
                    },
                    "west": {
                      "uv": [
                        3.91667,
                        9.66667,
                        5.09167,
                        9.85417
                      ],
                      "rotation": 90,
                      "texture": "#deerhead"
                    },
                    "up": {
                      "uv": [
                        10.33333,
                        8.33333,
                        10.58333,
                        8.5
                      ],
                      "texture": "#deerhead"
                    },
                    "down": {
                      "uv": [
                        9.5,
                        7.75,
                        9.7375,
                        7.9375
                      ],
                      "rotation": 180,
                      "texture": "#deerhead"
                    }
                  }
                },
                {
                  "name": "L_Ant10",
                  "from": [
                    0.525,
                    4.0456,
                    0.7206
                  ],
                  "to": [
                    1.65,
                    5.6206,
                    8.0706
                  ],
                  "rotationOrigin": [
                    1.0875,
                    4.8331,
                    4.3956
                  ],
                  "rotationX": -22.499993,
                  "rotationZ": 4.0E-6,
                  "faces": {
                    "north": {
                      "uv": [
                        9.66667,
                        7.75,
                        9.85417,
                        8.0125
                      ],
                      "rotation": 180,
                      "texture": "#deerhead"
                    },
                    "east": {
                      "uv": [
                        3.08333,
                        9.25,
                        4.30833,
                        9.5125
                      ],
                      "rotation": 180,
                      "texture": "#deerhead"
                    },
                    "south": {
                      "uv": [
                        10.33333,
                        8.25,
                        10.5,
                        8.5
                      ],
                      "rotation": 180,
                      "texture": "#deerhead"
                    },
                    "west": {
                      "uv": [
                        3.08333,
                        9.25,
                        4.33333,
                        9.5
                      ],
                      "rotation": 180,
                      "texture": "#deerhead"
                    },
                    "up": {
                      "uv": [
                        3.16667,
                        9.08333,
                        4.41667,
                        9.25
                      ],
                      "rotation": 90,
                      "texture": "#deerhead"
                    },
                    "down": {
                      "uv": [
                        3.08333,
                        9.25,
                        4.33333,
                        9.5
                      ],
                      "rotation": 270,
                      "texture": "#deerhead"
                    }
                  }
                },
                {
                  "name": "L_Ant9",
                  "from": [
                    0.675,
                    6.8742,
                    1.7947
                  ],
                  "to": [
                    1.5,
                    9.6492,
                    2.6197
                  ],
                  "rotationOrigin": [
                    1.0875,
                    8.1867,
                    2.2072
                  ],
                  "rotationX": -22.499993,
                  "rotationZ": 4.0E-6,
                  "faces": {
                    "north": {
                      "uv": [
                        2.66667,
                        8.16667,
                        3.15417,
                        8.30417
                      ],
                      "rotation": 90,
                      "texture": "#deerhead"
                    },
                    "east": {
                      "uv": [
                        2.66667,
                        8.16667,
                        3.15417,
                        8.30417
                      ],
                      "rotation": 90,
                      "texture": "#deerhead"
                    },
                    "south": {
                      "uv": [
                        2.66667,
                        8.16667,
                        3.15417,
                        8.30417
                      ],
                      "rotation": 90,
                      "texture": "#deerhead"
                    },
                    "west": {
                      "uv": [
                        2.66667,
                        8.16667,
                        3.15417,
                        8.30417
                      ],
                      "rotation": 90,
                      "texture": "#deerhead"
                    },
                    "up": {
                      "uv": [
                        9.33333,
                        7.58333,
                        9.47083,
                        7.72083
                      ],
                      "texture": "#deerhead"
                    },
                    "down": {
                      "uv": [
                        9.66667,
                        7.91667,
                        9.80417,
                        8.05417
                      ],
                      "rotation": 180,
                      "texture": "#deerhead"
                    }
                  }
                },
                {
                  "name": "L_Ant8",
                  "from": [
                    0.675,
                    5.0922,
                    2.6415
                  ],
                  "to": [
                    1.5,
                    7.2672,
                    3.8415
                  ],
                  "rotationOrigin": [
                    1.0875,
                    6.1797,
                    3.2415
                  ],
                  "rotationX": -22.499993,
                  "rotationZ": 4.0E-6,
                  "faces": {
                    "north": {
                      "uv": [
                        2.66667,
                        7.75,
                        3.02917,
                        7.95
                      ],
                      "rotation": 90,
                      "texture": "#deerhead"
                    },
                    "east": {
                      "uv": [
                        2.66667,
                        7.75,
                        3.02917,
                        7.95
                      ],
                      "rotation": 90,
                      "texture": "#deerhead"
                    },
                    "south": {
                      "uv": [
                        2.66667,
                        7.75,
                        3.02917,
                        7.95
                      ],
                      "rotation": 90,
                      "texture": "#deerhead"
                    },
                    "west": {
                      "uv": [
                        2.66667,
                        7.75,
                        3.02917,
                        7.95
                      ],
                      "rotation": 90,
                      "texture": "#deerhead"
                    },
                    "up": {
                      "uv": [
                        9.58333,
                        7.75,
                        9.72083,
                        7.95
                      ],
                      "texture": "#deerhead"
                    },
                    "down": {
                      "uv": [
                        9.75,
                        7.83333,
                        9.8875,
                        8.03333
                      ],
                      "rotation": 180,
                      "texture": "#deerhead"
                    }
                  }
                },
                {
                  "name": "L_Ant6",
                  "from": [
                    0.675,
                    5.9979,
                    4.9202
                  ],
                  "to": [
                    1.5,
                    7.8729,
                    6.1202
                  ],
                  "rotationOrigin": [
                    1.0875,
                    7.0104,
                    5.5202
                  ],
                  "rotationX": -22.499993,
                  "rotationZ": 4.0E-6,
                  "faces": {
                    "north": {
                      "uv": [
                        2.83333,
                        8.33333,
                        3.17083,
                        8.47083
                      ],
                      "rotation": 90,
                      "texture": "#deerhead"
                    },
                    "east": {
                      "uv": [
                        2.83333,
                        8.33333,
                        3.17083,
                        8.53333
                      ],
                      "rotation": 90,
                      "texture": "#deerhead"
                    },
                    "south": {
                      "uv": [
                        2.83333,
                        8.33333,
                        3.17083,
                        8.47083
                      ],
                      "rotation": 90,
                      "texture": "#deerhead"
                    },
                    "west": {
                      "uv": [
                        2.83333,
                        8.33333,
                        3.17083,
                        8.53333
                      ],
                      "rotation": 90,
                      "texture": "#deerhead"
                    },
                    "up": {
                      "uv": [
                        9.58333,
                        7.83333,
                        9.72083,
                        8.03333
                      ],
                      "texture": "#deerhead"
                    },
                    "down": {
                      "uv": [
                        9.58333,
                        8,
                        9.72083,
                        8.2
                      ],
                      "rotation": 180,
                      "texture": "#deerhead"
                    }
                  }
                },
                {
                  "name": "L_Ant7",
                  "from": [
                    0.675,
                    7.6291,
                    4.4445
                  ],
                  "to": [
                    1.5,
                    9.6541,
                    5.2695
                  ],
                  "rotationOrigin": [
                    1.0875,
                    8.6416,
                    4.857
                  ],
                  "rotationX": -22.499993,
                  "rotationZ": 4.0E-6,
                  "faces": {
                    "north": {
                      "uv": [
                        3,
                        8.33333,
                        3.3375,
                        8.47083
                      ],
                      "rotation": 90,
                      "texture": "#deerhead"
                    },
                    "east": {
                      "uv": [
                        3,
                        8.33333,
                        3.3375,
                        8.47083
                      ],
                      "rotation": 90,
                      "texture": "#deerhead"
                    },
                    "south": {
                      "uv": [
                        3,
                        8.33333,
                        3.3375,
                        8.47083
                      ],
                      "rotation": 90,
                      "texture": "#deerhead"
                    },
                    "west": {
                      "uv": [
                        3,
                        8.33333,
                        3.3375,
                        8.47083
                      ],
                      "rotation": 90,
                      "texture": "#deerhead"
                    },
                    "up": {
                      "uv": [
                        9.66667,
                        7.75,
                        9.80417,
                        7.8875
                      ],
                      "texture": "#deerhead"
                    },
                    "down": {
                      "uv": [
                        9.58333,
                        7.83333,
                        9.72083,
                        7.97083
                      ],
                      "rotation": 180,
                      "texture": "#deerhead"
                    }
                  }
                },
                {
                  "name": "L_Ant5",
                  "from": [
                    -3.0877,
                    6.6,
                    8.2378
                  ],
                  "to": [
                    -2.2627,
                    8.175,
                    9.0628
                  ],
                  "rotationOrigin": [
                    -2.6752,
                    7.3875,
                    8.6503
                  ],
                  "rotationX": -1.0E-6,
                  "rotationY": 22.499998,
                  "rotationZ": -1.0E-6,
                  "faces": {
                    "north": {
                      "uv": [
                        4,
                        9,
                        4.2625,
                        9.1375
                      ],
                      "rotation": 90,
                      "texture": "#deerhead"
                    },
                    "east": {
                      "uv": [
                        4,
                        9,
                        4.2625,
                        9.1375
                      ],
                      "rotation": 90,
                      "texture": "#deerhead"
                    },
                    "south": {
                      "uv": [
                        4,
                        9,
                        4.2625,
                        9.1375
                      ],
                      "rotation": 90,
                      "texture": "#deerhead"
                    },
                    "west": {
                      "uv": [
                        4,
                        9,
                        4.2625,
                        9.1375
                      ],
                      "rotation": 90,
                      "texture": "#deerhead"
                    },
                    "up": {
                      "uv": [
                        9.33333,
                        7.75,
                        9.47083,
                        7.8875
                      ],
                      "texture": "#deerhead"
                    },
                    "down": {
                      "uv": [
                        9.83333,
                        7.75,
                        9.97083,
                        7.8875
                      ],
                      "rotation": 180,
                      "texture": "#deerhead"
                    }
                  }
                },
                {
                  "name": "L_Ant4",
                  "from": [
                    -0.6877,
                    7.875,
                    7.3378
                  ],
                  "to": [
                    0.1373,
                    9.375,
                    8.1628
                  ],
                  "rotationOrigin": [
                    -0.2752,
                    8.55,
                    7.7503
                  ],
                  "rotationY": 22.499998,
                  "faces": {
                    "north": {
                      "uv": [
                        4.58333,
                        9.16667,
                        4.85833,
                        9.30417
                      ],
                      "rotation": 90,
                      "texture": "#deerhead"
                    },
                    "east": {
                      "uv": [
                        4.58333,
                        9.16667,
                        4.85833,
                        9.30417
                      ],
                      "rotation": 90,
                      "texture": "#deerhead"
                    },
                    "south": {
                      "uv": [
                        4.58333,
                        9.16667,
                        4.85833,
                        9.30417
                      ],
                      "rotation": 90,
                      "texture": "#deerhead"
                    },
                    "west": {
                      "uv": [
                        4.58333,
                        9.16667,
                        4.85833,
                        9.30417
                      ],
                      "rotation": 90,
                      "texture": "#deerhead"
                    },
                    "up": {
                      "uv": [
                        9.33333,
                        7.83333,
                        9.47083,
                        7.97083
                      ],
                      "texture": "#deerhead"
                    },
                    "down": {
                      "uv": [
                        9.66667,
                        8,
                        9.80417,
                        8.1375
                      ],
                      "rotation": 180,
                      "texture": "#deerhead"
                    }
                  }
                },
                {
                  "name": "L_Ant3",
                  "from": [
                    -1.0484,
                    6.6,
                    7.4095
                  ],
                  "to": [
                    0.1516,
                    7.875,
                    8.2345
                  ],
                  "rotationOrigin": [
                    -0.4484,
                    7.2375,
                    7.822
                  ],
                  "rotationY": 22.499998,
                  "faces": {
                    "north": {
                      "uv": [
                        4.5,
                        9.41667,
                        4.7,
                        9.62917
                      ],
                      "rotation": 180,
                      "texture": "#deerhead"
                    },
                    "east": {
                      "uv": [
                        4.5,
                        9.41667,
                        4.6375,
                        9.62917
                      ],
                      "rotation": 180,
                      "texture": "#deerhead"
                    },
                    "south": {
                      "uv": [
                        4.5,
                        9.41667,
                        4.7,
                        9.62917
                      ],
                      "rotation": 180,
                      "texture": "#deerhead"
                    },
                    "west": {
                      "uv": [
                        4.5,
                        9.41667,
                        4.6375,
                        9.62917
                      ],
                      "rotation": 180,
                      "texture": "#deerhead"
                    },
                    "up": {
                      "uv": [
                        4.5,
                        9.41667,
                        4.6375,
                        9.61667
                      ],
                      "rotation": 90,
                      "texture": "#deerhead"
                    },
                    "down": {
                      "uv": [
                        4.5,
                        9.41667,
                        4.6375,
                        9.61667
                      ],
                      "rotation": 270,
                      "texture": "#deerhead"
                    }
                  }
                },
                {
                  "name": "L_Ant2",
                  "from": [
                    -4.7128,
                    5.25,
                    7.6901
                  ],
                  "to": [
                    1.7372,
                    6.675,
                    8.8151
                  ],
                  "rotationOrigin": [
                    -1.4878,
                    5.9625,
                    8.2526
                  ],
                  "rotationY": 22.499998,
                  "faces": {
                    "north": {
                      "uv": [
                        1,
                        8.58333,
                        2.075,
                        8.82083
                      ],
                      "rotation": 180,
                      "texture": "#deerhead"
                    },
                    "east": {
                      "uv": [
                        10.33333,
                        8.25,
                        10.5,
                        8.5
                      ],
                      "rotation": 180,
                      "texture": "#deerhead"
                    },
                    "south": {
                      "uv": [
                        1,
                        8.58333,
                        2.075,
                        8.82083
                      ],
                      "rotation": 180,
                      "texture": "#deerhead"
                    },
                    "west": {
                      "uv": [
                        10.41667,
                        8.25,
                        10.58333,
                        8.5
                      ],
                      "rotation": 180,
                      "texture": "#deerhead"
                    },
                    "up": {
                      "uv": [
                        2.16667,
                        9.16667,
                        3.25,
                        9.41667
                      ],
                      "rotation": 90,
                      "texture": "#deerhead"
                    },
                    "down": {
                      "uv": [
                        1,
                        8.58333,
                        2.075,
                        8.82083
                      ],
                      "rotation": 270,
                      "texture": "#deerhead"
                    }
                  }
                },
                {
                  "name": "L_Ant1",
                  "from": [
                    -6.2762,
                    5.4,
                    8.519
                  ],
                  "to": [
                    -4.0262,
                    6.375,
                    9.494
                  ],
                  "rotationOrigin": [
                    -5.1512,
                    5.8875,
                    9.0065
                  ],
                  "rotationY": -22.499998,
                  "faces": {
                    "north": {
                      "uv": [
                        2.75,
                        8.91667,
                        3.16667,
                        9.08333
                      ],
                      "texture": "#deerhead"
                    },
                    "east": {
                      "uv": [
                        9.58333,
                        8,
                        9.74583,
                        8.1625
                      ],
                      "texture": "#deerhead"
                    },
                    "south": {
                      "uv": [
                        2.75,
                        8.91667,
                        3.16667,
                        9.08333
                      ],
                      "texture": "#deerhead"
                    },
                    "west": {
                      "uv": [
                        9.66667,
                        7.75,
                        9.82917,
                        7.9125
                      ],
                      "texture": "#deerhead"
                    },
                    "up": {
                      "uv": [
                        2.75,
                        8.91667,
                        3.16667,
                        9.08333
                      ],
                      "rotation": 270,
                      "texture": "#deerhead"
                    },
                    "down": {
                      "uv": [
                        2.75,
                        8.91667,
                        3.16667,
                        9.08333
                      ],
                      "rotation": 90,
                      "texture": "#deerhead"
                    }
                  }
                }
              ]
            },
            {
              "name": "R_Antler_Base",
              "from": [
                5.4496,
                4.5904,
                0.3
              ],
              "to": [
                7.6246,
                6.9904,
                2.175
              ],
              "rotationOrigin": [
                6.5371,
                5.7904,
                1.2375
              ],
              "rotationX": -9.007167,
              "rotationY": 20.704808,
              "rotationZ": -24.148664,
              "faces": {
                "north": {
                  "uv": [
                    9.69583,
                    5.58333,
                    9.33333,
                    5.98333
                  ],
                  "rotation": 180,
                  "texture": "#deerhead"
                },
                "east": {
                  "uv": [
                    9.64583,
                    5.58333,
                    9.33333,
                    5.98333
                  ],
                  "rotation": 180,
                  "texture": "#deerhead"
                },
                "south": {
                  "uv": [
                    9.69583,
                    5.58333,
                    9.33333,
                    5.98333
                  ],
                  "rotation": 180,
                  "texture": "#deerhead"
                },
                "west": {
                  "uv": [
                    9.66667,
                    5.58333,
                    9.33333,
                    6
                  ],
                  "rotation": 180,
                  "texture": "#deerhead"
                },
                "up": {
                  "uv": [
                    9.64583,
                    5.58333,
                    9.33333,
                    5.94583
                  ],
                  "rotation": 90,
                  "texture": "#deerhead"
                },
                "down": {
                  "uv": [
                    9.64583,
                    5.58333,
                    9.33333,
                    5.94583
                  ],
                  "rotation": 270,
                  "texture": "#deerhead"
                }
              },
              "children": [
                {
                  "name": "R_Ant12",
                  "from": [
                    0.75,
                    5.85,
                    0.75
                  ],
                  "to": [
                    1.8,
                    8.025,
                    1.5
                  ],
                  "rotationOrigin": [
                    1.275,
                    6.75,
                    1.125
                  ],
                  "faces": {
                    "north": {
                      "uv": [
                        2.75,
                        8.925,
                        3.1125,
                        8.75
                      ],
                      "rotation": 270,
                      "texture": "#deerhead"
                    },
                    "east": {
                      "uv": [
                        2.75,
                        8.925,
                        3.1125,
                        8.75
                      ],
                      "rotation": 270,
                      "texture": "#deerhead"
                    },
                    "south": {
                      "uv": [
                        2.75,
                        8.83333,
                        3.08333,
                        8.66667
                      ],
                      "rotation": 270,
                      "texture": "#deerhead"
                    },
                    "west": {
                      "uv": [
                        2.75,
                        8.925,
                        3.1125,
                        8.75
                      ],
                      "rotation": 270,
                      "texture": "#deerhead"
                    },
                    "up": {
                      "uv": [
                        10.16667,
                        8.16667,
                        10.33333,
                        8
                      ],
                      "rotation": 180,
                      "texture": "#deerhead"
                    },
                    "down": {
                      "uv": [
                        9.91667,
                        7.91667,
                        10.08333,
                        7.75
                      ],
                      "texture": "#deerhead"
                    }
                  }
                },
                {
                  "name": "R_Ant10",
                  "from": [
                    0.525,
                    4.0456,
                    -6.1956
                  ],
                  "to": [
                    1.65,
                    5.6206,
                    1.1544
                  ],
                  "rotationOrigin": [
                    1.0875,
                    4.8331,
                    -2.5206
                  ],
                  "rotationX": 22.499993,
                  "rotationZ": -4.0E-6,
                  "faces": {
                    "north": {
                      "uv": [
                        10.5,
                        8.25,
                        10.33333,
                        8.5
                      ],
                      "rotation": 180,
                      "texture": "#deerhead"
                    },
                    "east": {
                      "uv": [
                        4.30833,
                        9.25,
                        3.08333,
                        9.5125
                      ],
                      "rotation": 180,
                      "texture": "#deerhead"
                    },
                    "south": {
                      "uv": [
                        9.85417,
                        7.75,
                        9.66667,
                        8.0125
                      ],
                      "rotation": 180,
                      "texture": "#deerhead"
                    },
                    "west": {
                      "uv": [
                        4.33333,
                        9.25,
                        3.08333,
                        9.5
                      ],
                      "rotation": 180,
                      "texture": "#deerhead"
                    },
                    "up": {
                      "uv": [
                        4.41667,
                        9.08333,
                        3.16667,
                        9.25
                      ],
                      "rotation": 90,
                      "texture": "#deerhead"
                    },
                    "down": {
                      "uv": [
                        4.33333,
                        9.25,
                        3.08333,
                        9.5
                      ],
                      "rotation": 270,
                      "texture": "#deerhead"
                    }
                  }
                },
                {
                  "name": "R_Ant8",
                  "from": [
                    0.675,
                    5.0922,
                    -1.9665
                  ],
                  "to": [
                    1.5,
                    7.2672,
                    -0.7665
                  ],
                  "rotationOrigin": [
                    1.0875,
                    6.1797,
                    -1.3665
                  ],
                  "rotationX": 22.499993,
                  "rotationZ": -4.0E-6,
                  "faces": {
                    "north": {
                      "uv": [
                        2.66667,
                        7.95,
                        3.02917,
                        7.75
                      ],
                      "rotation": 90,
                      "texture": "#deerhead"
                    },
                    "east": {
                      "uv": [
                        2.66667,
                        7.95,
                        3.02917,
                        7.75
                      ],
                      "rotation": 90,
                      "texture": "#deerhead"
                    },
                    "south": {
                      "uv": [
                        2.66667,
                        7.95,
                        3.02917,
                        7.75
                      ],
                      "rotation": 90,
                      "texture": "#deerhead"
                    },
                    "west": {
                      "uv": [
                        2.66667,
                        7.95,
                        3.02917,
                        7.75
                      ],
                      "rotation": 90,
                      "texture": "#deerhead"
                    },
                    "up": {
                      "uv": [
                        9.58333,
                        7.95,
                        9.72083,
                        7.75
                      ],
                      "texture": "#deerhead"
                    },
                    "down": {
                      "uv": [
                        9.75,
                        8.03333,
                        9.8875,
                        7.83333
                      ],
                      "rotation": 180,
                      "texture": "#deerhead"
                    }
                  }
                },
                {
                  "name": "R_Ant7",
                  "from": [
                    0.675,
                    7.6291,
                    -3.3945
                  ],
                  "to": [
                    1.5,
                    9.6541,
                    -2.5695
                  ],
                  "rotationOrigin": [
                    1.0875,
                    8.6416,
                    -2.982
                  ],
                  "rotationX": 22.499993,
                  "rotationZ": -4.0E-6,
                  "faces": {
                    "north": {
                      "uv": [
                        3,
                        8.47083,
                        3.3375,
                        8.33333
                      ],
                      "rotation": 90,
                      "texture": "#deerhead"
                    },
                    "east": {
                      "uv": [
                        3,
                        8.47083,
                        3.3375,
                        8.33333
                      ],
                      "rotation": 90,
                      "texture": "#deerhead"
                    },
                    "south": {
                      "uv": [
                        3,
                        8.47083,
                        3.3375,
                        8.33333
                      ],
                      "rotation": 90,
                      "texture": "#deerhead"
                    },
                    "west": {
                      "uv": [
                        3,
                        8.47083,
                        3.3375,
                        8.33333
                      ],
                      "rotation": 90,
                      "texture": "#deerhead"
                    },
                    "up": {
                      "uv": [
                        9.66667,
                        7.8875,
                        9.80417,
                        7.75
                      ],
                      "texture": "#deerhead"
                    },
                    "down": {
                      "uv": [
                        9.58333,
                        7.97083,
                        9.72083,
                        7.83333
                      ],
                      "rotation": 180,
                      "texture": "#deerhead"
                    }
                  }
                },
                {
                  "name": "R_Ant6",
                  "from": [
                    0.675,
                    5.9979,
                    -4.2452
                  ],
                  "to": [
                    1.5,
                    7.8729,
                    -3.0452
                  ],
                  "rotationOrigin": [
                    1.0875,
                    7.0104,
                    -3.6452
                  ],
                  "rotationX": 22.499993,
                  "rotationZ": -4.0E-6,
                  "faces": {
                    "north": {
                      "uv": [
                        2.83333,
                        8.47083,
                        3.17083,
                        8.33333
                      ],
                      "rotation": 90,
                      "texture": "#deerhead"
                    },
                    "east": {
                      "uv": [
                        2.83333,
                        8.53333,
                        3.17083,
                        8.33333
                      ],
                      "rotation": 90,
                      "texture": "#deerhead"
                    },
                    "south": {
                      "uv": [
                        2.83333,
                        8.47083,
                        3.17083,
                        8.33333
                      ],
                      "rotation": 90,
                      "texture": "#deerhead"
                    },
                    "west": {
                      "uv": [
                        2.83333,
                        8.53333,
                        3.17083,
                        8.33333
                      ],
                      "rotation": 90,
                      "texture": "#deerhead"
                    },
                    "up": {
                      "uv": [
                        9.58333,
                        8.03333,
                        9.72083,
                        7.83333
                      ],
                      "texture": "#deerhead"
                    },
                    "down": {
                      "uv": [
                        9.58333,
                        8.2,
                        9.72083,
                        8
                      ],
                      "rotation": 180,
                      "texture": "#deerhead"
                    }
                  }
                },
                {
                  "name": "R_Ant9",
                  "from": [
                    0.675,
                    6.8742,
                    -0.7447
                  ],
                  "to": [
                    1.5,
                    9.6492,
                    0.0803
                  ],
                  "rotationOrigin": [
                    1.0875,
                    8.1867,
                    -0.3322
                  ],
                  "rotationX": 22.499993,
                  "rotationZ": -4.0E-6,
                  "faces": {
                    "north": {
                      "uv": [
                        2.66667,
                        8.30417,
                        3.15417,
                        8.16667
                      ],
                      "rotation": 90,
                      "texture": "#deerhead"
                    },
                    "east": {
                      "uv": [
                        2.66667,
                        8.30417,
                        3.15417,
                        8.16667
                      ],
                      "rotation": 90,
                      "texture": "#deerhead"
                    },
                    "south": {
                      "uv": [
                        2.66667,
                        8.30417,
                        3.15417,
                        8.16667
                      ],
                      "rotation": 90,
                      "texture": "#deerhead"
                    },
                    "west": {
                      "uv": [
                        2.66667,
                        8.30417,
                        3.15417,
                        8.16667
                      ],
                      "rotation": 90,
                      "texture": "#deerhead"
                    },
                    "up": {
                      "uv": [
                        9.33333,
                        7.72083,
                        9.47083,
                        7.58333
                      ],
                      "texture": "#deerhead"
                    },
                    "down": {
                      "uv": [
                        9.66667,
                        8.05417,
                        9.80417,
                        7.91667
                      ],
                      "rotation": 180,
                      "texture": "#deerhead"
                    }
                  }
                },
                {
                  "name": "R_Ant4",
                  "from": [
                    -0.6877,
                    7.875,
                    -6.2878
                  ],
                  "to": [
                    0.1373,
                    9.375,
                    -5.4628
                  ],
                  "rotationOrigin": [
                    -0.2752,
                    8.55,
                    -5.8753
                  ],
                  "rotationY": -22.499998,
                  "faces": {
                    "north": {
                      "uv": [
                        4.58333,
                        9.30417,
                        4.85833,
                        9.16667
                      ],
                      "rotation": 90,
                      "texture": "#deerhead"
                    },
                    "east": {
                      "uv": [
                        4.58333,
                        9.30417,
                        4.85833,
                        9.16667
                      ],
                      "rotation": 90,
                      "texture": "#deerhead"
                    },
                    "south": {
                      "uv": [
                        4.58333,
                        9.30417,
                        4.85833,
                        9.16667
                      ],
                      "rotation": 90,
                      "texture": "#deerhead"
                    },
                    "west": {
                      "uv": [
                        4.58333,
                        9.30417,
                        4.85833,
                        9.16667
                      ],
                      "rotation": 90,
                      "texture": "#deerhead"
                    },
                    "up": {
                      "uv": [
                        9.33333,
                        7.97083,
                        9.47083,
                        7.83333
                      ],
                      "texture": "#deerhead"
                    },
                    "down": {
                      "uv": [
                        9.66667,
                        8.1375,
                        9.80417,
                        8
                      ],
                      "rotation": 180,
                      "texture": "#deerhead"
                    }
                  }
                },
                {
                  "name": "R_Ant3",
                  "from": [
                    -1.0484,
                    6.6,
                    -6.3595
                  ],
                  "to": [
                    0.1516,
                    7.875,
                    -5.5345
                  ],
                  "rotationOrigin": [
                    -0.4484,
                    7.2375,
                    -5.947
                  ],
                  "rotationY": -22.499998,
                  "faces": {
                    "north": {
                      "uv": [
                        4.7,
                        9.41667,
                        4.5,
                        9.62917
                      ],
                      "rotation": 180,
                      "texture": "#deerhead"
                    },
                    "east": {
                      "uv": [
                        4.6375,
                        9.41667,
                        4.5,
                        9.62917
                      ],
                      "rotation": 180,
                      "texture": "#deerhead"
                    },
                    "south": {
                      "uv": [
                        4.7,
                        9.41667,
                        4.5,
                        9.62917
                      ],
                      "rotation": 180,
                      "texture": "#deerhead"
                    },
                    "west": {
                      "uv": [
                        4.6375,
                        9.41667,
                        4.5,
                        9.62917
                      ],
                      "rotation": 180,
                      "texture": "#deerhead"
                    },
                    "up": {
                      "uv": [
                        4.6375,
                        9.41667,
                        4.5,
                        9.61667
                      ],
                      "rotation": 90,
                      "texture": "#deerhead"
                    },
                    "down": {
                      "uv": [
                        4.6375,
                        9.41667,
                        4.5,
                        9.61667
                      ],
                      "rotation": 270,
                      "texture": "#deerhead"
                    }
                  }
                },
                {
                  "name": "R_Ant2",
                  "from": [
                    -4.7128,
                    5.25,
                    -6.9401
                  ],
                  "to": [
                    1.7372,
                    6.675,
                    -5.8151
                  ],
                  "rotationOrigin": [
                    -1.4878,
                    5.9625,
                    -6.3776
                  ],
                  "rotationY": -22.499998,
                  "faces": {
                    "north": {
                      "uv": [
                        2.075,
                        8.58333,
                        1,
                        8.82083
                      ],
                      "rotation": 180,
                      "texture": "#deerhead"
                    },
                    "east": {
                      "uv": [
                        10.5,
                        8.25,
                        10.33333,
                        8.5
                      ],
                      "rotation": 180,
                      "texture": "#deerhead"
                    },
                    "south": {
                      "uv": [
                        2.075,
                        8.58333,
                        1,
                        8.82083
                      ],
                      "rotation": 180,
                      "texture": "#deerhead"
                    },
                    "west": {
                      "uv": [
                        10.58333,
                        8.25,
                        10.41667,
                        8.5
                      ],
                      "rotation": 180,
                      "texture": "#deerhead"
                    },
                    "up": {
                      "uv": [
                        3.25,
                        9.16667,
                        2.16667,
                        9.41667
                      ],
                      "rotation": 90,
                      "texture": "#deerhead"
                    },
                    "down": {
                      "uv": [
                        2.075,
                        8.58333,
                        1,
                        8.82083
                      ],
                      "rotation": 270,
                      "texture": "#deerhead"
                    }
                  }
                },
                {
                  "name": "R_Ant1",
                  "from": [
                    -6.2762,
                    5.4,
                    -7.619
                  ],
                  "to": [
                    -4.0262,
                    6.375,
                    -6.644
                  ],
                  "rotationOrigin": [
                    -5.1512,
                    5.8875,
                    -7.1315
                  ],
                  "rotationY": 22.499998,
                  "faces": {
                    "north": {
                      "uv": [
                        3.16667,
                        8.91667,
                        2.75,
                        9.08333
                      ],
                      "texture": "#deerhead"
                    },
                    "east": {
                      "uv": [
                        9.74583,
                        8,
                        9.58333,
                        8.1625
                      ],
                      "texture": "#deerhead"
                    },
                    "south": {
                      "uv": [
                        3.16667,
                        8.91667,
                        2.75,
                        9.08333
                      ],
                      "texture": "#deerhead"
                    },
                    "west": {
                      "uv": [
                        9.82917,
                        7.75,
                        9.66667,
                        7.9125
                      ],
                      "texture": "#deerhead"
                    },
                    "up": {
                      "uv": [
                        3.16667,
                        8.91667,
                        2.75,
                        9.08333
                      ],
                      "rotation": 270,
                      "texture": "#deerhead"
                    },
                    "down": {
                      "uv": [
                        3.16667,
                        8.91667,
                        2.75,
                        9.08333
                      ],
                      "rotation": 90,
                      "texture": "#deerhead"
                    }
                  }
                },
                {
                  "name": "R_Ant5",
                  "from": [
                    -3.0877,
                    6.6,
                    -7.1878
                  ],
                  "to": [
                    -2.2627,
                    8.175,
                    -6.3628
                  ],
                  "rotationOrigin": [
                    -2.6752,
                    7.3875,
                    -6.7753
                  ],
                  "rotationY": -22.499998,
                  "faces": {
                    "north": {
                      "uv": [
                        4,
                        9.1375,
                        4.2625,
                        9
                      ],
                      "rotation": 90,
                      "texture": "#deerhead"
                    },
                    "east": {
                      "uv": [
                        4,
                        9.1375,
                        4.2625,
                        9
                      ],
                      "rotation": 90,
                      "texture": "#deerhead"
                    },
                    "south": {
                      "uv": [
                        4,
                        9.1375,
                        4.2625,
                        9
                      ],
                      "rotation": 90,
                      "texture": "#deerhead"
                    },
                    "west": {
                      "uv": [
                        4,
                        9.1375,
                        4.2625,
                        9
                      ],
                      "rotation": 90,
                      "texture": "#deerhead"
                    },
                    "up": {
                      "uv": [
                        9.33333,
                        7.8875,
                        9.47083,
                        7.75
                      ],
                      "texture": "#deerhead"
                    },
                    "down": {
                      "uv": [
                        9.83333,
                        7.8875,
                        9.97083,
                        7.75
                      ],
                      "rotation": 180,
                      "texture": "#deerhead"
                    }
                  }
                },
                {
                  "name": "R_Ant11",
                  "from": [
                    0.375,
                    -1.125,
                    0.375
                  ],
                  "to": [
                    1.8,
                    5.925,
                    1.5
                  ],
                  "rotationOrigin": [
                    1.0875,
                    2.4,
                    0.9375
                  ],
                  "rotationX": -2.2566816896820956E-6,
                  "rotationY": -2.5555467431373152E-6,
                  "rotationZ": -3.415094397496438E-6,
                  "faces": {
                    "north": {
                      "uv": [
                        3.91667,
                        9.90417,
                        5.09167,
                        9.66667
                      ],
                      "rotation": 90,
                      "texture": "#deerhead"
                    },
                    "east": {
                      "uv": [
                        3.91667,
                        9.85417,
                        5.09167,
                        9.66667
                      ],
                      "rotation": 90,
                      "texture": "#deerhead"
                    },
                    "south": {
                      "uv": [
                        3.83333,
                        9.82083,
                        5.00833,
                        9.58333
                      ],
                      "rotation": 90,
                      "texture": "#deerhead"
                    },
                    "west": {
                      "uv": [
                        3.91667,
                        9.85417,
                        5.09167,
                        9.66667
                      ],
                      "rotation": 90,
                      "texture": "#deerhead"
                    },
                    "up": {
                      "uv": [
                        10.33333,
                        8.5,
                        10.58333,
                        8.33333
                      ],
                      "texture": "#deerhead"
                    },
                    "down": {
                      "uv": [
                        9.5,
                        7.9375,
                        9.7375,
                        7.75
                      ],
                      "rotation": 180,
                      "texture": "#deerhead"
                    }
                  }
                }
              ]
            }
          ]
        }
      ]
    },
    {
      "name": "plaque1",
      "from": [
        -0.25,
        -0.12,
        -1.25
      ],
      "to": [
        8.75,
        8.88,
        2.75
      ],
      "rotationOrigin": [
        8.75,
        1.0,
        -1.0
      ],
      "rotationZ": -45.0,
      "faces": {
        "north": {
          "texture": "#plaque",
          "uv": [
            0.0,
            0.5,
            9.0,
            9.5
          ]
        },
        "east": {
          "texture": "#plaque",
          "uv": [
            0.0,
            0.5,
            4.0,
            9.5
          ]
        },
        "south": {
          "texture": "#plaque",
          "uv": [
            0.0,
            0.5,
            9.0,
            9.5
          ]
        },
        "west": {
          "texture": "#plaque",
          "uv": [
            0.0,
            0.5,
            4.0,
            9.5
          ]
        },
        "up": {
          "texture": "#plaque",
          "uv": [
            0.0,
            0.5,
            9.0,
            4.5
          ]
        },
        "down": {
          "texture": "#plaque",
          "uv": [
            0.0,
            5.5,
            9.0,
            9.5
          ]
        }
      },
      "children": [
        {
          "name": "plaque2",
          "from": [
            -0.0924,
            -0.1407,
            0.03
          ],
          "to": [
            6.2076,
            6.9593,
            4.03
          ],
          "rotationOrigin": [
            -0.1924,
            0.0593,
            0.0
          ],
          "rotationZ": 45.00000115147458,
          "faces": {
            "north": {
              "texture": "#plaque",
              "uv": [
                10.0,
                6.0,
                16.0,
                13.0
              ]
            },
            "east": {
              "texture": "#plaque",
              "uv": [
                11.5,
                6.0,
                15.5,
                13.0
              ]
            },
            "south": {
              "texture": "#plaque",
              "uv": [
                10.0,
                6.0,
                16.0,
                13.0
              ]
            },
            "west": {
              "texture": "#plaque",
              "uv": [
                11.5,
                6.0,
                15.5,
                13.0
              ]
            },
            "up": {
              "texture": "#plaque",
              "uv": [
                4.5,
                6.0,
                10.5,
                10.0
              ]
            },
            "down": {
              "texture": "#plaque",
              "uv": [
                4.0,
                6.0,
                10.0,
                10.0
              ]
            }
          }
        },
        {
          "name": "plaque3",
          "from": [
            0.9076,
            6.9593,
            0.03
          ],
          "to": [
            11.7076,
            7.9593,
            4.03
          ],
          "rotationOrigin": [
            -0.1924,
            0.0593,
            0.0
          ],
          "rotationZ": 45.00000115147458,
          "faces": {
            "north": {
              "texture": "#plaque",
              "uv": [
                3.0,
                2.5,
                13.5,
                3.5
              ]
            },
            "east": {
              "texture": "#plaque",
              "uv": [
                8.0,
                4.0,
                12.0,
                5.0
              ]
            },
            "south": {
              "texture": "#plaque",
              "uv": [
                2.5,
                3.0,
                13.0,
                4.0
              ]
            },
            "west": {
              "texture": "#plaque",
              "uv": [
                3.5,
                1.5,
                7.5,
                2.5
              ]
            },
            "up": {
              "texture": "#plaque",
              "uv": [
                2.5,
                6.0,
                13.0,
                10.0
              ]
            },
            "down": {
              "texture": "#plaque",
              "uv": [
                3.5,
                0.5,
                14.0,
                4.5
              ],
              "enabled": false
            }
          }
        },
        {
          "name": "plaque4",
          "from": [
            1.2005,
            7.6664,
            0.03
          ],
          "to": [
            10.0005,
            8.6664,
            4.03
          ],
          "rotationOrigin": [
            -0.8995,
            0.7664,
            0.0
          ],
          "rotationZ": 45.00000115147458,
          "faces": {
            "north": {
              "texture": "#plaque",
              "uv": [
                7.0,
                6.0,
                15.5,
                7.0
              ]
            },
            "east": {
              "texture": "#plaque",
              "uv": [
                9.5,
                2.5,
                13.5,
                3.5
              ]
            },
            "south": {
              "texture": "#plaque",
              "uv": [
                6.0,
                1.5,
                14.5,
                2.5
              ]
            },
            "west": {
              "texture": "#plaque",
              "uv": [
                3.0,
                2.5,
                7.0,
                3.5
              ]
            },
            "up": {
              "texture": "#plaque",
              "uv": [
                6.0,
                0.5,
                14.5,
                4.5
              ]
            },
            "down": {
              "texture": "#plaque",
              "uv": [
                0.0,
                3.0,
                8.5,
                7.0
              ],
              "enabled": false
            }
          }
        },
        {
          "name": "plaque5",
          "from": [
            2.4,
            9.1517,
            0.03
          ],
          "to": [
            8.9,
            16.1517,
            4.03
          ],
          "rotationOrigin": [
            9.0,
            9.2517,
            0.0
          ],
          "rotationZ": 45.00000115147458,
          "faces": {
            "north": {
              "texture": "#plaque",
              "uv": [
                9.5,
                6.0,
                16.0,
                13.0
              ]
            },
            "east": {
              "texture": "#plaque",
              "uv": [
                11.5,
                6.0,
                15.5,
                13.0
              ]
            },
            "south": {
              "texture": "#plaque",
              "uv": [
                9.5,
                6.0,
                16.0,
                13.0
              ]
            },
            "west": {
              "texture": "#plaque",
              "uv": [
                11.5,
                6.0,
                15.5,
                13.0
              ]
            },
            "up": {
              "texture": "#plaque",
              "uv": [
                1.5,
                6.0,
                8.0,
                10.0
              ]
            },
            "down": {
              "texture": "#plaque",
              "uv": [
                1.0,
                6.0,
                7.5,
                10.0
              ]
            }
          }
        }
      ]
    }
  ]
}