{
	"editor": {
		"allAngles": false,
		"entityTextureMode": false
	},
	"textureWidth": 16,
	"textureHeight": 16,
	"textureSizes": {
	},
	"textures": {
	},
	"elements": [
		{
			"name": "Cube1",
			"from": [ 3.0, 0.0, 3.0 ], 
			"to": [ 3.0, 0.0, 3.0 ], 
			"rotationOrigin": [ 8.0, 0.0, 8.0 ],
			"faces": {
				"north": { "texture": "#ceramic", "uv": [ 14.5, 2.5, 15.0, 3.0 ] },
				"east": { "texture": "#ceramic", "uv": [ 13.5, 2.0, 14.0, 2.5 ] },
				"south": { "texture": "#ceramic", "uv": [ 6.0, 12.5, 6.5, 13.0 ] },
				"west": { "texture": "#ceramic", "uv": [ 3.0, 3.0, 3.5, 3.5 ] },
				"up": { "texture": "#ceramic", "uv": [ 10.0, 8.0, 10.5, 8.5 ] },
				"down": { "texture": "#ceramic", "uv": [ 4.0, 4.5, 14.0, 14.5 ] }
			},
			"children": [
				{
					"name": "Cube2",
					"from": [ -1.0, 0.0, -2.0 ], 
					"to": [ 11.0, 2.0, -1.0 ], 
					"rotationOrigin": [ -1.0, 0.0, 0.0 ],
					"faces": {
						"north": { "texture": "#ceramic", "uv": [ 2.5, 2.5, 14.5, 4.5 ] },
						"east": { "texture": "#ceramic", "uv": [ 9.0, 5.0, 10.0, 7.0 ] },
						"south": { "texture": "#ceramic", "uv": [ 2.5, 7.5, 14.5, 9.5 ] },
						"west": { "texture": "#ceramic", "uv": [ 11.5, 9.5, 12.5, 11.5 ] },
						"up": { "texture": "#ceramic", "uv": [ 1.5, 14.5, 13.5, 15.5 ] },
						"down": { "texture": "#ceramic", "uv": [ 1.0, 11.0, 13.0, 12.0 ] }
					}
				},
				{
					"name": "Cube3",
					"from": [ -1.0, 0.0, 11.0 ], 
					"to": [ 11.0, 2.0, 12.0 ], 
					"rotationOrigin": [ -1.0, 0.0, 1.0 ],
					"faces": {
						"north": { "texture": "#ceramic", "uv": [ 3.5, 2.0, 15.5, 4.0 ] },
						"east": { "texture": "#ceramic", "uv": [ 0.0, 1.5, 1.0, 3.5 ] },
						"south": { "texture": "#ceramic", "uv": [ 2.0, 11.5, 14.0, 13.5 ] },
						"west": { "texture": "#ceramic", "uv": [ 9.0, 7.0, 10.0, 9.0 ] },
						"up": { "texture": "#ceramic", "uv": [ 0.5, 11.0, 12.5, 12.0 ] },
						"down": { "texture": "#ceramic", "uv": [ 3.5, 7.5, 15.5, 8.5 ] }
					}
				},
				{
					"name": "Cube4",
					"from": [ -2.0, 0.0, -2.0 ], 
					"to": [ -1.0, 2.0, 12.0 ], 
					"faces": {
						"north": { "texture": "#ceramic", "uv": [ 0.0, 1.0, 2.0, 3.0 ] },
						"east": { "texture": "#ceramic", "uv": [ 1.5, 4.5, 15.5, 6.5 ] },
						"south": { "texture": "#ceramic", "uv": [ 5.5, 13.5, 6.5, 15.5 ] },
						"west": { "texture": "#ceramic", "uv": [ 0.0, 8.0, 14.0, 10.0 ] },
						"up": { "texture": "#ceramic", "uv": [ 11.0, 1.5, 12.0, 15.5 ] },
						"down": { "texture": "#ceramic", "uv": [ 11.0, 1.0, 12.0, 15.0 ] }
					}
				},
				{
					"name": "Cube5",
					"from": [ 11.0, 0.0, -2.0 ], 
					"to": [ 12.0, 2.0, 12.0 ], 
					"rotationOrigin": [ 1.0, 0.0, 0.0 ],
					"faces": {
						"north": { "texture": "#ceramic", "uv": [ 11.0, 1.0, 12.0, 3.0 ] },
						"east": { "texture": "#ceramic", "uv": [ 1.0, 10.0, 15.0, 12.0 ] },
						"south": { "texture": "#ceramic", "uv": [ 0.0, 9.0, 2.0, 11.0 ] },
						"west": { "texture": "#ceramic", "uv": [ 1.5, 9.5, 15.5, 11.5 ] },
						"up": { "texture": "#ceramic", "uv": [ 14.5, 1.5, 15.5, 15.5 ] },
						"down": { "texture": "#ceramic", "uv": [ 7.5, 0.0, 8.5, 14.0 ] }
					}
				},
				{
					"name": "Cube15",
					"from": [ -1.0, 0.0, -1.0 ], 
					"to": [ 11.0, 1.0, 11.0 ], 
					"rotationOrigin": [ -4.0, 0.0, -4.0 ],
					"faces": {
						"north": { "texture": "#floor", "uv": [ 0.0, 4.5, 12.0, 5.5 ] },
						"east": { "texture": "#floor", "uv": [ 2.0, 1.5, 14.0, 2.5 ] },
						"south": { "texture": "#floor", "uv": [ 3.5, 14.5, 15.5, 15.5 ] },
						"west": { "texture": "#floor", "uv": [ 3.0, 14.5, 15.0, 15.5 ] },
						"up": { "texture": "#floor", "uv": [ 3.5, 0.5, 15.5, 12.5 ] },
						"down": { "texture": "#floor", "uv": [ 5.5, 2.5, 15.5, 12.5 ] }
					}
				}
			]
		},
		{
			"name": "Cube51",
			"from": [ 2.0, 1.0, 13.0 ], 
			"to": [ 2.0, 1.0, 13.0 ], 
			"rotationOrigin": [ 8.0, 1.0, 8.0 ],
			"rotationY": -180.0,
			"faces": {
				"north": { "texture": "#ceramic", "uv": [ 12.0, 6.5, 12.5, 7.0 ] },
				"east": { "texture": "#ceramic", "uv": [ 7.5, 12.0, 8.0, 12.5 ] },
				"south": { "texture": "#ceramic", "uv": [ 5.5, 2.0, 6.0, 2.5 ] },
				"west": { "texture": "#ceramic", "uv": [ 9.5, 2.5, 10.0, 3.0 ] },
				"up": { "texture": "#ceramic", "uv": [ 2.5, 1.5, 3.0, 2.0 ] },
				"down": { "texture": "#ceramic", "uv": [ 14.0, 6.0, 14.5, 6.5 ] }
			},
			"children": [
				{
					"name": "Cube53",
					"from": [ 1.0, 0.0, -2.0 ], 
					"to": [ 4.0, 1.0, 0.0 ], 
					"rotationOrigin": [ 1.0, 0.0, -2.0 ],
					"faces": {
						"north": { "texture": "#ceramic", "uv": [ 6.0, 9.5, 9.0, 10.5 ] },
						"east": { "texture": "#ceramic", "uv": [ 6.0, 5.5, 8.0, 6.5 ] },
						"south": { "texture": "#ceramic", "uv": [ 8.5, 14.0, 11.5, 15.0 ] },
						"west": { "texture": "#ceramic", "uv": [ 1.5, 10.0, 3.5, 11.0 ] },
						"up": { "texture": "#ceramic", "uv": [ 7.0, 10.0, 10.0, 12.0 ] },
						"down": { "texture": "#ceramic", "uv": [ 9.0, 1.5, 12.0, 3.5 ] }
					}
				},
				{
					"name": "Cube54",
					"from": [ 5.0, 0.0, 0.0 ], 
					"to": [ 7.0, 1.0, 1.0 ], 
					"rotationOrigin": [ 5.0, 0.0, 0.0 ],
					"faces": {
						"north": { "texture": "#ceramic", "uv": [ 8.5, 0.0, 10.5, 1.0 ] },
						"east": { "texture": "#ceramic", "uv": [ 1.0, 12.5, 2.0, 13.5 ] },
						"south": { "texture": "#ceramic", "uv": [ 1.0, 8.0, 3.0, 9.0 ] },
						"west": { "texture": "#ceramic", "uv": [ 8.5, 14.0, 9.5, 15.0 ] },
						"up": { "texture": "#ceramic", "uv": [ 5.5, 12.5, 7.5, 13.5 ] },
						"down": { "texture": "#ceramic", "uv": [ 5.5, 0.0, 7.5, 1.0 ] }
					}
				},
				{
					"name": "Cube19",
					"from": [ 12.0, 0.0, 5.0 ], 
					"to": [ 17.0, 1.0, 6.5 ], 
					"rotationOrigin": [ 12.0, 0.0, 3.0 ],
					"rotationX": -179.99996780508306,
					"rotationY": 5.0089554488415E-6,
					"rotationZ": -179.99996780508306,
					"faces": {
						"north": { "texture": "#ceramic", "uv": [ 10.5, 5.0, 15.5, 6.0 ] },
						"east": { "texture": "#ceramic", "uv": [ 10.0, 2.5, 11.5, 3.5 ] },
						"south": { "texture": "#ceramic", "uv": [ 5.0, 13.5, 10.0, 14.5 ] },
						"west": { "texture": "#ceramic", "uv": [ 2.5, 10.0, 4.0, 11.0 ] },
						"up": { "texture": "#ceramic", "uv": [ 5.0, 5.0, 10.0, 6.5 ] },
						"down": { "texture": "#ceramic", "uv": [ 10.5, 1.5, 15.5, 3.0 ] }
					}
				},
				{
					"name": "Cube56",
					"from": [ 4.0, 0.0, 2.0 ], 
					"to": [ 8.0, 1.0, 3.5 ], 
					"rotationOrigin": [ 4.0, 0.0, 0.0 ],
					"rotationX": -179.99999011687993,
					"rotationY": 5.008955855952477E-6,
					"rotationZ": -179.99999011687993,
					"faces": {
						"north": { "texture": "#ceramic", "uv": [ 5.5, 8.0, 9.5, 9.0 ] },
						"east": { "texture": "#ceramic", "uv": [ 6.0, 0.5, 7.5, 1.5 ] },
						"south": { "texture": "#ceramic", "uv": [ 8.0, 6.0, 12.0, 7.0 ] },
						"west": { "texture": "#ceramic", "uv": [ 7.0, 1.5, 8.5, 2.5 ] },
						"up": { "texture": "#ceramic", "uv": [ 2.5, 9.5, 6.5, 11.0 ] },
						"down": { "texture": "#ceramic", "uv": [ 8.0, 7.5, 12.0, 9.0 ] }
					}
				},
				{
					"name": "Cube20",
					"from": [ 8.0, 0.0, -2.5 ], 
					"to": [ 11.0, 1.0, -1.0 ], 
					"rotationOrigin": [ 8.0, 0.0, -2.5 ],
					"faces": {
						"north": { "texture": "#ceramic", "uv": [ 7.0, 11.5, 10.0, 12.5 ] },
						"east": { "texture": "#ceramic", "uv": [ 4.0, 0.0, 5.5, 1.0 ] },
						"south": { "texture": "#ceramic", "uv": [ 11.5, 0.0, 14.5, 1.0 ] },
						"west": { "texture": "#ceramic", "uv": [ 6.0, 5.5, 7.5, 6.5 ] },
						"up": { "texture": "#ceramic", "uv": [ 1.5, 9.5, 4.5, 11.0 ] },
						"down": { "texture": "#ceramic", "uv": [ 7.5, 6.0, 10.5, 7.5 ] }
					}
				},
				{
					"name": "Cube21",
					"from": [ 7.0, 0.0, -6.0 ], 
					"to": [ 12.0, 1.0, -3.5 ], 
					"rotationOrigin": [ 7.0, 0.0, -6.0 ],
					"faces": {
						"north": { "texture": "#ceramic", "uv": [ 5.0, 8.5, 10.0, 9.5 ] },
						"east": { "texture": "#ceramic", "uv": [ 7.5, 9.0, 10.0, 10.0 ] },
						"south": { "texture": "#ceramic", "uv": [ 1.5, 1.0, 6.5, 2.0 ] },
						"west": { "texture": "#ceramic", "uv": [ 4.5, 14.0, 7.0, 15.0 ] },
						"up": { "texture": "#ceramic", "uv": [ 2.5, 3.0, 7.5, 5.5 ] },
						"down": { "texture": "#ceramic", "uv": [ 6.5, 4.5, 11.5, 7.0 ] }
					}
				},
				{
					"name": "Cube22",
					"from": [ 5.0, 0.0, -4.5 ], 
					"to": [ 7.0, 1.0, -2.5 ], 
					"rotationOrigin": [ 5.0, 0.0, -4.5 ],
					"faces": {
						"north": { "texture": "#ceramic", "uv": [ 12.5, 2.5, 14.5, 3.5 ] },
						"east": { "texture": "#ceramic", "uv": [ 3.5, 10.5, 5.5, 11.5 ] },
						"south": { "texture": "#ceramic", "uv": [ 8.5, 13.0, 10.5, 14.0 ] },
						"west": { "texture": "#ceramic", "uv": [ 4.0, 6.0, 6.0, 7.0 ] },
						"up": { "texture": "#ceramic", "uv": [ 4.5, 5.5, 6.5, 7.5 ] },
						"down": { "texture": "#ceramic", "uv": [ 13.0, 2.5, 15.0, 4.5 ] }
					}
				},
				{
					"name": "Cube23",
					"from": [ 4.0, 0.0, -1.5 ], 
					"to": [ 8.0, 1.0, -1.0 ], 
					"rotationOrigin": [ 4.0, 0.0, -1.5 ],
					"faces": {
						"north": { "texture": "#ceramic", "uv": [ 6.5, 3.0, 10.5, 4.0 ] },
						"east": { "texture": "#ceramic", "uv": [ 2.5, 7.0, 3.0, 8.0 ] },
						"south": { "texture": "#ceramic", "uv": [ 6.0, 5.0, 10.0, 6.0 ] },
						"west": { "texture": "#ceramic", "uv": [ 2.5, 3.0, 3.0, 4.0 ] },
						"up": { "texture": "#ceramic", "uv": [ 2.0, 8.0, 6.0, 8.5 ] },
						"down": { "texture": "#ceramic", "uv": [ 6.0, 5.5, 10.0, 6.0 ] }
					}
				},
				{
					"name": "Cube24",
					"from": [ 4.0, 0.0, -3.5 ], 
					"to": [ 5.0, 1.0, -1.5 ], 
					"rotationOrigin": [ 4.0, 0.0, -3.5 ],
					"faces": {
						"north": { "texture": "#ceramic", "uv": [ 6.0, 12.0, 7.0, 13.0 ] },
						"east": { "texture": "#ceramic", "uv": [ 10.0, 5.5, 12.0, 6.5 ] },
						"south": { "texture": "#ceramic", "uv": [ 3.5, 5.0, 4.5, 6.0 ] },
						"west": { "texture": "#ceramic", "uv": [ 13.5, 8.0, 15.5, 9.0 ] },
						"up": { "texture": "#ceramic", "uv": [ 0.0, 9.5, 1.0, 11.5 ] },
						"down": { "texture": "#ceramic", "uv": [ 14.0, 8.5, 15.0, 10.5 ] }
					}
				},
				{
					"name": "Cube25",
					"from": [ 0.0, 0.0, -8.0 ], 
					"to": [ 5.0, 1.0, -6.5 ], 
					"rotationOrigin": [ 0.0, 0.0, -8.0 ],
					"faces": {
						"north": { "texture": "#ceramic", "uv": [ 5.5, 14.5, 10.5, 15.5 ] },
						"east": { "texture": "#ceramic", "uv": [ 3.0, 11.0, 4.5, 12.0 ] },
						"south": { "texture": "#ceramic", "uv": [ 10.0, 12.5, 15.0, 13.5 ] },
						"west": { "texture": "#ceramic", "uv": [ 8.5, 6.0, 10.0, 7.0 ] },
						"up": { "texture": "#ceramic", "uv": [ 5.5, 12.0, 10.5, 13.5 ] },
						"down": { "texture": "#ceramic", "uv": [ 2.0, 13.5, 7.0, 15.0 ] }
					}
				},
				{
					"name": "Cube26",
					"from": [ 1.0, 0.0, -6.5 ], 
					"to": [ 4.0, 1.0, -4.5 ], 
					"rotationOrigin": [ 1.0, 0.0, -6.5 ],
					"faces": {
						"north": { "texture": "#ceramic", "uv": [ 10.5, 3.0, 13.5, 4.0 ] },
						"east": { "texture": "#ceramic", "uv": [ 9.5, 0.0, 11.5, 1.0 ] },
						"south": { "texture": "#ceramic", "uv": [ 4.0, 12.0, 7.0, 13.0 ] },
						"west": { "texture": "#ceramic", "uv": [ 1.0, 7.0, 3.0, 8.0 ] },
						"up": { "texture": "#ceramic", "uv": [ 9.5, 1.5, 12.5, 3.5 ] },
						"down": { "texture": "#ceramic", "uv": [ 4.5, 6.5, 7.5, 8.5 ] }
					}
				},
				{
					"name": "Cube27",
					"from": [ 4.0, 0.0, -6.5 ], 
					"to": [ 7.0, 1.0, -5.5 ], 
					"rotationOrigin": [ 4.0, 0.0, -6.5 ],
					"faces": {
						"north": { "texture": "#ceramic", "uv": [ 6.0, 9.0, 9.0, 10.0 ] },
						"east": { "texture": "#ceramic", "uv": [ 2.5, 5.5, 3.5, 6.5 ] },
						"south": { "texture": "#ceramic", "uv": [ 10.5, 12.5, 13.5, 13.5 ] },
						"west": { "texture": "#ceramic", "uv": [ 4.0, 9.0, 5.0, 10.0 ] },
						"up": { "texture": "#ceramic", "uv": [ 12.5, 10.5, 15.5, 11.5 ] },
						"down": { "texture": "#ceramic", "uv": [ 5.0, 5.0, 8.0, 6.0 ] }
					}
				},
				{
					"name": "Cube28",
					"from": [ 7.0, 0.0, -11.0 ], 
					"to": [ 12.0, 1.0, -9.0 ], 
					"rotationOrigin": [ 7.0, 0.0, -11.0 ],
					"faces": {
						"north": { "texture": "#ceramic", "uv": [ 5.0, 14.5, 10.0, 15.5 ] },
						"east": { "texture": "#ceramic", "uv": [ 11.5, 7.5, 13.5, 8.5 ] },
						"south": { "texture": "#ceramic", "uv": [ 5.0, 0.0, 10.0, 1.0 ] },
						"west": { "texture": "#ceramic", "uv": [ 10.0, 2.0, 12.0, 3.0 ] },
						"up": { "texture": "#ceramic", "uv": [ 5.0, 6.0, 10.0, 8.0 ] },
						"down": { "texture": "#ceramic", "uv": [ 4.0, 13.0, 9.0, 15.0 ] }
					}
				},
				{
					"name": "Cube29",
					"from": [ 8.0, 0.0, -8.0 ], 
					"to": [ 11.0, 1.0, -6.0 ], 
					"rotationOrigin": [ 8.0, 0.0, -8.0 ],
					"faces": {
						"north": { "texture": "#ceramic", "uv": [ 7.5, 9.0, 10.5, 10.0 ] },
						"east": { "texture": "#ceramic", "uv": [ 1.5, 4.0, 3.5, 5.0 ] },
						"south": { "texture": "#ceramic", "uv": [ 1.0, 2.5, 4.0, 3.5 ] },
						"west": { "texture": "#ceramic", "uv": [ 9.5, 2.5, 11.5, 3.5 ] },
						"up": { "texture": "#ceramic", "uv": [ 5.5, 3.5, 8.5, 5.5 ] },
						"down": { "texture": "#ceramic", "uv": [ 11.0, 12.5, 14.0, 14.5 ] }
					}
				},
				{
					"name": "Cube30",
					"from": [ 5.0, 0.0, -9.0 ], 
					"to": [ 7.0, 1.0, -8.0 ], 
					"rotationOrigin": [ 5.0, 0.0, -9.0 ],
					"faces": {
						"north": { "texture": "#ceramic", "uv": [ 4.0, 14.5, 6.0, 15.5 ] },
						"east": { "texture": "#ceramic", "uv": [ 10.0, 3.0, 11.0, 4.0 ] },
						"south": { "texture": "#ceramic", "uv": [ 4.0, 7.0, 6.0, 8.0 ] },
						"west": { "texture": "#ceramic", "uv": [ 10.5, 7.0, 11.5, 8.0 ] },
						"up": { "texture": "#ceramic", "uv": [ 9.5, 4.5, 11.5, 5.5 ] },
						"down": { "texture": "#ceramic", "uv": [ 4.5, 1.0, 6.5, 2.0 ] }
					}
				},
				{
					"name": "Cube31",
					"from": [ 1.0, 0.0, -11.0 ], 
					"to": [ 4.0, 1.0, -9.0 ], 
					"rotationOrigin": [ 1.0, 0.0, -11.0 ],
					"faces": {
						"north": { "texture": "#ceramic", "uv": [ 7.0, 4.5, 10.0, 5.5 ] },
						"east": { "texture": "#ceramic", "uv": [ 4.0, 2.5, 6.0, 3.5 ] },
						"south": { "texture": "#ceramic", "uv": [ 7.0, 5.5, 10.0, 6.5 ] },
						"west": { "texture": "#ceramic", "uv": [ 6.0, 7.5, 8.0, 8.5 ] },
						"up": { "texture": "#ceramic", "uv": [ 9.5, 1.0, 12.5, 3.0 ] },
						"down": { "texture": "#ceramic", "uv": [ 7.5, 3.5, 10.5, 5.5 ] }
					}
				},
				{
					"name": "Cube32",
					"from": [ 4.0, 0.0, -11.0 ], 
					"to": [ 7.0, 1.0, -10.0 ], 
					"rotationOrigin": [ 4.0, 0.0, -11.0 ],
					"faces": {
						"north": { "texture": "#ceramic", "uv": [ 3.0, 5.5, 6.0, 6.5 ] },
						"east": { "texture": "#ceramic", "uv": [ 12.0, 12.5, 13.0, 13.5 ] },
						"south": { "texture": "#ceramic", "uv": [ 5.5, 10.0, 8.5, 11.0 ] },
						"west": { "texture": "#ceramic", "uv": [ 1.5, 13.0, 2.5, 14.0 ] },
						"up": { "texture": "#ceramic", "uv": [ 8.5, 8.5, 11.5, 9.5 ] },
						"down": { "texture": "#ceramic", "uv": [ 4.0, 12.5, 7.0, 13.5 ] }
					}
				},
				{
					"name": "Cube33",
					"from": [ 5.0, 0.0, -7.0 ], 
					"to": [ 8.0, 1.0, -6.5 ], 
					"rotationOrigin": [ 5.0, 0.0, -7.0 ],
					"faces": {
						"north": { "texture": "#ceramic", "uv": [ 5.5, 0.0, 8.5, 1.0 ] },
						"east": { "texture": "#ceramic", "uv": [ 8.0, 4.0, 8.5, 5.0 ] },
						"south": { "texture": "#ceramic", "uv": [ 4.5, 6.0, 7.5, 7.0 ] },
						"west": { "texture": "#ceramic", "uv": [ 2.0, 8.5, 2.5, 9.5 ] },
						"up": { "texture": "#ceramic", "uv": [ 0.0, 7.5, 3.0, 8.0 ] },
						"down": { "texture": "#ceramic", "uv": [ 2.0, 7.5, 5.0, 8.0 ] }
					}
				},
				{
					"name": "Cube34",
					"from": [ 7.0, 0.0, -6.5 ], 
					"to": [ 8.0, 1.0, -6.0 ], 
					"rotationOrigin": [ 7.0, 0.0, -6.5 ],
					"faces": {
						"north": { "texture": "#ceramic", "uv": [ 2.5, 5.5, 3.5, 6.5 ] },
						"east": { "texture": "#ceramic", "uv": [ 14.0, 13.5, 14.5, 14.5 ] },
						"south": { "texture": "#ceramic", "uv": [ 0.0, 6.5, 1.0, 7.5 ] },
						"west": { "texture": "#ceramic", "uv": [ 14.5, 13.0, 15.0, 14.0 ] },
						"up": { "texture": "#ceramic", "uv": [ 1.5, 7.5, 2.5, 8.0 ] },
						"down": { "texture": "#ceramic", "uv": [ 3.0, 4.0, 4.0, 4.5 ] }
					}
				},
				{
					"name": "Cube35",
					"from": [ 11.0, 0.0, 3.5 ], 
					"to": [ 15.0, 1.0, 4.0 ], 
					"rotationOrigin": [ 11.0, 0.0, 1.5 ],
					"rotationX": -179.99996780508306,
					"rotationY": 5.0089554488415E-6,
					"rotationZ": -179.99996780508306,
					"faces": {
						"north": { "texture": "#ceramic", "uv": [ 10.5, 5.0, 14.5, 6.0 ] },
						"east": { "texture": "#ceramic", "uv": [ 10.0, 2.5, 10.5, 3.5 ] },
						"south": { "texture": "#ceramic", "uv": [ 5.0, 13.5, 9.0, 14.5 ] },
						"west": { "texture": "#ceramic", "uv": [ 2.5, 10.0, 3.0, 11.0 ] },
						"up": { "texture": "#ceramic", "uv": [ 5.0, 5.0, 9.0, 5.5 ] },
						"down": { "texture": "#ceramic", "uv": [ 10.5, 1.5, 14.5, 2.0 ] }
					}
				}
			]
		}
	]}