{
	"editor": {
		"allAngles": false,
		"entityTextureMode": false
	},
	"textureWidth": 16,
	"textureHeight": 16,
	"textureSizes": {
	},
	"textures": {
		"ceramic": "game:block/clay/ceramic"
	},
	"elements": [
		{
			"name": "Cube1",
			"from": [ 6.5, 0.0, 6.5 ], 
			"to": [ 9.5, 4.0, 9.5 ], 
			"rotationOrigin": [ 5.5, 0.0, 6.5 ],
			"faces": {
				"north": { "texture": "#ceramic", "uv": [ 0.0, 0.0, 3.0, 4.0 ] },
				"east": { "texture": "#ceramic", "uv": [ 0.0, 0.0, 3.0, 4.0 ] },
				"south": { "texture": "#ceramic", "uv": [ 0.0, 0.0, 3.0, 4.0 ] },
				"west": { "texture": "#ceramic", "uv": [ 0.0, 0.0, 3.0, 4.0 ] },
				"up": { "texture": "#ceramic", "uv": [ 0.0, 0.0, 3.0, 3.0 ] },
				"down": { "texture": "#ceramic", "uv": [ 0.0, 0.0, 3.0, 3.0 ] }
			},
			"children": [
				{
					"name": "Cube2",
					"from": [ 1.0, 4.0, 1.0 ], 
					"to": [ 2.0, 5.0, 2.0 ], 
					"rotationOrigin": [ 1.0, 4.0, 1.0 ],
					"faces": {
						"north": { "texture": "#ceramic", "uv": [ 0.0, 0.0, 1.0, 1.0 ] },
						"east": { "texture": "#ceramic", "uv": [ 0.0, 0.0, 1.0, 1.0 ] },
						"south": { "texture": "#ceramic", "uv": [ 0.0, 0.0, 1.0, 1.0 ] },
						"west": { "texture": "#ceramic", "uv": [ 0.0, 0.0, 1.0, 1.0 ] },
						"up": { "texture": "#ceramic", "uv": [ 0.0, 0.0, 1.0, 1.0 ] },
						"down": { "texture": "#ceramic", "uv": [ 0.0, 0.0, 1.0, 1.0 ] }
					},
					"children": [
						{
							"name": "Cube3",
							"from": [ -0.5, 1.0, -0.5 ], 
							"to": [ 1.5, 2.0, 1.5 ], 
							"rotationOrigin": [ 0.0, 1.0, 0.0 ],
							"faces": {
								"north": { "texture": "#ceramic", "uv": [ 0.0, 0.0, 2.0, 1.0 ] },
								"east": { "texture": "#ceramic", "uv": [ 0.0, 0.0, 2.0, 1.0 ] },
								"south": { "texture": "#ceramic", "uv": [ 0.0, 0.0, 2.0, 1.0 ] },
								"west": { "texture": "#ceramic", "uv": [ 0.0, 0.0, 2.0, 1.0 ] },
								"up": { "texture": "#ceramic", "uv": [ 0.0, 0.0, 2.0, 2.0 ] },
								"down": { "texture": "#ceramic", "uv": [ 0.0, 0.0, 2.0, 2.0 ] }
							}
						}
					]
				}
			]
		}
	]}