{
	"editor": {
		"allAngles": false,
		"entityTextureMode": false
	},
	"textureWidth": 16,
	"textureHeight": 16,
	"textureSizes": {
	},
	"textures": {
	},
	"elements": [
		{
			"name": "glass",
			"from": [ 6.5, 0.01, 6.5 ], 
			"to": [ 9.5, 4.01, 9.5 ], 
			"reflective": true,
			"renderPass": 3,
			"rotationOrigin": [ 12.5, 0.0, 12.5 ],
			"faces": {
				"north": { "texture": "#glass", "uv": [ 0.0, 0.0, 3.0, 4.0 ] },
				"east": { "texture": "#glass", "uv": [ 0.0, 0.0, 3.0, 4.0 ] },
				"south": { "texture": "#glass", "uv": [ 0.0, 0.0, 3.0, 4.0 ] },
				"west": { "texture": "#glass", "uv": [ 0.0, 0.0, 3.0, 4.0 ] },
				"up": { "texture": "#glass", "uv": [ 1.5, 1.0, 4.5, 4.0 ] },
				"down": { "texture": "#glass", "uv": [ 0.0, 0.0, 3.0, 3.0 ] }
			},
			"children": [
				{
					"name": "glass3",
					"from": [ 1.0, 4.0, 1.0 ], 
					"to": [ 2.0, 5.0, 2.0 ], 
					"renderPass": 3,
					"rotationOrigin": [ 7.0, 4.0, 7.0 ],
					"faces": {
						"north": { "texture": "#glass", "uv": [ 0.0, 0.0, 1.0, 1.0 ] },
						"east": { "texture": "#glass", "uv": [ 0.0, 0.0, 1.0, 1.0 ] },
						"south": { "texture": "#glass", "uv": [ 0.0, 0.0, 1.0, 1.0 ] },
						"west": { "texture": "#glass", "uv": [ 0.0, 0.0, 1.0, 1.0 ] },
						"up": { "texture": "#glass", "uv": [ 1.5, 1.0, 2.5, 2.0 ] },
						"down": { "texture": "#glass", "uv": [ 0.0, 0.0, 1.0, 1.0 ] }
					},
					"children": [
						{
							"name": "glass4",
							"from": [ -0.5, 1.0, -0.5 ], 
							"to": [ 1.5, 2.0, 1.5 ], 
							"renderPass": 3,
							"rotationOrigin": [ 0.0, 1.0, 0.0 ],
							"faces": {
								"north": { "texture": "#glass", "uv": [ 0.0, 0.0, 2.0, 1.0 ] },
								"east": { "texture": "#glass", "uv": [ 0.0, 0.0, 2.0, 1.0 ] },
								"south": { "texture": "#glass", "uv": [ 0.0, 0.0, 2.0, 1.0 ] },
								"west": { "texture": "#glass", "uv": [ 0.0, 0.0, 2.0, 1.0 ] },
								"up": { "texture": "#glass", "uv": [ 1.5, 1.0, 3.5, 3.0 ] },
								"down": { "texture": "#glass", "uv": [ 0.0, 0.0, 2.0, 2.0 ] }
							}
						}
					]
				}
			]
		}
	]}