{
	"editor": {
		"allAngles": false,
		"entityTextureMode": false
	},
	"textureWidth": 16,
	"textureHeight": 16,
	"textureSizes": {
	},
	"textures": {
	},
	"elements": [
		{
			"name": "content",
			"from": [ 6.7, 0.21, 6.7 ], 
			"to": [ 9.3, 2.91, 9.3 ], 
			"renderPass": 3,
			"rotationOrigin": [ 6.7, 0.2, 6.7 ],
			"faces": {
				"north": { "texture": "#content", "uv": [ 1.0, 2.0, 3.5, 4.5 ], "rotation": 180 },
				"east": { "texture": "#content", "uv": [ 1.5, 2.0, 4.0, 4.5 ], "rotation": 90 },
				"south": { "texture": "#content", "uv": [ 9.0, 2.5, 11.5, 5.0 ] },
				"west": { "texture": "#content", "uv": [ 10.5, 6.0, 13.0, 8.5 ], "rotation": 270 },
				"up": { "texture": "#content", "uv": [ 13.0, 4.5, 15.5, 7.0 ] },
				"down": { "texture": "#content", "uv": [ 7.0, 11.0, 9.5, 13.5 ] }
			}
		},
		{
			"name": "glass",
			"from": [ 6.5, 0.01, 6.5 ], 
			"to": [ 9.5, 4.01, 9.5 ], 
			"reflective": true,
			"renderPass": 3,
			"rotationOrigin": [ 12.5, 0.0, 12.5 ],
			"faces": {
				"north": { "texture": "#glass", "uv": [ 0.0, 0.0, 3.0, 4.0 ] },
				"east": { "texture": "#glass", "uv": [ 0.0, 0.0, 3.0, 4.0 ] },
				"south": { "texture": "#glass", "uv": [ 0.0, 0.0, 3.0, 4.0 ] },
				"west": { "texture": "#glass", "uv": [ 0.0, 0.0, 3.0, 4.0 ] },
				"up": { "texture": "#glass", "uv": [ 1.5, 1.0, 4.5, 4.0 ] },
				"down": { "texture": "#glass", "uv": [ 0.0, 0.0, 3.0, 3.0 ] }
			},
			"children": [
				{
					"name": "glass3",
					"from": [ 1.0, 4.0, 1.0 ], 
					"to": [ 2.0, 5.0, 2.0 ], 
					"renderPass": 3,
					"rotationOrigin": [ 7.0, 4.0, 7.0 ],
					"faces": {
						"north": { "texture": "#glass", "uv": [ 0.0, 0.0, 1.0, 1.0 ] },
						"east": { "texture": "#glass", "uv": [ 0.0, 0.0, 1.0, 1.0 ] },
						"south": { "texture": "#glass", "uv": [ 0.0, 0.0, 1.0, 1.0 ] },
						"west": { "texture": "#glass", "uv": [ 0.0, 0.0, 1.0, 1.0 ] },
						"up": { "texture": "#glass", "uv": [ 1.5, 1.0, 2.5, 2.0 ] },
						"down": { "texture": "#glass", "uv": [ 0.0, 0.0, 1.0, 1.0 ] }
					},
					"children": [
						{
							"name": "glass4",
							"from": [ -0.5, 1.0, -0.5 ], 
							"to": [ 1.5, 2.0, 1.5 ], 
							"renderPass": 3,
							"rotationOrigin": [ 0.0, 1.0, 0.0 ],
							"faces": {
								"north": { "texture": "#glass", "uv": [ 0.0, 0.0, 2.0, 1.0 ] },
								"east": { "texture": "#glass", "uv": [ 0.0, 0.0, 2.0, 1.0 ] },
								"south": { "texture": "#glass", "uv": [ 0.0, 0.0, 2.0, 1.0 ] },
								"west": { "texture": "#glass", "uv": [ 0.0, 0.0, 2.0, 1.0 ] },
								"up": { "texture": "#glass", "uv": [ 1.5, 1.0, 3.5, 3.0 ] },
								"down": { "texture": "#glass", "uv": [ 0.0, 0.0, 2.0, 2.0 ] }
							}
						}
					]
				}
			]
		}
	]}