{
  "editor": {
    "allAngles": false,
    "entityTextureMode": false
  },
  "textureWidth": 16,
  "textureHeight": 16,
  "elements": [
    {
      "name": "Hook1",
      "from": [ 10.0, 13.0, 10.0 ], 
      "to": [ 12.0, 15.0, 12.0 ], 
      "rotationOrigin": [ 10.0, 13.0, 10.0 ],
      "faces": {
        "north": { "texture": "#pine", "uv": [ 5.5, 9.0, 7.5, 11.0 ] },
        "east": { "texture": "#pine", "uv": [ 1.0, 9.0, 3.0, 11.0 ] },
        "south": { "texture": "#pine", "uv": [ 11.5, 9.0, 13.5, 11.0 ] },
        "west": { "texture": "#pine", "uv": [ 13.5, 9.0, 15.5, 11.0 ] },
        "up": { "texture": "#pine", "uv": [ 0.0, 0.0, 2.0, 2.0 ], "enabled": false },
        "down": { "texture": "#pine", "uv": [ 3.0, 12.5, 5.0, 14.5 ] }
      },
      "children": [
        {
          "name": "Cube13",
          "from": [ 0.75, -3.0, 0.75 ], 
          "to": [ 1.25, 0.0, 1.25 ], 
          "rotationOrigin": [ 0.0, -3.0, 0.0 ],
          "faces": {
            "north": { "texture": "#copper", "uv": [ 0.0, 0.0, 0.5, 3.0 ] },
            "east": { "texture": "#copper", "uv": [ 0.0, 0.0, 0.5, 3.0 ] },
            "south": { "texture": "#copper", "uv": [ 0.0, 0.0, 0.5, 3.0 ] },
            "west": { "texture": "#copper", "uv": [ 0.0, 0.0, 0.5, 3.0 ] },
            "up": { "texture": "#copper", "uv": [ 0.0, 0.0, 0.5, 0.5 ] },
            "down": { "texture": "#copper", "uv": [ 0.0, 0.0, 0.5, 0.5 ] }
          },
          "children": [
            {
              "name": "Cube14",
              "from": [ 0.0, -2.0, -0.5 ], 
              "to": [ 0.5, 1.0, 0.0 ], 
              "rotationOrigin": [ 0.0, -2.0, -1.0 ],
              "faces": {
                "north": { "texture": "#copper", "uv": [ 0.0, 0.0, 0.5, 3.0 ] },
                "east": { "texture": "#copper", "uv": [ 0.0, 0.0, 0.5, 3.0 ] },
                "south": { "texture": "#copper", "uv": [ 0.0, 0.0, 0.5, 3.0 ] },
                "west": { "texture": "#copper", "uv": [ 0.0, 0.0, 0.5, 3.0 ] },
                "up": { "texture": "#copper", "uv": [ 0.0, 0.0, 0.5, 0.5 ] },
                "down": { "texture": "#copper", "uv": [ 0.0, 0.0, 0.5, 0.5 ] }
              },
              "children": [
                {
                  "name": "Cube15",
                  "from": [ 0.0, 0.0, 0.5 ], 
                  "to": [ 0.5, 0.5, 1.5 ], 
                  "rotationOrigin": [ 0.0, 0.0, 1.0 ],
                  "faces": {
                    "north": { "texture": "#copper", "uv": [ 0.0, 0.0, 0.5, 0.5 ] },
                    "east": { "texture": "#copper", "uv": [ 0.0, 0.0, 1.0, 0.5 ] },
                    "south": { "texture": "#copper", "uv": [ 0.0, 0.0, 0.5, 0.5 ] },
                    "west": { "texture": "#copper", "uv": [ 0.0, 0.0, 1.0, 0.5 ] },
                    "up": { "texture": "#copper", "uv": [ 0.0, 0.0, 0.5, 1.0 ] },
                    "down": { "texture": "#copper", "uv": [ 0.0, 0.0, 0.5, 1.0 ] }
                  }
                }
              ]
            }
          ]
        }
      ]
    },
    {
      "name": "Hook2",
      "from": [ 4.0, 13.0, 10.0 ], 
      "to": [ 6.0, 15.0, 12.0 ], 
      "rotationOrigin": [ 4.0, 13.0, 10.0 ],
      "faces": {
        "north": { "texture": "#pine", "uv": [ 4.5, 3.5, 6.5, 5.5 ] },
        "east": { "texture": "#pine", "uv": [ 8.5, 9.0, 10.5, 11.0 ] },
        "south": { "texture": "#pine", "uv": [ 4.5, 9.0, 6.5, 11.0 ] },
        "west": { "texture": "#pine", "uv": [ 1.5, 9.0, 3.5, 11.0 ] },
        "up": { "texture": "#pine", "uv": [ 0.0, 0.0, 2.0, 2.0 ], "enabled": false },
        "down": { "texture": "#pine", "uv": [ 12.0, 9.0, 14.0, 11.0 ] }
      },
      "children": [
        {
          "name": "Cube23",
          "from": [ 0.75, -3.0, 0.75 ], 
          "to": [ 1.25, 0.0, 1.25 ], 
          "rotationOrigin": [ 0.0, -3.0, 0.0 ],
          "faces": {
            "north": { "texture": "#copper", "uv": [ 0.0, 0.0, 0.5, 3.0 ] },
            "east": { "texture": "#copper", "uv": [ 0.0, 0.0, 0.5, 3.0 ] },
            "south": { "texture": "#copper", "uv": [ 0.0, 0.0, 0.5, 3.0 ] },
            "west": { "texture": "#copper", "uv": [ 0.0, 0.0, 0.5, 3.0 ] },
            "up": { "texture": "#copper", "uv": [ 0.0, 0.0, 0.5, 0.5 ] },
            "down": { "texture": "#copper", "uv": [ 0.0, 0.0, 0.5, 0.5 ] }
          },
          "children": [
            {
              "name": "Cube24",
              "from": [ 0.0, -2.0, -0.5 ], 
              "to": [ 0.5, 1.0, 0.0 ], 
              "rotationOrigin": [ 0.0, -2.0, -1.0 ],
              "faces": {
                "north": { "texture": "#copper", "uv": [ 0.0, 0.0, 0.5, 3.0 ] },
                "east": { "texture": "#copper", "uv": [ 0.0, 0.0, 0.5, 3.0 ] },
                "south": { "texture": "#copper", "uv": [ 0.0, 0.0, 0.5, 3.0 ] },
                "west": { "texture": "#copper", "uv": [ 0.0, 0.0, 0.5, 3.0 ] },
                "up": { "texture": "#copper", "uv": [ 0.0, 0.0, 0.5, 0.5 ] },
                "down": { "texture": "#copper", "uv": [ 0.0, 0.0, 0.5, 0.5 ] }
              },
              "children": [
                {
                  "name": "Cube25",
                  "from": [ 0.0, 0.0, 0.5 ], 
                  "to": [ 0.5, 0.5, 1.5 ], 
                  "rotationOrigin": [ 0.0, 0.0, 1.0 ],
                  "faces": {
                    "north": { "texture": "#copper", "uv": [ 0.0, 0.0, 0.5, 0.5 ] },
                    "east": { "texture": "#copper", "uv": [ 0.0, 0.0, 1.0, 0.5 ] },
                    "south": { "texture": "#copper", "uv": [ 0.0, 0.0, 0.5, 0.5 ] },
                    "west": { "texture": "#copper", "uv": [ 0.0, 0.0, 1.0, 0.5 ] },
                    "up": { "texture": "#copper", "uv": [ 0.0, 0.0, 0.5, 1.0 ] },
                    "down": { "texture": "#copper", "uv": [ 0.0, 0.0, 0.5, 1.0 ] }
                  }
                }
              ]
            }
          ]
        }
      ]
    },
    {
      "name": "Hook3",
      "from": [ 12.0, 13.0, 6.0 ], 
      "to": [ 14.0, 15.0, 8.0 ], 
      "rotationOrigin": [ 12.0, 13.0, 6.0 ],
      "rotationX": -179.99999011687993,
      "rotationY": -5.008955855952477E-6,
      "rotationZ": -179.99999011687993,
      "faces": {
        "north": { "texture": "#pine", "uv": [ 1.5, 4.0, 3.5, 6.0 ] },
        "east": { "texture": "#pine", "uv": [ 5.5, 3.5, 7.5, 5.5 ] },
        "south": { "texture": "#pine", "uv": [ 12.0, 9.0, 14.0, 11.0 ] },
        "west": { "texture": "#pine", "uv": [ 12.0, 9.0, 14.0, 11.0 ] },
        "up": { "texture": "#pine", "uv": [ 0.0, 0.0, 2.0, 2.0 ], "enabled": false },
        "down": { "texture": "#pine", "uv": [ 6.0, 7.5, 8.0, 9.5 ] }
      },
      "children": [
        {
          "name": "Cube27",
          "from": [ 0.75, -3.0, 0.75 ], 
          "to": [ 1.25, 0.0, 1.25 ], 
          "rotationOrigin": [ 0.0, -3.0, 0.0 ],
          "faces": {
            "north": { "texture": "#copper", "uv": [ 0.0, 0.0, 0.5, 3.0 ] },
            "east": { "texture": "#copper", "uv": [ 0.0, 0.0, 0.5, 3.0 ] },
            "south": { "texture": "#copper", "uv": [ 0.0, 0.0, 0.5, 3.0 ] },
            "west": { "texture": "#copper", "uv": [ 0.0, 0.0, 0.5, 3.0 ] },
            "up": { "texture": "#copper", "uv": [ 0.0, 0.0, 0.5, 0.5 ] },
            "down": { "texture": "#copper", "uv": [ 0.0, 0.0, 0.5, 0.5 ] }
          },
          "children": [
            {
              "name": "Cube28",
              "from": [ 0.0, -2.0, -0.5 ], 
              "to": [ 0.5, 1.0, 0.0 ], 
              "rotationOrigin": [ 0.0, -2.0, -1.0 ],
              "faces": {
                "north": { "texture": "#copper", "uv": [ 0.0, 0.0, 0.5, 3.0 ] },
                "east": { "texture": "#copper", "uv": [ 0.0, 0.0, 0.5, 3.0 ] },
                "south": { "texture": "#copper", "uv": [ 0.0, 0.0, 0.5, 3.0 ] },
                "west": { "texture": "#copper", "uv": [ 0.0, 0.0, 0.5, 3.0 ] },
                "up": { "texture": "#copper", "uv": [ 0.0, 0.0, 0.5, 0.5 ] },
                "down": { "texture": "#copper", "uv": [ 0.0, 0.0, 0.5, 0.5 ] }
              },
              "children": [
                {
                  "name": "Cube29",
                  "from": [ 0.0, 0.0, 0.5 ], 
                  "to": [ 0.5, 0.5, 1.5 ], 
                  "rotationOrigin": [ 0.0, 0.0, 1.0 ],
                  "faces": {
                    "north": { "texture": "#copper", "uv": [ 0.0, 0.0, 0.5, 0.5 ] },
                    "east": { "texture": "#copper", "uv": [ 0.0, 0.0, 1.0, 0.5 ] },
                    "south": { "texture": "#copper", "uv": [ 0.0, 0.0, 0.5, 0.5 ] },
                    "west": { "texture": "#copper", "uv": [ 0.0, 0.0, 1.0, 0.5 ] },
                    "up": { "texture": "#copper", "uv": [ 0.0, 0.0, 0.5, 1.0 ] },
                    "down": { "texture": "#copper", "uv": [ 0.0, 0.0, 0.5, 1.0 ] }
                  }
                }
              ]
            }
          ]
        }
      ]
    },
    {
      "name": "Hook4",
      "from": [ 6.0, 13.0, 6.0 ], 
      "to": [ 8.0, 15.0, 8.0 ], 
      "rotationOrigin": [ 6.0, 13.0, 6.0 ],
      "rotationX": -179.99999011687993,
      "rotationY": -5.008955855952477E-6,
      "rotationZ": -179.99999011687993,
      "faces": {
        "north": { "texture": "#pine", "uv": [ 8.0, 4.0, 10.0, 6.0 ] },
        "east": { "texture": "#pine", "uv": [ 11.5, 3.5, 13.5, 5.5 ] },
        "south": { "texture": "#pine", "uv": [ 10.0, 9.0, 12.0, 11.0 ] },
        "west": { "texture": "#pine", "uv": [ 1.5, 9.0, 3.5, 11.0 ] },
        "up": { "texture": "#pine", "uv": [ 4.5, 2.0, 6.5, 4.0 ], "enabled": false },
        "down": { "texture": "#pine", "uv": [ 12.0, 7.5, 14.0, 9.5 ] }
      },
      "children": [
        {
          "name": "Cube26",
          "from": [ 0.75, -3.0, 0.75 ], 
          "to": [ 1.25, 0.0, 1.25 ], 
          "rotationOrigin": [ 0.0, -3.0, 0.0 ],
          "faces": {
            "north": { "texture": "#copper", "uv": [ 0.0, 0.0, 0.5, 3.0 ] },
            "east": { "texture": "#copper", "uv": [ 0.0, 0.0, 0.5, 3.0 ] },
            "south": { "texture": "#copper", "uv": [ 0.0, 0.0, 0.5, 3.0 ] },
            "west": { "texture": "#copper", "uv": [ 0.0, 0.0, 0.5, 3.0 ] },
            "up": { "texture": "#copper", "uv": [ 0.0, 0.0, 0.5, 0.5 ] },
            "down": { "texture": "#copper", "uv": [ 0.0, 0.0, 0.5, 0.5 ] }
          },
          "children": [
            {
              "name": "Cube30",
              "from": [ 0.0, -2.0, -0.5 ], 
              "to": [ 0.5, 1.0, 0.0 ], 
              "rotationOrigin": [ 0.0, -2.0, -1.0 ],
              "faces": {
                "north": { "texture": "#copper", "uv": [ 0.0, 0.0, 0.5, 3.0 ] },
                "east": { "texture": "#copper", "uv": [ 0.0, 0.0, 0.5, 3.0 ] },
                "south": { "texture": "#copper", "uv": [ 0.0, 0.0, 0.5, 3.0 ] },
                "west": { "texture": "#copper", "uv": [ 0.0, 0.0, 0.5, 3.0 ] },
                "up": { "texture": "#copper", "uv": [ 0.0, 0.0, 0.5, 0.5 ] },
                "down": { "texture": "#copper", "uv": [ 0.0, 0.0, 0.5, 0.5 ] }
              },
              "children": [
                {
                  "name": "Cube31",
                  "from": [ 0.0, 0.0, 0.5 ], 
                  "to": [ 0.5, 0.5, 1.5 ], 
                  "rotationOrigin": [ 0.0, 0.0, 1.0 ],
                  "faces": {
                    "north": { "texture": "#copper", "uv": [ 0.0, 0.0, 0.5, 0.5 ] },
                    "east": { "texture": "#copper", "uv": [ 0.0, 0.0, 1.0, 0.5 ] },
                    "south": { "texture": "#copper", "uv": [ 0.0, 0.0, 0.5, 0.5 ] },
                    "west": { "texture": "#copper", "uv": [ 0.0, 0.0, 1.0, 0.5 ] },
                    "up": { "texture": "#copper", "uv": [ 0.0, 0.0, 0.5, 1.0 ] },
                    "down": { "texture": "#copper", "uv": [ 0.0, 0.0, 0.5, 1.0 ] }
                  }
                }
              ]
            }
          ]
        }
      ]
    },
    {
      "name": "Plank1",
      "from": [ 0.0, 15.0, 4.0 ], 
      "to": [ 16.0, 16.0, 6.0 ], 
      "rotationOrigin": [ 0.0, 15.0, 4.0 ],
      "faces": {
        "north": { "texture": "#pine", "uv": [ 0.0, 1.5, 16.0, 2.5 ] },
        "east": { "texture": "#pine", "uv": [ 3.5, 1.5, 5.5, 2.5 ] },
        "south": { "texture": "#pine", "uv": [ 0.0, 3.0, 16.0, 4.0 ] },
        "west": { "texture": "#pine", "uv": [ 7.5, 3.0, 9.5, 4.0 ] },
        "up": { "texture": "#pine", "uv": [ 0.0, 6.5, 16.0, 8.5 ] },
        "down": { "texture": "#pine", "uv": [ 0.0, 7.0, 16.0, 9.0 ] }
      }
    },
    {
      "name": "Plank2",
      "from": [ 0.0, 15.0, 10.0 ], 
      "to": [ 16.0, 16.0, 12.0 ], 
      "rotationOrigin": [ 0.0, 15.0, 10.0 ],
      "faces": {
        "north": { "texture": "#pine", "uv": [ 0.0, 13.0, 16.0, 14.0 ] },
        "east": { "texture": "#pine", "uv": [ 11.5, 7.5, 13.5, 8.5 ] },
        "south": { "texture": "#pine", "uv": [ 0.0, 12.5, 16.0, 13.5 ] },
        "west": { "texture": "#pine", "uv": [ 4.5, 7.0, 6.5, 8.0 ] },
        "up": { "texture": "#pine", "uv": [ 0.0, 12.0, 16.0, 14.0 ] },
        "down": { "texture": "#pine", "uv": [ 0.0, 1.5, 16.0, 3.5 ] }
      }
    }
  ]}