{
	"editor": {
		"allAngles": false,
		"entityTextureMode": false
	},
	"textureWidth": 16,
	"textureHeight": 16,
	"textureSizes": {
	},
	"textures": {
		"furnwood2": "furnwood2",
		"furnwood15": "furnwood15",
		"furnwood12": "furnwood12",
		"frame": "frame"
	},
	"elements": [
		{
			"name": "lower_main",
			"from": [ 0.0, 0.0, 0.0 ], 
			"to": [ 2.5, 16.0, 16.0 ], 
			"rotationOrigin": [ 0.0, 0.0, 1.0 ],
			"faces": {
				"north": { "texture": "#furnwood15", "uv": [ 13.0, 0.0, 15.5, 16.0 ] },
				"east": { "texture": "#furnwood2", "uv": [ 0.0, 0.0, 16.0, 16.0 ] },
				"south": { "texture": "#furnwood15", "uv": [ 5.0, 0.0, 7.5, 16.0 ], "autoUv": false },
				"west": { "texture": "#furnwood2", "uv": [ 0.0, 0.0, 16.0, 16.0 ] },
				"up": { "texture": "#furnwood15", "uv": [ 0.5, 0.0, 3.0, 16.0 ] },
				"down": { "texture": "#furnwood15", "uv": [ 0.5, 0.0, 3.0, 16.0 ] }
			},
			"children": [
				{
					"name": "Cube1",
					"from": [ -0.5, 0.0, 0.0 ], 
					"to": [ 0.0, 2.5, 16.0 ], 
					"rotationOrigin": [ -1.0, 0.0, 0.0 ],
					"faces": {
						"north": { "texture": "#furnwood12", "uv": [ 7.5, 5.0, 8.0, 7.5 ] },
						"east": { "texture": "#furnwood12", "uv": [ 0.0, 13.5, 16.0, 16.0 ] },
						"south": { "texture": "#furnwood12", "uv": [ 4.0, 5.0, 4.5, 7.5 ] },
						"west": { "texture": "#furnwood12", "uv": [ 0.0, 5.0, 16.0, 7.5 ] },
						"up": { "texture": "#furnwood12", "uv": [ 0.0, 2.5, 16.0, 3.0 ], "rotation": 90 },
						"down": { "texture": "#furnwood12", "uv": [ 0.0, 4.5, 16.0, 5.0 ], "rotation": 90 }
					}
				},
				{
					"name": "Cube3",
					"from": [ 2.5, 0.0, 0.0 ], 
					"to": [ 3.0, 2.5, 16.0 ], 
					"rotationOrigin": [ 2.0, 0.0, 0.0 ],
					"faces": {
						"north": { "texture": "#furnwood12", "uv": [ 4.0, 5.0, 4.5, 7.5 ] },
						"east": { "texture": "#furnwood12", "uv": [ 0.0, 11.0, 16.0, 13.5 ] },
						"south": { "texture": "#furnwood12", "uv": [ 3.5, 5.0, 4.0, 7.5 ] },
						"west": { "texture": "#furnwood12", "uv": [ 0.0, 8.0, 16.0, 10.5 ] },
						"up": { "texture": "#furnwood12", "uv": [ 0.0, 3.0, 16.0, 3.5 ], "rotation": 90 },
						"down": { "texture": "#furnwood12", "uv": [ 0.0, 4.5, 16.0, 5.0 ], "rotation": 90 }
					}
				},
				{
					"name": "Cube7",
					"from": [ 2.5, 14.5, 2.0 ], 
					"to": [ 3.5, 15.0, 3.0 ], 
					"rotationOrigin": [ 2.5, 14.5, 2.0 ],
					"faces": {
						"north": { "texture": "#frame", "uv": [ 0.0, 0.0, 1.0, 0.5 ] },
						"east": { "texture": "#frame", "uv": [ 0.0, 0.0, 1.0, 0.5 ] },
						"south": { "texture": "#frame", "uv": [ 0.0, 0.0, 1.0, 0.5 ] },
						"west": { "texture": "#frame", "uv": [ 0.0, 0.0, 1.0, 0.5 ] },
						"up": { "texture": "#frame", "uv": [ 0.0, 0.0, 1.0, 1.0 ] },
						"down": { "texture": "#frame", "uv": [ 0.0, 0.0, 1.0, 1.0 ] }
					},
					"children": [
						{
							"name": "Cube8",
							"from": [ 1.0, 0.0, 0.0 ], 
							"to": [ 1.5, 1.5, 1.0 ], 
							"rotationOrigin": [ 1.0, 0.0, 0.0 ],
							"faces": {
								"north": { "texture": "#frame", "uv": [ 0.0, 0.0, 0.5, 1.5 ] },
								"east": { "texture": "#frame", "uv": [ 6.5, 5.5, 7.5, 7.0 ] },
								"south": { "texture": "#frame", "uv": [ 0.0, 0.0, 0.5, 1.5 ] },
								"west": { "texture": "#frame", "uv": [ 0.0, 0.0, 1.0, 1.5 ] },
								"up": { "texture": "#frame", "uv": [ 0.0, 0.0, 0.5, 1.0 ] },
								"down": { "texture": "#frame", "uv": [ 0.0, 0.0, 0.5, 1.0 ] }
							}
						},
						{
							"name": "Cube13",
							"from": [ 0.0, -1.5, -0.5 ], 
							"to": [ 0.2, 1.5, 1.5 ], 
							"rotationOrigin": [ 0.0, -2.0, 0.0 ],
							"faces": {
								"north": { "texture": "#frame", "uv": [ 0.0, 0.0, 0.5, 3.0 ] },
								"east": { "texture": "#frame", "uv": [ 14.5, 4.0, 16.0, 7.5 ], "autoUv": false },
								"south": { "texture": "#frame", "uv": [ 0.0, 0.0, 0.5, 3.0 ] },
								"west": { "texture": "#frame", "uv": [ 0.0, 0.0, 2.0, 3.0 ] },
								"up": { "texture": "#frame", "uv": [ 0.0, 0.0, 0.5, 2.0 ] },
								"down": { "texture": "#frame", "uv": [ 0.0, 0.0, 0.5, 2.0 ] }
							},
							"children": [
								{
									"name": "Cube14",
									"from": [ 0.0, -1.0, 0.5 ], 
									"to": [ 0.2, 0.0, 1.5 ], 
									"rotationOrigin": [ 0.0, -1.0, 0.0 ],
									"faces": {
										"north": { "texture": "#frame", "uv": [ 0.0, 0.0, 0.5, 1.0 ] },
										"east": { "texture": "#frame", "uv": [ 0.0, 0.0, 1.5, 1.5 ], "autoUv": false },
										"south": { "texture": "#frame", "uv": [ 0.0, 0.0, 0.5, 1.0 ] },
										"west": { "texture": "#frame", "uv": [ 0.0, 0.0, 1.0, 1.0 ] },
										"up": { "texture": "#frame", "uv": [ 0.0, 0.0, 0.5, 1.0 ] },
										"down": { "texture": "#frame", "uv": [ 0.0, 0.0, 0.5, 1.0 ] }
									}
								}
							]
						},
						{
							"name": "Cube19",
							"from": [ -3.5, 0.0, 1.0 ], 
							"to": [ -2.5, 0.5, 2.0 ], 
							"rotationOrigin": [ -3.0, 0.0, 1.0 ],
							"rotationX": -179.99999011687993,
							"rotationY": -5.008955855952477E-6,
							"rotationZ": -179.99999011687993,
							"faces": {
								"north": { "texture": "#frame", "uv": [ 0.0, 0.0, 1.0, 0.5 ] },
								"east": { "texture": "#frame", "uv": [ 0.0, 0.0, 1.0, 0.5 ] },
								"south": { "texture": "#frame", "uv": [ 0.0, 0.0, 1.0, 0.5 ] },
								"west": { "texture": "#frame", "uv": [ 0.0, 0.0, 1.0, 0.5 ] },
								"up": { "texture": "#frame", "uv": [ 13.0, 3.5, 14.0, 4.5 ] },
								"down": { "texture": "#frame", "uv": [ 8.0, 8.0, 9.0, 9.0 ] }
							},
							"children": [
								{
									"name": "Cube20",
									"from": [ 1.0, 0.0, 0.0 ], 
									"to": [ 1.5, 1.5, 1.0 ], 
									"rotationOrigin": [ 1.0, 0.0, 0.0 ],
									"faces": {
										"north": { "texture": "#frame", "uv": [ 0.0, 0.0, 0.5, 1.5 ] },
										"east": { "texture": "#frame", "uv": [ 6.5, 5.5, 7.5, 7.0 ] },
										"south": { "texture": "#frame", "uv": [ 0.0, 0.0, 0.5, 1.5 ] },
										"west": { "texture": "#frame", "uv": [ 0.0, 0.0, 1.0, 1.5 ] },
										"up": { "texture": "#frame", "uv": [ 0.0, 0.0, 0.5, 1.0 ] },
										"down": { "texture": "#frame", "uv": [ 0.0, 0.0, 0.5, 1.0 ] }
									}
								},
								{
									"name": "Cube21",
									"from": [ 0.0, -1.5, -0.5 ], 
									"to": [ 0.2, 1.5, 1.5 ], 
									"rotationOrigin": [ 0.0, -2.0, 0.0 ],
									"faces": {
										"north": { "texture": "#frame", "uv": [ 0.0, 0.0, 0.5, 3.0 ] },
										"east": { "texture": "#frame", "uv": [ 13.5, 10.0, 15.0, 13.5 ], "autoUv": false },
										"south": { "texture": "#frame", "uv": [ 0.0, 0.0, 0.5, 3.0 ] },
										"west": { "texture": "#frame", "uv": [ 13.5, 6.0, 15.5, 9.0 ] },
										"up": { "texture": "#frame", "uv": [ 0.0, 0.0, 0.5, 2.0 ] },
										"down": { "texture": "#frame", "uv": [ 0.0, 0.0, 0.5, 2.0 ] }
									},
									"children": [
										{
											"name": "Cube22",
											"from": [ 0.0, -1.0, 0.5 ], 
											"to": [ 0.2, 0.0, 1.5 ], 
											"rotationOrigin": [ 0.0, -1.0, 0.0 ],
											"faces": {
												"north": { "texture": "#frame", "uv": [ 0.0, 0.0, 0.5, 1.0 ] },
												"east": { "texture": "#frame", "uv": [ 0.0, 0.0, 1.5, 1.5 ], "autoUv": false },
												"south": { "texture": "#frame", "uv": [ 0.0, 0.0, 0.5, 1.0 ] },
												"west": { "texture": "#frame", "uv": [ 0.0, 0.0, 1.0, 1.0 ] },
												"up": { "texture": "#frame", "uv": [ 0.0, 0.0, 0.5, 1.0 ] },
												"down": { "texture": "#frame", "uv": [ 0.0, 0.0, 0.5, 1.0 ] }
											}
										}
									]
								}
							]
						}
					]
				},
				{
					"name": "Cube16",
					"from": [ 2.5, 5.7, 15.0 ], 
					"to": [ 3.2, 8.3, 16.0 ], 
					"rotationOrigin": [ 4.0, 6.0, 15.0 ],
					"faces": {
						"north": { "texture": "#frame", "uv": [ 0.0, 0.0, 0.5, 2.5 ] },
						"east": { "texture": "#frame", "uv": [ 12.5, 3.5, 13.5, 6.0 ] },
						"south": { "texture": "#frame", "uv": [ 0.0, 0.0, 0.5, 2.5 ] },
						"west": { "texture": "#frame", "uv": [ 0.0, 0.0, 1.0, 2.5 ] },
						"up": { "texture": "#frame", "uv": [ 0.0, 0.0, 0.5, 1.0 ] },
						"down": { "texture": "#frame", "uv": [ 0.0, 0.0, 0.5, 1.0 ] }
					},
					"children": [
						{
							"name": "Cube15",
							"from": [ 0.0, 0.8, -4.2 ], 
							"to": [ 0.3, 2.0, 0.0 ], 
							"rotationOrigin": [ -1.0, -0.7, -4.0 ],
							"faces": {
								"north": { "texture": "#frame", "uv": [ 0.0, 0.0, 0.5, 1.0 ] },
								"east": { "texture": "#frame", "uv": [ 5.0, 9.5, 9.0, 10.5 ] },
								"south": { "texture": "#frame", "uv": [ 0.0, 0.0, 0.5, 1.0 ] },
								"west": { "texture": "#frame", "uv": [ 1.0, 2.5, 5.0, 3.5 ] },
								"up": { "texture": "#frame", "uv": [ 0.0, 0.0, 0.5, 4.0 ] },
								"down": { "texture": "#frame", "uv": [ 0.0, 0.0, 0.5, 4.0 ] }
							}
						}
					]
				},
				{
					"name": "Cube25",
					"from": [ -0.7, 5.7, 15.0 ], 
					"to": [ 0.0, 8.3, 16.0 ], 
					"rotationOrigin": [ 1.0, 6.0, 15.0 ],
					"faces": {
						"north": { "texture": "#frame", "uv": [ 0.0, 0.0, 0.5, 2.5 ] },
						"east": { "texture": "#frame", "uv": [ 14.0, 4.5, 15.0, 7.0 ] },
						"south": { "texture": "#frame", "uv": [ 0.0, 0.0, 0.5, 2.5 ] },
						"west": { "texture": "#frame", "uv": [ 10.5, 6.5, 11.5, 9.0 ] },
						"up": { "texture": "#frame", "uv": [ 0.0, 0.0, 0.5, 1.0 ] },
						"down": { "texture": "#frame", "uv": [ 0.0, 0.0, 0.5, 1.0 ] }
					},
					"children": [
						{
							"name": "Cube26",
							"from": [ 0.4, 0.8, -4.2 ], 
							"to": [ 0.7, 2.0, 0.0 ], 
							"rotationOrigin": [ -1.0, -0.7, -4.0 ],
							"faces": {
								"north": { "texture": "#frame", "uv": [ 0.0, 0.0, 0.5, 1.0 ] },
								"east": { "texture": "#frame", "uv": [ 4.5, 10.0, 8.5, 11.0 ] },
								"south": { "texture": "#frame", "uv": [ 0.0, 0.0, 0.5, 1.0 ] },
								"west": { "texture": "#frame", "uv": [ 5.0, 9.5, 9.0, 10.5 ] },
								"up": { "texture": "#frame", "uv": [ 0.0, 0.0, 0.5, 4.0 ] },
								"down": { "texture": "#frame", "uv": [ 0.0, 0.0, 0.5, 4.0 ] }
							}
						}
					]
				}
			]
		}
	]}