{
	"editor": {
		"allAngles": false,
		"entityTextureMode": false
	},
	"textureWidth": 16,
	"textureHeight": 16,
	"textureSizes": {
	},
	"textures": {
		"furnwood15": "furnwood15",
		"furnwood1": "furnwood1",
		"furnwood12": "furnwood12",
		"frame": "frame"
	},
	"elements": [
		{
			"name": "UPPER_main4",
			"from": [ 0.0, 0.0, 0.0 ], 
			"to": [ 2.5, 16.0, 16.0 ], 
			"rotationOrigin": [ 0.0, 16.0, 0.0 ],
			"faces": {
				"north": { "texture": "#furnwood15", "uv": [ 8.0, 0.0, 10.5, 16.0 ] },
				"east": { "texture": "#furnwood1", "uv": [ 0.0, 0.0, 16.0, 16.0 ] },
				"south": { "texture": "#furnwood15", "uv": [ 9.0, 0.0, 11.5, 16.0 ], "autoUv": false },
				"west": { "texture": "#furnwood1", "uv": [ 0.0, 0.0, 16.0, 16.0 ] },
				"up": { "texture": "#furnwood15", "uv": [ 4.5, 0.0, 7.0, 16.0 ] },
				"down": { "texture": "#furnwood15", "uv": [ 0.5, 0.0, 3.0, 16.0 ] }
			},
			"children": [
				{
					"name": "Cube5",
					"from": [ -0.5, 13.5, 0.0 ], 
					"to": [ 0.0, 16.0, 16.0 ], 
					"rotationOrigin": [ -1.0, 13.0, 0.0 ],
					"faces": {
						"north": { "texture": "#furnwood12", "uv": [ 8.5, 2.5, 9.0, 5.0 ] },
						"east": { "texture": "#furnwood12", "uv": [ 0.0, 0.0, 16.0, 2.5 ] },
						"south": { "texture": "#furnwood12", "uv": [ 8.0, 2.5, 8.5, 5.0 ] },
						"west": { "texture": "#furnwood12", "uv": [ 0.0, 5.0, 16.0, 7.5 ] },
						"up": { "texture": "#furnwood12", "uv": [ 0.0, 3.0, 16.0, 3.5 ], "rotation": 90 },
						"down": { "texture": "#furnwood12", "uv": [ 0.0, 4.5, 16.0, 5.0 ], "rotation": 90 }
					}
				},
				{
					"name": "Cube6",
					"from": [ 2.5, 13.5, 0.0 ], 
					"to": [ 3.0, 16.0, 16.0 ], 
					"rotationOrigin": [ 2.0, 0.0, 0.0 ],
					"faces": {
						"north": { "texture": "#furnwood12", "uv": [ 11.0, 2.5, 11.5, 5.0 ] },
						"east": { "texture": "#furnwood12", "uv": [ 0.0, 8.0, 16.0, 10.5 ] },
						"south": { "texture": "#furnwood12", "uv": [ 8.0, 2.5, 8.5, 5.0 ] },
						"west": { "texture": "#furnwood12", "uv": [ 0.0, 0.0, 16.0, 2.5 ] },
						"up": { "texture": "#furnwood12", "uv": [ 0.0, 2.5, 16.0, 3.0 ], "rotation": 90 },
						"down": { "texture": "#furnwood12", "uv": [ 0.0, 1.5, 16.0, 2.0 ], "rotation": 90 }
					}
				},
				{
					"name": "Cube9",
					"from": [ 3.5, 0.0, 2.0 ], 
					"to": [ 4.0, 3.0, 3.0 ], 
					"rotationOrigin": [ 3.0, 0.0, 2.0 ],
					"faces": {
						"north": { "texture": "#frame", "uv": [ 0.0, 0.0, 0.5, 3.0 ], "autoUv": false },
						"east": { "texture": "#frame", "uv": [ 15.0, 4.0, 16.0, 7.0 ] },
						"south": { "texture": "#frame", "uv": [ 0.0, 0.0, 0.5, 3.0 ] },
						"west": { "texture": "#frame", "uv": [ 7.0, 4.0, 8.0, 7.0 ] },
						"up": { "texture": "#frame", "uv": [ 0.0, 0.0, 0.5, 1.0 ] },
						"down": { "texture": "#frame", "uv": [ 0.0, 0.0, 0.5, 1.0 ] }
					},
					"children": [
						{
							"name": "Cube10",
							"from": [ -1.0, 2.5, 0.0 ], 
							"to": [ 0.0, 3.0, 1.0 ], 
							"rotationOrigin": [ -1.0, 2.0, 0.0 ],
							"faces": {
								"north": { "texture": "#frame", "uv": [ 0.0, 0.0, 1.0, 0.5 ] },
								"east": { "texture": "#frame", "uv": [ 0.0, 0.0, 1.0, 0.5 ] },
								"south": { "texture": "#frame", "uv": [ 0.0, 1.0, 1.0, 1.5 ] },
								"west": { "texture": "#frame", "uv": [ 0.0, 0.0, 1.0, 0.5 ] },
								"up": { "texture": "#frame", "uv": [ 15.0, 2.5, 16.0, 3.5 ] },
								"down": { "texture": "#frame", "uv": [ 13.5, 3.0, 14.5, 4.0 ] }
							},
							"children": [
								{
									"name": "Cube11",
									"from": [ 0.0, -2.5, -0.5 ], 
									"to": [ 0.2, 1.5, 1.5 ], 
									"rotationOrigin": [ 0.0, -2.0, 0.0 ],
									"faces": {
										"north": { "texture": "#frame", "uv": [ 0.0, 0.0, 0.5, 4.0 ] },
										"east": { "texture": "#frame", "uv": [ 14.5, 2.5, 16.0, 6.5 ], "autoUv": false },
										"south": { "texture": "#frame", "uv": [ 0.0, 0.0, 0.5, 4.0 ] },
										"west": { "texture": "#frame", "uv": [ 0.0, 0.0, 2.0, 4.0 ], "autoUv": false },
										"up": { "texture": "#frame", "uv": [ 0.0, 0.0, 0.5, 2.0 ] },
										"down": { "texture": "#frame", "uv": [ 0.0, 0.0, 0.5, 2.0 ] }
									},
									"children": [
										{
											"name": "Cube12",
											"from": [ 0.0, 4.0, 0.5 ], 
											"to": [ 0.2, 5.0, 1.5 ], 
											"rotationOrigin": [ 0.0, 4.0, 1.0 ],
											"faces": {
												"north": { "texture": "#frame", "uv": [ 0.0, 0.0, 0.5, 1.0 ] },
												"east": { "texture": "#frame", "uv": [ 6.5, 1.5, 8.0, 3.0 ], "autoUv": false },
												"south": { "texture": "#frame", "uv": [ 0.0, 0.0, 0.5, 1.0 ] },
												"west": { "texture": "#frame", "uv": [ 0.0, 0.0, 1.0, 1.0 ] },
												"up": { "texture": "#frame", "uv": [ 0.0, 0.0, 0.5, 1.0 ] },
												"down": { "texture": "#frame", "uv": [ 0.0, 0.0, 0.5, 1.0 ] }
											}
										}
									]
								}
							]
						},
						{
							"name": "Cube15",
							"from": [ -2.5, 0.0, 1.0 ], 
							"to": [ -2.0, 3.0, 2.0 ], 
							"rotationOrigin": [ -3.5, 0.0, 1.0 ],
							"rotationX": -179.99999011687993,
							"rotationY": -5.008955855952477E-6,
							"rotationZ": -179.99999011687993,
							"faces": {
								"north": { "texture": "#frame", "uv": [ 0.0, 0.0, 0.5, 3.0 ] },
								"east": { "texture": "#frame", "uv": [ 15.0, 0.0, 16.0, 3.0 ] },
								"south": { "texture": "#frame", "uv": [ 0.0, 0.0, 0.5, 3.0 ] },
								"west": { "texture": "#frame", "uv": [ 14.0, 5.0, 15.0, 8.0 ] },
								"up": { "texture": "#frame", "uv": [ 0.0, 0.0, 0.5, 1.0 ] },
								"down": { "texture": "#frame", "uv": [ 0.0, 0.0, 0.5, 1.0 ] }
							},
							"children": [
								{
									"name": "Cube16",
									"from": [ -1.0, 2.5, 0.0 ], 
									"to": [ 0.0, 3.0, 1.0 ], 
									"rotationOrigin": [ -1.0, 2.0, 0.0 ],
									"faces": {
										"north": { "texture": "#frame", "uv": [ 0.0, 0.0, 1.0, 0.5 ] },
										"east": { "texture": "#frame", "uv": [ 0.0, 0.0, 1.0, 0.5 ] },
										"south": { "texture": "#frame", "uv": [ 0.0, 0.0, 1.0, 0.5 ] },
										"west": { "texture": "#frame", "uv": [ 0.0, 0.0, 1.0, 0.5 ] },
										"up": { "texture": "#frame", "uv": [ 10.5, 2.5, 11.5, 3.5 ] },
										"down": { "texture": "#frame", "uv": [ 13.0, 12.5, 14.0, 13.5 ] }
									},
									"children": [
										{
											"name": "Cube17",
											"from": [ 0.0, -2.5, -0.5 ], 
											"to": [ 0.2, 1.5, 1.5 ], 
											"rotationOrigin": [ 0.0, -2.0, 0.0 ],
											"faces": {
												"north": { "texture": "#frame", "uv": [ 0.0, 0.0, 0.5, 4.0 ] },
												"east": { "texture": "#frame", "uv": [ 12.0, 2.0, 13.5, 6.0 ], "autoUv": false },
												"south": { "texture": "#frame", "uv": [ 0.0, 0.0, 0.5, 4.0 ] },
												"west": { "texture": "#frame", "uv": [ 12.0, 4.0, 14.0, 8.0 ] },
												"up": { "texture": "#frame", "uv": [ 0.0, 0.0, 0.5, 2.0 ] },
												"down": { "texture": "#frame", "uv": [ 0.0, 0.0, 0.5, 2.0 ] }
											},
											"children": [
												{
													"name": "Cube18",
													"from": [ 0.0, 4.0, 0.5 ], 
													"to": [ 0.2, 5.0, 1.5 ], 
													"rotationOrigin": [ 0.0, 4.0, 1.0 ],
													"faces": {
														"north": { "texture": "#frame", "uv": [ 0.0, 0.0, 0.5, 1.0 ] },
														"east": { "texture": "#frame", "uv": [ 0.0, 0.0, 1.5, 1.5 ], "autoUv": false },
														"south": { "texture": "#frame", "uv": [ 0.0, 0.0, 0.5, 1.0 ] },
														"west": { "texture": "#frame", "uv": [ 0.0, 0.0, 1.0, 1.0 ] },
														"up": { "texture": "#frame", "uv": [ 0.0, 0.0, 0.5, 1.0 ] },
														"down": { "texture": "#frame", "uv": [ 0.0, 0.0, 0.5, 1.0 ] }
													}
												}
											]
										}
									]
								}
							]
						}
					]
				},
				{
					"name": "Cube27",
					"from": [ 2.5, 7.7, 15.0 ], 
					"to": [ 3.2, 10.3, 16.0 ], 
					"rotationOrigin": [ 4.0, 8.0, 15.0 ],
					"faces": {
						"north": { "texture": "#frame", "uv": [ 0.0, 0.0, 0.5, 2.5 ] },
						"east": { "texture": "#frame", "uv": [ 12.5, 2.5, 13.5, 5.0 ] },
						"south": { "texture": "#frame", "uv": [ 0.0, 0.0, 0.5, 2.5 ] },
						"west": { "texture": "#frame", "uv": [ 0.0, 0.0, 1.0, 2.5 ] },
						"up": { "texture": "#frame", "uv": [ 0.0, 0.0, 0.5, 1.0 ] },
						"down": { "texture": "#frame", "uv": [ 0.0, 0.0, 0.5, 1.0 ] }
					},
					"children": [
						{
							"name": "Cube28",
							"from": [ 0.0, 0.8, -4.2 ], 
							"to": [ 0.3, 2.0, 0.0 ], 
							"rotationOrigin": [ -1.0, -0.7, -4.0 ],
							"faces": {
								"north": { "texture": "#frame", "uv": [ 0.0, 0.0, 0.5, 1.0 ] },
								"east": { "texture": "#frame", "uv": [ 5.0, 9.5, 9.0, 10.5 ] },
								"south": { "texture": "#frame", "uv": [ 0.0, 0.0, 0.5, 1.0 ] },
								"west": { "texture": "#frame", "uv": [ 1.0, 2.5, 5.0, 3.5 ] },
								"up": { "texture": "#frame", "uv": [ 0.0, 0.0, 0.5, 4.0 ] },
								"down": { "texture": "#frame", "uv": [ 0.0, 0.0, 0.5, 4.0 ] }
							}
						}
					]
				},
				{
					"name": "Cube29",
					"from": [ -0.7, 7.7, 15.0 ], 
					"to": [ 0.0, 10.3, 16.0 ], 
					"rotationOrigin": [ 1.0, 8.0, 15.0 ],
					"faces": {
						"north": { "texture": "#frame", "uv": [ 0.0, 0.0, 0.5, 2.5 ] },
						"east": { "texture": "#frame", "uv": [ 0.0, 0.0, 1.0, 2.5 ] },
						"south": { "texture": "#frame", "uv": [ 0.0, 0.0, 0.5, 2.5 ] },
						"west": { "texture": "#frame", "uv": [ 13.0, 7.0, 14.0, 9.5 ] },
						"up": { "texture": "#frame", "uv": [ 0.0, 0.0, 0.5, 1.0 ] },
						"down": { "texture": "#frame", "uv": [ 0.0, 0.0, 0.5, 1.0 ] }
					},
					"children": [
						{
							"name": "Cube30",
							"from": [ 0.4, 0.8, -4.2 ], 
							"to": [ 0.7, 2.0, 0.0 ], 
							"rotationOrigin": [ -1.0, -0.7, -4.0 ],
							"faces": {
								"north": { "texture": "#frame", "uv": [ 0.0, 0.0, 0.5, 1.0 ] },
								"east": { "texture": "#frame", "uv": [ 4.5, 10.0, 8.5, 11.0 ] },
								"south": { "texture": "#frame", "uv": [ 0.0, 0.0, 0.5, 1.0 ] },
								"west": { "texture": "#frame", "uv": [ 5.0, 9.5, 9.0, 10.5 ] },
								"up": { "texture": "#frame", "uv": [ 0.0, 0.0, 0.5, 4.0 ] },
								"down": { "texture": "#frame", "uv": [ 0.0, 0.0, 0.5, 4.0 ] }
							}
						}
					]
				}
			]
		}
	]}