{
	"code": "paintingmemories",
	"class": "BlockPaintingMemoriesVB",
	"entityclass": "BlockEntityPaintingMemoriesVB",
	"drawtype": "json",

	"behaviors": [
		{ "name": "Lockable" },
		{ "name": "Container" },
		{ "name": "HorizontalAttachable" }
	],
	"variantgroups": [
		{
			"code": "memories",
			"loadFromProperties": "viesblocks:block/painting/memories"
		},
		{
			"code": "side",
			"loadFromProperties": "game:abstract/horizontalorientation"
		}
	],
	"attributes": {
		"handbook": {
			"groupBy": [ "paintingmemories-{painting}-*" ]
		},
		"inventoryClassName": "painting",
		"quantitySlots": 1,
		"dialogTitleLangCode": "Painting",
		"retrieveOnly": false
	},

	"creativeinventory": {
		"general": [ "paintingmemories-1-north" ],
		"decorative": [ "paintingmemories-1-north" ]
	},
	"shapeinventory": { "base": "game:block/wood/paintinginventory" },
	"shapebytype": {
		"*-north": {
			"base": "game:block/wood/painting",
			"rotateY": 180
		},
		"*-east": {
			"base": "game:block/wood/painting",
			"rotateY": 90
		},
		"*-south": {
			"base": "game:block/wood/painting",
			"rotateY": 0
		},
		"*-west": {
			"base": "game:block/wood/painting",
			"rotateY": 270
		}
	},
	"blockmaterial": "Wood",
	"lightAbsorption": 0,
	"replaceable": 5001,
	"resistance": 0.1,
	"rainPermeable": true,
	"materialDensity": 600,
	"drops": [],
	"textures": {
		"painting": { "base": "block/painting/memories/{memories}" }
	},
	"sounds": {
		"place": "game:block/planks",
		"break": "game:block/planks",
		"hit": "game:block/planks"
	},

	"sidesolid": {
		"all": false
	},
	"sideopaque": {
		"all": false
	},
	"sideao": { "all": false },
	"collisionbox": null,
	"selectionbox": {
		"x1": 0,
		"y1": 0,
		"z1": 0,
		"x2": 1,
		"y2": 1,
		"z2": 0.0625,
		"rotateYByType": {
			"*-east": 270,
			"*-south": 180,
			"*-west": 90,
			"*-north": 0
		}
	},
	"guiTransform": {
		"rotate": false,
		"rotation": {
			"x": -22.6,
			"y": 25,
			"z": 0
		},
		"scale": 1.39
	}
}