{
	"editor": {
		"allAngles": false,
		"singleTexture": false
	},
	"textureWidth": 32,
	"textureHeight": 32,
	"textures": {
		"crystal": ""
	},
	"elements": [
		{
			"name": "Crystal_1_Base",
			"from": [ 6.5, -2.0, 8.5 ], 
			"to": [ 8.5, 0.5, 10.5 ],
			"renderPass": 3, "shade": false,
			"rotationOrigin": [ 7.0, -2.0, 10.0 ],
			"rotationY": 67.5,
			"rotationZ": 22.5,
			"faces": {
				"north": { "texture": "#crystal", "uv": [ 0.0, 0.0, 32, 32 ], "glow":5 },
				"east": { "texture": "#crystal", "uv": [ 0.0, 0.0, 32, 32 ], "glow":5 },
				"south": { "texture": "#crystal", "uv": [ 0.0, 0.0, 32, 32 ], "glow":5 },
				"west": { "texture": "#crystal", "uv": [ 0.0, 0.0, 32, 32 ], "glow":5 },
				"up": { "texture": "#crystal", "uv": [ 0.0, 0.0, 32, 32 ], "glow":5 },
				"down": { "texture": "#crystal", "uv": [ 0.0, 0.0, 32, 32 ], "glow":5 }
			},
			"children": [
				{
					"name": "Crystal_1_BaseCore",
					"from": [ 0.5, 0.0, 0.5 ], 
					"to": [ 1.5, 1.5, 1.5 ], 
					"renderPass": 3, "shade": false,
					"rotationOrigin": [ 0.5, 0.0, 1.5 ],
					"faces": {
						"north": { "texture": "#crystal", "uv": [ 0.0, 0.0, 32, 32 ], "glow":50 },
						"east": { "texture": "#crystal", "uv": [ 0.0, 0.0, 32, 32 ], "glow":50 },
						"south": { "texture": "#crystal", "uv": [ 0.0, 0.0, 32, 32 ], "glow":50 },
						"west": { "texture": "#crystal", "uv": [ 0.0, 0.0, 32, 32 ], "glow":50 },
						"up": { "texture": "#crystal", "uv": [ 0.0, 0.0, 32, 32 ], "glow":50 },
						"down": { "texture": "#crystal", "uv": [ 0.0, 0.0, 32, 32 ], "glow":50 }
					},
					"children": [
						{
							"name": "Crystal_1_TopCore",
							"from": [ 0.25, 1.5, 0.25 ], 
							"to": [ 0.75, 3.5, 0.75 ], 
							"renderPass": 3, "shade": false,
							"rotationOrigin": [ 0.0, 2.0, 1.0 ],
							"faces": {
								"north": { "texture": "#crystal", "uv": [ 0.0, 0.0, 32, 32 ], "glow":50 },
								"east": { "texture": "#crystal", "uv": [ 0.0, 0.0, 32, 32 ], "glow":50 },
								"south": { "texture": "#crystal", "uv": [ 0.0, 0.0, 32, 32 ], "glow":50 },
								"west": { "texture": "#crystal", "uv": [ 0.0, 0.0, 32, 32 ], "glow":50 },
								"up": { "texture": "#crystal", "uv": [ 0.0, 0.0, 32, 32 ], "glow":50 },
								"down": { "texture": "#crystal", "uv": [ 0.0, 0.0, 32, 32 ], "glow":50 }
							},
							"children": [
								{
									"name": "Crystal_1_Top",
									"from": [ -0.5, 0.5, -0.5 ], 
									"to": [ 1.0, 2.5, 1.0 ], 
									"renderPass": 3, "shade": false,
									"rotationOrigin": [ -0.25, 0.5, -0.25 ],
									"faces": {
										"north": { "texture": "#crystal", "uv": [ 0.0, 0.0, 32, 32 ], "glow":5 },
										"east": { "texture": "#crystal", "uv": [ 0.0, 0.0, 32, 32 ], "glow":5 },
										"south": { "texture": "#crystal", "uv": [ 0.0, 0.0, 32, 32 ], "glow":5 },
										"west": { "texture": "#crystal", "uv": [ 0.0, 0.0, 32, 32 ], "glow":5 },
										"up": { "texture": "#crystal", "uv": [ 0.0, 0.0, 32, 32 ], "glow":5 },
										"down": { "texture": "#crystal", "uv": [ 0.0, 0.0, 32, 32 ], "glow":5 }
									},
									"children": [
										{
											"name": "Crystal_1_Tip",
											"from": [ 0.5, 2.0, 0.5 ], 
											"to": [ 1.0, 2.5, 1.0 ], 
											"renderPass": 3, "shade": false,
											"rotationOrigin": [ 0.25, 2.0, 0.25 ],
											"faces": {
												"north": { "texture": "#crystal", "uv": [ 0.0, 0.0, 32, 32 ], "glow":5 },
												"east": { "texture": "#crystal", "uv": [ 0.0, 0.0, 32, 32 ], "glow":5 },
												"south": { "texture": "#crystal", "uv": [ 0.0, 0.0, 32, 32 ], "glow":5 },
												"west": { "texture": "#crystal", "uv": [ 0.0, 0.0, 32, 32 ], "glow":5 },
												"up": { "texture": "#crystal", "uv": [ 0.0, 0.0, 32, 32 ], "glow":5 },
												"down": { "texture": "#crystal", "uv": [ 0.0, 0.0, 32, 32 ], "glow":5 }
											}
										}
									]
								}
							]
						}
					]
				}
			]
		},
		{
			"name": "Crystal_Bit_1",
			"from": [ 8.52, -0.12, 11.37 ], 
			"to": [ 9.02, 0.88, 11.87 ], 
			"renderPass": 3, "shade": false,
			"rotationOrigin": [ 8.5211, -0.8853, 11.3655 ],
			"rotationX": 45.0,
			"rotationY": -135.0,
			"rotationZ": 22.5,
			"faces": {
				"north": { "texture": "#crystal", "uv": [ 0.0, 0.0, 32, 32 ], "glow":5 },
				"east": { "texture": "#crystal", "uv": [ 0.0, 0.0, 32, 32 ], "glow":5 },
				"south": { "texture": "#crystal", "uv": [ 0.0, 0.0, 32, 32 ], "glow":5 },
				"west": { "texture": "#crystal", "uv": [ 0.0, 0.0, 32, 32 ], "glow":5 },
				"up": { "texture": "#crystal", "uv": [ 0.0, 0.0, 32, 32 ], "glow":5 },
				"down": { "texture": "#crystal", "uv": [ 0.0, 0.0, 32, 32 ], "glow":5 }
			}
		},
		{
			"name": "Crystal_Bit_2",
			"from": [ 4.52, -0.12, 4.37 ], 
			"to": [ 5.02, 0.88, 4.87 ], 
			"renderPass": 3, "shade": false,
			"rotationOrigin": [ 4.5211, -0.8853, 4.3655 ],
			"rotationX": 45.0,
			"rotationY": -67.5,
			"faces": {
				"north": { "texture": "#crystal", "uv": [ 0.0, 0.0, 32, 32 ], "glow":5 },
				"east": { "texture": "#crystal", "uv": [ 0.0, 0.0, 32, 32 ], "glow":5 },
				"south": { "texture": "#crystal", "uv": [ 0.0, 0.0, 32, 32 ], "glow":5 },
				"west": { "texture": "#crystal", "uv": [ 0.0, 0.0, 32, 32 ], "glow":5 },
				"up": { "texture": "#crystal", "uv": [ 0.0, 0.0, 32, 32 ], "glow":5 },
				"down": { "texture": "#crystal", "uv": [ 0.0, 0.0, 32, 32 ], "glow":5 }
			}
		},
		{
			"name": "Crystal_Bit_3",
			"from": [ 7.52, -0.4, 3.37 ], 
			"to": [ 8.02, 0.6, 3.87 ], 
			"renderPass": 3, "shade": false,
			"rotationOrigin": [ 7.5211, -1.8853, 3.3655 ],
			"rotationX": 45.0,
			"rotationY": -112.5,
			"rotationZ": 67.5,
			"faces": {
				"north": { "texture": "#crystal", "uv": [ 0.0, 0.0, 32, 32 ], "glow":5 },
				"east": { "texture": "#crystal", "uv": [ 0.0, 0.0, 32, 32 ], "glow":5 },
				"south": { "texture": "#crystal", "uv": [ 0.0, 0.0, 32, 32 ], "glow":5 },
				"west": { "texture": "#crystal", "uv": [ 0.0, 0.0, 32, 32 ], "glow":5 },
				"up": { "texture": "#crystal", "uv": [ 0.0, 0.0, 32, 32 ], "glow":5 },
				"down": { "texture": "#crystal", "uv": [ 0.0, 0.0, 32, 32 ], "glow":5 }
			}
		},
		{
			"name": "Crystal_Bit_4",
			"from": [ 10.52, -0.2, 4.37 ], 
			"to": [ 11.02, 0.8, 4.87 ], 
			"renderPass": 3, "shade": false,
			"rotationOrigin": [ 10.5211, -1.8853, 4.3655 ],
			"rotationX": 67.5,
			"rotationY": -135.0,
			"rotationZ": 90.0,
			"faces": {
				"north": { "texture": "#crystal", "uv": [ 0.0, 0.0, 32, 32 ], "glow":5 },
				"east": { "texture": "#crystal", "uv": [ 0.0, 0.0, 32, 32 ], "glow":5 },
				"south": { "texture": "#crystal", "uv": [ 0.0, 0.0, 32, 32 ], "glow":5 },
				"west": { "texture": "#crystal", "uv": [ 0.0, 0.0, 32, 32 ], "glow":5 },
				"up": { "texture": "#crystal", "uv": [ 0.0, 0.0, 32, 32 ], "glow":5 },
				"down": { "texture": "#crystal", "uv": [ 0.0, 0.0, 32, 32 ], "glow":5 }
			}
		},
		{
			"name": "Crystal_2_TopCore",
			"from": [ 9.4567, -1.1911, 7.5815 ], 
			"to": [ 9.9567, 0.8089, 8.0815 ], 
			"renderPass": 3, "shade": false,
			"rotationOrigin": [ 9.7071, -0.405, 8.0223 ],
			"rotationX": -22.50000097636263,
			"rotationY": 22.50000022689532,
			"rotationZ": -22.50000097636263,
			"faces": {
				"north": { "texture": "#crystal", "uv": [ 0.0, 0.0, 32, 32 ], "glow":50 },
				"east": { "texture": "#crystal", "uv": [ 0.0, 0.0, 32, 32 ], "glow":50 },
				"south": { "texture": "#crystal", "uv": [ 0.0, 0.0, 32, 32 ], "glow":50 },
				"west": { "texture": "#crystal", "uv": [ 0.0, 0.0, 32, 32 ], "glow":50 },
				"up": { "texture": "#crystal", "uv": [ 0.0, 0.0, 32, 32 ], "glow":50 },
				"down": { "texture": "#crystal", "uv": [ 0.0, 0.0, 32, 32 ], "glow":50 }
			},
			"children": [
				{
					"name": "Crystal_2_Top",
					"from": [ -0.5, 0.5, -0.5 ], 
					"to": [ 1.0, 2.5, 1.0 ], 
					"renderPass": 3, "shade": false,
					"rotationOrigin": [ -0.25, 0.5, -0.25 ],
					"faces": {
						"north": { "texture": "#crystal", "uv": [ 0.0, 0.0, 32, 32 ], "glow":5 },
						"east": { "texture": "#crystal", "uv": [ 0.0, 0.0, 32, 32 ], "glow":5 },
						"south": { "texture": "#crystal", "uv": [ 0.0, 0.0, 32, 32 ], "glow":5 },
						"west": { "texture": "#crystal", "uv": [ 0.0, 0.0, 32, 32 ], "glow":5 },
						"up": { "texture": "#crystal", "uv": [ 0.0, 0.0, 32, 32 ], "glow":5 },
						"down": { "texture": "#crystal", "uv": [ 0.0, 0.0, 32, 32 ], "glow":5 }
					},
					"children": [
						{
							"name": "Crystal_2_Tip",
							"from": [ 0.5, 2.0, 0.5 ], 
							"to": [ 1.0, 2.5, 1.0 ], 
							"renderPass": 3, "shade": false,
							"rotationOrigin": [ 0.25, 2.0, 0.25 ],
							"faces": {
								"north": { "texture": "#crystal", "uv": [ 0.0, 0.0, 32, 32 ], "glow":5 },
								"east": { "texture": "#crystal", "uv": [ 0.0, 0.0, 32, 32 ], "glow":5 },
								"south": { "texture": "#crystal", "uv": [ 0.0, 0.0, 32, 32 ], "glow":5 },
								"west": { "texture": "#crystal", "uv": [ 0.0, 0.0, 32, 32 ], "glow":5 },
								"up": { "texture": "#crystal", "uv": [ 0.0, 0.0, 32, 32 ], "glow":5 },
								"down": { "texture": "#crystal", "uv": [ 0.0, 0.0, 32, 32 ], "glow":5 }
							}
						}
					]
				}
			]
		},
		{
			"name": "Crystal_3_TopCore",
			"from": [ 7.0, -1.5, 7.0 ], 
			"to": [ 7.5, 0.5, 7.5 ], 
			"renderPass": 3, "shade": false,
			"rotationOrigin": [ 7.0, -3.0, 7.0 ],
			"rotationX": -22.5,
			"rotationZ": 22.5,
			"faces": {
				"north": { "texture": "#crystal", "uv": [ 0.0, 0.0, 32, 32 ], "glow":50 },
				"east": { "texture": "#crystal", "uv": [ 0.0, 0.0, 32, 32 ], "glow":50 },
				"south": { "texture": "#crystal", "uv": [ 0.0, 0.0, 32, 32 ], "glow":50 },
				"west": { "texture": "#crystal", "uv": [ 0.0, 0.0, 32, 32 ], "glow":50 },
				"up": { "texture": "#crystal", "uv": [ 0.0, 0.0, 32, 32 ], "glow":50 },
				"down": { "texture": "#crystal", "uv": [ 0.0, 0.0, 32, 32 ], "glow":50 }
			},
			"children": [
				{
					"name": "Crystal_3_Top",
					"from": [ -0.5, 0.5, -0.5 ], 
					"to": [ 1.0, 2.5, 1.0 ], 
					"renderPass": 3, "shade": false,
					"rotationOrigin": [ -0.25, 0.5, -0.25 ],
					"faces": {
						"north": { "texture": "#crystal", "uv": [ 0.0, 0.0, 32, 32 ], "glow":5 },
						"east": { "texture": "#crystal", "uv": [ 0.0, 0.0, 32, 32 ], "glow":5 },
						"south": { "texture": "#crystal", "uv": [ 0.0, 0.0, 32, 32 ], "glow":5 },
						"west": { "texture": "#crystal", "uv": [ 0.0, 0.0, 32, 32 ], "glow":5 },
						"up": { "texture": "#crystal", "uv": [ 0.0, 0.0, 32, 32 ], "glow":5 },
						"down": { "texture": "#crystal", "uv": [ 0.0, 0.0, 32, 32 ], "glow":5 }
					},
					"children": [
						{
							"name": "Crystal_3_Tip",
							"from": [ 0.5, 2.0, 0.5 ], 
							"to": [ 1.0, 2.5, 1.0 ], 
							"renderPass": 3, "shade": false,
							"rotationOrigin": [ 0.25, 2.0, 0.25 ],
							"faces": {
								"north": { "texture": "#crystal", "uv": [ 0.0, 0.0, 32, 32 ], "glow":5 },
								"east": { "texture": "#crystal", "uv": [ 0.0, 0.0, 32, 32 ], "glow":5 },
								"south": { "texture": "#crystal", "uv": [ 0.0, 0.0, 32, 32 ], "glow":5 },
								"west": { "texture": "#crystal", "uv": [ 0.0, 0.0, 32, 32 ], "glow":5 },
								"up": { "texture": "#crystal", "uv": [ 0.0, 0.0, 32, 32 ], "glow":5 },
								"down": { "texture": "#crystal", "uv": [ 0.0, 0.0, 32, 32 ], "glow":5 }
							}
						}
					]
				}
			]
		}
	]}