{
	"editor": {
		"allAngles": false,
		"entityTextureMode": false
	},
	"textureWidth": 24,
	"textureHeight": 24,
	"textureSizes": {
	},
	"textures": {
	},
	"elements": [
		{
			"name": "Tent_left",
			"from": [ 0.0, -4.0, 13.5 ], 
			"to": [ 5.0, 18.6, 15.0 ], 
			"rotationOrigin": [ 0.0, -1.0, 14.0 ],
			"rotationX": -44.99999632180179,
			"faces": {
				"north": { "texture": "#0", "uv": [ 3.75, 0.0, 8.25, 22.5 ] },
				"east": { "texture": "#2", "uv": [ 0.0, 17.25, 22.5, 18.75 ], "rotation": 270 },
				"south": { "texture": "#2", "uv": [ 13.5, 0.75, 18.0, 23.25 ], "rotation": 180 },
				"west": { "texture": "#2", "uv": [ 0.0, 17.25, 22.5, 18.75 ], "rotation": 90 },
				"up": { "texture": "#2", "uv": [ 6.75, 18.0, 11.25, 19.5 ], "rotation": 180 },
				"down": { "texture": "#0", "uv": [ 6.0, 10.5, 10.5, 12.0 ] }
			},
			"children": [
				{
					"name": "Tent_right",
					"from": [ 11.0, 0.0, 0.0 ], 
					"to": [ 16.0, 22.6, 1.5 ], 
					"rotationOrigin": [ 11.0, 2.0, 0.5 ],
					"faces": {
						"north": { "texture": "#0", "uv": [ 3.75, 0.0, 8.25, 22.5 ], "rotation": 180 },
						"east": { "texture": "#2", "uv": [ 0.0, 15.75, 22.5, 17.25 ], "rotation": 270 },
						"south": { "texture": "#2", "uv": [ 3.75, 0.75, 8.25, 23.25 ], "rotation": 180 },
						"west": { "texture": "#2", "uv": [ 0.0, 2.25, 22.5, 3.75 ], "rotation": 90 },
						"up": { "texture": "#2", "uv": [ 0.75, 6.75, 2.25, 11.25 ], "rotation": 270 },
						"down": { "texture": "#0", "uv": [ 3.75, 5.25, 5.25, 9.75 ], "rotation": 90 }
					},
					"children": [
						{
							"name": "Tent_center",
							"from": [ -6.0, 0.5736, -0.8192 ], 
							"to": [ 0.0, 23.1736, 0.6808 ], 
							"rotationOrigin": [ -6.0, 2.5736, -0.3192 ],
							"faces": {
								"north": { "texture": "#0", "uv": [ 6.0, 0.0, 12.0, 22.5 ], "rotation": 180 },
								"east": { "texture": "#0", "uv": [ 0.75, 12.75, 23.25, 14.25 ], "rotation": 270 },
								"south": { "texture": "#2", "uv": [ 8.25, 0.75, 14.25, 23.25 ], "rotation": 180 },
								"west": { "texture": "#0", "uv": [ 0.0, 14.25, 22.5, 15.75 ], "rotation": 90 },
								"up": { "texture": "#2", "uv": [ 0.75, 5.25, 2.25, 11.25 ], "rotation": 270 },
								"down": { "texture": "#0", "uv": [ 9.0, 9.0, 10.5, 15.0 ], "rotation": 90 }
							}
						},
						{
							"name": "Stitch",
							"from": [ -11.01, -1.4142, -0.5 ], 
							"to": [ -9.01, 4.1858, 2.0 ], 
							"rotationOrigin": [ -11.0, 1.5858, 0.5 ],
							"rotationX": -3.415094397496434E-6,
							"faces": {
								"north": { "texture": "#0", "uv": [ 1.5, 9.75, 2.25, 10.5 ], "autoUv": false },
								"east": { "texture": "#0", "uv": [ 1.5, 9.75, 2.25, 10.5 ], "rotation": 270, "autoUv": false },
								"south": { "texture": "#2", "uv": [ 5.25, 9.75, 6.75, 15.0 ], "rotation": 180 },
								"west": { "texture": "#0", "uv": [ 1.5, 9.75, 2.25, 10.5 ], "rotation": 90, "autoUv": false },
								"up": { "texture": "#0", "uv": [ 1.5, 9.75, 2.25, 10.5 ], "rotation": 180, "autoUv": false },
								"down": { "texture": "#0", "uv": [ 1.5, 9.75, 2.25, 10.5 ], "autoUv": false }
							},
							"children": [
								{
									"name": "Stitch5",
									"from": [ 5.0, 0.0, -0.5 ], 
									"to": [ 7.0, 5.6, 2.0 ], 
									"rotationOrigin": [ 5.0, 3.0, 0.5 ],
									"faces": {
										"north": { "texture": "#0", "uv": [ 1.5, 9.75, 2.25, 10.5 ], "autoUv": false },
										"east": { "texture": "#0", "uv": [ 1.5, 9.75, 2.25, 10.5 ], "rotation": 270, "autoUv": false },
										"south": { "texture": "#2", "uv": [ 5.25, 9.75, 6.75, 15.0 ], "rotation": 180 },
										"west": { "texture": "#0", "uv": [ 1.5, 9.75, 2.25, 10.5 ], "rotation": 90, "autoUv": false },
										"up": { "texture": "#0", "uv": [ 1.5, 9.75, 2.25, 10.5 ], "rotation": 180, "autoUv": false },
										"down": { "texture": "#0", "uv": [ 1.5, 9.75, 2.25, 10.5 ], "autoUv": false }
									}
								},
								{
									"name": "Stitch6",
									"from": [ 11.0, 0.0, 0.0 ], 
									"to": [ 13.0, 5.6, 2.5 ], 
									"rotationOrigin": [ 11.0, 3.0, 0.5 ],
									"faces": {
										"north": { "texture": "#0", "uv": [ 1.5, 9.75, 2.25, 10.5 ], "autoUv": false },
										"east": { "texture": "#0", "uv": [ 1.5, 9.75, 2.25, 10.5 ], "rotation": 270, "autoUv": false },
										"south": { "texture": "#2", "uv": [ 5.25, 12.0, 6.75, 17.25 ], "rotation": 180 },
										"west": { "texture": "#0", "uv": [ 1.5, 9.75, 2.25, 10.5 ], "rotation": 90, "autoUv": false },
										"up": { "texture": "#0", "uv": [ 1.5, 9.75, 2.25, 10.5 ], "rotation": 180, "autoUv": false },
										"down": { "texture": "#0", "uv": [ 1.5, 9.75, 2.25, 10.5 ], "autoUv": false }
									}
								}
							]
						}
					]
				}
			]
		}
	]}