[
  {
    "op": "replace",
    "path": "/server/behaviors/10/aitasks/3",
    "value": {
      "code": "seekentity",
      "entityCodes": [
        "player",
        "reprog-*"
      ],
      "priority": 1.49,
      "movespeed": 0.045,
      "seekingRange": 15,
      "animation": "Run",
      "animationSpeed": 2.2,
      "leapAtTarget": true,
      "leapAnimation": null,
      "leapChance": 0.01,
      "sound": "creature/wolf/growl",
      "whenInEmotionState": "aggressiveondamage"
    },
    "file": "game:entities/land/wolf-female.json"
  },
  {
    "op": "add",
    "path": "/server/behaviors/10/aitasks/-",
    "value": {
      "code": "meleeattack",
      "entityCodes": [
        "reprog-*"
      ],
      "priority": 1.9,
      "damage": 8,
      "damageTier": 2,
      "damageType": "SlashingAttack",
      "slot": 1,
      "mincooldown": 1500,
      "maxcooldown": 1500,
      "attackDurationMs": 800,
      "damagePlayerAtMs": 500,
      "animation": "Attack",
      "animationSpeed": 2.5,
      "sound": "creature/wolf/attack",
      "whenInEmotionState": "aggressiveondamage"
    },
    "file": "game:entities/land/wolf-female.json"
  }
]
