{
	"editor": {
		"allAngles": false,
		"entityTextureMode": false
	},
	"textureWidth": 16,
	"textureHeight": 16,
	"textureSizes": {
	},
	"textures": {
		"stingingnettle": "block/plant/stingingnettle"
	},
	"elements": [
		{
			"name": "Leaves3",
			"from": [ 12.0, 0.0, -1.0 ], 
			"to": [ 12.0, 18.0, 9.0 ], 
			"climateColorMap": "climatePlantTint",
			"seasonColorMap": "seasonalFoliage",
			"rotationOrigin": [ 12.0, 0.0, 2.0 ],
			"faces": {
				"north": { "texture": "#stingingnettle", "uv": [ 0.0, 0.0, 0.5, 18.0 ], "enabled": false },
				"east": { "texture": "#stingingnettle", "uv": [ 3.0, 0.5, 14.0, 16.0 ], "autoUv": false },
				"south": { "texture": "#stingingnettle", "uv": [ 0.0, 0.0, 0.5, 18.0 ], "enabled": false },
				"west": { "texture": "#stingingnettle", "uv": [ 0.0, 0.0, 10.0, 18.0 ], "enabled": false },
				"up": { "texture": "#stingingnettle", "uv": [ 0.0, 0.0, 0.5, 10.0 ], "enabled": false },
				"down": { "texture": "#stingingnettle", "uv": [ 0.0, 0.0, 0.5, 10.0 ], "enabled": false }
			},
			"children": [
				{
					"name": "Leaves4",
					"from": [ -7.0E-4, 0.0, -0.0024 ], 
					"to": [ -7.0E-4, 18.0, 9.9976 ], 
					"climateColorMap": "climatePlantTint",
					"seasonColorMap": "seasonalFoliage",
					"rotationOrigin": [ 0.0, 0.0, 5.0 ],
					"rotationY": 89.9802127184967,
					"faces": {
						"north": { "texture": "#stingingnettle", "uv": [ 0.0, 0.0, 0.5, 18.0 ], "enabled": false },
						"east": { "texture": "#stingingnettle", "uv": [ 3.0, 1.0, 14.0, 16.0 ], "autoUv": false },
						"south": { "texture": "#stingingnettle", "uv": [ 0.0, 0.0, 0.5, 18.0 ], "enabled": false },
						"west": { "texture": "#stingingnettle", "uv": [ 0.0, 0.0, 10.0, 18.0 ], "enabled": false },
						"up": { "texture": "#stingingnettle", "uv": [ 0.0, 0.0, 0.5, 10.0 ], "enabled": false },
						"down": { "texture": "#stingingnettle", "uv": [ 0.0, 0.0, 0.5, 10.0 ], "enabled": false }
					}
				}
			]
		},
		{
			"name": "Leaves7",
			"from": [ 5.0, 0.0, 5.0 ], 
			"to": [ 5.0, 8.0, 13.0 ], 
			"climateColorMap": "climatePlantTint",
			"seasonColorMap": "seasonalFoliage",
			"rotationOrigin": [ 5.0, 0.0, 8.0 ],
			"rotationY": 22.5,
			"faces": {
				"north": { "texture": "#stingingnettle", "uv": [ 0.0, 0.0, 0.5, 8.0 ], "enabled": false },
				"east": { "texture": "#stingingnettle", "uv": [ 3.0, 1.0, 14.0, 16.0 ], "autoUv": false },
				"south": { "texture": "#stingingnettle", "uv": [ 0.0, 0.0, 0.5, 8.0 ], "enabled": false },
				"west": { "texture": "#stingingnettle", "uv": [ 0.0, 0.0, 8.0, 8.0 ], "enabled": false },
				"up": { "texture": "#stingingnettle", "uv": [ 0.0, 0.0, 0.5, 8.0 ], "enabled": false },
				"down": { "texture": "#stingingnettle", "uv": [ 0.0, 0.0, 0.5, 8.0 ], "enabled": false }
			},
			"children": [
				{
					"name": "Leaves8",
					"from": [ 2.0, 0.0, -2.0 ], 
					"to": [ 2.0, 8.0, 6.0 ], 
					"climateColorMap": "climatePlantTint",
					"seasonColorMap": "seasonalFoliage",
					"rotationOrigin": [ 2.0, 0.0, 4.0 ],
					"rotationY": 89.9802127184967,
					"faces": {
						"north": { "texture": "#stingingnettle", "uv": [ 0.0, 0.0, 0.5, 8.0 ], "enabled": false },
						"east": { "texture": "#stingingnettle", "uv": [ 3.0, 1.0, 14.0, 16.0 ], "autoUv": false },
						"south": { "texture": "#stingingnettle", "uv": [ 0.0, 0.0, 0.5, 8.0 ], "enabled": false },
						"west": { "texture": "#stingingnettle", "uv": [ 0.0, 0.0, 8.0, 8.0 ], "enabled": false },
						"up": { "texture": "#stingingnettle", "uv": [ 0.0, 0.0, 0.5, 8.0 ], "enabled": false },
						"down": { "texture": "#stingingnettle", "uv": [ 0.0, 0.0, 0.5, 8.0 ], "enabled": false }
					}
				}
			]
		}
	]}