{
	"editor": {
		"allAngles": false,
		"entityTextureMode": false
	},
	"textureWidth": 16,
	"textureHeight": 16,
	"textureSizes": {
	},
	"textures": {
		"stingingnettle": "block/plant/stingingnettle"
	},
	"elements": [
		{
			"name": "Leaves7",
			"from": [ 4.0, 0.0, 8.0 ], 
			"to": [ 4.0, 8.0, 16.0 ], 
			"climateColorMap": "climatePlantTint",
			"seasonColorMap": "seasonalFoliage",
			"rotationOrigin": [ 4.0, 0.0, 11.0 ],
			"rotationY": 45.0,
			"faces": {
				"north": { "texture": "#stingingnettle", "uv": [ 0.0, 0.0, 0.5, 8.0 ], "enabled": false },
				"east": { "texture": "#stingingnettle", "uv": [ 3.0, 1.0, 14.0, 16.0 ], "autoUv": false },
				"south": { "texture": "#stingingnettle", "uv": [ 0.0, 0.0, 0.5, 8.0 ], "enabled": false },
				"west": { "texture": "#stingingnettle", "uv": [ 0.0, 0.0, 8.0, 8.0 ], "enabled": false },
				"up": { "texture": "#stingingnettle", "uv": [ 0.0, 0.0, 0.5, 8.0 ], "enabled": false },
				"down": { "texture": "#stingingnettle", "uv": [ 0.0, 0.0, 0.5, 8.0 ], "enabled": false }
			},
			"children": [
				{
					"name": "Leaves8",
					"from": [ 1.0, 0.0, -1.0 ], 
					"to": [ 1.0, 8.0, 7.0 ], 
					"climateColorMap": "climatePlantTint",
					"seasonColorMap": "seasonalFoliage",
					"rotationOrigin": [ 1.0, 0.0, 4.0 ],
					"rotationY": 90.0,
					"faces": {
						"north": { "texture": "#stingingnettle", "uv": [ 0.0, 0.0, 0.5, 8.0 ], "enabled": false },
						"east": { "texture": "#stingingnettle", "uv": [ 3.0, 1.0, 14.0, 16.0 ], "autoUv": false },
						"south": { "texture": "#stingingnettle", "uv": [ 0.0, 0.0, 0.5, 8.0 ], "enabled": false },
						"west": { "texture": "#stingingnettle", "uv": [ 0.0, 0.0, 8.0, 8.0 ], "enabled": false },
						"up": { "texture": "#stingingnettle", "uv": [ 0.0, 0.0, 0.5, 8.0 ], "enabled": false },
						"down": { "texture": "#stingingnettle", "uv": [ 0.0, 0.0, 0.5, 8.0 ], "enabled": false }
					}
				}
			]
		},
		{
			"name": "Leaves9",
			"from": [ 11.0, 0.0, 1.0 ], 
			"to": [ 11.0, 8.0, 9.0 ], 
			"climateColorMap": "climatePlantTint",
			"seasonColorMap": "seasonalFoliage",
			"rotationOrigin": [ 11.0, 0.0, 4.0 ],
			"rotationY": -67.5,
			"faces": {
				"north": { "texture": "#stingingnettle", "uv": [ 0.0, 0.0, 0.5, 8.0 ], "enabled": false },
				"east": { "texture": "#stingingnettle", "uv": [ 3.0, 1.0, 14.0, 16.0 ], "autoUv": false },
				"south": { "texture": "#stingingnettle", "uv": [ 0.0, 0.0, 0.5, 8.0 ], "enabled": false },
				"west": { "texture": "#stingingnettle", "uv": [ 0.0, 0.0, 8.0, 8.0 ], "enabled": false },
				"up": { "texture": "#stingingnettle", "uv": [ 0.0, 0.0, 0.5, 8.0 ], "enabled": false },
				"down": { "texture": "#stingingnettle", "uv": [ 0.0, 0.0, 0.5, 8.0 ], "enabled": false }
			},
			"children": [
				{
					"name": "Leaves10",
					"from": [ 1.0, 0.0, -1.0 ], 
					"to": [ 1.0, 8.0, 7.0 ], 
					"climateColorMap": "climatePlantTint",
					"seasonColorMap": "seasonalFoliage",
					"rotationOrigin": [ 1.0, 0.0, 4.0 ],
					"rotationY": 89.9802127184967,
					"faces": {
						"north": { "texture": "#stingingnettle", "uv": [ 0.0, 0.0, 0.5, 8.0 ], "enabled": false },
						"east": { "texture": "#stingingnettle", "uv": [ 3.0, 1.0, 14.0, 16.0 ], "autoUv": false },
						"south": { "texture": "#stingingnettle", "uv": [ 0.0, 0.0, 0.5, 8.0 ], "enabled": false },
						"west": { "texture": "#stingingnettle", "uv": [ 0.0, 0.0, 8.0, 8.0 ], "enabled": false },
						"up": { "texture": "#stingingnettle", "uv": [ 0.0, 0.0, 0.5, 8.0 ], "enabled": false },
						"down": { "texture": "#stingingnettle", "uv": [ 0.0, 0.0, 0.5, 8.0 ], "enabled": false }
					}
				}
			]
		}
	]}