[
  {
    "op": "replace",
    "path": "/patches/27/blockCodes/0",
    "value": "mushroom-flyagaric-normal-free",
    "file": "worldgen/blockpatches.json"
  },
  {
    "op": "replace",
    "path": "/patches/28/blockCodes/0",
    "value": "mushroom-bolete-normal-free",
    "file": "worldgen/blockpatches.json"
  },
  {
    "op": "replace",
    "path": "/patches/29/blockCodes/0",
    "value": "mushroom-fieldmushroom-normal-free",
    "file": "worldgen/blockpatches.json"
  },
  {
    "op": "replace",
    "path": "/patches/30/blockCodes/0",
    "value": "mushroom-bolete-normal-free",
    "file": "worldgen/blockpatches.json"
  }
]