{
	"editor": {
		"allAngles": false,
		"entityTextureMode": false
	},
	"textureWidth": 16,
	"textureHeight": 16,
	"textureSizes": {
	},
	"textures": {
		"furnwood16": "furnwood16",
		"frame": "frame"
	},
	"elements": [
		{
			"name": "L_main",
			"from": [ 0.0, 0.0, 0.0 ], 
			"to": [ 3.0, 16.0, 16.0 ], 
			"faces": {
				"north": { "texture": "#furnwood16", "uv": [ 0.5, 0.0, 3.5, 16.0 ] },
				"east": { "texture": "#furnwood16", "uv": [ 0.0, 0.0, 16.0, 16.0 ] },
				"south": { "texture": "#furnwood16", "uv": [ 0.5, 0.0, 3.5, 16.0 ] },
				"west": { "texture": "#furnwood16", "uv": [ 0.0, 0.0, 16.0, 16.0 ] },
				"up": { "texture": "#furnwood16", "uv": [ 0.5, 0.0, 3.5, 16.0 ] },
				"down": { "texture": "#furnwood16", "uv": [ 0.5, 0.0, 3.5, 16.0 ] }
			},
			"children": [
				{
					"name": "Cube12",
					"from": [ 3.0, 1.0, 0.0 ], 
					"to": [ 3.6, 2.5, 16.0 ], 
					"rotationOrigin": [ 3.0, 1.0, 0.0 ],
					"faces": {
						"north": { "texture": "#frame", "uv": [ 0.0, 0.0, 0.5, 1.5 ] },
						"east": { "texture": "#frame", "uv": [ 0.0, 14.5, 16.0, 16.0 ] },
						"south": { "texture": "#frame", "uv": [ 0.0, 0.0, 0.5, 1.5 ] },
						"west": { "texture": "#frame", "uv": [ 0.0, 14.5, 16.0, 16.0 ] },
						"up": { "texture": "#frame", "uv": [ 0.0, 0.0, 0.5, 16.0 ] },
						"down": { "texture": "#frame", "uv": [ 0.0, 0.0, 0.5, 16.0 ] }
					},
					"children": [
						{
							"name": "Cube20",
							"from": [ -3.6, 0.0, 0.0 ], 
							"to": [ -3.0, 1.5, 16.0 ], 
							"rotationOrigin": [ -4.0, 0.0, 0.0 ],
							"faces": {
								"north": { "texture": "#frame", "uv": [ 0.0, 0.0, 0.5, 1.5 ] },
								"east": { "texture": "#frame", "uv": [ 0.0, 0.0, 16.0, 1.5 ] },
								"south": { "texture": "#frame", "uv": [ 0.0, 0.0, 0.5, 1.5 ] },
								"west": { "texture": "#frame", "uv": [ 0.0, 14.5, 16.0, 16.0 ] },
								"up": { "texture": "#frame", "uv": [ 0.0, 0.0, 0.5, 16.0 ] },
								"down": { "texture": "#frame", "uv": [ 0.0, 0.0, 0.5, 16.0 ] }
							}
						},
						{
							"name": "doorcatch1low",
							"from": [ 0.0, 4.0, 15.0 ], 
							"to": [ 0.8, 8.0, 16.0 ], 
							"rotationOrigin": [ 0.0, 4.0, 15.0 ],
							"faces": {
								"north": { "texture": "#frame", "uv": [ 0.0, 0.0, 1.0, 1.0 ], "autoUv": false },
								"east": { "texture": "#frame", "uv": [ 6.5, 4.0, 7.5, 8.0 ] },
								"south": { "texture": "#frame", "uv": [ 0.0, 0.0, 0.5, 4.0 ] },
								"west": { "texture": "#frame", "uv": [ 6.5, 4.5, 7.5, 8.5 ] },
								"up": { "texture": "#frame", "uv": [ 0.0, 0.0, 0.5, 1.0 ] },
								"down": { "texture": "#frame", "uv": [ 0.0, 0.0, 0.5, 1.0 ] }
							},
							"children": [
								{
									"name": "Cube6",
									"from": [ 0.0, 1.0, -10.0 ], 
									"to": [ 0.5, 3.0, 0.0 ], 
									"rotationOrigin": [ 0.0, 1.0, -10.0 ],
									"faces": {
										"north": { "texture": "#frame", "uv": [ 0.0, 0.0, 0.5, 2.0 ] },
										"east": { "texture": "#frame", "uv": [ 3.0, 14.5, 12.0, 16.0 ], "autoUv": false },
										"south": { "texture": "#frame", "uv": [ 0.0, 0.0, 0.5, 2.0 ] },
										"west": { "texture": "#frame", "uv": [ 1.0, 1.5, 11.0, 3.5 ] },
										"up": { "texture": "#frame", "uv": [ 0.0, 0.0, 0.5, 10.0 ] },
										"down": { "texture": "#frame", "uv": [ 0.0, 0.0, 0.5, 10.0 ] }
									},
									"children": [
										{
											"name": "Cube7",
											"from": [ 0.0, 0.5, -1.0 ], 
											"to": [ 0.5, 1.5, 0.0 ], 
											"rotationOrigin": [ 0.0, 0.0, -1.0 ],
											"faces": {
												"north": { "texture": "#frame", "uv": [ 0.0, 0.0, 0.5, 1.0 ] },
												"east": { "texture": "#frame", "uv": [ 6.5, 7.5, 8.0, 9.0 ], "autoUv": false },
												"south": { "texture": "#frame", "uv": [ 0.0, 0.0, 0.5, 1.0 ] },
												"west": { "texture": "#frame", "uv": [ 0.0, 0.0, 1.0, 1.0 ] },
												"up": { "texture": "#frame", "uv": [ 0.0, 0.0, 0.5, 1.0 ] },
												"down": { "texture": "#frame", "uv": [ 0.0, 0.0, 0.5, 1.0 ] }
											},
											"children": [
												{
													"name": "Cube8",
													"from": [ 0.0, 1.5, 1.5 ], 
													"to": [ 0.5, 2.5, 2.5 ], 
													"rotationOrigin": [ 0.0, 1.0, 1.0 ],
													"faces": {
														"north": { "texture": "#frame", "uv": [ 0.0, 0.0, 0.5, 1.0 ] },
														"east": { "texture": "#frame", "uv": [ 7.0, 5.5, 8.0, 6.5 ] },
														"south": { "texture": "#frame", "uv": [ 0.0, 0.0, 0.5, 1.0 ] },
														"west": { "texture": "#frame", "uv": [ 0.0, 0.0, 1.0, 1.0 ] },
														"up": { "texture": "#frame", "uv": [ 0.0, 0.0, 0.5, 1.0 ] },
														"down": { "texture": "#frame", "uv": [ 0.0, 0.0, 0.5, 1.0 ] }
													},
													"children": [
														{
															"name": "Cube9",
															"from": [ 0.0, 1.0, 0.5 ], 
															"to": [ 0.5, 1.5, 1.5 ], 
															"faces": {
																"north": { "texture": "#frame", "uv": [ 0.0, 0.0, 0.5, 0.5 ] },
																"east": { "texture": "#frame", "uv": [ 0.0, 0.0, 1.0, 0.5 ] },
																"south": { "texture": "#frame", "uv": [ 0.0, 0.0, 0.5, 0.5 ] },
																"west": { "texture": "#frame", "uv": [ 0.0, 0.0, 1.0, 0.5 ] },
																"up": { "texture": "#frame", "uv": [ 0.0, 0.0, 0.5, 1.0 ] },
																"down": { "texture": "#frame", "uv": [ 0.0, 0.0, 0.5, 1.0 ] }
															}
														}
													]
												},
												{
													"name": "Cube10",
													"from": [ 0.0, -1.5, 1.5 ], 
													"to": [ 0.5, -0.5, 2.5 ], 
													"rotationOrigin": [ 0.0, -2.0, 1.0 ],
													"faces": {
														"north": { "texture": "#frame", "uv": [ 0.0, 0.0, 0.5, 1.0 ] },
														"east": { "texture": "#frame", "uv": [ 6.5, 5.5, 7.5, 6.5 ] },
														"south": { "texture": "#frame", "uv": [ 0.0, 0.0, 0.5, 1.0 ] },
														"west": { "texture": "#frame", "uv": [ 0.0, 0.0, 1.0, 1.0 ] },
														"up": { "texture": "#frame", "uv": [ 0.0, 0.0, 0.5, 1.0 ] },
														"down": { "texture": "#frame", "uv": [ 0.0, 0.0, 0.5, 1.0 ] }
													},
													"children": [
														{
															"name": "Cube11",
															"from": [ 0.0, -0.5, 0.5 ], 
															"to": [ 0.5, 0.0, 1.5 ], 
															"rotationOrigin": [ 0.0, -1.0, 0.0 ],
															"faces": {
																"north": { "texture": "#frame", "uv": [ 0.0, 0.0, 0.5, 0.5 ] },
																"east": { "texture": "#frame", "uv": [ 0.0, 0.0, 1.0, 0.5 ] },
																"south": { "texture": "#frame", "uv": [ 0.0, 0.0, 0.5, 0.5 ] },
																"west": { "texture": "#frame", "uv": [ 0.0, 0.0, 1.0, 0.5 ] },
																"up": { "texture": "#frame", "uv": [ 0.0, 0.0, 0.5, 1.0 ] },
																"down": { "texture": "#frame", "uv": [ 0.0, 0.0, 0.5, 1.0 ] }
															}
														}
													]
												}
											]
										}
									]
								},
								{
									"name": "doorcatch1low13",
									"from": [ -3.8, 0.0, 0.0 ], 
									"to": [ -3.0, 4.0, 1.0 ], 
									"rotationOrigin": [ -3.0, 0.0, 0.0 ],
									"faces": {
										"north": { "texture": "#frame", "uv": [ 0.0, 0.0, 1.0, 1.0 ], "autoUv": false },
										"east": { "texture": "#frame", "uv": [ 7.0, 3.5, 8.0, 7.5 ] },
										"south": { "texture": "#frame", "uv": [ 0.0, 0.0, 0.5, 4.0 ] },
										"west": { "texture": "#frame", "uv": [ 6.5, 4.0, 7.5, 8.0 ] },
										"up": { "texture": "#frame", "uv": [ 0.0, 0.0, 0.5, 1.0 ] },
										"down": { "texture": "#frame", "uv": [ 0.0, 0.0, 0.5, 1.0 ] }
									},
									"children": [
										{
											"name": "Cube14",
											"from": [ 0.3, 1.0, -10.0 ], 
											"to": [ 0.8, 3.0, 0.0 ], 
											"rotationOrigin": [ 0.0, 1.0, -10.0 ],
											"faces": {
												"north": { "texture": "#frame", "uv": [ 0.0, 0.0, 0.5, 2.0 ] },
												"east": { "texture": "#frame", "uv": [ 4.5, 13.5, 13.5, 14.5 ], "autoUv": false },
												"south": { "texture": "#frame", "uv": [ 0.0, 0.0, 0.5, 2.0 ] },
												"west": { "texture": "#frame", "uv": [ 4.0, 14.5, 14.0, 16.0 ], "autoUv": false },
												"up": { "texture": "#frame", "uv": [ 0.0, 0.0, 0.5, 10.0 ] },
												"down": { "texture": "#frame", "uv": [ 0.0, 0.0, 0.5, 10.0 ] }
											},
											"children": [
												{
													"name": "Cube15",
													"from": [ 0.0, 0.5, -1.0 ], 
													"to": [ 0.5, 1.5, 0.0 ], 
													"rotationOrigin": [ 0.0, 0.0, -1.0 ],
													"faces": {
														"north": { "texture": "#frame", "uv": [ 0.0, 0.0, 0.5, 1.0 ] },
														"east": { "texture": "#frame", "uv": [ 0.0, 0.0, 1.0, 1.0 ] },
														"south": { "texture": "#frame", "uv": [ 0.0, 0.0, 0.5, 1.0 ] },
														"west": { "texture": "#frame", "uv": [ 6.5, 1.5, 8.0, 3.0 ], "autoUv": false },
														"up": { "texture": "#frame", "uv": [ 0.0, 0.0, 0.5, 1.0 ] },
														"down": { "texture": "#frame", "uv": [ 0.0, 0.0, 0.5, 1.0 ] }
													},
													"children": [
														{
															"name": "Cube16",
															"from": [ 0.0, 1.5, 1.5 ], 
															"to": [ 0.5, 2.5, 2.5 ], 
															"rotationOrigin": [ 0.0, 1.0, 1.0 ],
															"faces": {
																"north": { "texture": "#frame", "uv": [ 0.0, 0.0, 0.5, 1.0 ] },
																"east": { "texture": "#frame", "uv": [ 0.0, 0.0, 1.0, 1.0 ] },
																"south": { "texture": "#frame", "uv": [ 0.0, 0.0, 0.5, 1.0 ] },
																"west": { "texture": "#frame", "uv": [ 7.0, 4.5, 8.0, 5.5 ] },
																"up": { "texture": "#frame", "uv": [ 0.0, 0.0, 0.5, 1.0 ] },
																"down": { "texture": "#frame", "uv": [ 0.0, 0.0, 0.5, 1.0 ] }
															},
															"children": [
																{
																	"name": "Cube17",
																	"from": [ 0.0, 1.0, 0.5 ], 
																	"to": [ 0.5, 1.5, 1.5 ], 
																	"faces": {
																		"north": { "texture": "#frame", "uv": [ 0.0, 0.0, 0.5, 0.5 ] },
																		"east": { "texture": "#frame", "uv": [ 0.0, 0.0, 1.0, 0.5 ] },
																		"south": { "texture": "#frame", "uv": [ 0.0, 0.0, 0.5, 0.5 ] },
																		"west": { "texture": "#frame", "uv": [ 0.0, 0.0, 1.0, 0.5 ] },
																		"up": { "texture": "#frame", "uv": [ 0.0, 0.0, 0.5, 1.0 ] },
																		"down": { "texture": "#frame", "uv": [ 0.0, 0.0, 0.5, 1.0 ] }
																	}
																}
															]
														},
														{
															"name": "Cube18",
															"from": [ 0.0, -1.5, 1.5 ], 
															"to": [ 0.5, -0.5, 2.5 ], 
															"rotationOrigin": [ 0.0, -2.0, 1.0 ],
															"faces": {
																"north": { "texture": "#frame", "uv": [ 0.0, 0.0, 0.5, 1.0 ] },
																"east": { "texture": "#frame", "uv": [ 0.0, 0.0, 1.0, 1.0 ] },
																"south": { "texture": "#frame", "uv": [ 0.0, 0.0, 0.5, 1.0 ] },
																"west": { "texture": "#frame", "uv": [ 6.5, 4.0, 7.5, 5.0 ] },
																"up": { "texture": "#frame", "uv": [ 0.0, 0.0, 0.5, 1.0 ] },
																"down": { "texture": "#frame", "uv": [ 0.0, 0.0, 0.5, 1.0 ] }
															}
														}
													]
												}
											]
										}
									]
								},
								{
									"name": "Cube19",
									"from": [ -3.5, -0.5, -9.0 ], 
									"to": [ -3.0, 0.0, -8.0 ], 
									"rotationOrigin": [ -3.5, -1.0, -9.5 ],
									"faces": {
										"north": { "texture": "#frame", "uv": [ 0.0, 0.0, 0.5, 0.5 ] },
										"east": { "texture": "#frame", "uv": [ 0.0, 0.0, 1.0, 0.5 ] },
										"south": { "texture": "#frame", "uv": [ 0.0, 0.0, 0.5, 0.5 ] },
										"west": { "texture": "#frame", "uv": [ 0.0, 0.0, 1.0, 0.5 ] },
										"up": { "texture": "#frame", "uv": [ 0.0, 0.0, 0.5, 1.0 ] },
										"down": { "texture": "#frame", "uv": [ 0.0, 0.0, 0.5, 1.0 ] }
									}
								}
							]
						}
					]
				},
				{
					"name": "Cube40",
					"from": [ 3.0, 13.0, 2.5 ], 
					"to": [ 3.3, 14.0, 3.5 ], 
					"rotationOrigin": [ 3.0, 13.0, 3.0 ],
					"faces": {
						"north": { "texture": "#frame", "uv": [ 0.0, 0.0, 0.5, 1.0 ] },
						"east": { "texture": "#frame", "uv": [ 6.5, 1.5, 8.0, 3.0 ], "autoUv": false },
						"south": { "texture": "#frame", "uv": [ 0.0, 0.0, 0.5, 1.0 ] },
						"west": { "texture": "#frame", "uv": [ 0.0, 2.0, 1.0, 3.0 ] },
						"up": { "texture": "#frame", "uv": [ 0.0, 0.0, 0.5, 1.0 ] },
						"down": { "texture": "#frame", "uv": [ 0.5, 1.0, 1.0, 2.0 ] }
					},
					"children": [
						{
							"name": "Cube41",
							"from": [ 0.0, 1.0, 0.0 ], 
							"to": [ 1.0, 3.0, 1.0 ], 
							"rotationOrigin": [ 0.0, 1.0, 0.5 ],
							"faces": {
								"north": { "texture": "#frame", "uv": [ 0.0, 0.0, 1.0, 2.0 ] },
								"east": { "texture": "#frame", "uv": [ 13.5, 4.5, 14.5, 6.5 ] },
								"south": { "texture": "#frame", "uv": [ 14.0, 2.0, 15.0, 4.0 ] },
								"west": { "texture": "#frame", "uv": [ 0.0, 0.0, 1.0, 2.0 ] },
								"up": { "texture": "#frame", "uv": [ 0.0, 0.0, 1.0, 1.0 ] },
								"down": { "texture": "#frame", "uv": [ 0.0, 0.0, 1.0, 1.0 ] }
							}
						},
						{
							"name": "Cube43",
							"from": [ 0.3, 2.0, -1.0 ], 
							"to": [ 0.7, 3.0, 2.0 ], 
							"rotationOrigin": [ 0.0, 2.0, -0.5 ],
							"faces": {
								"north": { "texture": "#frame", "uv": [ 0.0, 0.0, 0.5, 1.0 ] },
								"east": { "texture": "#frame", "uv": [ 3.0, 8.0, 6.0, 9.0 ] },
								"south": { "texture": "#frame", "uv": [ 0.0, 0.0, 0.5, 1.0 ] },
								"west": { "texture": "#frame", "uv": [ 0.0, 0.0, 3.0, 1.0 ] },
								"up": { "texture": "#frame", "uv": [ 0.0, 0.0, 0.5, 3.0 ] },
								"down": { "texture": "#frame", "uv": [ 0.0, 0.0, 0.5, 3.0 ] }
							}
						},
						{
							"name": "Cube44",
							"from": [ 0.3, -2.0, -1.0 ], 
							"to": [ 0.7, -1.0, 2.0 ], 
							"rotationOrigin": [ 0.0, -2.0, -0.5 ],
							"faces": {
								"north": { "texture": "#frame", "uv": [ 0.0, 0.0, 0.5, 1.0 ] },
								"east": { "texture": "#frame", "uv": [ 3.5, 8.0, 6.5, 9.0 ] },
								"south": { "texture": "#frame", "uv": [ 0.0, 0.0, 0.5, 1.0 ] },
								"west": { "texture": "#frame", "uv": [ 3.5, 8.5, 6.5, 9.5 ] },
								"up": { "texture": "#frame", "uv": [ 0.0, 0.0, 0.5, 3.0 ] },
								"down": { "texture": "#frame", "uv": [ 0.0, 0.0, 0.5, 3.0 ] }
							}
						},
						{
							"name": "Cube45",
							"from": [ 0.3, -1.0, -2.0 ], 
							"to": [ 0.7, 2.0, -1.0 ], 
							"rotationOrigin": [ 0.0, -1.0, -1.5 ],
							"faces": {
								"north": { "texture": "#frame", "uv": [ 0.0, 0.0, 0.5, 3.0 ] },
								"east": { "texture": "#frame", "uv": [ 8.5, 4.0, 9.5, 7.0 ] },
								"south": { "texture": "#frame", "uv": [ 13.0, 4.5, 13.5, 7.5 ] },
								"west": { "texture": "#frame", "uv": [ 6.5, 3.5, 7.5, 6.5 ] },
								"up": { "texture": "#frame", "uv": [ 0.0, 0.0, 0.5, 1.0 ] },
								"down": { "texture": "#frame", "uv": [ 0.0, 0.0, 0.5, 1.0 ] }
							}
						},
						{
							"name": "Cube46",
							"from": [ 0.3, -1.0, 2.0 ], 
							"to": [ 0.7, 2.0, 3.0 ], 
							"rotationOrigin": [ 0.0, -1.0, 2.5 ],
							"faces": {
								"north": { "texture": "#frame", "uv": [ 0.0, 0.0, 0.5, 3.0 ] },
								"east": { "texture": "#frame", "uv": [ 12.5, 3.0, 13.5, 6.0 ] },
								"south": { "texture": "#frame", "uv": [ 0.0, 0.0, 0.5, 3.0 ] },
								"west": { "texture": "#frame", "uv": [ 12.5, 3.5, 13.5, 6.5 ] },
								"up": { "texture": "#frame", "uv": [ 0.0, 0.0, 0.5, 1.0 ] },
								"down": { "texture": "#frame", "uv": [ 0.0, 0.0, 0.5, 1.0 ] }
							}
						},
						{
							"name": "Cube47",
							"from": [ 0.3, -1.5, 2.0 ], 
							"to": [ 0.7, -1.0, 2.5 ], 
							"rotationOrigin": [ 0.0, -2.0, 2.5 ],
							"faces": {
								"north": { "texture": "#frame", "uv": [ 0.0, 0.0, 0.5, 0.5 ] },
								"east": { "texture": "#frame", "uv": [ 0.0, 0.0, 0.5, 0.5 ] },
								"south": { "texture": "#frame", "uv": [ 0.0, 0.0, 0.5, 0.5 ] },
								"west": { "texture": "#frame", "uv": [ 0.0, 0.0, 0.5, 0.5 ] },
								"up": { "texture": "#frame", "uv": [ 0.0, 0.0, 0.5, 0.5 ] },
								"down": { "texture": "#frame", "uv": [ 0.0, 0.0, 0.5, 0.5 ] }
							},
							"children": [
								{
									"name": "Cube49",
									"from": [ 0.0, 0.0, -3.5 ], 
									"to": [ 0.4, 0.5, -3.0 ], 
									"rotationOrigin": [ -0.3, -0.5, -2.5 ],
									"faces": {
										"north": { "texture": "#frame", "uv": [ 0.0, 0.0, 0.5, 0.5 ] },
										"east": { "texture": "#frame", "uv": [ 0.0, 0.0, 0.5, 0.5 ] },
										"south": { "texture": "#frame", "uv": [ 0.0, 0.0, 0.5, 0.5 ] },
										"west": { "texture": "#frame", "uv": [ 0.0, 0.0, 0.5, 0.5 ] },
										"up": { "texture": "#frame", "uv": [ 0.0, 0.0, 0.5, 0.5 ] },
										"down": { "texture": "#frame", "uv": [ 0.0, 0.0, 0.5, 0.5 ] }
									}
								}
							]
						},
						{
							"name": "Cube48",
							"from": [ 0.3, -1.0, 1.5 ], 
							"to": [ 0.7, -0.5, 2.0 ], 
							"rotationOrigin": [ 0.0, -2.0, 2.5 ],
							"faces": {
								"north": { "texture": "#frame", "uv": [ 0.0, 0.0, 0.5, 0.5 ] },
								"east": { "texture": "#frame", "uv": [ 0.0, 0.0, 0.5, 0.5 ] },
								"south": { "texture": "#frame", "uv": [ 0.0, 0.0, 0.5, 0.5 ] },
								"west": { "texture": "#frame", "uv": [ 0.0, 0.0, 0.5, 0.5 ] },
								"up": { "texture": "#frame", "uv": [ 0.0, 0.0, 0.5, 0.5 ] },
								"down": { "texture": "#frame", "uv": [ 0.0, 0.0, 0.5, 0.5 ] }
							},
							"children": [
								{
									"name": "Cube50",
									"from": [ 0.0, 0.0, -2.5 ], 
									"to": [ 0.4, 0.5, -2.0 ], 
									"rotationOrigin": [ -0.3, -1.0, -2.0 ],
									"faces": {
										"north": { "texture": "#frame", "uv": [ 0.5, 3.0, 1.0, 3.5 ] },
										"east": { "texture": "#frame", "uv": [ 0.0, 0.0, 0.5, 0.5 ] },
										"south": { "texture": "#frame", "uv": [ 0.0, 1.0, 0.5, 1.5 ] },
										"west": { "texture": "#frame", "uv": [ 0.0, 1.0, 0.5, 1.5 ] },
										"up": { "texture": "#frame", "uv": [ 0.5, 2.0, 1.0, 2.5 ] },
										"down": { "texture": "#frame", "uv": [ 0.5, 1.0, 1.0, 1.5 ] }
									}
								}
							]
						},
						{
							"name": "Cube51",
							"from": [ 0.3, 1.5, 1.5 ], 
							"to": [ 0.7, 2.0, 2.0 ], 
							"rotationOrigin": [ 0.0, 0.0, 2.5 ],
							"faces": {
								"north": { "texture": "#frame", "uv": [ 0.0, 0.0, 0.5, 0.5 ] },
								"east": { "texture": "#frame", "uv": [ 0.0, 0.0, 0.5, 0.5 ] },
								"south": { "texture": "#frame", "uv": [ 0.0, 0.0, 0.5, 0.5 ] },
								"west": { "texture": "#frame", "uv": [ 0.0, 0.0, 0.5, 0.5 ] },
								"up": { "texture": "#frame", "uv": [ 0.0, 0.0, 0.5, 0.5 ] },
								"down": { "texture": "#frame", "uv": [ 0.0, 0.0, 0.5, 0.5 ] }
							},
							"children": [
								{
									"name": "Cube52",
									"from": [ 0.0, 0.0, -2.5 ], 
									"to": [ 0.4, 0.5, -2.0 ], 
									"rotationOrigin": [ -0.3, -1.0, -2.0 ],
									"faces": {
										"north": { "texture": "#frame", "uv": [ 0.0, 0.0, 0.5, 0.5 ] },
										"east": { "texture": "#frame", "uv": [ 0.0, 0.0, 0.5, 0.5 ] },
										"south": { "texture": "#frame", "uv": [ 0.0, 0.0, 0.5, 0.5 ] },
										"west": { "texture": "#frame", "uv": [ 0.0, 0.0, 0.5, 0.5 ] },
										"up": { "texture": "#frame", "uv": [ 0.0, 0.0, 0.5, 0.5 ] },
										"down": { "texture": "#frame", "uv": [ 0.0, 0.0, 0.5, 0.5 ] }
									}
								}
							]
						},
						{
							"name": "Cube53",
							"from": [ 0.3, 2.0, 2.0 ], 
							"to": [ 0.7, 2.5, 2.5 ], 
							"rotationOrigin": [ 0.0, 2.0, 2.5 ],
							"faces": {
								"north": { "texture": "#frame", "uv": [ 0.0, 0.0, 0.5, 0.5 ] },
								"east": { "texture": "#frame", "uv": [ 0.0, 0.0, 0.5, 0.5 ] },
								"south": { "texture": "#frame", "uv": [ 0.0, 0.0, 0.5, 0.5 ] },
								"west": { "texture": "#frame", "uv": [ 0.0, 0.0, 0.5, 0.5 ] },
								"up": { "texture": "#frame", "uv": [ 0.0, 0.0, 0.5, 0.5 ] },
								"down": { "texture": "#frame", "uv": [ 0.0, 0.0, 0.5, 0.5 ] }
							},
							"children": [
								{
									"name": "Cube54",
									"from": [ 0.0, 0.0, -3.5 ], 
									"to": [ 0.4, 0.5, -3.0 ], 
									"rotationOrigin": [ -0.3, -0.5, -2.5 ],
									"faces": {
										"north": { "texture": "#frame", "uv": [ 0.0, 0.0, 0.5, 0.5 ] },
										"east": { "texture": "#frame", "uv": [ 0.0, 0.0, 0.5, 0.5 ] },
										"south": { "texture": "#frame", "uv": [ 0.0, 0.0, 0.5, 0.5 ] },
										"west": { "texture": "#frame", "uv": [ 0.0, 0.0, 0.5, 0.5 ] },
										"up": { "texture": "#frame", "uv": [ 0.0, 0.0, 0.5, 0.5 ] },
										"down": { "texture": "#frame", "uv": [ 0.0, 0.0, 0.5, 0.5 ] }
									}
								}
							]
						},
						{
							"name": "Cube1",
							"from": [ 0.0, 1.0, -0.5 ], 
							"to": [ 0.3, 3.0, 1.5 ], 
							"rotationOrigin": [ 0.0, 1.0, 0.5 ],
							"faces": {
								"north": { "texture": "#frame", "uv": [ 0.0, 0.0, 0.5, 2.0 ] },
								"east": { "texture": "#frame", "uv": [ 6.0, 8.5, 8.0, 10.5 ] },
								"south": { "texture": "#frame", "uv": [ 0.0, 0.0, 0.5, 2.0 ] },
								"west": { "texture": "#frame", "uv": [ 0.0, 0.0, 2.0, 2.0 ] },
								"up": { "texture": "#frame", "uv": [ 0.0, 0.0, 0.5, 2.0 ] },
								"down": { "texture": "#frame", "uv": [ 0.0, 0.0, 0.5, 2.0 ] }
							}
						},
						{
							"name": "Cube59",
							"from": [ -4.0, 1.0, 0.0 ], 
							"to": [ -3.0, 3.0, 1.0 ], 
							"rotationOrigin": [ -4.0, 1.0, 0.5 ],
							"faces": {
								"north": { "texture": "#frame", "uv": [ 13.5, 4.0, 14.5, 6.0 ] },
								"east": { "texture": "#frame", "uv": [ 13.5, 3.5, 14.5, 5.5 ] },
								"south": { "texture": "#frame", "uv": [ 13.0, 4.0, 14.0, 6.0 ] },
								"west": { "texture": "#frame", "uv": [ 14.5, 3.5, 15.5, 5.5 ] },
								"up": { "texture": "#frame", "uv": [ 0.5, 1.5, 1.5, 2.5 ] },
								"down": { "texture": "#frame", "uv": [ 0.0, 0.0, 1.0, 1.0 ] }
							},
							"children": [
								{
									"name": "Cube60",
									"from": [ 0.3, 1.0, -1.0 ], 
									"to": [ 0.7, 2.0, 2.0 ], 
									"rotationOrigin": [ 0.0, 1.0, -0.5 ],
									"faces": {
										"north": { "texture": "#frame", "uv": [ 0.0, 0.0, 0.5, 1.0 ] },
										"east": { "texture": "#frame", "uv": [ 4.0, 8.0, 7.0, 9.0 ] },
										"south": { "texture": "#frame", "uv": [ 0.0, 0.0, 0.5, 1.0 ] },
										"west": { "texture": "#frame", "uv": [ 5.0, 8.0, 8.0, 9.0 ] },
										"up": { "texture": "#frame", "uv": [ 0.0, 0.5, 0.5, 3.5 ] },
										"down": { "texture": "#frame", "uv": [ 0.0, 0.0, 0.5, 3.0 ] }
									}
								},
								{
									"name": "Cube61",
									"from": [ 0.3, -3.0, -1.0 ], 
									"to": [ 0.7, -2.0, 2.0 ], 
									"rotationOrigin": [ 0.0, -3.0, -0.5 ],
									"faces": {
										"north": { "texture": "#frame", "uv": [ 0.0, 0.0, 0.5, 1.0 ] },
										"east": { "texture": "#frame", "uv": [ 11.5, 3.0, 14.5, 4.0 ] },
										"south": { "texture": "#frame", "uv": [ 0.0, 0.0, 0.5, 1.0 ] },
										"west": { "texture": "#frame", "uv": [ 11.5, 2.5, 14.5, 3.5 ] },
										"up": { "texture": "#frame", "uv": [ 0.0, 0.0, 0.5, 3.0 ] },
										"down": { "texture": "#frame", "uv": [ 0.0, 0.0, 0.5, 3.0 ] }
									}
								},
								{
									"name": "Cube62",
									"from": [ 0.3, -2.0, -2.0 ], 
									"to": [ 0.7, 1.0, -1.0 ], 
									"rotationOrigin": [ 0.0, -2.0, -1.5 ],
									"faces": {
										"north": { "texture": "#frame", "uv": [ 0.0, 0.0, 0.5, 3.0 ] },
										"east": { "texture": "#frame", "uv": [ 14.0, 3.5, 15.0, 6.5 ] },
										"south": { "texture": "#frame", "uv": [ 0.0, 2.5, 0.5, 5.5 ] },
										"west": { "texture": "#frame", "uv": [ 14.0, 4.0, 15.0, 7.0 ] },
										"up": { "texture": "#frame", "uv": [ 0.0, 0.0, 0.5, 1.0 ] },
										"down": { "texture": "#frame", "uv": [ 0.0, 0.0, 0.5, 1.0 ] }
									}
								},
								{
									"name": "Cube63",
									"from": [ 0.3, -2.0, 2.0 ], 
									"to": [ 0.7, 1.0, 3.0 ], 
									"rotationOrigin": [ 0.0, -2.0, 2.5 ],
									"faces": {
										"north": { "texture": "#frame", "uv": [ 0.0, 0.0, 0.5, 3.0 ] },
										"east": { "texture": "#frame", "uv": [ 0.0, 0.0, 1.0, 3.0 ] },
										"south": { "texture": "#frame", "uv": [ 0.0, 0.0, 0.5, 3.0 ] },
										"west": { "texture": "#frame", "uv": [ 14.0, 2.0, 15.0, 5.0 ] },
										"up": { "texture": "#frame", "uv": [ 0.0, 0.0, 0.5, 1.0 ] },
										"down": { "texture": "#frame", "uv": [ 0.0, 0.0, 0.5, 1.0 ] }
									}
								},
								{
									"name": "Cube64",
									"from": [ 0.3, -2.5, 2.0 ], 
									"to": [ 0.7, -2.0, 2.5 ], 
									"rotationOrigin": [ 0.0, -3.0, 2.5 ],
									"faces": {
										"north": { "texture": "#frame", "uv": [ 0.0, 0.0, 0.5, 0.5 ] },
										"east": { "texture": "#frame", "uv": [ 0.0, 0.0, 0.5, 0.5 ] },
										"south": { "texture": "#frame", "uv": [ 0.0, 0.0, 0.5, 0.5 ] },
										"west": { "texture": "#frame", "uv": [ 0.0, 0.0, 0.5, 0.5 ] },
										"up": { "texture": "#frame", "uv": [ 0.0, 0.0, 0.5, 0.5 ] },
										"down": { "texture": "#frame", "uv": [ 0.0, 0.0, 0.5, 0.5 ] }
									},
									"children": [
										{
											"name": "Cube65",
											"from": [ 0.0, 0.0, -3.5 ], 
											"to": [ 0.4, 0.5, -3.0 ], 
											"rotationOrigin": [ -0.3, -0.5, -2.5 ],
											"faces": {
												"north": { "texture": "#frame", "uv": [ 0.0, 0.0, 0.5, 0.5 ] },
												"east": { "texture": "#frame", "uv": [ 0.0, 0.0, 0.5, 0.5 ] },
												"south": { "texture": "#frame", "uv": [ 0.0, 0.0, 0.5, 0.5 ] },
												"west": { "texture": "#frame", "uv": [ 0.0, 0.0, 0.5, 0.5 ] },
												"up": { "texture": "#frame", "uv": [ 0.0, 0.0, 0.5, 0.5 ] },
												"down": { "texture": "#frame", "uv": [ 0.0, 0.0, 0.5, 0.5 ] }
											}
										}
									]
								},
								{
									"name": "Cubefurnwood16",
									"from": [ 0.3, -2.0, 1.5 ], 
									"to": [ 0.7, -1.5, 2.0 ], 
									"rotationOrigin": [ 0.0, -3.0, 2.5 ],
									"faces": {
										"north": { "texture": "#frame", "uv": [ 0.0, 0.0, 0.5, 0.5 ] },
										"east": { "texture": "#frame", "uv": [ 0.0, 0.0, 0.5, 0.5 ] },
										"south": { "texture": "#frame", "uv": [ 0.0, 0.0, 0.5, 0.5 ] },
										"west": { "texture": "#frame", "uv": [ 0.0, 0.0, 0.5, 0.5 ] },
										"up": { "texture": "#frame", "uv": [ 0.0, 0.0, 0.5, 0.5 ] },
										"down": { "texture": "#frame", "uv": [ 0.0, 0.0, 0.5, 0.5 ] }
									},
									"children": [
										{
											"name": "Cube67",
											"from": [ 0.0, 0.0, -2.5 ], 
											"to": [ 0.4, 0.5, -2.0 ], 
											"rotationOrigin": [ -0.3, -1.0, -2.0 ],
											"faces": {
												"north": { "texture": "#frame", "uv": [ 0.0, 0.0, 0.5, 0.5 ] },
												"east": { "texture": "#frame", "uv": [ 0.0, 0.0, 0.5, 0.5 ] },
												"south": { "texture": "#frame", "uv": [ 0.0, 0.0, 0.5, 0.5 ] },
												"west": { "texture": "#frame", "uv": [ 0.0, 0.0, 0.5, 0.5 ] },
												"up": { "texture": "#frame", "uv": [ 0.0, 0.0, 0.5, 0.5 ] },
												"down": { "texture": "#frame", "uv": [ 0.0, 0.0, 0.5, 0.5 ] }
											}
										}
									]
								},
								{
									"name": "Cube68",
									"from": [ 0.3, 0.5, 1.5 ], 
									"to": [ 0.7, 1.0, 2.0 ], 
									"rotationOrigin": [ 0.0, -1.0, 2.5 ],
									"faces": {
										"north": { "texture": "#frame", "uv": [ 0.0, 0.0, 0.5, 0.5 ] },
										"east": { "texture": "#frame", "uv": [ 0.0, 0.0, 0.5, 0.5 ] },
										"south": { "texture": "#frame", "uv": [ 0.0, 0.0, 0.5, 0.5 ] },
										"west": { "texture": "#frame", "uv": [ 0.0, 0.0, 0.5, 0.5 ] },
										"up": { "texture": "#frame", "uv": [ 0.0, 0.0, 0.5, 0.5 ] },
										"down": { "texture": "#frame", "uv": [ 0.0, 0.0, 0.5, 0.5 ] }
									},
									"children": [
										{
											"name": "Cube69",
											"from": [ 0.0, 0.0, -2.5 ], 
											"to": [ 0.4, 0.5, -2.0 ], 
											"rotationOrigin": [ -0.3, -1.0, -2.0 ],
											"faces": {
												"north": { "texture": "#frame", "uv": [ 0.0, 0.0, 0.5, 0.5 ] },
												"east": { "texture": "#frame", "uv": [ 0.0, 0.0, 0.5, 0.5 ] },
												"south": { "texture": "#frame", "uv": [ 0.0, 0.0, 0.5, 0.5 ] },
												"west": { "texture": "#frame", "uv": [ 0.0, 0.0, 0.5, 0.5 ] },
												"up": { "texture": "#frame", "uv": [ 0.0, 0.0, 0.5, 0.5 ] },
												"down": { "texture": "#frame", "uv": [ 0.0, 0.0, 0.5, 0.5 ] }
											}
										}
									]
								},
								{
									"name": "Cube70",
									"from": [ 0.3, 1.0, 2.0 ], 
									"to": [ 0.7, 1.5, 2.5 ], 
									"rotationOrigin": [ 0.0, 1.0, 2.5 ],
									"faces": {
										"north": { "texture": "#frame", "uv": [ 0.0, 0.0, 0.5, 0.5 ] },
										"east": { "texture": "#frame", "uv": [ 0.0, 0.0, 0.5, 0.5 ] },
										"south": { "texture": "#frame", "uv": [ 0.0, 0.0, 0.5, 0.5 ] },
										"west": { "texture": "#frame", "uv": [ 0.0, 0.0, 0.5, 0.5 ] },
										"up": { "texture": "#frame", "uv": [ 0.0, 0.0, 0.5, 0.5 ] },
										"down": { "texture": "#frame", "uv": [ 0.0, 0.0, 0.5, 0.5 ] }
									},
									"children": [
										{
											"name": "Cube71",
											"from": [ 0.0, 0.0, -3.5 ], 
											"to": [ 0.4, 0.5, -3.0 ], 
											"rotationOrigin": [ -0.3, -0.5, -2.5 ],
											"faces": {
												"north": { "texture": "#frame", "uv": [ 0.0, 0.0, 0.5, 0.5 ] },
												"east": { "texture": "#frame", "uv": [ 0.0, 0.0, 0.5, 0.5 ] },
												"south": { "texture": "#frame", "uv": [ 0.0, 0.0, 0.5, 0.5 ] },
												"west": { "texture": "#frame", "uv": [ 0.0, 0.0, 0.5, 0.5 ] },
												"up": { "texture": "#frame", "uv": [ 0.0, 0.0, 0.5, 0.5 ] },
												"down": { "texture": "#frame", "uv": [ 0.0, 0.0, 0.5, 0.5 ] }
											}
										}
									]
								},
								{
									"name": "Cube72",
									"from": [ 0.7, 0.0, -0.5 ], 
									"to": [ 1.0, 2.0, 1.5 ], 
									"rotationOrigin": [ 0.0, 0.0, 0.5 ],
									"faces": {
										"north": { "texture": "#frame", "uv": [ 0.0, 0.0, 0.5, 2.0 ] },
										"east": { "texture": "#frame", "uv": [ 6.0, 8.0, 8.0, 10.0 ] },
										"south": { "texture": "#frame", "uv": [ 0.0, 0.0, 0.5, 2.0 ] },
										"west": { "texture": "#frame", "uv": [ 6.5, 8.0, 8.5, 10.0 ] },
										"up": { "texture": "#frame", "uv": [ 0.0, 0.0, 0.5, 2.0 ] },
										"down": { "texture": "#frame", "uv": [ 0.0, 0.0, 0.5, 2.0 ] }
									}
								},
								{
									"name": "Cube58",
									"from": [ 0.7, -1.0, 0.0 ], 
									"to": [ 1.0, 0.0, 1.0 ], 
									"rotationOrigin": [ 0.0, -1.0, 0.5 ],
									"faces": {
										"north": { "texture": "#frame", "uv": [ 0.0, 0.0, 0.5, 1.0 ] },
										"east": { "texture": "#frame", "uv": [ 0.0, 0.0, 1.0, 1.0 ] },
										"south": { "texture": "#frame", "uv": [ 0.0, 0.0, 0.5, 1.0 ] },
										"west": { "texture": "#frame", "uv": [ 6.5, 1.5, 8.0, 3.0 ], "autoUv": false },
										"up": { "texture": "#frame", "uv": [ 0.0, 0.0, 0.5, 1.0 ] },
										"down": { "texture": "#frame", "uv": [ 0.0, 0.0, 0.5, 1.0 ] }
									}
								}
							]
						}
					]
				}
			]
		}
	]}