{
	"editor": {
		"allAngles": false,
		"entityTextureMode": false
	},
	"textureWidth": 16,
	"textureHeight": 16,
	"textureSizes": {
	},
	"textures": {
		"furnwood16": "furnwood16",
		"frame": "frame"
	},
	"elements": [
		{
			"name": "U_main",
			"from": [ 16.0, 0.0, 13.0 ], 
			"to": [ 19.0, 16.0, 29.0 ], 
			"rotationOrigin": [ 16.0, 0.0, 13.0 ],
			"rotationY": -89.9802127184967,
			"faces": {
				"north": { "texture": "#furnwood16", "uv": [ 0.5, 0.0, 3.5, 16.0 ] },
				"east": { "texture": "#furnwood16", "uv": [ 0.0, 0.0, 16.0, 16.0 ] },
				"south": { "texture": "#furnwood16", "uv": [ 0.5, 0.0, 3.5, 16.0 ] },
				"west": { "texture": "#furnwood16", "uv": [ 0.0, 0.0, 16.0, 16.0 ] },
				"up": { "texture": "#furnwood16", "uv": [ 0.5, 0.0, 3.5, 16.0 ] },
				"down": { "texture": "#furnwood16", "uv": [ 0.0, 0.0, 3.0, 16.0 ] }
			},
			"children": [
				{
					"name": "Cube38",
					"from": [ 3.0, 0.0, 2.0 ], 
					"to": [ 3.3, 3.0, 4.0 ], 
					"rotationOrigin": [ 3.0, 0.0, 3.0 ],
					"faces": {
						"north": { "texture": "#frame", "uv": [ 0.0, 0.0, 0.5, 3.0 ] },
						"east": { "texture": "#frame", "uv": [ 12.5, 3.5, 14.5, 6.5 ] },
						"south": { "texture": "#frame", "uv": [ 0.0, 0.0, 0.5, 3.0 ] },
						"west": { "texture": "#frame", "uv": [ 0.0, 0.0, 2.0, 3.0 ] },
						"up": { "texture": "#frame", "uv": [ 0.0, 0.0, 0.5, 2.0 ] },
						"down": { "texture": "#frame", "uv": [ 0.0, 0.0, 0.5, 2.0 ] }
					},
					"children": [
						{
							"name": "Cube39",
							"from": [ 0.0, 3.0, 0.5 ], 
							"to": [ 0.3, 4.0, 1.5 ], 
							"rotationOrigin": [ 0.0, 3.0, 1.0 ],
							"faces": {
								"north": { "texture": "#frame", "uv": [ 0.0, 0.0, 0.5, 1.0 ] },
								"east": { "texture": "#frame", "uv": [ 6.5, 1.5, 8.0, 3.0 ], "autoUv": false },
								"south": { "texture": "#frame", "uv": [ 0.0, 0.0, 0.5, 1.0 ] },
								"west": { "texture": "#frame", "uv": [ -0.5, 3.0, 0.5, 4.0 ] },
								"up": { "texture": "#frame", "uv": [ 0.0, 0.0, 0.5, 1.0 ] },
								"down": { "texture": "#frame", "uv": [ 0.0, 0.0, 0.5, 1.0 ] }
							}
						},
						{
							"name": "Cube42",
							"from": [ 0.0, 0.0, 0.5 ], 
							"to": [ 1.0, 1.0, 1.5 ], 
							"rotationOrigin": [ 0.0, 0.0, 1.0 ],
							"faces": {
								"north": { "texture": "#frame", "uv": [ 0.0, 0.0, 1.0, 1.0 ] },
								"east": { "texture": "#frame", "uv": [ 6.5, 5.5, 7.5, 6.5 ] },
								"south": { "texture": "#frame", "uv": [ 12.5, 4.5, 13.5, 5.5 ] },
								"west": { "texture": "#frame", "uv": [ 0.0, 0.0, 1.0, 1.0 ] },
								"up": { "texture": "#frame", "uv": [ 13.0, 2.5, 14.0, 3.5 ] },
								"down": { "texture": "#frame", "uv": [ 0.0, 0.0, 1.0, 1.0 ] }
							}
						},
						{
							"name": "Cube55",
							"from": [ -3.3, 0.0, 0.0 ], 
							"to": [ -3.0, 3.0, 2.0 ], 
							"rotationOrigin": [ -3.0, 0.0, 1.0 ],
							"faces": {
								"north": { "texture": "#frame", "uv": [ 0.0, 0.0, 0.5, 3.0 ] },
								"east": { "texture": "#frame", "uv": [ 13.0, 4.0, 15.0, 7.0 ] },
								"south": { "texture": "#frame", "uv": [ 0.0, 0.0, 0.5, 3.0 ] },
								"west": { "texture": "#frame", "uv": [ 13.5, 1.5, 15.5, 4.5 ] },
								"up": { "texture": "#frame", "uv": [ 0.0, 0.0, 0.5, 2.0 ] },
								"down": { "texture": "#frame", "uv": [ 0.0, 0.0, 0.5, 2.0 ] }
							},
							"children": [
								{
									"name": "Cube56",
									"from": [ 0.0, 3.0, 0.5 ], 
									"to": [ 0.3, 4.0, 1.5 ], 
									"rotationOrigin": [ 0.0, 3.0, 1.0 ],
									"faces": {
										"north": { "texture": "#frame", "uv": [ 0.0, 0.0, 0.5, 1.0 ] },
										"east": { "texture": "#frame", "uv": [ 0.0, 0.0, 1.0, 1.0 ] },
										"south": { "texture": "#frame", "uv": [ 0.0, 0.0, 0.5, 1.0 ] },
										"west": { "texture": "#frame", "uv": [ 6.5, 1.5, 8.0, 3.0 ], "autoUv": false },
										"up": { "texture": "#frame", "uv": [ 0.0, 0.0, 0.5, 1.0 ] },
										"down": { "texture": "#frame", "uv": [ 0.0, 0.0, 0.5, 1.0 ] }
									}
								},
								{
									"name": "Cube57",
									"from": [ -0.7, 0.0, 0.5 ], 
									"to": [ 0.3, 1.0, 1.5 ], 
									"rotationOrigin": [ -1.0, 0.0, 1.0 ],
									"faces": {
										"north": { "texture": "#frame", "uv": [ 15.0, 4.5, 16.0, 5.5 ] },
										"east": { "texture": "#frame", "uv": [ 14.0, 5.0, 15.0, 6.0 ] },
										"south": { "texture": "#frame", "uv": [ 14.0, 6.0, 15.0, 7.0 ] },
										"west": { "texture": "#frame", "uv": [ 15.0, 4.5, 16.0, 5.5 ] },
										"up": { "texture": "#frame", "uv": [ 12.5, 4.0, 13.5, 5.0 ] },
										"down": { "texture": "#frame", "uv": [ 13.5, 3.0, 14.5, 4.0 ] }
									}
								}
							]
						}
					]
				},
				{
					"name": "doorcatch1low57",
					"from": [ 3.0, 6.5, 15.0 ], 
					"to": [ 3.8, 10.5, 16.0 ], 
					"rotationOrigin": [ 3.0, 7.0, 15.0 ],
					"faces": {
						"north": { "texture": "#frame", "uv": [ 0.0, 0.0, 1.0, 1.0 ], "autoUv": false },
						"east": { "texture": "#frame", "uv": [ 6.5, 4.0, 7.5, 8.0 ] },
						"south": { "texture": "#frame", "uv": [ 0.0, 0.0, 0.5, 4.0 ] },
						"west": { "texture": "#frame", "uv": [ 6.5, 4.5, 7.5, 8.5 ] },
						"up": { "texture": "#frame", "uv": [ 0.0, 0.0, 0.5, 1.0 ] },
						"down": { "texture": "#frame", "uv": [ 0.0, 0.0, 0.5, 1.0 ] }
					},
					"children": [
						{
							"name": "Cube73",
							"from": [ 0.0, 1.0, -10.0 ], 
							"to": [ 0.5, 3.0, 0.0 ], 
							"rotationOrigin": [ 0.0, 1.0, -10.0 ],
							"faces": {
								"north": { "texture": "#frame", "uv": [ 0.0, 0.0, 0.5, 2.0 ] },
								"east": { "texture": "#frame", "uv": [ 5.5, 14.5, 15.5, 16.0 ], "autoUv": false },
								"south": { "texture": "#frame", "uv": [ 0.0, 0.0, 0.5, 2.0 ] },
								"west": { "texture": "#frame", "uv": [ 0.0, 0.0, 10.0, 2.0 ] },
								"up": { "texture": "#frame", "uv": [ 0.0, 0.0, 0.5, 10.0 ] },
								"down": { "texture": "#frame", "uv": [ 0.0, 0.0, 0.5, 10.0 ] }
							},
							"children": [
								{
									"name": "Cube73",
									"from": [ 0.0, 0.5, -1.0 ], 
									"to": [ 0.5, 1.5, 0.0 ], 
									"rotationOrigin": [ 0.0, 0.0, -1.0 ],
									"faces": {
										"north": { "texture": "#frame", "uv": [ 0.0, 0.0, 0.5, 1.0 ] },
										"east": { "texture": "#frame", "uv": [ 6.5, 7.5, 8.0, 9.0 ], "autoUv": false },
										"south": { "texture": "#frame", "uv": [ 0.0, 0.0, 0.5, 1.0 ] },
										"west": { "texture": "#frame", "uv": [ 0.0, 0.0, 1.0, 1.0 ] },
										"up": { "texture": "#frame", "uv": [ 0.0, 0.0, 0.5, 1.0 ] },
										"down": { "texture": "#frame", "uv": [ 0.0, 0.0, 0.5, 1.0 ] }
									},
									"children": [
										{
											"name": "Cube73",
											"from": [ 0.0, 1.5, 1.5 ], 
											"to": [ 0.5, 2.5, 2.5 ], 
											"rotationOrigin": [ 0.0, 1.0, 1.0 ],
											"faces": {
												"north": { "texture": "#frame", "uv": [ 0.0, 0.0, 0.5, 1.0 ] },
												"east": { "texture": "#frame", "uv": [ 7.0, 5.5, 8.0, 6.5 ] },
												"south": { "texture": "#frame", "uv": [ 0.0, 0.0, 0.5, 1.0 ] },
												"west": { "texture": "#frame", "uv": [ 0.0, 0.0, 1.0, 1.0 ] },
												"up": { "texture": "#frame", "uv": [ 0.0, 0.0, 0.5, 1.0 ] },
												"down": { "texture": "#frame", "uv": [ 0.0, 0.0, 0.5, 1.0 ] }
											},
											"children": [
												{
													"name": "Cube73",
													"from": [ 0.0, 1.0, 0.5 ], 
													"to": [ 0.5, 1.5, 1.5 ], 
													"faces": {
														"north": { "texture": "#frame", "uv": [ 0.0, 0.0, 0.5, 0.5 ] },
														"east": { "texture": "#frame", "uv": [ 0.0, 0.0, 1.0, 0.5 ] },
														"south": { "texture": "#frame", "uv": [ 0.0, 0.0, 0.5, 0.5 ] },
														"west": { "texture": "#frame", "uv": [ 0.0, 0.0, 1.0, 0.5 ] },
														"up": { "texture": "#frame", "uv": [ 0.0, 0.0, 0.5, 1.0 ] },
														"down": { "texture": "#frame", "uv": [ 0.0, 0.0, 0.5, 1.0 ] }
													}
												}
											]
										},
										{
											"name": "Cube73",
											"from": [ 0.0, -1.5, 1.5 ], 
											"to": [ 0.5, -0.5, 2.5 ], 
											"rotationOrigin": [ 0.0, -2.0, 1.0 ],
											"faces": {
												"north": { "texture": "#frame", "uv": [ 0.0, 0.0, 0.5, 1.0 ] },
												"east": { "texture": "#frame", "uv": [ 6.5, 5.5, 7.5, 6.5 ] },
												"south": { "texture": "#frame", "uv": [ 0.0, 0.0, 0.5, 1.0 ] },
												"west": { "texture": "#frame", "uv": [ 0.0, 0.0, 1.0, 1.0 ] },
												"up": { "texture": "#frame", "uv": [ 0.0, 0.0, 0.5, 1.0 ] },
												"down": { "texture": "#frame", "uv": [ 0.0, 0.0, 0.5, 1.0 ] }
											},
											"children": [
												{
													"name": "Cube73",
													"from": [ 0.0, -0.5, 0.5 ], 
													"to": [ 0.5, 0.0, 1.5 ], 
													"rotationOrigin": [ 0.0, -1.0, 0.0 ],
													"faces": {
														"north": { "texture": "#frame", "uv": [ 0.0, 0.0, 0.5, 0.5 ] },
														"east": { "texture": "#frame", "uv": [ 0.0, 0.0, 1.0, 0.5 ] },
														"south": { "texture": "#frame", "uv": [ 0.0, 0.0, 0.5, 0.5 ] },
														"west": { "texture": "#frame", "uv": [ 0.0, 0.0, 1.0, 0.5 ] },
														"up": { "texture": "#frame", "uv": [ 0.0, 0.0, 0.5, 1.0 ] },
														"down": { "texture": "#frame", "uv": [ 0.0, 0.0, 0.5, 1.0 ] }
													}
												}
											]
										}
									]
								}
							]
						},
						{
							"name": "doorcatch1low64",
							"from": [ -3.8, 0.0, 0.0 ], 
							"to": [ -3.0, 4.0, 1.0 ], 
							"rotationOrigin": [ -3.0, 0.0, 0.0 ],
							"faces": {
								"north": { "texture": "#frame", "uv": [ 0.0, 0.0, 1.0, 1.0 ], "autoUv": false },
								"east": { "texture": "#frame", "uv": [ 7.0, 3.5, 8.0, 7.5 ] },
								"south": { "texture": "#frame", "uv": [ 0.0, 0.0, 0.5, 4.0 ] },
								"west": { "texture": "#frame", "uv": [ 6.5, 4.0, 7.5, 8.0 ] },
								"up": { "texture": "#frame", "uv": [ 0.0, 0.0, 0.5, 1.0 ] },
								"down": { "texture": "#frame", "uv": [ 0.0, 0.0, 0.5, 1.0 ] }
							},
							"children": [
								{
									"name": "Cube73",
									"from": [ 0.3, 1.0, -10.0 ], 
									"to": [ 0.8, 3.0, 0.0 ], 
									"rotationOrigin": [ 0.0, 1.0, -10.0 ],
									"faces": {
										"north": { "texture": "#frame", "uv": [ 0.0, 0.0, 0.5, 2.0 ] },
										"east": { "texture": "#frame", "uv": [ 1.0, 7.0, 11.0, 9.0 ] },
										"south": { "texture": "#frame", "uv": [ 0.0, 0.0, 0.5, 2.0 ] },
										"west": { "texture": "#frame", "uv": [ 4.0, 14.5, 14.0, 16.0 ], "autoUv": false },
										"up": { "texture": "#frame", "uv": [ 0.0, 0.0, 0.5, 10.0 ] },
										"down": { "texture": "#frame", "uv": [ 0.0, 0.0, 0.5, 10.0 ] }
									},
									"children": [
										{
											"name": "Cube73",
											"from": [ 0.0, 0.5, -1.0 ], 
											"to": [ 0.5, 1.5, 0.0 ], 
											"rotationOrigin": [ 0.0, 0.0, -1.0 ],
											"faces": {
												"north": { "texture": "#frame", "uv": [ 0.0, 0.0, 0.5, 1.0 ] },
												"east": { "texture": "#frame", "uv": [ 0.0, 0.0, 1.0, 1.0 ] },
												"south": { "texture": "#frame", "uv": [ 0.0, 0.0, 0.5, 1.0 ] },
												"west": { "texture": "#frame", "uv": [ 6.5, 1.5, 8.0, 3.0 ], "autoUv": false },
												"up": { "texture": "#frame", "uv": [ 0.0, 0.0, 0.5, 1.0 ] },
												"down": { "texture": "#frame", "uv": [ 0.0, 0.0, 0.5, 1.0 ] }
											},
											"children": [
												{
													"name": "Cube73",
													"from": [ 0.0, 1.5, 1.5 ], 
													"to": [ 0.5, 2.5, 2.5 ], 
													"rotationOrigin": [ 0.0, 1.0, 1.0 ],
													"faces": {
														"north": { "texture": "#frame", "uv": [ 0.0, 0.0, 0.5, 1.0 ] },
														"east": { "texture": "#frame", "uv": [ 0.0, 0.0, 1.0, 1.0 ] },
														"south": { "texture": "#frame", "uv": [ 0.0, 0.0, 0.5, 1.0 ] },
														"west": { "texture": "#frame", "uv": [ 7.0, 4.5, 8.0, 5.5 ] },
														"up": { "texture": "#frame", "uv": [ 0.0, 0.0, 0.5, 1.0 ] },
														"down": { "texture": "#frame", "uv": [ 0.0, 0.0, 0.5, 1.0 ] }
													},
													"children": [
														{
															"name": "Cube73",
															"from": [ 0.0, 1.0, 0.5 ], 
															"to": [ 0.5, 1.5, 1.5 ], 
															"faces": {
																"north": { "texture": "#frame", "uv": [ 0.0, 0.0, 0.5, 0.5 ] },
																"east": { "texture": "#frame", "uv": [ 0.0, 0.0, 1.0, 0.5 ] },
																"south": { "texture": "#frame", "uv": [ 0.0, 0.0, 0.5, 0.5 ] },
																"west": { "texture": "#frame", "uv": [ 0.0, 0.0, 1.0, 0.5 ] },
																"up": { "texture": "#frame", "uv": [ 0.0, 0.0, 0.5, 1.0 ] },
																"down": { "texture": "#frame", "uv": [ 0.0, 0.0, 0.5, 1.0 ] }
															}
														}
													]
												},
												{
													"name": "Cube73",
													"from": [ 0.0, -1.5, 1.5 ], 
													"to": [ 0.5, -0.5, 2.5 ], 
													"rotationOrigin": [ 0.0, -2.0, 1.0 ],
													"faces": {
														"north": { "texture": "#frame", "uv": [ 0.0, 0.0, 0.5, 1.0 ] },
														"east": { "texture": "#frame", "uv": [ 0.0, 0.0, 1.0, 1.0 ] },
														"south": { "texture": "#frame", "uv": [ 0.0, 0.0, 0.5, 1.0 ] },
														"west": { "texture": "#frame", "uv": [ 6.5, 4.0, 7.5, 5.0 ] },
														"up": { "texture": "#frame", "uv": [ 0.0, 0.0, 0.5, 1.0 ] },
														"down": { "texture": "#frame", "uv": [ 0.0, 0.0, 0.5, 1.0 ] }
													}
												}
											]
										}
									]
								}
							]
						},
						{
							"name": "Cube73",
							"from": [ -3.5, -0.5, -9.0 ], 
							"to": [ -3.0, 0.0, -8.0 ], 
							"rotationOrigin": [ -3.5, -1.0, -9.5 ],
							"faces": {
								"north": { "texture": "#frame", "uv": [ 0.0, 0.0, 0.5, 0.5 ] },
								"east": { "texture": "#frame", "uv": [ 0.0, 0.0, 1.0, 0.5 ] },
								"south": { "texture": "#frame", "uv": [ 0.0, 0.0, 0.5, 0.5 ] },
								"west": { "texture": "#frame", "uv": [ 0.0, 0.0, 1.0, 0.5 ] },
								"up": { "texture": "#frame", "uv": [ 0.0, 0.0, 0.5, 1.0 ] },
								"down": { "texture": "#frame", "uv": [ 0.0, 0.0, 0.5, 1.0 ] }
							}
						},
						{
							"name": "Cube74",
							"from": [ 0.0, 7.0, -15.0 ], 
							"to": [ 0.6, 8.5, 1.0 ], 
							"rotationOrigin": [ 0.0, 7.5, -15.0 ],
							"faces": {
								"north": { "texture": "#frame", "uv": [ 0.0, 0.0, 0.5, 1.5 ] },
								"east": { "texture": "#frame", "uv": [ 0.0, 14.5, 16.0, 16.0 ] },
								"south": { "texture": "#frame", "uv": [ 0.0, 0.0, 0.5, 1.5 ] },
								"west": { "texture": "#frame", "uv": [ 0.0, 14.5, 16.0, 16.0 ] },
								"up": { "texture": "#frame", "uv": [ 0.0, 0.0, 0.5, 16.0 ] },
								"down": { "texture": "#frame", "uv": [ 0.0, 0.0, 0.5, 16.0 ] }
							},
							"children": [
								{
									"name": "Cube74",
									"from": [ -3.6, 0.0, 0.0 ], 
									"to": [ -3.0, 1.5, 16.0 ], 
									"rotationOrigin": [ -4.0, 0.0, 0.0 ],
									"faces": {
										"north": { "texture": "#frame", "uv": [ 0.0, 0.0, 0.5, 1.5 ] },
										"east": { "texture": "#frame", "uv": [ 0.0, 0.0, 16.0, 1.5 ] },
										"south": { "texture": "#frame", "uv": [ 0.0, 0.0, 0.5, 1.5 ] },
										"west": { "texture": "#frame", "uv": [ 0.0, 14.5, 16.0, 16.0 ] },
										"up": { "texture": "#frame", "uv": [ 0.0, 0.0, 0.5, 16.0 ] },
										"down": { "texture": "#frame", "uv": [ 0.0, 0.0, 0.5, 16.0 ] }
									}
								}
							]
						}
					]
				}
			]
		}
	]}