[
  {
    "file": "game:entities/humanoid/player",
    "op": "add",
    "path": "/client/behaviors/-",
    "value": {
      "code": "XSkillsPlayer"
    }
  },

  {
    "file": "game:entities/humanoid/player",
    "op": "add",
    "path": "/server/behaviors/-",
    "value": {
      "code": "XSkillsPlayer"
    }
  },
  {
    "file": "game:blocktypes/wood/barrel",
    "op": "add",
    "path": "/behaviors/-",
    "value": {
      "name": "XSkillsBucket"
    }
  },
  {
    "file": "game:blocktypes/wood/bucket",
    "op": "add",
    "path": "/behaviors/-",
    "value": {
      "name": "XSkillsBucket"
    }
  }
]