{
	"code": "glazingbase",
	"class": "ItemLiquidPortion",
	"matterState": "liquid",
	"variantgroups": [
		{ "code": "type", "states": [ "clay", "clear", "milky" ] }
	],
	"attributesByType": {
		"*-clay": {
			"waterTightContainerProps": {
				"containable": true,
				"itemsPerLitre": 1,
				"texture": { "base": "game:block/liquid/glazing/base" }
			},
			"allowSpill": true,
			"whenSpilled": { "action": "DropContents", "stack": { "type": "item", "code": "bricklayers:glazingbase-clay" } }
		},
		"*-clear": {
			"waterTightContainerProps": {
				"containable": true,
				"itemsPerLitre": 1,
				"texture": { "base": "game:block/liquid/glazing/clear/base" }
			},
			"allowSpill": true,
			"whenSpilled": { "action": "DropContents", "stack": { "type": "item", "code": "bricklayers:glazingbase-clear" } }
		},
		"*-milky": {
			"waterTightContainerProps": {
				"containable": true,
				"itemsPerLitre": 1,
				"texture": { "base": "game:block/liquid/glazing/milky/base" },
				"isopaque": true
			},
			"allowSpill": true,
			"whenSpilled": { "action": "DropContents", "stack": { "type": "item", "code": "bricklayers:glazingbase-milky" } }
		}
	},
	"shape": { "base": "game:item/liquid" },
	"texturesByType": {
		"*-clay": { "all": { "base": "game:block/liquid/glazing/base" } },
		"*-clear": { "all": { "base": "game:block/liquid/glazing/clear/base" } },
		"*-milky": { "all": { "base": "game:block/liquid/glazing/milky/base" } }
	},
	"creativeinventory": { "general": ["*"], "items": ["*"], "ceramics": ["*"] },
	"maxstacksize": 16,
	"materialDensity": 250,
	"guiTransform": {
		"rotation": { "x": 123, "y": -33, "z": -13 },
		"origin": { "x": 0.5, "y": 0, "z": 0.5 },
		"scale": 1.4
	},
	"fpHandTransform": {
		"translation": { "x": 0, "y": 0, "z": 0 },
		"rotation": { "x": 25, "y": 157, "z": -5 }
	},
	"tpHandTransform": {
		"translation": { "x": -1.5, "y": -1, "z": -1.4 }
	}
}
