{
	"editor": {
		"allAngles": false,
		"entityTextureMode": false
	},
	"textureWidth": 16,
	"textureHeight": 16,
	"textureSizes": {
	},
	"textures": {
		"furnwood13": "furnwood13",
		"furnwood10": "furnwood10",
		"frame": "frame"
	},
	"elements": [
		{
			"name": "lower_main31",
			"from": [ 2.0, 2.0, 14.0 ], 
			"to": [ 3.5, 12.0, 26.0 ], 
			"rotationOrigin": [ 2.0, 2.0, 14.0 ],
			"rotationY": 180.0,
			"faces": {
				"north": { "texture": "#furnwood10", "uv": [ 13.0, 1.0, 14.5, 11.0 ] },
				"east": { "texture": "#furnwood10", "uv": [ 0.0, 1.5, 15.0, 15.5 ], "autoUv": false },
				"south": { "texture": "#furnwood10", "uv": [ 5.0, 0.0, 7.5, 16.0 ], "autoUv": false },
				"west": { "texture": "#furnwood10", "uv": [ 0.0, 2.0, 15.5, 15.5 ], "autoUv": false },
				"up": { "texture": "#furnwood10", "uv": [ 0.0, 1.0, 1.5, 13.0 ] },
				"down": { "texture": "#furnwood10", "uv": [ 0.0, 1.0, 1.5, 13.0 ] }
			},
			"children": [
				{
					"name": "Cube34",
					"from": [ 2.0, 12.5, -1.5 ], 
					"to": [ 3.0, 13.0, -0.5 ], 
					"rotationOrigin": [ 1.5, 12.5, -1.0 ],
					"faces": {
						"north": { "texture": "#frame", "uv": [ 0.0, 0.0, 1.0, 0.5 ] },
						"east": { "texture": "#frame", "uv": [ 0.0, 0.0, 1.0, 0.5 ] },
						"south": { "texture": "#frame", "uv": [ 0.0, 0.0, 1.0, 0.5 ] },
						"west": { "texture": "#frame", "uv": [ 0.0, 0.0, 1.0, 0.5 ] },
						"up": { "texture": "#frame", "uv": [ 13.0, 2.5, 14.0, 3.5 ] },
						"down": { "texture": "#frame", "uv": [ 0.0, 0.0, 1.0, 1.0 ] }
					},
					"children": [
						{
							"name": "Cube34",
							"from": [ 1.0, 0.0, 0.0 ], 
							"to": [ 1.5, 1.5, 1.0 ], 
							"rotationOrigin": [ 1.0, 0.0, 0.0 ],
							"faces": {
								"north": { "texture": "#frame", "uv": [ 0.0, 0.0, 0.5, 1.5 ] },
								"east": { "texture": "#frame", "uv": [ 6.5, 5.5, 7.5, 7.0 ] },
								"south": { "texture": "#frame", "uv": [ 0.0, 0.0, 0.5, 1.5 ] },
								"west": { "texture": "#frame", "uv": [ 0.0, 0.0, 1.0, 1.5 ] },
								"up": { "texture": "#frame", "uv": [ 0.0, 0.0, 0.5, 1.0 ] },
								"down": { "texture": "#frame", "uv": [ 0.0, 0.0, 0.5, 1.0 ] }
							}
						},
						{
							"name": "Cube34",
							"from": [ 0.0, -1.5, 0.0 ], 
							"to": [ 0.2, 1.5, 1.0 ], 
							"rotationOrigin": [ 0.0, -2.0, 1.0 ],
							"faces": {
								"north": { "texture": "#frame", "uv": [ 0.0, 0.0, 0.5, 3.0 ] },
								"east": { "texture": "#frame", "uv": [ 14.5, 3.5, 16.0, 7.0 ], "autoUv": false },
								"south": { "texture": "#frame", "uv": [ 0.0, 0.0, 0.5, 3.0 ] },
								"west": { "texture": "#frame", "uv": [ 0.0, 0.0, 1.0, 3.0 ] },
								"up": { "texture": "#frame", "uv": [ 0.0, 0.0, 0.5, 1.0 ] },
								"down": { "texture": "#frame", "uv": [ 0.0, 0.0, 0.5, 1.0 ] }
							}
						},
						{
							"name": "Cube36",
							"from": [ -3.5, 0.0, 1.0 ], 
							"to": [ -2.5, 0.5, 2.0 ], 
							"rotationOrigin": [ -3.0, 0.0, 1.0 ],
							"rotationX": -179.99999011687993,
							"rotationY": -5.008955855952477E-6,
							"rotationZ": -179.99999011687993,
							"faces": {
								"north": { "texture": "#frame", "uv": [ 0.0, 0.0, 1.0, 0.5 ] },
								"east": { "texture": "#frame", "uv": [ 0.0, 0.0, 1.0, 0.5 ] },
								"south": { "texture": "#frame", "uv": [ 0.0, 0.0, 1.0, 0.5 ] },
								"west": { "texture": "#frame", "uv": [ 0.0, 0.0, 1.0, 0.5 ] },
								"up": { "texture": "#frame", "uv": [ 14.0, 9.5, 15.0, 10.5 ] },
								"down": { "texture": "#frame", "uv": [ 0.0, 0.0, 1.0, 1.0 ] }
							},
							"children": [
								{
									"name": "Cube37",
									"from": [ 1.0, 0.0, 0.0 ], 
									"to": [ 1.5, 1.5, 1.0 ], 
									"rotationOrigin": [ 1.0, 0.0, 0.0 ],
									"faces": {
										"north": { "texture": "#frame", "uv": [ 0.0, 0.0, 0.5, 1.5 ] },
										"east": { "texture": "#frame", "uv": [ 6.5, 5.5, 7.5, 7.0 ] },
										"south": { "texture": "#frame", "uv": [ 0.0, 0.0, 0.5, 1.5 ] },
										"west": { "texture": "#frame", "uv": [ 0.0, 0.0, 1.0, 1.5 ] },
										"up": { "texture": "#frame", "uv": [ 0.0, 0.0, 0.5, 1.0 ] },
										"down": { "texture": "#frame", "uv": [ 0.0, 0.0, 0.5, 1.0 ] }
									}
								},
								{
									"name": "Cube38",
									"from": [ 0.0, -1.5, 0.0 ], 
									"to": [ 0.2, 1.5, 1.0 ], 
									"rotationOrigin": [ 0.0, -2.0, 0.0 ],
									"faces": {
										"north": { "texture": "#frame", "uv": [ 0.0, 0.0, 0.5, 3.0 ] },
										"east": { "texture": "#frame", "uv": [ 13.5, 8.5, 15.0, 12.0 ], "autoUv": false },
										"south": { "texture": "#frame", "uv": [ 0.0, 0.0, 0.5, 3.0 ] },
										"west": { "texture": "#frame", "uv": [ 11.5, 3.0, 12.5, 6.0 ] },
										"up": { "texture": "#frame", "uv": [ 0.0, 0.0, 0.5, 1.0 ] },
										"down": { "texture": "#frame", "uv": [ 0.0, 0.0, 0.5, 1.0 ] }
									}
								}
							]
						}
					]
				},
				{
					"name": "Cube40",
					"from": [ 2.0, 5.7, 13.0 ], 
					"to": [ 2.7, 8.3, 14.0 ], 
					"rotationOrigin": [ 3.0, 6.0, 13.0 ],
					"faces": {
						"north": { "texture": "#frame", "uv": [ 0.0, 0.0, 0.5, 2.5 ] },
						"east": { "texture": "#frame", "uv": [ 13.0, 3.0, 14.0, 5.5 ] },
						"south": { "texture": "#frame", "uv": [ 0.0, 0.0, 0.5, 2.5 ] },
						"west": { "texture": "#frame", "uv": [ 11.0, 4.0, 12.0, 6.5 ] },
						"up": { "texture": "#frame", "uv": [ 0.0, 0.0, 0.5, 1.0 ] },
						"down": { "texture": "#frame", "uv": [ 0.0, 0.0, 0.5, 1.0 ] }
					},
					"children": [
						{
							"name": "Cube41",
							"from": [ 0.0, 0.8, -0.8 ], 
							"to": [ 0.3, 2.0, 0.4 ], 
							"rotationOrigin": [ -1.0, -0.7, -1.0 ],
							"faces": {
								"north": { "texture": "#frame", "uv": [ 0.0, 0.0, 0.5, 1.0 ] },
								"east": { "texture": "#frame", "uv": [ 11.5, 6.0, 12.5, 7.0 ] },
								"south": { "texture": "#frame", "uv": [ 0.0, 0.0, 0.5, 1.0 ] },
								"west": { "texture": "#frame", "uv": [ 0.5, 3.5, 1.5, 4.5 ] },
								"up": { "texture": "#frame", "uv": [ 0.0, 0.0, 0.5, 1.0 ] },
								"down": { "texture": "#frame", "uv": [ 0.0, 0.0, 0.5, 1.0 ] }
							}
						}
					]
				},
				{
					"name": "Cube44",
					"from": [ -0.5, -2.0, -2.0 ], 
					"to": [ 2.0, 14.0, 0.0 ], 
					"rotationOrigin": [ -1.0, -2.0, -2.0 ],
					"faces": {
						"north": { "texture": "#furnwood13", "uv": [ 4.5, 0.0, 7.0, 16.0 ] },
						"east": { "texture": "#furnwood13", "uv": [ 6.0, 0.0, 8.0, 16.0 ] },
						"south": { "texture": "#furnwood13", "uv": [ 7.5, 0.0, 10.0, 16.0 ] },
						"west": { "texture": "#furnwood13", "uv": [ 7.5, 0.0, 9.5, 16.0 ] },
						"up": { "texture": "#furnwood13", "uv": [ 0.0, 0.0, 2.5, 2.0 ] },
						"down": { "texture": "#furnwood13", "uv": [ 0.0, 0.0, 2.5, 2.0 ] }
					}
				},
				{
					"name": "Cube45",
					"from": [ -0.5, -2.0, 12.0 ], 
					"to": [ 2.0, 14.0, 14.0 ], 
					"rotationOrigin": [ -1.0, -2.0, 12.0 ],
					"faces": {
						"north": { "texture": "#furnwood13", "uv": [ 0.0, 0.0, 2.5, 16.0 ] },
						"east": { "texture": "#furnwood13", "uv": [ 4.0, 0.0, 6.0, 16.0 ] },
						"south": { "texture": "#furnwood13", "uv": [ 7.5, 0.0, 10.0, 16.0 ] },
						"west": { "texture": "#furnwood13", "uv": [ 2.0, 0.0, 4.0, 16.0 ] },
						"up": { "texture": "#furnwood13", "uv": [ 0.0, 0.0, 2.5, 2.0 ] },
						"down": { "texture": "#furnwood13", "uv": [ 0.5, 0.0, 3.0, 2.0 ] }
					}
				},
				{
					"name": "Cube46",
					"from": [ -0.5, -2.0, 0.0 ], 
					"to": [ 2.0, 1.0, 12.0 ], 
					"rotationOrigin": [ -1.0, -2.0, 0.0 ],
					"faces": {
						"north": { "texture": "#furnwood13", "uv": [ 0.0, 0.0, 2.5, 3.0 ] },
						"east": { "texture": "#furnwood13", "uv": [ 5.5, 2.0, 8.5, 14.0 ], "rotation": 90 },
						"south": { "texture": "#furnwood13", "uv": [ 0.0, 0.0, 2.5, 3.0 ] },
						"west": { "texture": "#furnwood13", "uv": [ 6.5, 2.0, 9.5, 14.0 ], "rotation": 90 },
						"up": { "texture": "#furnwood13", "uv": [ 0.0, 0.0, 2.5, 12.0 ] },
						"down": { "texture": "#furnwood13", "uv": [ 0.0, 0.0, 2.5, 12.0 ] }
					}
				},
				{
					"name": "Cube47",
					"from": [ -0.5, 10.0, 0.0 ], 
					"to": [ 2.0, 12.0, 12.0 ], 
					"rotationOrigin": [ -1.0, 10.0, 0.0 ],
					"faces": {
						"north": { "texture": "#furnwood13", "uv": [ 0.0, 0.0, 2.5, 2.0 ] },
						"east": { "texture": "#furnwood13", "uv": [ 4.5, 3.0, 6.5, 15.0 ], "rotation": 90 },
						"south": { "texture": "#furnwood13", "uv": [ 0.0, 0.0, 2.5, 2.0 ] },
						"west": { "texture": "#furnwood13", "uv": [ 5.0, 2.5, 7.0, 14.5 ], "rotation": 90 },
						"up": { "texture": "#furnwood13", "uv": [ 0.0, 0.0, 2.5, 12.0 ] },
						"down": { "texture": "#furnwood13", "uv": [ 0.0, 0.0, 2.5, 12.0 ] }
					}
				},
				{
					"name": "Cube31",
					"from": [ 0.0, 12.0, 0.0 ], 
					"to": [ 1.5, 14.0, 12.0 ], 
					"rotationOrigin": [ -1.0, 12.0, 0.0 ],
					"faces": {
						"north": { "texture": "#furnwood10", "uv": [ 0.5, 1.5, 2.0, 3.5 ] },
						"east": { "texture": "#furnwood10", "uv": [ 0.5, 0.0, 15.0, 2.5 ], "autoUv": false },
						"south": { "texture": "#furnwood10", "uv": [ 0.0, 0.0, 1.5, 2.0 ] },
						"west": { "texture": "#furnwood10", "uv": [ 0.5, 0.0, 15.0, 2.5 ], "rotation": 180, "autoUv": false },
						"up": { "texture": "#furnwood10", "uv": [ 0.5, 1.0, 2.0, 13.0 ] },
						"down": { "texture": "#furnwood10", "uv": [ 0.5, 1.5, 2.0, 13.5 ] }
					}
				},
				{
					"name": "Cube35",
					"from": [ -1.2, 5.7, 13.0 ], 
					"to": [ -0.5, 8.3, 14.0 ], 
					"rotationOrigin": [ 0.0, 6.0, 13.0 ],
					"faces": {
						"north": { "texture": "#frame", "uv": [ 0.0, 0.0, 0.5, 2.5 ] },
						"east": { "texture": "#frame", "uv": [ 6.5, 3.5, 7.5, 6.0 ] },
						"south": { "texture": "#frame", "uv": [ 0.0, 0.0, 0.5, 2.5 ] },
						"west": { "texture": "#frame", "uv": [ 14.0, 4.5, 15.0, 7.0 ] },
						"up": { "texture": "#frame", "uv": [ 0.0, 0.0, 0.5, 1.0 ] },
						"down": { "texture": "#frame", "uv": [ 0.0, 0.0, 0.5, 1.0 ] }
					},
					"children": [
						{
							"name": "Cube35",
							"from": [ 0.4, 0.8, -0.8 ], 
							"to": [ 0.7, 2.0, 0.4 ], 
							"rotationOrigin": [ -1.0, -0.7, -1.0 ],
							"faces": {
								"north": { "texture": "#frame", "uv": [ 0.0, 0.0, 0.5, 1.0 ] },
								"east": { "texture": "#frame", "uv": [ 6.5, 10.0, 7.5, 11.0 ] },
								"south": { "texture": "#frame", "uv": [ 0.0, 0.0, 0.5, 1.0 ] },
								"west": { "texture": "#frame", "uv": [ 14.0, 6.5, 15.0, 7.5 ] },
								"up": { "texture": "#frame", "uv": [ 0.0, 0.0, 0.5, 1.0 ] },
								"down": { "texture": "#frame", "uv": [ 0.0, 0.0, 0.5, 1.0 ] }
							}
						}
					]
				}
			]
		}
	]}