{
	"editor": {
		"allAngles": false,
		"entityTextureMode": true
	},
	"textureWidth": 64,
	"textureHeight": 64,
	"textureSizes": {
	},
	"textures": {
		"skin": "betterdrifters:entity/drifter/knife"
	},
	"elements": [
		{
			"name": "L lower arm",
			"from": [ 6.3, -3.0, 7.1 ], 
			"to": [ 8.3, 1.0, 8.6 ], 
			"unwrapMode": 1,
			"uv": [ 30.0, 52.0 ],
			"rotationOrigin": [ 7.3, 1.0, 7.8 ],
			"rotationX": -180.0,
			"faces": {
				"north": { "texture": "#skin", "uv": [ 31.5, 53.5, 33.5, 57.5 ] },
				"east": { "texture": "#skin", "uv": [ 30.0, 53.5, 31.5, 57.5 ] },
				"south": { "texture": "#skin", "uv": [ 35.0, 53.5, 37.0, 57.5 ] },
				"west": { "texture": "#skin", "uv": [ 33.5, 53.5, 35.0, 57.5 ] },
				"up": { "texture": "#skin", "uv": [ 31.5, 52.0, 33.5, 53.5 ], "rotation": 180 },
				"down": { "texture": "#skin", "uv": [ 31.5, 57.5, 33.5, 59.0 ] }
			},
			"children": [
				{
					"name": "metal",
					"from": [ -6.0, 0.8, 0.2 ], 
					"to": [ 1.0, 1.8, 1.2 ], 
					"unwrapMode": 1,
					"unwrapRotation": 1,
					"uv": [ 12.5, 30.0 ],
					"rotationOrigin": [ 1.0, 1.3, 0.7 ],
					"rotationX": -7.0,
					"rotationZ": 80.0,
					"faces": {
						"north": { "texture": "#skin", "uv": [ 13.5, 31.0, 14.5, 38.0 ], "rotation": 90 },
						"east": { "texture": "#skin", "uv": [ 13.5, 38.0, 14.5, 39.0 ], "rotation": 90 },
						"south": { "texture": "#skin", "uv": [ 15.5, 31.0, 16.5, 38.0 ], "rotation": 270 },
						"west": { "texture": "#skin", "uv": [ 13.5, 30.0, 14.5, 31.0 ], "rotation": 90 },
						"up": { "texture": "#skin", "uv": [ 12.5, 31.0, 13.5, 38.0 ], "rotation": 270 },
						"down": { "texture": "#skin", "uv": [ 14.5, 31.0, 15.5, 38.0 ], "rotation": 90 }
					},
					"children": [
						{
							"name": "teeth 1",
							"from": [ 4.5, -1.5, 0.0 ], 
							"to": [ 5.5, 0.0, 0.2 ], 
							"unwrapMode": 1,
							"unwrapRotation": 1,
							"uv": [ 13.5, 27.5 ],
							"rotationOrigin": [ 5.0, -0.1, -0.4 ],
							"rotationX": 2.1344339984352705E-6,
							"rotationY": -4.26886799687054E-7,
							"rotationZ": -2.1344338712130898E-7,
							"faces": {
								"north": { "texture": "#skin", "uv": [ 14.0, 28.0, 15.5, 29.0 ], "rotation": 90 },
								"east": { "texture": "#skin", "uv": [ 14.0, 29.0, 15.5, 29.5 ], "rotation": 90 },
								"south": { "texture": "#skin", "uv": [ 16.0, 28.0, 17.5, 29.0 ], "rotation": 270 },
								"west": { "texture": "#skin", "uv": [ 14.0, 27.5, 15.5, 28.0 ], "rotation": 90 },
								"up": { "texture": "#skin", "uv": [ 13.5, 28.0, 14.0, 29.0 ], "rotation": 270 },
								"down": { "texture": "#skin", "uv": [ 15.5, 28.0, 16.0, 29.0 ], "rotation": 90 }
							}
						},
						{
							"name": "teeth 2",
							"from": [ 2.0, -0.5, 0.0 ], 
							"to": [ 3.5, 0.0, 0.2 ], 
							"unwrapMode": 1,
							"unwrapRotation": 1,
							"uv": [ 12.5, 27.5 ],
							"rotationOrigin": [ 2.5, -0.1, -0.4 ],
							"rotationX": 2.1344339984352705E-6,
							"rotationY": -4.26886799687054E-7,
							"rotationZ": -2.1344338712130898E-7,
							"faces": {
								"north": { "texture": "#skin", "uv": [ 13.0, 28.0, 13.5, 29.5 ], "rotation": 90 },
								"east": { "texture": "#skin", "uv": [ 13.0, 29.5, 13.5, 30.0 ], "rotation": 90 },
								"south": { "texture": "#skin", "uv": [ 14.0, 28.0, 14.5, 29.5 ], "rotation": 270 },
								"west": { "texture": "#skin", "uv": [ 13.0, 27.5, 13.5, 28.0 ], "rotation": 90 },
								"up": { "texture": "#skin", "uv": [ 12.5, 28.0, 13.0, 29.5 ], "rotation": 270 },
								"down": { "texture": "#skin", "uv": [ 13.5, 28.0, 14.0, 29.5 ], "rotation": 90 }
							},
							"children": [
								{
									"name": "teeth 38",
									"from": [ 1.0, -1.5, 0.0 ], 
									"to": [ 1.5, 0.0, 0.2 ], 
									"unwrapMode": 1,
									"uv": [ 14.0, 26.5 ],
									"rotationOrigin": [ 1.5, -0.1, -0.4 ],
									"rotationX": -6.403301995305812E-7,
									"rotationY": -1.1067366866312524E-6,
									"rotationZ": -2.2333833391420364E-7,
									"faces": {
										"north": { "texture": "#skin", "uv": [ 14.5, 27.0, 15.0, 28.5 ] },
										"east": { "texture": "#skin", "uv": [ 14.0, 27.0, 14.5, 28.5 ] },
										"south": { "texture": "#skin", "uv": [ 15.5, 27.0, 16.0, 28.5 ] },
										"west": { "texture": "#skin", "uv": [ 15.0, 27.0, 15.5, 28.5 ] },
										"up": { "texture": "#skin", "uv": [ 14.5, 26.5, 15.0, 27.0 ], "rotation": 180 },
										"down": { "texture": "#skin", "uv": [ 14.5, 28.5, 15.0, 29.0 ] }
									}
								}
							]
						},
						{
							"name": "metal3",
							"from": [ -3.5, 0.4, 0.4 ], 
							"to": [ 2.5, 0.9, 0.6 ], 
							"unwrapMode": 1,
							"unwrapRotation": 1,
							"uv": [ 6.5, 27.0 ],
							"rotationOrigin": [ 2.5, 0.4, 0.4 ],
							"rotationY": 3.4973710679229E-7,
							"rotationZ": -13.0,
							"faces": {
								"north": { "texture": "#skin", "uv": [ 7.0, 27.5, 7.5, 33.5 ], "rotation": 90 },
								"east": { "texture": "#skin", "uv": [ 7.0, 33.5, 7.5, 34.0 ], "rotation": 90 },
								"south": { "texture": "#skin", "uv": [ 8.0, 27.5, 8.5, 33.5 ], "rotation": 270 },
								"west": { "texture": "#skin", "uv": [ 7.0, 27.0, 7.5, 27.5 ], "rotation": 90 },
								"up": { "texture": "#skin", "uv": [ 6.5, 27.5, 7.0, 33.5 ], "rotation": 270 },
								"down": { "texture": "#skin", "uv": [ 7.5, 27.5, 8.0, 33.5 ], "rotation": 90 }
							},
							"children": [
								{
									"name": "teeh 4",
									"from": [ 2.5, -1.5, 0.0 ], 
									"to": [ 3.0, 0.0, 0.2 ], 
									"unwrapMode": 1,
									"unwrapRotation": 1,
									"uv": [ 11.5, 29.0 ],
									"rotationOrigin": [ 3.0, 0.0, 0.0 ],
									"faces": {
										"north": { "texture": "#skin", "uv": [ 12.0, 29.5, 13.5, 30.0 ], "rotation": 90 },
										"east": { "texture": "#skin", "uv": [ 12.0, 30.0, 13.5, 30.5 ], "rotation": 90 },
										"south": { "texture": "#skin", "uv": [ 14.0, 29.5, 15.5, 30.0 ], "rotation": 270 },
										"west": { "texture": "#skin", "uv": [ 12.0, 29.0, 13.5, 29.5 ], "rotation": 90 },
										"up": { "texture": "#skin", "uv": [ 11.5, 29.5, 12.0, 30.0 ], "rotation": 270 },
										"down": { "texture": "#skin", "uv": [ 13.5, 29.5, 14.0, 30.0 ], "rotation": 90 }
									}
								},
								{
									"name": "teeth 5",
									"from": [ 1.5, -1.0, 0.0 ], 
									"to": [ 2.0, 0.0, 0.2 ], 
									"unwrapMode": 1,
									"uv": [ 9.0, 37.0 ],
									"rotationOrigin": [ 2.0, -0.5, 0.0 ],
									"rotationZ": -6.0,
									"faces": {
										"north": { "texture": "#skin", "uv": [ 9.5, 37.5, 10.0, 38.5 ] },
										"east": { "texture": "#skin", "uv": [ 9.0, 37.5, 9.5, 38.5 ] },
										"south": { "texture": "#skin", "uv": [ 10.5, 37.5, 11.0, 38.5 ] },
										"west": { "texture": "#skin", "uv": [ 10.0, 37.5, 10.5, 38.5 ] },
										"up": { "texture": "#skin", "uv": [ 9.5, 37.0, 10.0, 37.5 ], "rotation": 180 },
										"down": { "texture": "#skin", "uv": [ 9.5, 38.5, 10.0, 39.0 ] }
									}
								},
								{
									"name": "teeth 6",
									"from": [ 0.5, -0.5, 0.0 ], 
									"to": [ 1.0, 0.0, 0.2 ], 
									"uv": [ 11.0, 31.0 ],
									"rotationOrigin": [ 1.0, 0.0, 0.0 ],
									"rotationZ": -6.0,
									"faces": {
										"north": { "texture": "#skin", "uv": [ 11.0, 31.5, 11.5, 32.0 ] },
										"east": { "texture": "#skin", "uv": [ 11.5, 31.5, 12.0, 32.0 ] },
										"south": { "texture": "#skin", "uv": [ 12.0, 31.5, 12.5, 32.0 ] },
										"west": { "texture": "#skin", "uv": [ 12.5, 31.5, 13.0, 32.0 ] },
										"up": { "texture": "#skin", "uv": [ 11.0, 31.0, 11.5, 31.5 ] },
										"down": { "texture": "#skin", "uv": [ 11.5, 31.0, 12.0, 31.5 ] }
									}
								}
							]
						},
						{
							"name": "teeth 3",
							"from": [ 0.5, -1.5, 0.0 ], 
							"to": [ 1.0, 0.0, 0.2 ], 
							"unwrapMode": 1,
							"unwrapRotation": 1,
							"uv": [ 13.0, 38.0 ],
							"rotationOrigin": [ 1.0, 0.0, -0.4 ],
							"rotationX": 2.1344339984352705E-6,
							"rotationY": -4.26886799687054E-7,
							"rotationZ": -5.0,
							"faces": {
								"north": { "texture": "#skin", "uv": [ 13.5, 38.5, 15.0, 39.0 ], "rotation": 90 },
								"east": { "texture": "#skin", "uv": [ 13.5, 39.0, 15.0, 39.5 ], "rotation": 90 },
								"south": { "texture": "#skin", "uv": [ 15.5, 38.5, 17.0, 39.0 ], "rotation": 270 },
								"west": { "texture": "#skin", "uv": [ 13.5, 38.0, 15.0, 38.5 ], "rotation": 90 },
								"up": { "texture": "#skin", "uv": [ 13.0, 38.5, 13.5, 39.0 ], "rotation": 270 },
								"down": { "texture": "#skin", "uv": [ 15.0, 38.5, 15.5, 39.0 ], "rotation": 90 }
							}
						},
						{
							"name": "teeth 37",
							"from": [ 6.5, -2.0, 0.0 ], 
							"to": [ 7.5, 0.0, 0.2 ], 
							"unwrapMode": 1,
							"uv": [ 0.0, 33.0 ],
							"rotationOrigin": [ 7.0, -0.1, -0.4 ],
							"rotationX": 2.1344339984352705E-6,
							"rotationY": -4.26886799687054E-7,
							"rotationZ": -2.1344338712130898E-7,
							"faces": {
								"north": { "texture": "#skin", "uv": [ 0.5, 33.5, 1.5, 35.5 ] },
								"east": { "texture": "#skin", "uv": [ 0.0, 33.5, 0.5, 35.5 ] },
								"south": { "texture": "#skin", "uv": [ 2.0, 33.5, 3.0, 35.5 ] },
								"west": { "texture": "#skin", "uv": [ 1.5, 33.5, 2.0, 35.5 ] },
								"up": { "texture": "#skin", "uv": [ 0.5, 33.0, 1.5, 33.5 ], "rotation": 180 },
								"down": { "texture": "#skin", "uv": [ 0.5, 35.5, 1.5, 36.0 ] }
							}
						}
					]
				}
			]
		},
		{
			"name": "L lower arm12",
			"from": [ 5.8, -5.0, 7.6 ], 
			"to": [ 8.8, -2.0, 10.1 ], 
			"unwrapMode": 1,
			"uv": [ 30.0, 52.0 ],
			"rotationOrigin": [ 6.8, -1.0, 8.3 ],
			"rotationX": -180.0,
			"faces": {
				"north": { "texture": "#skin", "uv": [ 32.5, 54.5, 35.5, 57.5 ] },
				"east": { "texture": "#skin", "uv": [ 30.0, 54.5, 32.5, 57.5 ] },
				"south": { "texture": "#skin", "uv": [ 38.0, 54.5, 41.0, 57.5 ] },
				"west": { "texture": "#skin", "uv": [ 35.5, 54.5, 38.0, 57.5 ] },
				"up": { "texture": "#skin", "uv": [ 32.5, 52.0, 35.5, 54.5 ], "rotation": 180 },
				"down": { "texture": "#skin", "uv": [ 32.5, 57.5, 35.5, 60.0 ] }
			}
		}
	],
	"animations": [
		{
			"name": "Shamble",
			"code": "shamble",
			"quantityframes": 30,
			"onActivityStopped": "EaseOut",
			"onAnimationEnd": "Repeat",
			"keyframes": [

			]
		},

		{
			"name": "Party",
			"code": "null",
			"quantityframes": 30,
			"onActivityStopped": "Rewind",
			"onAnimationEnd": "Repeat",
			"keyframes": [

			]
		},

		{
			"name": "Low Shamble",
			"code": "lowshamble",
			"quantityframes": 30,
			"onActivityStopped": "EaseOut",
			"onAnimationEnd": "Repeat",
			"keyframes": [

			]
		},

		{
			"name": "Attack",
			"code": "attack",
			"quantityframes": 30,
			"onActivityStopped": "PlayTillEnd",
			"onAnimationEnd": "Stop",
			"keyframes": [

			]
		},

		{
			"name": "Idle",
			"code": "idle",
			"quantityframes": 30,
			"onActivityStopped": "EaseOut",
			"onAnimationEnd": "Repeat",
			"keyframes": [

			]
		},

		{
			"name": "Stun",
			"code": "stun",
			"quantityframes": 5,
			"onActivityStopped": "PlayTillEnd",
			"onAnimationEnd": "Hold",
			"keyframes": [

			]
		},

		{
			"name": "Die",
			"code": "die",
			"quantityframes": 30,
			"onActivityStopped": "PlayTillEnd",
			"onAnimationEnd": "Hold",
			"keyframes": [

			]
		},

		{
			"name": "Despair",
			"code": "despair",
			"quantityframes": 180,
			"onActivityStopped": "PlayTillEnd",
			"onAnimationEnd": "Stop",
			"keyframes": [

			]
		},

		{
			"name": "Cry",
			"code": "cry",
			"quantityframes": 110,
			"onActivityStopped": "EaseOut",
			"onAnimationEnd": "Stop",
			"keyframes": [

			]
		},

		{
			"name": "CrawlRun",
			"code": "crawlrun",
			"quantityframes": 30,
			"onActivityStopped": "EaseOut",
			"onAnimationEnd": "Repeat",
			"keyframes": [

			]
		},

		{
			"name": "CrawlWalk",
			"code": "crawlwalk",
			"quantityframes": 30,
			"onActivityStopped": "EaseOut",
			"onAnimationEnd": "Repeat",
			"keyframes": [

			]
		},

		{
			"name": "CrawlIdle",
			"code": "crawlidle",
			"quantityframes": 30,
			"onActivityStopped": "EaseOut",
			"onAnimationEnd": "Repeat",
			"keyframes": [

			]
		},

		{
			"name": "CrawlEmote",
			"code": "crawlemote",
			"quantityframes": 95,
			"onActivityStopped": "EaseOut",
			"onAnimationEnd": "Repeat",
			"keyframes": [

			]
		},

		{
			"name": "CrawlStun",
			"code": "crawlstun",
			"quantityframes": 5,
			"onActivityStopped": "EaseOut",
			"onAnimationEnd": "Hold",
			"keyframes": [

			]
		},

		{
			"name": "CrawlAttack",
			"code": "crawlattack",
			"quantityframes": 30,
			"onActivityStopped": "EaseOut",
			"onAnimationEnd": "Stop",
			"keyframes": [

			]
		},

		{
			"name": "CrawlHurt",
			"code": "crawlhurt",
			"quantityframes": 20,
			"onActivityStopped": "EaseOut",
			"onAnimationEnd": "Repeat",
			"keyframes": [

			]
		},

		{
			"name": "CrawlDie",
			"code": "crawldie",
			"quantityframes": 50,
			"onActivityStopped": "EaseOut",
			"onAnimationEnd": "Repeat",
			"keyframes": [

			]
		},

		{
			"name": "Run",
			"code": "run",
			"quantityframes": 30,
			"onActivityStopped": "EaseOut",
			"onAnimationEnd": "Repeat",
			"keyframes": [

			]
		}
	]
}