﻿{
	"code": "fruit",
	"maxstacksize": 64,
	"variantgroups": [
		{ "code": "type", "states": ["huckleberry", "snowberry", "strawberry", "raspberry", "blueraspberry"] }
	],
	"nutritionPropsByType": {
		"*-snowberry": { "satiety": 25, "health": -2, "foodcategory": "Fruit" },
		"*-huckleberry": { "satiety": 80, "foodcategory": "Fruit" },
		"*-strawberry": {"satiety": 85, "health": 0, "foodcategory": "Fruit" },
		"*-blueraspberry": {"satiety": 90, "health": 0.5, "foodcategory": "Fruit" },
		"*": { "satiety": 80, "foodcategory": "Fruit" }
	},
	"attributes": {
		"nutritionPropsWhenInMeal": { 
			"satietyByType":  { 
				"*-snowberry": 35,
				"*-huckleberry": 95,
				"*-strawberry": 100,
				"*-blueraspberry": 105,
				"*":  95
			},
			"healthByType": {
				"*-snowberry": -0.25,
				"*-blueraspberry": 0.25,
				"*": 0
			},
			"foodcategory": "Fruit" 
		}
	},

	"texture": {
		"base":"item/food/fruit/{type}"
	},

	"creativeinventory": { "general": ["*"], "items": ["*"] },
	
	"transitionablePropsByType": {
		"*": [{
			"type": "Perish",
			"freshHours": { "avg": 72 },
			"transitionHours": { "avg": 24 },
			"transitionedStack": { "type": "item", "code": "game:rot" },
			"transitionRatio": 0.25
		}]
	}
}
