{
	"editor": {
		"allAngles": false,
		"entityTextureMode": false
	},
	"textureWidth": 16,
	"textureHeight": 16,
	"textureSizes": {
	},
	"textures": {
		"brambles2": "block/plant/berrybush/brambles2",
		"raspberry1": "block/plant/berrybush/leaves/raspberry1"
	},
	"elements": [
		{
			"name": "Leaves",
			"from": [ 0.1, 0.1, 0.1 ], 
			"to": [ 15.8, 15.8, 15.8 ], 
			"climateColorMap": "climatePlantTint",
			"seasonColorMap": "seasonalFoliage",
			"faces": {
				"north": { "texture": "#leaves", "uv": [ 0.0, 0.0, 16.0, 16.0 ] },
				"east": { "texture": "#leaves", "uv": [ 0.0, 0.0, 16.0, 16.0 ] },
				"south": { "texture": "#leaves", "uv": [ 0.0, 0.0, 16.0, 16.0 ] },
				"west": { "texture": "#leaves", "uv": [ 0.0, 0.0, 16.0, 16.0 ] },
				"up": { "texture": "#leaves", "uv": [ 0.0, 0.0, 16.0, 16.0 ] },
				"down": { "texture": "#leaves", "uv": [ 0.0, 0.0, 16.0, 16.0 ], "enabled": false }
			}
		},
		{
			"name": "bramblesN",
			"from": [ -6.0, 0.0, 8.0 ], 
			"to": [ 22.0, 19.0, 8.0 ], 
			"rotationOrigin": [ 8.0, 0.0, 8.0 ],
			"rotationY": 37.0,
			"faces": {
				"north": { "texture": "#brambles2", "uv": [ 0.0, 0.0, 15.0, 16.0 ], "autoUv": false },
				"east": { "texture": "#brambles", "uv": [ 0.0, 0.0, 0.5, 19.0 ], "enabled": false },
				"south": { "texture": "#brambles", "uv": [ 16.0, 0.0, 44.0, 19.0 ], "enabled": false },
				"west": { "texture": "#brambles", "uv": [ 0.0, 0.0, 0.5, 19.0 ], "enabled": false },
				"up": { "texture": "#brambles", "uv": [ 0.0, 0.0, 28.0, 0.5 ], "enabled": false },
				"down": { "texture": "#brambles", "uv": [ 0.0, 0.0, 28.0, 0.5 ], "enabled": false }
			}
		},
		{
			"name": "bramblesS",
			"from": [ -6.0, 0.0, 8.0 ], 
			"to": [ 22.0, 19.0, 8.0 ], 
			"rotationOrigin": [ 8.0, 0.0, 8.0 ],
			"rotationY": -63.0,
			"faces": {
				"north": { "texture": "#brambles2", "uv": [ 0.0, 0.0, 15.0, 16.0 ], "autoUv": false },
				"east": { "texture": "#brambles", "uv": [ 0.0, 0.0, 0.5, 19.0 ], "enabled": false },
				"south": { "texture": "#brambles", "uv": [ 16.0, 0.0, 44.0, 19.0 ], "enabled": false },
				"west": { "texture": "#brambles", "uv": [ 0.0, 0.0, 0.5, 19.0 ], "enabled": false },
				"up": { "texture": "#brambles", "uv": [ 0.0, 0.0, 28.0, 0.5 ], "enabled": false },
				"down": { "texture": "#brambles", "uv": [ 0.0, 0.0, 28.0, 0.5 ], "enabled": false }
			}
		}
	]}